[{"id": "110", "s1": "1", "s2": "2", "s": "", "t": "", "m": "The match ended with Stuttgart 1-2 Bayern Munich and thank you for watching The Sina Football Live."}, {"id": "109", "s1": "1", "s2": "2", "s": "", "t": "90'+5'", "m": "At the end of the second half, Stuttgart 1-2 Bayern Munich"}, {"id": "108", "s1": "1", "s2": "2", "s": "", "t": "90'+3'", "m": "Goal!!! Bayern Munich player Thiago's right-footed shot from the centre of the penalty area flew into the net from the bottom right corner and the ball went in! Assisted by Rafinha. Stuttgart 1-2 Bayern Munich."}, {"id": "107", "s1": "1", "s2": "1", "s": "", "t": "90'+2'", "m": "Stuttgart was replaced, with Sararell replacing Abdul Rave"}, {"id": "106", "s1": "1", "s2": "1", "s": "", "t": "90'+1'", "m": "Bayern Munich player Pizarro scrambled for a foul and the opponent was given possession of the ball."}, {"id": "105", "s1": "1", "s2": "1", "s": "", "t": "90'+1'", "m": "Boca won a free kick for Stuttgart."}, {"id": "104", "s1": "1", "s2": "1", "s": "", "t": "90'", "m": "Contento won a free kick for Bayern Munich."}, {"id": "103", "s1": "1", "s2": "1", "s": "", "t": "90'", "m": "Stuttgart player Hanik scrambled for a foul and the opponent was given possession of the ball."}, {"id": "102", "s1": "1", "s2": "1", "s": "", "t": "88'", "m": "Bayern Munich made a substitution, and Kontento replaced Götze"}, {"id": "101", "s1": "1", "s2": "1", "s": "", "t": "88'", "m": "Stuttgart player Rausch attempted a left-footed shot from outside the penalty area, but unfortunately the ball was slightly offside the left goal. It was Traore who gave him the ball."}, {"id": "100", "s1": "1", "s2": "1", "s": "", "t": "87'", "m": "Shot!!! Bayern Munich player Mandzukizi's right-footed shot from the left side of the penalty area was saved by the opposing goalkeeper. It was Pizarro who gave him the pass."}, {"id": "99", "s1": "1", "s2": "1", "s": "", "t": "86'", "m": "Stuttgart was replaced and Traoré replaced Kako"}, {"id": "98", "s1": "1", "s2": "1", "s": "", "t": "83'", "m": "Yellow! Stuttgart player Hanik was shown a yellow card by the referee for a malicious foul."}, {"id": "97", "s1": "1", "s2": "1", "s": "", "t": "83'", "m": "Bayern Munich player Boateng was shown a yellow card by the referee."}, {"id": "96", "s1": "1", "s2": "1", "s": "", "t": "82'", "m": "Dante won a free kick for Bayern Munich."}, {"id": "95", "s1": "1", "s2": "1", "s": "", "t": "82'", "m": "Stuttgart player Hanik scrambled for a foul and the opponent was given possession of the ball."}, {"id": "94", "s1": "1", "s2": "1", "s": "", "t": "81'", "m": "Shot!!! Stuttgart player Kako's right-footed shot from the centre of the penalty area was saved by the opposing goalkeeper. The one who passed the ball to him was Abdul Ravey."}, {"id": "93", "s1": "1", "s2": "1", "s": "", "t": "81'", "m": "Bayern Munich player Alaba attempted a left-footed shot from the left side of the penalty area, but unfortunately the ball was slightly offside the right goal. It was Götze who gave him the ball."}, {"id": "92", "s1": "1", "s2": "1", "s": "", "t": "80'", "m": "Stuttgart player Schwab shoved the ball straight into Kakao, but the referee raised a flag to show that the latter was offside."}, {"id": "91", "s1": "1", "s2": "1", "s": "", "t": "80'", "m": "Dante handled the ball out of the bottom line and Stuttgart won a corner kick."}, {"id": "90", "s1": "1", "s2": "1", "s": "", "t": "78'", "m": "Bayern Munich player Boateng attempted a right-footed shot from outside the penalty area, but unfortunately the ball was higher than the top right corner. It was Ram who gave him the pass."}, {"id": "89", "s1": "1", "s2": "1", "s": "", "t": "76'", "m": "Goal!!! Bayern Munich player Pizarro's header from the centre of the penalty area, the ball flew from the bottom right corner into the goal and the ball went in! The assist was Thiago. Stuttgart 1-1 Bayern Munich."}, {"id": "88", "s1": "1", "s2": "0", "s": "", "t": "75'", "m": "Yellow! Stuttgart player Boca was shown a yellow card by the referee for a malicious foul."}, {"id": "87", "s1": "1", "s2": "0", "s": "", "t": "75'", "m": "Manjukizi won a free kick for Bayern Munich on the left side."}, {"id": "86", "s1": "1", "s2": "0", "s": "", "t": "75'", "m": "Stuttgart player Boca scrambled for a foul and the opponent was given possession of the ball."}, {"id": "85", "s1": "1", "s2": "0", "s": "", "t": "74'", "m": "Schwab handled the ball out of the bottom line and Bayern Munich won a corner kick."}, {"id": "84", "s1": "1", "s2": "0", "s": "", "t": "74'", "m": "Shot!!! Bayern Munich player Müller's right-footed shot from the right side of the penalty area was saved by the opposing goalkeeper."}, {"id": "83", "s1": "1", "s2": "0", "s": "", "t": "74'", "m": "Bayern Munich player Götze's right-footed shot from the centre of the penalty area was blocked by a defender."}, {"id": "82", "s1": "1", "s2": "0", "s": "", "t": "71'", "m": "Ulreich handled the ball out of the bottom line and Bayern Munich won a corner kick."}, {"id": "81", "s1": "1", "s2": "0", "s": "", "t": "71'", "m": "Shot!!! Bayern Munich player Thiago's right-footed shot from the left side of the penalty area was saved by the opposing goalkeeper. It was Pizarro who gave him the pass."}, {"id": "80", "s1": "1", "s2": "0", "s": "", "t": "68'", "m": "Bayern Munich player Thiago scrambled for a foul and his opponent gained possession of the ball."}, {"id": "79", "s1": "1", "s2": "0", "s": "", "t": "68'", "m": "Leitner won a free kick for Stuttgart on the left."}, {"id": "78", "s1": "1", "s2": "0", "s": "", "t": "67'", "m": "Stuttgart player Ibisevic attempted a left-footed shot from outside the penalty area, but unfortunately the ball was slightly offside the left goal. The one who passed the ball to him was Abdul Ravey."}, {"id": "77", "s1": "1", "s2": "0", "s": "", "t": "65'", "m": "Götze won a free kick for Bayern Munich."}, {"id": "76", "s1": "1", "s2": "0", "s": "", "t": "65'", "m": "Stuttgart player Boca scrambled for a foul and the opponent was given possession of the ball."}, {"id": "75", "s1": "1", "s2": "0", "s": "", "t": "65'", "m": "Stuttgart was replaced, boca replaced Takatoku Sakai"}, {"id": "74", "s1": "1", "s2": "0", "s": "", "t": "64'", "m": "Bayern Munich player Alaba attempted a right-footed shot from the centre of the penalty area, but unfortunately the ball was slightly offside the left goal. It was Muller who gave him the pass."}, {"id": "73", "s1": "1", "s2": "0", "s": "", "t": "62'", "m": "Rudiger handled the ball out of the bottom line and Bayern Munich won a corner kick."}, {"id": "72", "s1": "1", "s2": "0", "s": "", "t": "61'", "m": "Shot!!! Bayern Munich player Pizarro's right-footed shot from the left side of the penalty area was saved by the opposing goalkeeper. It was Götze who gave him the ball."}, {"id": "71", "s1": "1", "s2": "0", "s": "", "t": "60'", "m": "Bayern Munich made a substitution, pizarro replaced Kroos"}, {"id": "70", "s1": "1", "s2": "0", "s": "", "t": "59'", "m": "Bayern Munich made a substitution, Mandzukic replaced Shaqiri"}, {"id": "69", "s1": "1", "s2": "0", "s": "", "t": "58'", "m": "Stuttgart player Abdel-Lavey was fouled for handball and the opponent was given the ball."}, {"id": "68", "s1": "1", "s2": "0", "s": "", "t": "58'", "m": "Ibišević handled the ball out of the bottom line and Bayern Munich won a corner kick."}, {"id": "67", "s1": "1", "s2": "0", "s": "", "t": "57'", "m": "Yellow! Stuttgart player Takatoku Sakai was shown a yellow card by the referee for a malicious foul."}, {"id": "66", "s1": "1", "s2": "0", "s": "", "t": "57'", "m": "Alaba won a free kick for Bayern Munich on the left."}, {"id": "65", "s1": "1", "s2": "0", "s": "", "t": "57'", "m": "Stuttgart player Takatoku Sakai scrambled for a foul and the opponent was given possession of the ball."}, {"id": "64", "s1": "1", "s2": "0", "s": "", "t": "56'", "m": "Yellow! Bayern Munich player Dante was shown a yellow card by the referee for a malicious foul."}, {"id": "63", "s1": "1", "s2": "0", "s": "", "t": "55'", "m": "Bayern Munich player Dante scrambled for a foul and his opponent was given possession of the ball."}, {"id": "62", "s1": "1", "s2": "0", "s": "", "t": "55'", "m": "Abdul Rave won a free kick for Stuttgart."}, {"id": "61", "s1": "1", "s2": "0", "s": "", "t": "54'", "m": "Stuttgart player Kako's right-footed shot from the left side of the penalty area was blocked by a defender."}, {"id": "60", "s1": "1", "s2": "0", "s": "", "t": "54'", "m": "Stuttgart player Hanik's right-footed shot from the right side of the penalty area was blocked by a defender."}, {"id": "59", "s1": "1", "s2": "0", "s": "", "t": "54'", "m": "Bayern Munich player Dante attempted a header in the centre of the penalty area, but unfortunately the ball was slightly offside the right goal. It was Shaqiri who gave him the pass."}, {"id": "58", "s1": "1", "s2": "0", "s": "", "t": "53'", "m": "Takatoku Sakai handled the ball out of the line and Bayern Munich won a corner."}, {"id": "57", "s1": "1", "s2": "0", "s": "", "t": "53'", "m": "Bayern Munich player Kroos attempted a right-footed shot from outside the penalty area, but unfortunately the ball was high above the top right corner. It was Muller who gave him the pass."}, {"id": "56", "s1": "1", "s2": "0", "s": "", "t": "52'", "m": "Bayern Munich player Dante attempted a header in the centre of the penalty area, but unfortunately the ball was slightly offside the right goal. It was Kroos who gave him the ball."}, {"id": "55", "s1": "1", "s2": "0", "s": "", "t": "51'", "m": "Yellow! Stuttgart player Rudiger was shown a yellow card by the referee for a malicious foul."}, {"id": "54", "s1": "1", "s2": "0", "s": "", "t": "51'", "m": "Shaqiri won a free kick for Bayern Munich on the right."}, {"id": "53", "s1": "1", "s2": "0", "s": "", "t": "51'", "m": "Stuttgart player Rudiger scrambled for a foul and the opponent was given possession of the ball."}, {"id": "52", "s1": "1", "s2": "0", "s": "", "t": "50'", "m": "Stuttgart player Abdel-Lavey was fouled for handball and the opponent was given the ball."}, {"id": "51", "s1": "1", "s2": "0", "s": "", "t": "49'", "m": "Yellow! Bayern Munich player Kroos was shown a yellow card by the referee for a malicious foul."}, {"id": "50", "s1": "1", "s2": "0", "s": "", "t": "49'", "m": "Bayern Munich player Kroos scrambled for a foul and the opponent was given possession."}, {"id": "49", "s1": "1", "s2": "0", "s": "", "t": "49'", "m": "R-Khedira won a free kick for Stuttgart."}, {"id": "48", "s1": "1", "s2": "0", "s": "", "t": "47'", "m": "Bayern Munich player Müller's right-footed shot from the right side of the penalty area was blocked by a defender."}, {"id": "47", "s1": "1", "s2": "0", "s": "", "t": "46'", "m": "Stuttgart player Ibisevic attempted a right-footed shot from the centre of the penalty area, but unfortunately the ball was slightly offside the right goal."}, {"id": "46", "s1": "1", "s2": "0", "s": "", "t": "", "m": "At the start of the second half, Stuttgart 1-0 Bayern Munich"}, {"id": "45", "s1": "1", "s2": "0", "s": "", "t": "45'+2'", "m": "At the end of the first half, Stuttgart 1-0 Bayern Munich, a short break, we will take a look at the performance of the two teams in the second half."}, {"id": "44", "s1": "1", "s2": "0", "s": "", "t": "45'+1'", "m": "Bayern Munich player Shaqiri scrambled for a foul and his opponent gained possession of the ball."}, {"id": "43", "s1": "1", "s2": "0", "s": "", "t": "45'+1'", "m": "Rudiger won a free kick for Stuttgart at the opposing half."}, {"id": "42", "s1": "1", "s2": "0", "s": "", "t": "44'", "m": "Stuttgart player Abdel-Lavey tried his left-footed shot from outside the penalty area, but unfortunately the ball went high above goal. It was Harnick who gave him the pass."}, {"id": "41", "s1": "1", "s2": "0", "s": "", "t": "44'", "m": "Bayern Munich player Shaqiri attempted a left-footed shot from outside the penalty area, but unfortunately the ball was slightly offside the left goal. It was Boateng who gave him the pass."}, {"id": "40", "s1": "1", "s2": "0", "s": "", "t": "40'", "m": "Ulreich handled the ball out of the bottom line and Bayern Munich won a corner kick."}, {"id": "39", "s1": "1", "s2": "0", "s": "", "t": "40'", "m": "Shot!!! Bayern Munich player Thiago's right-footed shot from outside the penalty area was saved by the opposing goalkeeper. It was Muller who gave him the pass."}, {"id": "38", "s1": "1", "s2": "0", "s": "", "t": "39'", "m": "Bayern Munich player Kroos tried his left-footed shot from outside the penalty area, but unfortunately the ball was high above goal. It was Götze who gave him the ball."}, {"id": "37", "s1": "1", "s2": "0", "s": "", "t": "38'", "m": "Müller won a free kick for Bayern Munich."}, {"id": "36", "s1": "1", "s2": "0", "s": "", "t": "38'", "m": "Stuttgart player Rudiger scrambled for a foul and the opponent was given possession of the ball."}, {"id": "35", "s1": "1", "s2": "0", "s": "", "t": "34'", "m": "Bayern Munich player Dante scrambled for a foul and his opponent was given possession of the ball."}, {"id": "34", "s1": "1", "s2": "0", "s": "", "t": "34'", "m": "Ibišević won a free kick for Stuttgart."}, {"id": "33", "s1": "1", "s2": "0", "s": "", "t": "32'", "m": "Bayern Munich player Müller scrambled for a foul and his opponent gained possession of the ball."}, {"id": "32", "s1": "1", "s2": "0", "s": "", "t": "32'", "m": "Takatoku Sakai won a free kick for Stuttgart."}, {"id": "31", "s1": "1", "s2": "0", "s": "", "t": "31'", "m": "Boateng handled the ball out of the bottom line and Stuttgart won a corner kick."}, {"id": "30", "s1": "1", "s2": "0", "s": "", "t": "29'", "m": "Goal!!! Stuttgart player Ibisevic's right-footed shot from the centre of the penalty area flew into the net from the bottom right corner and the ball went in! The assist was Assisted by Abdul Ravey. Stuttgart 1-0 Bayern Munich."}, {"id": "29", "s1": "0", "s2": "0", "s": "", "t": "29'", "m": "Stuttgart player Kako's right-footed shot from outside the penalty area was blocked by a defender. It was Rudiger who gave him the pass."}, {"id": "28", "s1": "0", "s2": "0", "s": "", "t": "25'", "m": "Bayern Munich player Müller scrambled for a foul and his opponent gained possession of the ball."}, {"id": "27", "s1": "0", "s2": "0", "s": "", "t": "25'", "m": "R-Khedira won a free kick for Stuttgart at the opposing half."}, {"id": "26", "s1": "0", "s2": "0", "s": "", "t": "25'", "m": "Bayern Munich player Thiago tried his header on the right side of the penalty area, but unfortunately the ball went high above goal. It was Kroos who gave him the ball."}, {"id": "25", "s1": "0", "s2": "0", "s": "", "t": "24'", "m": "Lloyd handled the ball out of the bottom line and Bayern Munich won a corner kick."}, {"id": "24", "s1": "0", "s2": "0", "s": "", "t": "22'", "m": "Yellow! Stuttgart player Leitner was shown a yellow card by the referee for a malicious foul."}, {"id": "23", "s1": "0", "s2": "0", "s": "", "t": "22'", "m": "Kroos won a free kick for Bayern Munich."}, {"id": "22", "s1": "0", "s2": "0", "s": "", "t": "22'", "m": "Stuttgart player Leitner scrambled for a foul and the opponent was given possession of the ball."}, {"id": "21", "s1": "0", "s2": "0", "s": "", "t": "21'", "m": "Bayern Munich player Dante scrambled for a foul and his opponent was given possession of the ball."}, {"id": "20", "s1": "0", "s2": "0", "s": "", "t": "21'", "m": "Ibišević won a free kick for Stuttgart at the opposing half."}, {"id": "19", "s1": "0", "s2": "0", "s": "", "t": "20'", "m": "Bayern Munich player Alaba scrambled for a foul and the opponent was given possession of the ball."}, {"id": "18", "s1": "0", "s2": "0", "s": "", "t": "20'", "m": "Harnick won a free kick for Stuttgart."}, {"id": "17", "s1": "0", "s2": "0", "s": "", "t": "18'", "m": "Bayern Munich player Alaba attempted a left-footed shot from outside the penalty area, but unfortunately the ball was slightly offside the left goal. It was Muller who gave him the pass."}, {"id": "16", "s1": "0", "s2": "0", "s": "", "t": "18'", "m": "Bayern Munich player Rafinha's left-footed shot from outside the penalty area was blocked by a defender. It was Muller who gave him the pass."}, {"id": "15", "s1": "0", "s2": "0", "s": "", "t": "16'", "m": "Bayern Munich player Rafinha's right-footed shot from outside the penalty area was blocked by a defender."}, {"id": "14", "s1": "0", "s2": "0", "s": "", "t": "16'", "m": "Rudiger handled the ball out of the bottom line and Bayern Munich won a corner kick."}, {"id": "13", "s1": "0", "s2": "0", "s": "", "t": "15'", "m": "Dante won a free kick for Bayern Munich."}, {"id": "12", "s1": "0", "s2": "0", "s": "", "t": "15'", "m": "Stuttgart player Ibisevic scrambled for a foul and the opponent was given possession of the ball."}, {"id": "11", "s1": "0", "s2": "0", "s": "", "t": "13'", "m": "Bayern Munich player Müller tried a right-footed shot from the right side of the penalty area, but unfortunately the ball went high above goal. It was Dante who gave him the pass."}, {"id": "10", "s1": "0", "s2": "0", "s": "", "t": "12'", "m": "Stuttgart player Kako's header from the left side of the penalty area was blocked by a defender. It was Harnick who gave him the pass."}, {"id": "9", "s1": "0", "s2": "0", "s": "", "t": "11'", "m": "Bayern Munich player Shaqiri tried his left-footed shot in the centre of the penalty area, but unfortunately the ball went high above goal."}, {"id": "8", "s1": "0", "s2": "0", "s": "", "t": "11'", "m": "Bayern Munich player Kroos' left-footed shot from outside the penalty area was blocked by a defender. It was Muller who gave him the pass."}, {"id": "7", "s1": "0", "s2": "0", "s": "", "t": "8'", "m": "Stuttgart player Kako attempted a left-footed shot from the centre of the penalty area, but unfortunately the ball deflected off goal. The one who passed the ball to him was Abdul Ravey."}, {"id": "6", "s1": "0", "s2": "0", "s": "", "t": "7'", "m": "Alaba won a free kick for Bayern Munich."}, {"id": "5", "s1": "0", "s2": "0", "s": "", "t": "7'", "m": "Stuttgart player R-Khedira scrambled for a foul and the opponent was given possession of the ball."}, {"id": "4", "s1": "0", "s2": "0", "s": "", "t": "6'", "m": "Bayern Munich player Kroos kicked the ball straight into Shaqiri, but the referee raised a flag to show that the latter was offside."}, {"id": "3", "s1": "0", "s2": "0", "s": "", "t": "1'", "m": "Thiago won a free kick for Bayern Munich."}, {"id": "2", "s1": "0", "s2": "0", "s": "", "t": "1'", "m": "Stuttgart player Leitner scrambled for a foul and the opponent was given possession of the ball."}, {"id": "1", "s1": "0", "s2": "0", "s": "", "t": "", "m": "With a whistle from the referee, the first half of the game began."}]