[{"id": "118", "s1": "1", "s2": "1", "s": "", "t": "", "m": "The match ended with Bayern Munich 1-1 Dortmund, thank you for watching the Sina Football Live."}, {"id": "117", "s1": "1", "s2": "1", "s": "", "t": "90'+2'", "m": "End of the second half, Bayern Munich 1-1 Borussia Dortmund"}, {"id": "116", "s1": "1", "s2": "1", "s": "", "t": "90'", "m": "Dortmund made a substitution, and Shebel replaced Götze"}, {"id": "115", "s1": "1", "s2": "1", "s": "", "t": "89'", "m": "Schweinsterge won a free kick for Bayern Munich."}, {"id": "114", "s1": "1", "s2": "1", "s": "", "t": "89'", "m": "Borussia Dortmund player Bender scrambled for a foul and the opponent gained possession of the ball."}, {"id": "113", "s1": "1", "s2": "1", "s": "", "t": "88'", "m": "Weidenfeller handled the ball out of the line and Bayern Munich won a corner kick."}, {"id": "112", "s1": "1", "s2": "1", "s": "", "t": "88'", "m": "Shot!!! Bayern Munich player Javi Martinez's header from the goal line was saved by the opposing goalkeeper. It was Kroos who gave him the ball."}, {"id": "111", "s1": "1", "s2": "1", "s": "", "t": "88'", "m": "Weidenfeller handled the ball out of the line and Bayern Munich won a corner kick."}, {"id": "110", "s1": "1", "s2": "1", "s": "", "t": "88'", "m": "Shot!!! Bayern Munich player Müller's right-footed shot from a wide distance on the right was saved by the opposing goalkeeper. It was Kroos who gave him the ball."}, {"id": "109", "s1": "1", "s2": "1", "s": "", "t": "86'", "m": "Shot!!! Bayern Munich player Kroos' right-footed shot from the centre of the penalty area was saved by the opposing goalkeeper. It was Gomez who gave him the pass."}, {"id": "108", "s1": "1", "s2": "1", "s": "", "t": "86'", "m": "Bayern Munich made a substitution, and Gomez replaced Mandzukic"}, {"id": "107", "s1": "1", "s2": "1", "s": "", "t": "85'", "m": "Bayern Munich player Müller attempted a left-footed shot from outside the penalty area, but unfortunately the ball was slightly offside the right goal. It was Mandzukic who gave him the pass."}, {"id": "106", "s1": "1", "s2": "1", "s": "", "t": "84'", "m": "Dortmund player Hummels attempted a header just outside the penalty area, but unfortunately the ball was slightly offside the right goal. It was Gundogan who gave him the ball."}, {"id": "105", "s1": "1", "s2": "1", "s": "", "t": "84'", "m": "Bayern Munich player Dante scrambled for a foul and his opponent was given possession of the ball."}, {"id": "104", "s1": "1", "s2": "1", "s": "", "t": "84'", "m": "Reuss won a free kick for Borussia Dortmund on the right."}, {"id": "103", "s1": "1", "s2": "1", "s": "", "t": "82'", "m": "Boateng handled the ball out of the bottom line and Borussia Dortmund won a corner kick."}, {"id": "102", "s1": "1", "s2": "1", "s": "", "t": "82'", "m": "Borussia Dortmund player Reuss' left-footed shot from the right side of the penalty area was blocked by a defender. It was Piszczek who gave him the ball."}, {"id": "101", "s1": "1", "s2": "1", "s": "", "t": "81'", "m": "Dortmund made substitutions, Santana on and Subertic went off with injury."}, {"id": "100", "s1": "1", "s2": "1", "s": "", "t": "81'", "m": "Bayern Munich player Ribery tucked the ball straight into Müller, but the referee raised a flag to show that the latter was offside."}, {"id": "99", "s1": "1", "s2": "1", "s": "", "t": "80'", "m": "The suspension ended and the players resumed playing."}, {"id": "98", "s1": "1", "s2": "1", "s": "", "t": "80'", "m": "Borussia Dortmund fell to the ground injured and the game was suspended"}, {"id": "97", "s1": "1", "s2": "1", "s": "", "t": "78'", "m": "Bayern Munich player Ribery scrambled for a foul and his opponent was given possession of the ball."}, {"id": "96", "s1": "1", "s2": "1", "s": "", "t": "78'", "m": "Subertic won a free kick for Borussia Dortmund on the right."}, {"id": "95", "s1": "1", "s2": "1", "s": "", "t": "77'", "m": "Götze handled the ball out of the line and Bayern Munich won a corner kick."}, {"id": "94", "s1": "1", "s2": "1", "s": "", "t": "76'", "m": "Kroos won a free kick for Bayern Munich."}, {"id": "93", "s1": "1", "s2": "1", "s": "", "t": "76'", "m": "Dortmund player Götze scrambled for a foul and the opponent gained possession of the ball."}, {"id": "92", "s1": "1", "s2": "1", "s": "", "t": "76'", "m": "Ribery handled the ball out of the bottom line and Borussia Dortmund won a corner kick."}, {"id": "91", "s1": "1", "s2": "1", "s": "", "t": "74'", "m": "Goal!!! Borussia Dortmund player Götze fired a left-footed shot from the centre of the penalty area, the ball flew into the goal from the bottom right corner and the ball went in! Bayern Munich 1-1 Dortmund."}, {"id": "90", "s1": "1", "s2": "0", "s": "", "t": "73'", "m": "Borussia Dortmund made a substitution and Perisic replaced Blaśczykovsky"}, {"id": "89", "s1": "1", "s2": "0", "s": "", "t": "73'", "m": "Boateng handled the ball out of the bottom line and Borussia Dortmund won a corner kick."}, {"id": "88", "s1": "1", "s2": "0", "s": "", "t": "73'", "m": "Borussia Dortmund's braszczykovsky's right-footed shot from the centre of the penalty area was blocked by a defender. It was Reus who gave him the pass."}, {"id": "87", "s1": "1", "s2": "0", "s": "", "t": "71'", "m": "Bayern Munich player Müller scrambled for a foul and his opponent gained possession of the ball."}, {"id": "86", "s1": "1", "s2": "0", "s": "", "t": "71'", "m": "Schmelzer won a free kick for Borussia Dortmund."}, {"id": "85", "s1": "1", "s2": "0", "s": "", "t": "71'", "m": "Bayern Munich player Ribery tried his right-footed shot from the left side of the penalty area, but unfortunately the ball went high above goal. It was Ram who gave him the pass."}, {"id": "84", "s1": "1", "s2": "0", "s": "", "t": "67'", "m": "Goal!!! Bayern Munich player Kroos fired a left-footed shot from outside the penalty area and the ball flew into the goal from the bottom right corner and the ball went in! Assisted by Mueller. Bayern Munich 1-0 Dortmund."}, {"id": "83", "s1": "0", "s2": "0", "s": "", "t": "66'", "m": "Schweinsterge won a free kick for Bayern Munich."}, {"id": "82", "s1": "0", "s2": "0", "s": "", "t": "66'", "m": "Dortmund player Götze scrambled for a foul and the opponent gained possession of the ball."}, {"id": "81", "s1": "0", "s2": "0", "s": "", "t": "65'", "m": "Bayern Munich player Ribery attempted a right-footed shot from the centre of the penalty area, but unfortunately the ball was slightly offside the left goal. It was Ram who gave him the pass."}, {"id": "80", "s1": "0", "s2": "0", "s": "", "t": "65'", "m": "Kroos won a free kick for Bayern Munich."}, {"id": "79", "s1": "0", "s2": "0", "s": "", "t": "65'", "m": "Borussia Dortmund player Schmelzer scrambled for a foul and his opponent gained possession of the ball."}, {"id": "78", "s1": "0", "s2": "0", "s": "", "t": "64'", "m": "Bayern Munich player Müller scrambled for a foul and his opponent gained possession of the ball."}, {"id": "77", "s1": "0", "s2": "0", "s": "", "t": "64'", "m": "Reuss won a free kick for Borussia Dortmund."}, {"id": "76", "s1": "0", "s2": "0", "s": "", "t": "63'", "m": "Bayern Munich player Mandzukic attempted a right-footed shot from the centre of the penalty area, but unfortunately the ball went high above the top right corner. It was Alaba who gave him the ball."}, {"id": "75", "s1": "0", "s2": "0", "s": "", "t": "62'", "m": "Xavi Martinez won a free kick for Bayern Munich at the opposing half."}, {"id": "74", "s1": "0", "s2": "0", "s": "", "t": "62'", "m": "Dortmund player Gundogan scrambled for a foul and his opponent was given possession."}, {"id": "73", "s1": "0", "s2": "0", "s": "", "t": "60'", "m": "Piszczek handled the ball out of the bottom line and Bayern Munich won a corner kick."}, {"id": "72", "s1": "0", "s2": "0", "s": "", "t": "60'", "m": "Mandzukic won a free kick for Bayern Munich at the opposing half."}, {"id": "71", "s1": "0", "s2": "0", "s": "", "t": "60'", "m": "Dortmund player Gundogan scrambled for a foul and his opponent was given possession."}, {"id": "70", "s1": "0", "s2": "0", "s": "", "t": "59'", "m": "Alaba won a free kick for Bayern Munich."}, {"id": "69", "s1": "0", "s2": "0", "s": "", "t": "59'", "m": "Dortmund player Lewandowski scrambled for a foul and the opponent was given possession of the ball."}, {"id": "68", "s1": "0", "s2": "0", "s": "", "t": "57'", "m": "Ram won a free kick for Bayern Munich on the right."}, {"id": "67", "s1": "0", "s2": "0", "s": "", "t": "57'", "m": "Borussia Dortmund player Bender scrambled for a foul and the opponent gained possession of the ball."}, {"id": "66", "s1": "0", "s2": "0", "s": "", "t": "56'", "m": "Shot!!! Dortmund player Götze's header from the centre of the penalty area was saved by the opposing goalkeeper. It was Reus who gave him the pass."}, {"id": "65", "s1": "0", "s2": "0", "s": "", "t": "55'", "m": "Borussia Dortmund's Schmelzer attempted a left-footed shot from the centre of the penalty area, but the ball was deflected slightly off the left goal."}, {"id": "64", "s1": "0", "s2": "0", "s": "", "t": "54'", "m": "Shot!!! Bayern Munich player Mandzukic's right-footed shot from outside the penalty area was saved by the opposing goalkeeper. It was Ribery who gave him the ball."}, {"id": "63", "s1": "0", "s2": "0", "s": "", "t": "53'", "m": "Dortmund player Reuss tried his header in the middle of the penalty area, but unfortunately the ball deflected off goal. It was Piszczek who gave him the ball."}, {"id": "62", "s1": "0", "s2": "0", "s": "", "t": "52'", "m": "Neuer handled the ball out of the bottom line and Borussia Dortmund won a corner kick."}, {"id": "61", "s1": "0", "s2": "0", "s": "", "t": "52'", "m": "Shot!!! Borussia Dortmund player Hummels fired a right-footed shot from the front of the goal line and was saved by the opposing goalkeeper. It was Reus who gave him the pass."}, {"id": "60", "s1": "0", "s2": "0", "s": "", "t": "52'", "m": "Bayern Munich player Schweinsteiger scrambled for a foul and his opponent was given possession of the ball."}, {"id": "59", "s1": "0", "s2": "0", "s": "", "t": "52'", "m": "Braszczykovsky won a free kick for Borussia Dortmund at the opposing half."}, {"id": "58", "s1": "0", "s2": "0", "s": "", "t": "52'", "m": "Bayern Munich player Javi Martinez made a dangerous move and the opponent gained possession of the ball."}, {"id": "57", "s1": "0", "s2": "0", "s": "", "t": "52'", "m": "Götze won a free kick for Borussia Dortmund at half."}, {"id": "56", "s1": "0", "s2": "0", "s": "", "t": "50'", "m": "Borussia Dortmund player Reuss tucked the ball straight into Lewandowski but the referee raised a flag to show the latter was offside."}, {"id": "55", "s1": "0", "s2": "0", "s": "", "t": "50'", "m": "Bayern Munich player Dante was fouled for handball and the opponent was given the ball."}, {"id": "54", "s1": "0", "s2": "0", "s": "", "t": "48'", "m": "Müller won a free kick for Bayern Munich."}, {"id": "53", "s1": "0", "s2": "0", "s": "", "t": "48'", "m": "Borussia Dortmund player Bender scrambled for a foul and the opponent gained possession of the ball."}, {"id": "52", "s1": "0", "s2": "0", "s": "", "t": "46'", "m": "Bayern Munich player Kroos attempted a right-footed shot from outside the penalty area, but unfortunately the ball went high above goal. It was Mandzukic who gave him the pass."}, {"id": "51", "s1": "0", "s2": "0", "s": "", "t": "", "m": "The second half began with Bayern Munich 0-0 Borussia Dortmund"}, {"id": "50", "s1": "0", "s2": "0", "s": "", "t": "45'+3'", "m": "At the end of the first half, Bayern Munich 0-0 Borussia Dortmund, with a short break, we will take a look at the performance of the two teams in the second half."}, {"id": "49", "s1": "0", "s2": "0", "s": "", "t": "45'+1'", "m": "Bayern Munich player Kroos threw the ball straight into Schweinsteiger, but the referee raised a flag to show that the latter was offside."}, {"id": "48", "s1": "0", "s2": "0", "s": "", "t": "45'+1'", "m": "Ram won a free kick for Bayern Munich on the right."}, {"id": "47", "s1": "0", "s2": "0", "s": "", "t": "45'+1'", "m": "Dortmund player Reus scrambled for a foul and the opponent was given possession."}, {"id": "46", "s1": "0", "s2": "0", "s": "", "t": "45'", "m": "Mandzukic won a free kick for Bayern Munich."}, {"id": "45", "s1": "0", "s2": "0", "s": "", "t": "45'", "m": "Borussia Dortmund player Subertic scrambled for a foul and the opponent gained possession."}, {"id": "44", "s1": "0", "s2": "0", "s": "", "t": "44'", "m": "Neuer handled the ball out of the bottom line and Borussia Dortmund won a corner kick."}, {"id": "43", "s1": "0", "s2": "0", "s": "", "t": "44'", "m": "Shot!!! Dortmund player Reuss' left-footed shot from the left side of the penalty area was saved by the opposing goalkeeper. It was Götze who gave him the ball."}, {"id": "42", "s1": "0", "s2": "0", "s": "", "t": "38'", "m": "Bayern Munich player Javi Martinez scrambled for a foul and his opponent gained possession of the ball."}, {"id": "41", "s1": "0", "s2": "0", "s": "", "t": "38'", "m": "Bender won a free kick for Borussia Dortmund."}, {"id": "40", "s1": "0", "s2": "0", "s": "", "t": "37'", "m": "Bayern Munich substitutions, Boateng on, Bad Stuber due to injury."}, {"id": "39", "s1": "0", "s2": "0", "s": "", "t": "37'", "m": "The suspension ended and the players resumed playing."}, {"id": "38", "s1": "0", "s2": "0", "s": "", "t": "35'", "m": "Bayern Munich Bad Stube fell to the ground injured and the game was suspended"}, {"id": "37", "s1": "0", "s2": "0", "s": "", "t": "33'", "m": "Borussia Dortmund player Reuss' right-footed shot from outside the penalty area was blocked by a defender."}, {"id": "36", "s1": "0", "s2": "0", "s": "", "t": "32'", "m": "Bayern Munich player Dante scrambled for a foul and his opponent was given possession of the ball."}, {"id": "35", "s1": "0", "s2": "0", "s": "", "t": "32'", "m": "Lewandowski won a free kick for Borussia Dortmund on the left."}, {"id": "34", "s1": "0", "s2": "0", "s": "", "t": "31'", "m": "Bayern Munich player Kroos tucked the ball straight into Ribery, but the referee raised a flag to show that the latter was offside."}, {"id": "33", "s1": "0", "s2": "0", "s": "", "t": "28'", "m": "Bayern Munich player Mandzukic scrambled for a foul and the opponent gained possession of the ball."}, {"id": "32", "s1": "0", "s2": "0", "s": "", "t": "28'", "m": "Hummels won a free kick for Borussia Dortmund."}, {"id": "31", "s1": "0", "s2": "0", "s": "", "t": "26'", "m": "Bayern Munich player Alaba scrambled for a foul and the opponent was given possession of the ball."}, {"id": "30", "s1": "0", "s2": "0", "s": "", "t": "26'", "m": "Lewandowski won a free kick for Borussia Dortmund at the opposing half."}, {"id": "29", "s1": "0", "s2": "0", "s": "", "t": "25'", "m": "Dortmund player Bender attempted a right-footed shot from outside the penalty area, but unfortunately the ball was high above the top right corner. It was Götze who gave him the ball."}, {"id": "28", "s1": "0", "s2": "0", "s": "", "t": "22'", "m": "Xavi Martinez won a free kick for Bayern Munich."}, {"id": "27", "s1": "0", "s2": "0", "s": "", "t": "22'", "m": "Dortmund player Lewandowski scrambled for a foul and the opponent was given possession of the ball."}, {"id": "26", "s1": "0", "s2": "0", "s": "", "t": "20'", "m": "Ribery won a free kick for Bayern Munich on the left."}, {"id": "25", "s1": "0", "s2": "0", "s": "", "t": "20'", "m": "Borussia Dortmund player Piszczek scrambled for a foul and the opponent was given possession of the ball."}, {"id": "24", "s1": "0", "s2": "0", "s": "", "t": "19'", "m": "Bayern Munich player Kroos kicked the ball straight into Mandzukic, but the referee raised a flag to show that the latter was offside."}, {"id": "23", "s1": "0", "s2": "0", "s": "", "t": "19'", "m": "Schweinsterge won a free kick for Bayern Munich."}, {"id": "22", "s1": "0", "s2": "0", "s": "", "t": "19'", "m": "Dortmund player Reus scrambled for a foul and the opponent was given possession."}, {"id": "21", "s1": "0", "s2": "0", "s": "", "t": "17'", "m": "Gundogan handled the ball out of the box and Bayern Munich won a corner kick."}, {"id": "20", "s1": "0", "s2": "0", "s": "", "t": "16'", "m": "Bayern Munich player Müller's left-footed shot from the right side of the penalty area was blocked by a defender."}, {"id": "19", "s1": "0", "s2": "0", "s": "", "t": "15'", "m": "Bayern Munich player Javi Martinez scrambled for a foul and his opponent gained possession of the ball."}, {"id": "18", "s1": "0", "s2": "0", "s": "", "t": "15'", "m": "Subertic won a free kick for Borussia Dortmund."}, {"id": "17", "s1": "0", "s2": "0", "s": "", "t": "14'", "m": "Müller won a free kick for Bayern Munich in the opposing half."}, {"id": "16", "s1": "0", "s2": "0", "s": "", "t": "14'", "m": "Borussia Dortmund player Schmelzer scrambled for a foul and his opponent gained possession of the ball."}, {"id": "15", "s1": "0", "s2": "0", "s": "", "t": "13'", "m": "Bayern Munich player Kroos attempted a right-footed shot from outside the penalty area, but unfortunately the ball was slightly offside the right goal. It was Ribery who gave him the ball."}, {"id": "14", "s1": "0", "s2": "0", "s": "", "t": "10'", "m": "Shot!!! Borussia Dortmund player Braszczykovski's right-footed shot from the centre of the penalty area was saved by the opposing goalkeeper."}, {"id": "13", "s1": "0", "s2": "0", "s": "", "t": "9'", "m": "Bayern Munich player Mandzukic scrambled for a foul and the opponent gained possession of the ball."}, {"id": "12", "s1": "0", "s2": "0", "s": "", "t": "9'", "m": "Subertic won a free kick for Borussia Dortmund."}, {"id": "11", "s1": "0", "s2": "0", "s": "", "t": "8'", "m": "Subertic handled the ball out of the bottom line and Bayern Munich won a corner kick."}, {"id": "10", "s1": "0", "s2": "0", "s": "", "t": "8'", "m": "Bayern Munich player Müller's left-footed shot from the right side of the penalty area was blocked by a defender.给他传球的是曼朱基奇."}, {"id": "9", "s1": "0", "s2": "0", "s": "", "t": "7'", "m": "Schmelzer handled the ball out of the bottom line and Bayern Munich won a corner kick."}, {"id": "8", "s1": "0", "s2": "0", "s": "", "t": "4'", "m": "Dante won a free kick for Bayern Munich."}, {"id": "7", "s1": "0", "s2": "0", "s": "", "t": "4'", "m": "Dortmund player Lewandowski scrambled for a foul and the opponent was given possession of the ball."}, {"id": "6", "s1": "0", "s2": "0", "s": "", "t": "4'", "m": "Bayern Munich player Mandzukic scrambled for a foul and the opponent gained possession of the ball."}, {"id": "5", "s1": "0", "s2": "0", "s": "", "t": "4'", "m": "Hummels won a free kick for Borussia Dortmund."}, {"id": "4", "s1": "0", "s2": "0", "s": "", "t": "3'", "m": "Bayern Munich player Ribery attempted a right-footed shot from outside the penalty area, but the ball was deflected slightly off the right goal."}, {"id": "3", "s1": "0", "s2": "0", "s": "", "t": "2'", "m": "Ribery won a free kick for Bayern Munich on the left."}, {"id": "2", "s1": "0", "s2": "0", "s": "", "t": "2'", "m": "Borussia Dortmund player Piszczek scrambled for a foul and the opponent was given possession of the ball."}, {"id": "1", "s1": "0", "s2": "0", "s": "", "t": "", "m": "With a whistle from the referee, the first half of the game began."}]