[{"id": "123", "s1": "3", "s2": "3", "s": "", "t": "", "m": "The match ended with Hoffenheim 3-3 Freiburg and thank you for watching the Sina Football Livestream."}, {"id": "122", "s1": "3", "s2": "3", "s": "", "t": "90'+5'", "m": "At the end of the second half, Hoffenheim 3-3 Freiburg"}, {"id": "121", "s1": "3", "s2": "3", "s": "", "t": "90'+3'", "m": "Goal!!! Hoffenheim player West's right-footed shot from the centre of the penalty area flew into the net from the bottom left corner and the ball went in! Hoffenheim 3-3 Freiburg."}, {"id": "120", "s1": "2", "s2": "3", "s": "", "t": "90'+3'", "m": "Shot!!! Hoffenheim player Stroble's right-footed shot from the front of the goal line was saved by the opposing goalkeeper. It was Yunusi who gave him the pass."}, {"id": "119", "s1": "2", "s2": "3", "s": "", "t": "90'+3'", "m": "Shot!!! Hoffenheim player Jules' header from the centre of the penalty area was saved by the opposing goalkeeper. It was Flanders who gave him the pass."}, {"id": "118", "s1": "2", "s2": "3", "s": "", "t": "90'+3'", "m": "Schweigler won a free kick for Hoffenheim."}, {"id": "117", "s1": "2", "s2": "3", "s": "", "t": "90'+3'", "m": "Freiburg player Ritter scrambled for a foul and his opponent gained possession of the ball."}, {"id": "116", "s1": "2", "s2": "3", "s": "", "t": "90'+2'", "m": "Hoffenheim player Flanders scrambled for a foul and his opponent was given possession of the ball."}, {"id": "115", "s1": "2", "s2": "3", "s": "", "t": "90'+2'", "m": "C. Gent won a free kick for Freiburg."}, {"id": "114", "s1": "2", "s2": "3", "s": "", "t": "90'", "m": "Hoffenheim player Rudy was shown a yellow card by the referee."}, {"id": "113", "s1": "2", "s2": "3", "s": "", "t": "90'", "m": "Jules handled the ball out of the bottom line and Freiburg won the corner."}, {"id": "112", "s1": "2", "s2": "3", "s": "", "t": "90'", "m": "Hoffenheim player Flanders scrambled for a foul and his opponent was given possession of the ball."}, {"id": "111", "s1": "2", "s2": "3", "s": "", "t": "90'", "m": "C. Gent won a free kick for Freiburg."}, {"id": "110", "s1": "2", "s2": "3", "s": "", "t": "89'", "m": "Hoffenheim player Yunusi attempted a left-footed shot from a tight angle on the left side of the goal, but unfortunately the ball was slightly offside the left goal. It was Flanders who gave him the pass."}, {"id": "109", "s1": "2", "s2": "3", "s": "", "t": "87'", "m": "Hoffenheim made a substitution, and Syplock replaced Baker"}, {"id": "108", "s1": "2", "s2": "3", "s": "", "t": "86'", "m": "Hoffenheim player Schweigler scrambled for a foul and the opponent was given possession of the ball."}, {"id": "107", "s1": "2", "s2": "3", "s": "", "t": "86'", "m": "Ritter won a free kick for Freiburg in the opposing half."}, {"id": "106", "s1": "2", "s2": "3", "s": "", "t": "86'", "m": "Shot!!! Hoffenheim player West's header from the centre of the penalty area was saved by the opposing goalkeeper. It was Firmino who passed the ball to him."}, {"id": "105", "s1": "2", "s2": "3", "s": "", "t": "84'", "m": "Hoffenheim player Strobl tried his header in the centre of the penalty area, but unfortunately the ball was slightly offside the right goal. It was Rudy who gave him the pass."}, {"id": "104", "s1": "2", "s2": "3", "s": "", "t": "84'", "m": "West high for Hoffenheim in the opposing half and won a free kick."}, {"id": "103", "s1": "2", "s2": "3", "s": "", "t": "84'", "m": "Freiburg player Kermash scrambled for a foul and the opponent was given possession of the ball."}, {"id": "102", "s1": "2", "s2": "3", "s": "", "t": "83'", "m": "Freiburg replaced Philippe"}, {"id": "101", "s1": "2", "s2": "3", "s": "", "t": "82'", "m": "Hoffenheim player Modeste scrambled for a foul and his opponent was given possession of the ball."}, {"id": "100", "s1": "2", "s2": "3", "s": "", "t": "82'", "m": "Kempf won a free kick for Freiburg."}, {"id": "99", "s1": "2", "s2": "3", "s": "", "t": "82'", "m": "The suspension ended and the players resumed playing."}, {"id": "98", "s1": "2", "s2": "3", "s": "", "t": "81'", "m": "Hoffenheim Schweiger fell to the ground injured and the game was suspended"}, {"id": "97", "s1": "2", "s2": "3", "s": "", "t": "81'", "m": "The referee sent Darida of Freiburg outright red card."}, {"id": "96", "s1": "2", "s2": "3", "s": "", "t": "80'", "m": "Schweigler won a free kick for Hoffenheim at the opposing half."}, {"id": "95", "s1": "2", "s2": "3", "s": "", "t": "80'", "m": "Freiburg player Darida scrambled for a foul and the opponent was given possession of the ball."}, {"id": "94", "s1": "2", "s2": "3", "s": "", "t": "80'", "m": "Freiburg made substitutions, Ritter went on, and Franz went off with an injury."}, {"id": "93", "s1": "2", "s2": "3", "s": "", "t": "80'", "m": "The suspension ended and the players resumed playing."}, {"id": "92", "s1": "2", "s2": "3", "s": "", "t": "79'", "m": "Freiburg Franz fell to the ground injured and the game was suspended"}, {"id": "91", "s1": "2", "s2": "3", "s": "", "t": "77'", "m": "Modeste won a free kick for Hoffenheim at the opposing half."}, {"id": "90", "s1": "2", "s2": "3", "s": "", "t": "77'", "m": "Freiburg player Kempf scrambled for a foul and his opponent gained possession of the ball."}, {"id": "89", "s1": "2", "s2": "3", "s": "", "t": "75'", "m": "Goal!!! Freiburg player Darida shot with his right foot, the ball flew into the goal from the bottom right corner and the ball went in! Hoffenheim 2-3 Freiburg."}, {"id": "88", "s1": "2", "s2": "2", "s": "", "t": "75'", "m": "Yellow! Hoffenheim player Stroble was shown a yellow card by the referee for a malicious foul."}, {"id": "87", "s1": "2", "s2": "2", "s": "", "t": "74'", "m": "Hoffenheim player Strobl fouled and caused the opponent to receive a penalty."}, {"id": "86", "s1": "2", "s2": "2", "s": "", "t": "74'", "m": "Penalty, Schmid was violated inside the penalty area and Freiburg received a penalty."}, {"id": "85", "s1": "2", "s2": "2", "s": "", "t": "74'", "m": "Hoffenheim player Schweigler scrambled for a foul and the opponent was given possession of the ball."}, {"id": "84", "s1": "2", "s2": "2", "s": "", "t": "74'", "m": "C. Gent won a free kick for Freiburg."}, {"id": "83", "s1": "2", "s2": "2", "s": "", "t": "73'", "m": "West high for Hoffenheim in the opposing half and won a free kick."}, {"id": "82", "s1": "2", "s2": "2", "s": "", "t": "73'", "m": "Freiburg player Darida scrambled for a foul and the opponent was given possession of the ball."}, {"id": "81", "s1": "2", "s2": "2", "s": "", "t": "72'", "m": "Hoffenheim player Baker scrambled for a foul and the opponent was given possession of the ball."}, {"id": "80", "s1": "2", "s2": "2", "s": "", "t": "72'", "m": "Kermash won a free kick for Freiburg."}, {"id": "79", "s1": "2", "s2": "2", "s": "", "t": "72'", "m": "Schweigler handled the ball out of the line and Freiburg won a corner kick."}, {"id": "78", "s1": "2", "s2": "2", "s": "", "t": "71'", "m": "Freiburg player Schmid's right-footed shot from outside the penalty area was blocked by a defender."}, {"id": "77", "s1": "2", "s2": "2", "s": "", "t": "71'", "m": "Hoffenheim made a substitution, and Modeste replaced Sauloy"}, {"id": "76", "s1": "2", "s2": "2", "s": "", "t": "71'", "m": "Hoffenheim player Schweigler scrambled for a foul and the opponent was given possession of the ball."}, {"id": "75", "s1": "2", "s2": "2", "s": "", "t": "71'", "m": "Darida won a free kick for Freiburg in the opposing half."}, {"id": "74", "s1": "2", "s2": "2", "s": "", "t": "69'", "m": "Hoffenheim player Schweigler scrambled for a foul and the opponent was given possession of the ball."}, {"id": "73", "s1": "2", "s2": "2", "s": "", "t": "69'", "m": "C. Guntel won a free kick for Freiburg in the opposing half."}, {"id": "72", "s1": "2", "s2": "2", "s": "", "t": "67'", "m": "Freiburg was replaced, and Gad replaced Schuster"}, {"id": "71", "s1": "2", "s2": "2", "s": "", "t": "67'", "m": "The suspension ended and the players resumed playing."}, {"id": "70", "s1": "2", "s2": "2", "s": "", "t": "66'", "m": "Hoffenheim Schweiger fell to the ground injured and the game was suspended"}, {"id": "69", "s1": "2", "s2": "2", "s": "", "t": "65'", "m": "Hoffenheim player Rudy scrambled for a foul and his opponent was given possession of the ball."}, {"id": "68", "s1": "2", "s2": "2", "s": "", "t": "65'", "m": "Klaus won a free kick for Freiburg in the opposing half."}, {"id": "67", "s1": "2", "s2": "2", "s": "", "t": "63'", "m": "Goal!!! Hoffenheim player Rudy shot with his right foot, the ball flew into the goal from the bottom left corner and the ball went in! Hoffenheim 2-2 Freiburg."}, {"id": "66", "s1": "1", "s2": "2", "s": "", "t": "62'", "m": "Yunusi won a free kick for Hoffenheim at the opposing half."}, {"id": "65", "s1": "1", "s2": "2", "s": "", "t": "62'", "m": "Freiburg player Muiza scrambled for a foul and the opponent gained possession."}, {"id": "64", "s1": "1", "s2": "2", "s": "", "t": "62'", "m": "Hoffenheim was replaced, and Schweigler replaced Polanski"}, {"id": "63", "s1": "1", "s2": "2", "s": "", "t": "61'", "m": "Hoffenheim player Sauloy scrambled for a foul and his opponent was given possession of the ball."}, {"id": "62", "s1": "1", "s2": "2", "s": "", "t": "61'", "m": "Kempf won a free kick for Freiburg."}, {"id": "61", "s1": "1", "s2": "2", "s": "", "t": "60'", "m": "Yellow! Freiburg player Schuster was shown a yellow card by the referee for a malicious foul."}, {"id": "60", "s1": "1", "s2": "2", "s": "", "t": "60'", "m": "Baker won a free kick for Hoffenheim on the left."}, {"id": "59", "s1": "1", "s2": "2", "s": "", "t": "60'", "m": "Freiburg player Schuster scrambled for a foul and the opponent gained possession of the ball."}, {"id": "58", "s1": "1", "s2": "2", "s": "", "t": "57'", "m": "Hoffenheim player Polanski attempted a right-footed shot from outside the penalty area, but unfortunately the ball went high above goal. It was Rudy who gave him the pass."}, {"id": "57", "s1": "1", "s2": "2", "s": "", "t": "57'", "m": "C. Gent handled the ball out of the box and Hoffenheim won the corner."}, {"id": "56", "s1": "1", "s2": "2", "s": "", "t": "56'", "m": "Hoffenheim player Rudy tried his right-footed shot from outside the box, but unfortunately the ball went high above goal. It was Jules who gave him the ball."}, {"id": "55", "s1": "1", "s2": "2", "s": "", "t": "56'", "m": "Hoffenheim player Baker was shown a yellow card by the referee."}, {"id": "54", "s1": "1", "s2": "2", "s": "", "t": "55'", "m": "Freiburg player Muiza was shown a yellow card by the referee."}, {"id": "53", "s1": "1", "s2": "2", "s": "", "t": "55'", "m": "Muiza handled the ball out of the box and Hoffenheim won a corner kick."}, {"id": "52", "s1": "1", "s2": "2", "s": "", "t": "55'", "m": "Shot!!! Hoffenheim player West's tall right-footed shot from outside the box was saved by the opposing goalkeeper."}, {"id": "51", "s1": "1", "s2": "2", "s": "", "t": "54'", "m": "Yellow! Freiburg player Klaus was shown a yellow card by the referee for a malicious foul."}, {"id": "50", "s1": "1", "s2": "2", "s": "", "t": "54'", "m": "Polanski won a free kick for Hoffenheim at the opposing half."}, {"id": "49", "s1": "1", "s2": "2", "s": "", "t": "54'", "m": "Freiburg player Klaus scrambled for a foul and his opponent was given possession of the ball."}, {"id": "48", "s1": "1", "s2": "2", "s": "", "t": "53'", "m": "Hoffenheim player Polanski scrambled for a foul and his opponent was given possession of the ball."}, {"id": "47", "s1": "1", "s2": "2", "s": "", "t": "53'", "m": "Darida won a free kick for Freiburg."}, {"id": "46", "s1": "1", "s2": "2", "s": "", "t": "48'", "m": "Yunusi won a free kick for Hoffenheim at the opposing half."}, {"id": "45", "s1": "1", "s2": "2", "s": "", "t": "48'", "m": "Freiburg player Schuster scrambled for a foul and the opponent gained possession of the ball."}, {"id": "44", "s1": "1", "s2": "2", "s": "", "t": "", "m": "The second half began with Hoffenheim 1-2 Freiburg"}, {"id": "43", "s1": "1", "s2": "2", "s": "", "t": "45'+1'", "m": "At the end of the first half, Hoffenheim 1-2 Freiburg, with a short break, we will take a look at the performance of the two teams in the second half."}, {"id": "42", "s1": "1", "s2": "2", "s": "", "t": "45'+1'", "m": "West high for Hoffenheim in the opposing half and won a free kick."}, {"id": "41", "s1": "1", "s2": "2", "s": "", "t": "45'+1'", "m": "Freiburg player Darida scrambled for a foul and the opponent was given possession of the ball."}, {"id": "40", "s1": "1", "s2": "2", "s": "", "t": "45'", "m": "Hoffenheim player Flanders attempted a left-footed shot from outside the penalty area, but unfortunately the ball was slightly offside the right goal. It was Polanski who gave him the ball."}, {"id": "39", "s1": "1", "s2": "2", "s": "", "t": "44'", "m": "Goal!!! Hoffenheim player Yunussi fired a left-footed shot from the centre of the penalty area, the ball flew into the middle of the box and the ball went in! The assist was Flanders. Hoffenheim 1-2 Freiburg."}, {"id": "38", "s1": "0", "s2": "2", "s": "", "t": "42'", "m": "Rudy handled the ball out of the bottom line and Freiburg won the corner."}, {"id": "37", "s1": "0", "s2": "2", "s": "", "t": "41'", "m": "Hoffenheim player Stroble scrambled for a foul and the opponent gained possession of the ball."}, {"id": "36", "s1": "0", "s2": "2", "s": "", "t": "41'", "m": "Darida won a free kick for Freiburg in the opposing half."}, {"id": "35", "s1": "0", "s2": "2", "s": "", "t": "39'", "m": "Hoffenheim player Jules tried to head the ball in the center of the penalty area, but unfortunately the ball was slightly offside the right goal. It was Rudy who gave him the pass."}, {"id": "34", "s1": "0", "s2": "2", "s": "", "t": "39'", "m": "C. Gent handled the ball out of the box and Hoffenheim won the corner."}, {"id": "33", "s1": "0", "s2": "2", "s": "", "t": "38'", "m": "Hoffenheim player Sauloy tried a right-footed shot from the right side of the penalty area, but unfortunately the ball deflected off goal. It was Firmino who passed the ball to him."}, {"id": "32", "s1": "0", "s2": "2", "s": "", "t": "37'", "m": "Polanski won a free kick for Hoffenheim at the opposing half."}, {"id": "31", "s1": "0", "s2": "2", "s": "", "t": "37'", "m": "Freiburg player C. Gent scrambled for a foul and the opponent was given possession."}, {"id": "30", "s1": "0", "s2": "2", "s": "", "t": "33'", "m": "Goal!!! Freiburg player Franz shot with his right foot in front of the goal line, the ball flew into the goal from the top right corner, and the ball went in! The assist was Schmid. Hoffenheim 0-2 Freiburg."}, {"id": "29", "s1": "0", "s2": "1", "s": "", "t": "31'", "m": "Goal!!! Freiburg player Franz fired a right-footed shot from the centre of the penalty area, the ball flew into the goal from the top right corner and the ball went in! Assisted by Philippe. Hoffenheim 0-1 Freiburg."}, {"id": "28", "s1": "0", "s2": "0", "s": "", "t": "31'", "m": "Hoffenheim player Rudy scrambled for a foul and his opponent was given possession of the ball."}, {"id": "27", "s1": "0", "s2": "0", "s": "", "t": "31'", "m": "C. Güntel won a free kick for Freiburg on the left side."}, {"id": "26", "s1": "0", "s2": "0", "s": "", "t": "29'", "m": "Hoffenheim player Sauloy tried his left-footed shot from the centre of the penalty area, but unfortunately the ball went high above goal."}, {"id": "25", "s1": "0", "s2": "0", "s": "", "t": "24'", "m": "Rudy won a free kick for Hoffenheim on the right."}, {"id": "24", "s1": "0", "s2": "0", "s": "", "t": "24'", "m": "Freiburg player C. Gent scrambled for a foul and the opponent was given possession."}, {"id": "23", "s1": "0", "s2": "0", "s": "", "t": "20'", "m": "Shot!!! Freiburg player Darida's right-footed shot from the right side of the penalty area was saved by the opposing goalkeeper."}, {"id": "22", "s1": "0", "s2": "0", "s": "", "t": "20'", "m": "Hoffenheim player Stroble scrambled for a foul and the opponent gained possession of the ball."}, {"id": "21", "s1": "0", "s2": "0", "s": "", "t": "20'", "m": "Philippe won a free kick for Freiburg."}, {"id": "20", "s1": "0", "s2": "0", "s": "", "t": "18'", "m": "Freiburg player Philippe tried a right-footed shot in the centre of the penalty area, but unfortunately the ball was slightly above the goal."}, {"id": "19", "s1": "0", "s2": "0", "s": "", "t": "16'", "m": "Hoffenheim player Stroble scrambled for a foul and the opponent gained possession of the ball."}, {"id": "18", "s1": "0", "s2": "0", "s": "", "t": "16'", "m": "Schmid won a free kick for Freiburg."}, {"id": "17", "s1": "0", "s2": "0", "s": "", "t": "16'", "m": "Hoffenheim player Flanders attempted a left-footed shot from the centre of the penalty area, but unfortunately the ball was slightly offside the left goal. It was Yunusi who gave him the pass."}, {"id": "16", "s1": "0", "s2": "0", "s": "", "t": "15'", "m": "Kermash handled the ball out of the bottom line and Hoffenheim won a corner kick."}, {"id": "15", "s1": "0", "s2": "0", "s": "", "t": "13'", "m": "Yunusi won a free kick for Hoffenheim on the right."}, {"id": "14", "s1": "0", "s2": "0", "s": "", "t": "13'", "m": "Freiburg player C. Gent scrambled for a foul and the opponent was given possession."}, {"id": "13", "s1": "0", "s2": "0", "s": "", "t": "12'", "m": "Hoffenheim player Rudy scrambled for a foul and his opponent was given possession of the ball."}, {"id": "12", "s1": "0", "s2": "0", "s": "", "t": "12'", "m": "Klaus won a free kick for Freiburg on the left."}, {"id": "11", "s1": "0", "s2": "0", "s": "", "t": "11'", "m": "Hoffenheim player Westergaard scrambled for a foul and the opponent was given possession of the ball."}, {"id": "10", "s1": "0", "s2": "0", "s": "", "t": "11'", "m": "Philip for Freiburg won a free kick in the opposing half."}, {"id": "9", "s1": "0", "s2": "0", "s": "", "t": "7'", "m": "Hoffenheim player Baker scrambled for a foul and the opponent was given possession of the ball."}, {"id": "8", "s1": "0", "s2": "0", "s": "", "t": "7'", "m": "Franz won a free kick for Freiburg."}, {"id": "7", "s1": "0", "s2": "0", "s": "", "t": "6'", "m": "Hoffenheim player Flanders' left-footed shot from outside the penalty area was blocked by a defender. It was Polanski who gave him the ball."}, {"id": "6", "s1": "0", "s2": "0", "s": "", "t": "5'", "m": "Shot!!! Hoffenheim player Flanders' left-footed shot from outside the penalty area was saved by the opposing goalkeeper. It was Jules who gave him the ball."}, {"id": "5", "s1": "0", "s2": "0", "s": "", "t": "2'", "m": "Hoffenheim player Flanders scrambled for a foul and his opponent was given possession of the ball."}, {"id": "4", "s1": "0", "s2": "0", "s": "", "t": "2'", "m": "Muiza won a free kick for Freiburg."}, {"id": "3", "s1": "0", "s2": "0", "s": "", "t": "1'", "m": "Freiburg player Darida scrambled for a foul and the opponent was given possession of the ball."}, {"id": "2", "s1": "0", "s2": "0", "s": "", "t": "1'", "m": "Flanders won a free kick for Hoffenheim at the opposing half."}, {"id": "1", "s1": "0", "s2": "0", "s": "", "t": "", "m": "With a whistle from the referee, the first half of the game began."}]