[{"id": "103", "s1": "1", "s2": "6", "s": "", "t": "", "m": "The match ended with Wolfsburg 1-6 Bayern Munich, thank you for watching the Sina Football Live."}, {"id": "102", "s1": "1", "s2": "6", "s": "", "t": "90'+1'", "m": "At the end of the second half, Wolfsburg 1-6 Bayern Munich"}, {"id": "101", "s1": "1", "s2": "6", "s": "", "t": "90'", "m": "Bayern Munich player Robben's right-footed shot from the centre of the penalty area was blocked by a defender."}, {"id": "100", "s1": "1", "s2": "6", "s": "", "t": "86'", "m": "Müller won a free kick for Bayern Munich."}, {"id": "99", "s1": "1", "s2": "6", "s": "", "t": "86'", "m": "Wolfsburg player Junior Malanda scrambled for a foul and the opponent was given possession of the ball."}, {"id": "98", "s1": "1", "s2": "6", "s": "", "t": "85'", "m": "Wolfsburg made a substitution and Junior Malanda replaced De Bruyne"}, {"id": "97", "s1": "1", "s2": "6", "s": "", "t": "84'", "m": "Xavi Martinez won a free kick for Bayern Munich."}, {"id": "96", "s1": "1", "s2": "6", "s": "", "t": "84'", "m": "Wolfsburg player Medojevic scrambled for a foul and his opponent was given possession of the ball."}, {"id": "95", "s1": "1", "s2": "6", "s": "", "t": "80'", "m": "Goal!!! Bayern Munich player Mandzukic scored with a right-footed shot from the right side of the penalty area, the ball flew into the goal from the bottom right corner and the ball went in! Assisted by Mueller. Wolfsburg 1-6 Bayern Munich."}, {"id": "94", "s1": "1", "s2": "5", "s": "", "t": "80'", "m": "Wolfsburg made a substitution and Schaefer replaced Calijuri"}, {"id": "93", "s1": "1", "s2": "5", "s": "", "t": "79'", "m": "Wolfsburg made a substitution and Jan Polák replaced Arnold"}, {"id": "92", "s1": "1", "s2": "5", "s": "", "t": "78'", "m": "Goal!!! Bayern Munich player Müller's header from the centre of the penalty area, the ball flew from the top left corner into the goal and the ball went in! Assisted by Robben. Wolfsburg 1-5 Bayern Munich."}, {"id": "91", "s1": "1", "s2": "4", "s": "", "t": "76'", "m": "Wolfsburg player Calijuri tried a right-footed shot from the left side of the penalty area, but unfortunately the ball went high above goal. It was De Bruyne who passed the ball to him."}, {"id": "90", "s1": "1", "s2": "4", "s": "", "t": "76'", "m": "Bayern Munich player Müller was fouled for handball and the opponent was given the ball."}, {"id": "89", "s1": "1", "s2": "4", "s": "", "t": "75'", "m": "Wolfsburg player De Bruyne attempted a right-footed shot from outside the penalty area, but unfortunately the ball was high above the top right corner. It was Knoch who gave him the ball."}, {"id": "88", "s1": "1", "s2": "4", "s": "", "t": "74'", "m": "Rafinha won a free kick for Bayern Munich."}, {"id": "87", "s1": "1", "s2": "4", "s": "", "t": "74'", "m": "Wolfsburg player Calijuri scrambled for a foul and his opponent gained possession of the ball."}, {"id": "86", "s1": "1", "s2": "4", "s": "", "t": "73'", "m": "Bayern Munich player Thiago scrambled for a foul and his opponent gained possession of the ball."}, {"id": "85", "s1": "1", "s2": "4", "s": "", "t": "73'", "m": "Oakes won a free kick for Wolfsburg."}, {"id": "84", "s1": "1", "s2": "4", "s": "", "t": "73'", "m": "Shot!!! Wolfsburg player Dost's right-footed shot from the front of the goal line was saved by the opposing goalkeeper. It was Perisic who gave him the ball."}, {"id": "83", "s1": "1", "s2": "4", "s": "", "t": "71'", "m": "Goal!!! Bayern Munich player Ribery shot with his right foot in the centre of the penalty area and the ball flew into the goal from the bottom left corner and the ball went in! Assisted by Robben. Wolfsburg 1-4 Bayern Munich."}, {"id": "82", "s1": "1", "s2": "3", "s": "", "t": "67'", "m": "Bayern Munich made a substitution and Xavi Martinez replaced Ram"}, {"id": "81", "s1": "1", "s2": "3", "s": "", "t": "66'", "m": "Goal!!! Bayern Munich player Mandzukic's right-footed shot from the centre of the penalty area flew into the net from the bottom right corner and the ball went in! Assisted by Rafinha. Wolfsburg 1-3 Bayern Munich."}, {"id": "80", "s1": "1", "s2": "2", "s": "", "t": "65'", "m": "Mandzukiczi won a free kick for Bayern Munich."}, {"id": "79", "s1": "1", "s2": "2", "s": "", "t": "65'", "m": "Wolfsburg player Knoch scrambled for a foul and his opponent gained possession of the ball."}, {"id": "78", "s1": "1", "s2": "2", "s": "", "t": "64'", "m": "Boateng handled the ball out of the bottom line and Wolfsburg won a corner kick."}, {"id": "77", "s1": "1", "s2": "2", "s": "", "t": "63'", "m": "Goal!!! Bayern Munich player Müller fired a left-footed shot from the centre of the penalty area, the ball flew into the middle of the box and the ball went in! The assist was Thiago. Wolfsburg 1-2 Bayern Munich."}, {"id": "76", "s1": "1", "s2": "1", "s": "", "t": "61'", "m": "Bayern Munich player Müller tried a right-footed shot at goal in front of the goal line, but unfortunately the ball was higher than the goal."}, {"id": "75", "s1": "1", "s2": "1", "s": "", "t": "60'", "m": "Wolfsburg player Perisic attempted a right-footed shot from the right side of the penalty area, but the ball was deflected slightly off the left goal. It was Dost who gave him the pass."}, {"id": "74", "s1": "1", "s2": "1", "s": "", "t": "59'", "m": "Bayern Munich player Robben attempted a left-footed shot from the centre of the penalty area, but unfortunately the ball went high above goal. It was Thiago who gave him the pass."}, {"id": "73", "s1": "1", "s2": "1", "s": "", "t": "58'", "m": "Yellow! Wolfsburg player Meadowvic was shown a yellow card by the referee for a malicious foul."}, {"id": "72", "s1": "1", "s2": "1", "s": "", "t": "58'", "m": "Ribery won a free kick for Bayern Munich at the opposing half."}, {"id": "71", "s1": "1", "s2": "1", "s": "", "t": "58'", "m": "Wolfsburg player Medojevic scrambled for a foul and his opponent was given possession of the ball."}, {"id": "70", "s1": "1", "s2": "1", "s": "", "t": "57'", "m": "Bayern Munich made a substitution, Mandzukizi replaced Kroos"}, {"id": "69", "s1": "1", "s2": "1", "s": "", "t": "56'", "m": "Bayern Munich made a substitution and Thiago replaced Shaqiri"}, {"id": "68", "s1": "1", "s2": "1", "s": "", "t": "56'", "m": "Wolfsburg player Naldo attempted a header in the centre of the penalty area, but unfortunately the ball was slightly offside the right goal. It was Rodriguez who passed the ball to him."}, {"id": "67", "s1": "1", "s2": "1", "s": "", "t": "55'", "m": "Alaba handled the ball out of the bottom line and Wolfsburg won the corner."}, {"id": "66", "s1": "1", "s2": "1", "s": "", "t": "55'", "m": "Kroos handled the ball out of the bottom line and Wolfsburg won the corner."}, {"id": "65", "s1": "1", "s2": "1", "s": "", "t": "54'", "m": "Wolfsburg player Knoch tried to shoot with his right foot from a small angle on the right side of the goal, but unfortunately the ball was slightly off the right goal."}, {"id": "64", "s1": "1", "s2": "1", "s": "", "t": "53'", "m": "Boateng handled the ball out of the bottom line and Wolfsburg won a corner kick."}, {"id": "63", "s1": "1", "s2": "1", "s": "", "t": "53'", "m": "Wolfsburg player Perisic tucked the ball straight into De Bruyne, but the referee raised a flag to show that the latter was offside."}, {"id": "62", "s1": "1", "s2": "1", "s": "", "t": "53'", "m": "Bayern Munich player Ribery's left-footed shot from the centre of the penalty area was blocked by a defender."}, {"id": "61", "s1": "1", "s2": "1", "s": "", "t": "53'", "m": "Shot!!! Bayern Munich player Arjen Robben's left-footed shot from the right side of the penalty area was saved by the opposing goalkeeper. It was Ribery who gave him the ball."}, {"id": "60", "s1": "1", "s2": "1", "s": "", "t": "52'", "m": "Wolfsburg player Naldo attempted a header in the middle of the penalty area, but unfortunately the ball went high above goal. It was De Bruyne who passed the ball to him."}, {"id": "59", "s1": "1", "s2": "1", "s": "", "t": "51'", "m": "Bayern Munich player Ram scrambled for a foul and the opponent was given possession of the ball."}, {"id": "58", "s1": "1", "s2": "1", "s": "", "t": "51'", "m": "Arnold won a free kick for Wolfsburg in the opposing half."}, {"id": "57", "s1": "1", "s2": "1", "s": "", "t": "51'", "m": "Rafinha won a free kick for Bayern Munich."}, {"id": "56", "s1": "1", "s2": "1", "s": "", "t": "51'", "m": "Wolfsburg player Arnold scrambled for a foul and the opponent was given possession of the ball."}, {"id": "55", "s1": "1", "s2": "1", "s": "", "t": "50'", "m": "Shot!!! Bayern Munich player Shaqiri's right-footed shot from the centre of the penalty area was saved by the opposing goalkeeper. It was Muller who gave him the pass."}, {"id": "54", "s1": "1", "s2": "1", "s": "", "t": "48'", "m": "Wolfsburg player Calijuri attempted a right-footed shot from outside the penalty area, but unfortunately the ball was slightly offside the left goal. It was Rodriguez who passed the ball to him."}, {"id": "53", "s1": "1", "s2": "1", "s": "", "t": "48'", "m": "Bayern Munich player Ribery scrambled for a foul and his opponent was given possession of the ball."}, {"id": "52", "s1": "1", "s2": "1", "s": "", "t": "48'", "m": "Perisic won a free kick for Wolfsburg on the right."}, {"id": "51", "s1": "1", "s2": "1", "s": "", "t": "", "m": "At the start of the second half, Wolfsburg 1-1 Bayern Munich"}, {"id": "50", "s1": "1", "s2": "1", "s": "", "t": "45'+3'", "m": "At the end of the first half, Wolfsburg 1-1 Bayern Munich, a short break, we will take a look at the performance of the two teams in the second half."}, {"id": "49", "s1": "1", "s2": "1", "s": "", "t": "45'+2'", "m": "Wolfsburg player Calijuri was fouled for handball and the opponent was given the ball."}, {"id": "48", "s1": "1", "s2": "1", "s": "", "t": "45'", "m": "Ram won a free kick for Bayern Munich on the right."}, {"id": "47", "s1": "1", "s2": "1", "s": "", "t": "45'", "m": "Wolfsburg player Arnold scrambled for a foul and the opponent was given possession of the ball."}, {"id": "46", "s1": "1", "s2": "1", "s": "", "t": "44'", "m": "Shot!!! Wolfsburg player De Bruyne's right-footed shot from the centre of the penalty area was saved by the opposing goalkeeper. It was Rodriguez who passed the ball to him."}, {"id": "45", "s1": "1", "s2": "1", "s": "", "t": "43'", "m": "Wolfsburg player Calijuri was fouled for handball and the opponent was given the ball."}, {"id": "44", "s1": "1", "s2": "1", "s": "", "t": "41'", "m": "Bayern Munich player Ribery scrambled for a foul and his opponent was given possession of the ball."}, {"id": "43", "s1": "1", "s2": "1", "s": "", "t": "41'", "m": "Arnold won a free kick for Wolfsburg on the right."}, {"id": "42", "s1": "1", "s2": "1", "s": "", "t": "40'", "m": "Perisic handled the ball out of the bottom line and Bayern Munich won a corner kick."}, {"id": "41", "s1": "1", "s2": "1", "s": "", "t": "39'", "m": "Robben won a free kick for Bayern Munich on the right."}, {"id": "40", "s1": "1", "s2": "1", "s": "", "t": "39'", "m": "Wolfsburg player Rodriguez scrambled for a foul and the opponent gained possession."}, {"id": "39", "s1": "1", "s2": "1", "s": "", "t": "38'", "m": "Wolfsburg player Arnold's left-footed shot from the centre of the penalty area was blocked by a defender. It was Dost who gave him the pass."}, {"id": "38", "s1": "1", "s2": "1", "s": "", "t": "37'", "m": "Robben won a free kick for Bayern Munich."}, {"id": "37", "s1": "1", "s2": "1", "s": "", "t": "37'", "m": "Wolfsburg player Rodriguez scrambled for a foul and the opponent gained possession."}, {"id": "36", "s1": "1", "s2": "1", "s": "", "t": "37'", "m": "Bayern Munich player Boateng scrambled for a foul and his opponent gained possession of the ball."}, {"id": "35", "s1": "1", "s2": "1", "s": "", "t": "37'", "m": "Dost won a free kick for Wolfsburg in the opposing half."}, {"id": "34", "s1": "1", "s2": "1", "s": "", "t": "36'", "m": "Bayern Munich player Robben tried his left-footed shot just outside the penalty area, but unfortunately the ball was slightly above goal."}, {"id": "33", "s1": "1", "s2": "1", "s": "", "t": "35'", "m": "Rafinha won a free kick for Bayern Munich at the opposing half."}, {"id": "32", "s1": "1", "s2": "1", "s": "", "t": "35'", "m": "Wolfsburg player Medojevic scrambled for a foul and his opponent was given possession of the ball."}, {"id": "31", "s1": "1", "s2": "1", "s": "", "t": "34'", "m": "Bayern Munich player Kroos scrambled for a foul and the opponent was given possession."}, {"id": "30", "s1": "1", "s2": "1", "s": "", "t": "34'", "m": "De Bruyne won a free kick for Wolfsburg."}, {"id": "29", "s1": "1", "s2": "1", "s": "", "t": "33'", "m": "Kroos won a free kick for Bayern Munich."}, {"id": "28", "s1": "1", "s2": "1", "s": "", "t": "33'", "m": "Wolfsburg player Dost scrambled for a foul and his opponent was given possession."}, {"id": "27", "s1": "1", "s2": "1", "s": "", "t": "32'", "m": "Bayern Munich player Kroos kicked the ball straight into Alaba, but the referee raised a flag to show that the latter was offside."}, {"id": "26", "s1": "1", "s2": "1", "s": "", "t": "31'", "m": "Wolfsburg player Calijuri's right-footed shot from the left side of the penalty area was blocked by a defender."}, {"id": "25", "s1": "1", "s2": "1", "s": "", "t": "30'", "m": "Bayern Munich player Boateng threw the ball straight into Shaqiri, but the referee raised a flag to show that the latter was offside."}, {"id": "24", "s1": "1", "s2": "1", "s": "", "t": "29'", "m": "Shot!!! Bayern Munich player Shaqiri's right-footed shot from the centre of the penalty area was saved by the opposing goalkeeper. It was Ribery who gave him the ball."}, {"id": "23", "s1": "1", "s2": "1", "s": "", "t": "26'", "m": "Goal!!! Bayern Munich player Shakiri shot with his left foot in front of the goal line, the ball flew up from the middle of the road and the ball went in! Assisted by Boateng. Wolfsburg 1-1 Bayern Munich."}, {"id": "22", "s1": "1", "s2": "0", "s": "", "t": "26'", "m": "Bayern Munich player Boateng's right-footed shot from the left side of the penalty area was blocked by a defender."}, {"id": "21", "s1": "1", "s2": "0", "s": "", "t": "26'", "m": "Bayern Munich player Dante's header from the centre of the penalty area was blocked by a defender. It was Kroos who gave him the ball."}, {"id": "20", "s1": "1", "s2": "0", "s": "", "t": "26'", "m": "Perisic handled the ball out of the bottom line and Bayern Munich won a corner kick."}, {"id": "19", "s1": "1", "s2": "0", "s": "", "t": "25'", "m": "Rafinha won a free kick for Bayern Munich on the right."}, {"id": "18", "s1": "1", "s2": "0", "s": "", "t": "25'", "m": "Wolfsburg player Calijuri scrambled for a foul and his opponent gained possession of the ball."}, {"id": "17", "s1": "1", "s2": "0", "s": "", "t": "22'", "m": "The suspension ended and the players resumed playing."}, {"id": "16", "s1": "1", "s2": "0", "s": "", "t": "21'", "m": "Wolfsburg Arnold fell to the ground injured and the game was suspended"}, {"id": "15", "s1": "1", "s2": "0", "s": "", "t": "21'", "m": "The suspension ended and the players resumed playing."}, {"id": "14", "s1": "1", "s2": "0", "s": "", "t": "20'", "m": "Dost of Wolfsburg fell to the ground injured and the game was suspended"}, {"id": "13", "s1": "1", "s2": "0", "s": "", "t": "17'", "m": "Goal!!! Wolfsburg player Naldo's right-footed shot from the centre of the penalty area flew into the net from the bottom right corner and the ball went in! Assisted by De Bruyne. Wolfsburg 1-0 Bayern Munich."}, {"id": "12", "s1": "0", "s2": "0", "s": "", "t": "17'", "m": "Dante handled the ball out of the bottom line and Wolfsburg won the corner."}, {"id": "11", "s1": "0", "s2": "0", "s": "", "t": "16'", "m": "Shot!!! Bayern Munich player Shaqiri's left-footed shot from the centre of the penalty area was saved by the opposing goalkeeper. It was Muller who gave him the pass."}, {"id": "10", "s1": "0", "s2": "0", "s": "", "t": "14'", "m": "Bayern Munich player Boateng scrambled for a foul and his opponent gained possession of the ball."}, {"id": "9", "s1": "0", "s2": "0", "s": "", "t": "14'", "m": "Dost won a free kick for Wolfsburg on the left."}, {"id": "8", "s1": "0", "s2": "0", "s": "", "t": "13'", "m": "Knoch handled the ball out of the bottom line and Bayern Munich won a corner kick."}, {"id": "7", "s1": "0", "s2": "0", "s": "", "t": "13'", "m": "Bayern Munich player Boateng's right-footed shot from outside the penalty area was blocked by a defender."}, {"id": "6", "s1": "0", "s2": "0", "s": "", "t": "11'", "m": "Bayern Munich player Müller kicked the ball straight into Robben, but the referee raised a flag to show that the latter was offside."}, {"id": "5", "s1": "0", "s2": "0", "s": "", "t": "8'", "m": "Bayern Munich player Alaba scrambled for a foul and the opponent was given possession of the ball."}, {"id": "4", "s1": "0", "s2": "0", "s": "", "t": "8'", "m": "Perisic won a free kick for Wolfsburg on the right."}, {"id": "3", "s1": "0", "s2": "0", "s": "", "t": "7'", "m": "Ribery won a free kick for Bayern Munich on the left."}, {"id": "2", "s1": "0", "s2": "0", "s": "", "t": "7'", "m": "Wolfsburg player Oakes scrambled for a foul and the opponent gained possession of the ball."}, {"id": "1", "s1": "0", "s2": "0", "s": "", "t": "", "m": "With a whistle from the referee, the first half of the game began."}]