[{"id": "137", "s1": "3", "s2": "3", "s": "", "t": "", "m": "The match ended with Hannover 96 3-3 Nuremberg, thank you for watching the Sina Football Live."}, {"id": "136", "s1": "3", "s2": "3", "s": "", "t": "90'+4'", "m": "At the end of the second half, Hannover 96 3-3 Nuremberg"}, {"id": "135", "s1": "3", "s2": "3", "s": "", "t": "90'+3'", "m": "Nuremberg player Schaefer was shown a yellow card by the referee."}, {"id": "134", "s1": "3", "s2": "3", "s": "", "t": "90'+2'", "m": "Goal!!! Hannover 96 player Mammé Diouf shot with his right foot in the centre of the penalty area, the ball flew from the bottom right corner of the goal and the ball went in! Hanover 96 3-3 Nuremberg."}, {"id": "133", "s1": "2", "s2": "3", "s": "", "t": "90'+2'", "m": "Shot!!! Hannover 96 player Mammé Diouf's right-footed shot from the centre of the penalty area was saved by the opposing goalkeeper."}, {"id": "132", "s1": "2", "s2": "3", "s": "", "t": "90'+2'", "m": "Hannover 96 player Mammé Diouf attempted a header in the centre of the penalty area, but the ball was deflected slightly off the right goal. It was Pandel who gave him the pass."}, {"id": "131", "s1": "2", "s2": "3", "s": "", "t": "90'+2'", "m": "Steendell won a free kick for Hannover 96 on the right."}, {"id": "130", "s1": "2", "s2": "3", "s": "", "t": "90'+2'", "m": "Nuremberg player Makoto Hasebe scrambled for a foul and his opponent was given possession of the ball."}, {"id": "129", "s1": "2", "s2": "3", "s": "", "t": "90'+1'", "m": "Yellow! Hannover 96 player AndreAssen was shown a yellow card by the referee for a malicious foul."}, {"id": "128", "s1": "2", "s2": "3", "s": "", "t": "90'", "m": "Hanover 96 player Andreassen scrambled for a foul and the opponent was given possession of the ball."}, {"id": "127", "s1": "2", "s2": "3", "s": "", "t": "90'", "m": "Plattenhardt won a free kick for Nuremberg."}, {"id": "126", "s1": "2", "s2": "3", "s": "", "t": "89'", "m": "Hannover 96 player Mammé Diouf scrambled for a foul and the opponent was given possession of the ball."}, {"id": "125", "s1": "2", "s2": "3", "s": "", "t": "89'", "m": "Foyner won a free kick for Nuremberg on the right."}, {"id": "124", "s1": "2", "s2": "3", "s": "", "t": "88'", "m": "Nuremberg made a substitution and R-Mark replaced Franz"}, {"id": "123", "s1": "2", "s2": "3", "s": "", "t": "88'", "m": "Marcelo won a free kick for the Hannover 96."}, {"id": "122", "s1": "2", "s2": "3", "s": "", "t": "88'", "m": "Nuremberg player Peckerhardt scrambled for a foul and the opponent was given possession of the ball."}, {"id": "121", "s1": "2", "s2": "3", "s": "", "t": "87'", "m": "Goal!!! Hannover 96 player Mammé Diouf shot with his right foot in the centre of the penalty area, the ball flew from the bottom right corner of the goal and the ball went in! Assisted by Valmir Sulejmani. Hanover 96 2-3 Nuremberg."}, {"id": "120", "s1": "1", "s2": "3", "s": "", "t": "85'", "m": "Hannover 96 player Valmir Sulejmani scrambled for a foul and the opponent was given possession of the ball."}, {"id": "119", "s1": "1", "s2": "3", "s": "", "t": "85'", "m": "Plattenhardt won a free kick for Nuremberg."}, {"id": "118", "s1": "1", "s2": "3", "s": "", "t": "85'", "m": "Hannover's 96 player attempted a right-footed shot from outside the penalty area, but unfortunately the ball was higher than goal."}, {"id": "117", "s1": "1", "s2": "3", "s": "", "t": "84'", "m": "Platenhardt handled the ball out of the bottom line and Hannover 96 won a corner kick."}, {"id": "116", "s1": "1", "s2": "3", "s": "", "t": "83'", "m": "Nuremberg player Foyrna kicked the ball straight into Peckhart, but the referee raised a flag to show that the latter was offside."}, {"id": "115", "s1": "1", "s2": "3", "s": "", "t": "82'", "m": "Hannover 96 player Pandel scrambled for a foul and the opponent was given possession."}, {"id": "114", "s1": "1", "s2": "3", "s": "", "t": "82'", "m": "Foyner won a free kick for Nuremberg."}, {"id": "113", "s1": "1", "s2": "3", "s": "", "t": "81'", "m": "Hannover made a 96 substitution and Pandel replaced Prieb"}, {"id": "112", "s1": "1", "s2": "3", "s": "", "t": "80'", "m": "Justi won a free kick for the Hannover 96."}, {"id": "111", "s1": "1", "s2": "3", "s": "", "t": "80'", "m": "Nuremberg player Foyrna scrambled for a foul and the opponent was given possession of the ball."}, {"id": "110", "s1": "1", "s2": "3", "s": "", "t": "79'", "m": "Hannover 96 player Sane tried his header in the middle of the penalty area, but unfortunately the ball was slightly offside the right goal. The one who gave him the ball was Bidangu."}, {"id": "109", "s1": "1", "s2": "3", "s": "", "t": "79'", "m": "Bidangu won a free kick for Hannover 96 on the left side."}, {"id": "108", "s1": "1", "s2": "3", "s": "", "t": "79'", "m": "Nuremberg player Foyrna scrambled for a foul and the opponent was given possession of the ball."}, {"id": "107", "s1": "1", "s2": "3", "s": "", "t": "76'", "m": "Andreassen won a free kick for Hannover 96."}, {"id": "106", "s1": "1", "s2": "3", "s": "", "t": "76'", "m": "Nuremberg player Bogatz scrambled for a foul and his opponent was given possession of the ball."}, {"id": "105", "s1": "1", "s2": "3", "s": "", "t": "76'", "m": "Nuremberg was replaced, and Peckhardt replaced Kinczek"}, {"id": "104", "s1": "1", "s2": "3", "s": "", "t": "75'", "m": "Prieb handled the ball out of the bottom line and Nuremberg won a corner kick."}, {"id": "103", "s1": "1", "s2": "3", "s": "", "t": "74'", "m": "Mamme Diouf won a free kick for Hannover 96 at the opposing half."}, {"id": "102", "s1": "1", "s2": "3", "s": "", "t": "74'", "m": "Nuremberg player Nelson scrambled for a foul and his opponent gained possession of the ball."}, {"id": "101", "s1": "1", "s2": "3", "s": "", "t": "74'", "m": "Hannover made a 96 substitution, with Valmir Sulejmani replacing Sobech"}, {"id": "100", "s1": "1", "s2": "3", "s": "", "t": "72'", "m": "Nuremberg made a substitution, and Foyner replaced Delmić"}, {"id": "99", "s1": "1", "s2": "3", "s": "", "t": "72'", "m": "Nuremberg player Hloszek attempted a header on the left side of the penalty area, but unfortunately the ball was slightly offside the left goal. It was Hiroshi Kiyotake who gave him the pass."}, {"id": "98", "s1": "1", "s2": "3", "s": "", "t": "70'", "m": "Hannover 96 player Mammé Diouf tried in the centre of the penalty area, but unfortunately the ball was slightly offside the right goal. The one who gave him the ball was Bidangu."}, {"id": "97", "s1": "1", "s2": "3", "s": "", "t": "69'", "m": "Chandler handled the ball out of the bottom line and Hannover 96 won a corner kick."}, {"id": "96", "s1": "1", "s2": "3", "s": "", "t": "69'", "m": "Shot!!! Nuremberg player Delmić's left-footed shot from the right side of the penalty area was saved by the opposing goalkeeper. It was Hiroshi Kiyotake who gave him the pass."}, {"id": "95", "s1": "1", "s2": "3", "s": "", "t": "68'", "m": "Sane won a free kick for the Hannover 96."}, {"id": "94", "s1": "1", "s2": "3", "s": "", "t": "68'", "m": "Nuremberg player Delmić scrambled for a foul and his opponent was given possession of the ball."}, {"id": "93", "s1": "1", "s2": "3", "s": "", "t": "68'", "m": "Hannover 96 player Justi scrambled for a foul and the opponent was given possession of the ball."}, {"id": "92", "s1": "1", "s2": "3", "s": "", "t": "68'", "m": "Kiyotake Hiroshi won a free kick for Nuremberg in the opposing half."}, {"id": "91", "s1": "1", "s2": "3", "s": "", "t": "67'", "m": "Nuremberg player Nelson tried his header in the centre of the penalty area, but unfortunately the ball was slightly off the right goal. It was Plattenhardt who gave him the pass."}, {"id": "90", "s1": "1", "s2": "3", "s": "", "t": "67'", "m": "Sane handled the ball off the line and Nuremberg won the corner."}, {"id": "89", "s1": "1", "s2": "3", "s": "", "t": "66'", "m": "Stender handled the ball out of the bottom line and Nuremberg won the corner."}, {"id": "88", "s1": "1", "s2": "3", "s": "", "t": "65'", "m": "Bidangu won a free kick for the Hanover 96."}, {"id": "87", "s1": "1", "s2": "3", "s": "", "t": "65'", "m": "Nuremberg player Kinczek scrambled for a foul and his opponent was given possession of the ball."}, {"id": "86", "s1": "1", "s2": "3", "s": "", "t": "65'", "m": "Hannover 96 player Marcelo's header from the centre of the penalty area hit the goalpost crossbar. It was Justi who gave him the ball."}, {"id": "85", "s1": "1", "s2": "3", "s": "", "t": "64'", "m": "Thanangu won a free kick for Hanover 96 at the opposing half."}, {"id": "84", "s1": "1", "s2": "3", "s": "", "t": "64'", "m": "Nuremberg player Makoto Hasebe made a dangerous move and the opponent gained possession."}, {"id": "83", "s1": "1", "s2": "3", "s": "", "t": "63'", "m": "Nielsson handled the ball out of the box and Hannover 96 won a corner kick."}, {"id": "82", "s1": "1", "s2": "3", "s": "", "t": "61'", "m": "Nuremberg player Makoto Hasebe threw the ball straight into Kynchek, but the referee raised a flag to show that the latter had been offside."}, {"id": "81", "s1": "1", "s2": "3", "s": "", "t": "61'", "m": "Shot!!! Hannover 96 player Justi's left-footed shot from outside the penalty area was saved by the opposing goalkeeper. The one who gave him the ball was Bidangu."}, {"id": "80", "s1": "1", "s2": "3", "s": "", "t": "60'", "m": "Goal!!! Hannover 96 player Bidangu's right-footed shot from the centre of the penalty area flew into the net from the bottom left corner and the ball went in! The assist was Husty. Hanover 96 1-3 Nuremberg."}, {"id": "79", "s1": "0", "s2": "3", "s": "", "t": "59'", "m": "Hannover's 96 player attempted a left-footed shot from outside the penalty area, but unfortunately the ball was slightly offside the right goal. It was Sobiech who passed the ball to him."}, {"id": "78", "s1": "0", "s2": "3", "s": "", "t": "59'", "m": "Nuremberg player Kinczek gave Hloszek a straight kick, but the referee raised a flag to show that the latter was offside."}, {"id": "77", "s1": "0", "s2": "3", "s": "", "t": "59'", "m": "Nuremberg player Gynchek's right-footed shot from the right side of the penalty area hit the post crossbar. It was Delmić who gave him the pass."}, {"id": "76", "s1": "0", "s2": "3", "s": "", "t": "56'", "m": "Nuremberg player Delmić attempted a right-footed shot from the right side of the penalty area, but unfortunately the ball was slightly offside the left goal. It was Kinczek who passed the ball to him."}, {"id": "75", "s1": "0", "s2": "3", "s": "", "t": "55'", "m": "AndreyAssen handled the ball out of the bottom line and Nuremberg won the corner."}, {"id": "74", "s1": "0", "s2": "3", "s": "", "t": "53'", "m": "Schaefer handled the ball out of the bottom line and Hannover 96 won a corner kick."}, {"id": "73", "s1": "0", "s2": "3", "s": "", "t": "53'", "m": "Shot!!! Hannover's 96 player Justi's right-footed shot from the centre of the penalty area was saved by the opposing goalkeeper. It was Sobiech who passed the ball to him."}, {"id": "72", "s1": "0", "s2": "3", "s": "", "t": "53'", "m": "Hannover 96 player Justi's left-footed shot from outside the penalty area was blocked by a defender."}, {"id": "71", "s1": "0", "s2": "3", "s": "", "t": "52'", "m": "Prib won a free kick for Hannover 96 at the opposing half."}, {"id": "70", "s1": "0", "s2": "3", "s": "", "t": "52'", "m": "Nuremberg player Makoto Hasebe scrambled for a foul and his opponent was given possession of the ball."}, {"id": "69", "s1": "0", "s2": "3", "s": "", "t": "52'", "m": "Hannover 96er Mammé Diouf's left-footed shot from the centre of the penalty area was blocked by a defender. It was Sobiech who passed the ball to him."}, {"id": "68", "s1": "0", "s2": "3", "s": "", "t": "51'", "m": "Marcelo handled the ball out of the bottom line and Nuremberg won a corner kick."}, {"id": "67", "s1": "0", "s2": "3", "s": "", "t": "50'", "m": "Hannover 96 player Sane scrambled for a foul and the opponent was given possession."}, {"id": "66", "s1": "0", "s2": "3", "s": "", "t": "50'", "m": "Delmić won a free kick for Nuremberg on the right."}, {"id": "65", "s1": "0", "s2": "3", "s": "", "t": "49'", "m": "Hannover 96 player Mammé Diouf scrambled for a foul and the opponent was given possession of the ball."}, {"id": "64", "s1": "0", "s2": "3", "s": "", "t": "49'", "m": "Schaefer won a free kick for Nuremberg."}, {"id": "63", "s1": "0", "s2": "3", "s": "", "t": "48'", "m": "Yellow! Nuremberg player Hloszek was shown a yellow card by the referee for a malicious foul."}, {"id": "62", "s1": "0", "s2": "3", "s": "", "t": "48'", "m": "Bidangu won a free kick for the Hanover 96."}, {"id": "61", "s1": "0", "s2": "3", "s": "", "t": "48'", "m": "Nuremberg player Hloszek scrambled for a foul and his opponent was given possession of the ball."}, {"id": "60", "s1": "0", "s2": "3", "s": "", "t": "47'", "m": "Hannover 96er Sane tried his header in the centre of the penalty area, but the ball was deflected slightly off the left goal. It was Justi who gave him the ball."}, {"id": "59", "s1": "0", "s2": "3", "s": "", "t": "46'", "m": "Yellow! Nuremberg player Bogarttz was shown a yellow card by the referee for a malicious foul."}, {"id": "58", "s1": "0", "s2": "3", "s": "", "t": "46'", "m": "Sobeh won a free kick for Hannover 96 at the opposing half."}, {"id": "57", "s1": "0", "s2": "3", "s": "", "t": "46'", "m": "Nuremberg player Bogatz scrambled for a foul and his opponent was given possession of the ball."}, {"id": "56", "s1": "0", "s2": "3", "s": "", "t": "", "m": "The second half began with Hannover 96 0-3 Nuremberg"}, {"id": "55", "s1": "0", "s2": "3", "s": "", "t": "45'", "m": "Hanover made 96 substitutions, with Bidangu replacing Schmidbach"}, {"id": "54", "s1": "0", "s2": "3", "s": "", "t": "45'+2'", "m": "At the end of the first half, Hannover 96 0-3 Nuremberg, with a short break, we will take a look at the performance of the two teams in the second half."}, {"id": "53", "s1": "0", "s2": "3", "s": "", "t": "45'+1'", "m": "Hannover's 96 player Sobiech's right-footed shot from the centre of the penalty area was blocked by a defender."}, {"id": "52", "s1": "0", "s2": "3", "s": "", "t": "45'", "m": "Schmiedbach won a free kick for Hannover 96 on the right."}, {"id": "51", "s1": "0", "s2": "3", "s": "", "t": "45'", "m": "Nuremberg player Plattenhardt scrambled for a foul and the opponent gained possession of the ball."}, {"id": "50", "s1": "0", "s2": "3", "s": "", "t": "45'", "m": "Sobeh won a free kick for Hannover 96 at the opposing half."}, {"id": "49", "s1": "0", "s2": "3", "s": "", "t": "45'", "m": "Nuremberg player Bogatz scrambled for a foul and his opponent was given possession of the ball."}, {"id": "48", "s1": "0", "s2": "3", "s": "", "t": "44'", "m": "Nuremberg player Kinček tried his left-footed shot from the centre of the penalty area, but unfortunately the ball was slightly offside the left goal. It was Chandler who gave him the pass."}, {"id": "47", "s1": "0", "s2": "3", "s": "", "t": "42'", "m": "Hannover 96 player Sane scrambled for a foul and the opponent was given possession."}, {"id": "46", "s1": "0", "s2": "3", "s": "", "t": "42'", "m": "Kinczek won a free kick for Nuremberg on the right."}, {"id": "45", "s1": "0", "s2": "3", "s": "", "t": "41'", "m": "Goal!!! Nuremberg player Nelson's header from the centre of the penalty area, the ball flew from the middle of the road into the goal, the ball went in! The assist was Plattenhardt. Hanover 96 0-3 Nuremberg."}, {"id": "44", "s1": "0", "s2": "2", "s": "", "t": "41'", "m": "Justi handled the ball out of the bottom line and Nuremberg won a corner kick."}, {"id": "43", "s1": "0", "s2": "2", "s": "", "t": "39'", "m": "Yellow! Hannover 96 player Styndall was shown a yellow card by the referee for a malicious foul."}, {"id": "42", "s1": "0", "s2": "2", "s": "", "t": "39'", "m": "Hannover 96 player Styndall scrambled for a foul and the opponent was given possession of the ball."}, {"id": "41", "s1": "0", "s2": "2", "s": "", "t": "39'", "m": "Kiyotake won a free kick for Nuremberg."}, {"id": "40", "s1": "0", "s2": "2", "s": "", "t": "38'", "m": "Goal!!! Nuremberg player Delmić's left-footed shot from the left side of the penalty area flew into the net from the middle and the ball went in! Assisted by Kiyotake Hiroshi. Hanover 96 0-2 Nuremberg."}, {"id": "39", "s1": "0", "s2": "1", "s": "", "t": "36'", "m": "Mamme Diouf won a free kick for Hannover 96 at the opposing half."}, {"id": "38", "s1": "0", "s2": "1", "s": "", "t": "36'", "m": "Nuremberg player Chandler was fouled for handball and the opponent was given the ball."}, {"id": "37", "s1": "0", "s2": "1", "s": "", "t": "36'", "m": "Shot!!! Nuremberg player Kinček's right-footed shot from the left side of the penalty area was saved by the opposing goalkeeper. It was Franz who gave him the pass."}, {"id": "36", "s1": "0", "s2": "1", "s": "", "t": "35'", "m": "Nuremberg player Plattenhardt's right-footed shot from outside the penalty area was blocked by a defender. It was Hiroshi Kiyotake who gave him the pass."}, {"id": "35", "s1": "0", "s2": "1", "s": "", "t": "35'", "m": "Prieb handled the ball out of the bottom line and Nuremberg won a corner kick."}, {"id": "34", "s1": "0", "s2": "1", "s": "", "t": "32'", "m": "Delmić handled the ball out of the bottom line and Hannover 96 won a corner kick."}, {"id": "33", "s1": "0", "s2": "1", "s": "", "t": "30'", "m": "Goal!!! Nuremberg player Hloszek fired a left-footed shot from outside the penalty area and the ball flew into the net from the bottom right corner and the ball went in! Assisted by Makoto Hasebe. Hanover 96 0-1 Nuremberg."}, {"id": "32", "s1": "0", "s2": "0", "s": "", "t": "30'", "m": "Hannover 96 player Schmidbach attempted a right-footed shot from outside the penalty area, but unfortunately the ball was high above the top right corner. The one who passed the ball to him was Mame Diouf."}, {"id": "31", "s1": "0", "s2": "0", "s": "", "t": "29'", "m": "Hannover 96 player Sobech tried his left-footed shot from outside the penalty area, but unfortunately the ball was slightly offside the right goal. It was Andreassen who passed the ball."}, {"id": "30", "s1": "0", "s2": "0", "s": "", "t": "28'", "m": "Nuremberg player Hiroshi Kiyotake attempted a right-footed shot just outside the penalty area, but unfortunately the ball was slightly offside the right goal. It was Nelson who gave him the pass."}, {"id": "29", "s1": "0", "s2": "0", "s": "", "t": "26'", "m": "Mamme Diouf won a free kick for Hannover 96 at the opposing half."}, {"id": "28", "s1": "0", "s2": "0", "s": "", "t": "26'", "m": "Nuremberg player Bogatz scrambled for a foul and his opponent was given possession of the ball."}, {"id": "27", "s1": "0", "s2": "0", "s": "", "t": "22'", "m": "Justi won a free kick for the Hannover 96."}, {"id": "26", "s1": "0", "s2": "0", "s": "", "t": "22'", "m": "Nuremberg player Chandler was fouled for handball and the opponent was given the ball."}, {"id": "25", "s1": "0", "s2": "0", "s": "", "t": "22'", "m": "Nuremberg player Hloszek tucked the ball straight into Gynchek, but the referee raised a flag to show that the latter was offside."}, {"id": "24", "s1": "0", "s2": "0", "s": "", "t": "17'", "m": "Hannover 96 player Sobech tried to head the ball in the middle of the penalty area, but unfortunately the ball was slightly offside the left goal. It was Prieb who gave him the pass."}, {"id": "23", "s1": "0", "s2": "0", "s": "", "t": "16'", "m": "Hannover 96 player Sobech scrambled for a foul and the opponent was given possession."}, {"id": "22", "s1": "0", "s2": "0", "s": "", "t": "16'", "m": "Franz won a free kick for Nuremberg."}, {"id": "21", "s1": "0", "s2": "0", "s": "", "t": "15'", "m": "Hannover 96 player Mammé Diouf scrambled for a foul and the opponent was given possession of the ball."}, {"id": "20", "s1": "0", "s2": "0", "s": "", "t": "15'", "m": "Pogatts won a free kick for Nuremberg."}, {"id": "19", "s1": "0", "s2": "0", "s": "", "t": "13'", "m": "Hannover 96 player Mammé Diouf attempted a left-footed shot from the centre of the penalty area, but unfortunately the ball was slightly offside the left goal. It was Prieb who gave him the pass."}, {"id": "18", "s1": "0", "s2": "0", "s": "", "t": "12'", "m": "Nuremberg player Franz tried his right-footed shot from outside the penalty area, but unfortunately the ball deflected off target. It was Plattenhardt who gave him the pass."}, {"id": "17", "s1": "0", "s2": "0", "s": "", "t": "11'", "m": "Yellow! Hannover 96 player Justi was shown a yellow card by the referee for a malicious foul."}, {"id": "16", "s1": "0", "s2": "0", "s": "", "t": "11'", "m": "Hannover 96 player Justi scrambled for a foul and the opponent was given possession of the ball."}, {"id": "15", "s1": "0", "s2": "0", "s": "", "t": "11'", "m": "Chandler won a free kick for Nuremberg on the right."}, {"id": "14", "s1": "0", "s2": "0", "s": "", "t": "10'", "m": "Nuremberg player Delmić attempted a right-footed shot from the right side of the penalty area, but unfortunately the ball was slightly offside the left goal. It was Makoto Hasebe who gave him the pass."}, {"id": "13", "s1": "0", "s2": "0", "s": "", "t": "10'", "m": "Nuremberg player Makoto Hasebe's right-footed shot from outside the penalty area was blocked by a defender."}, {"id": "12", "s1": "0", "s2": "0", "s": "", "t": "9'", "m": "Hannover 96 player Mamé Diouf attempted a right-footed shot from outside the penalty area, but the ball was unfortunately higher than the top right corner."}, {"id": "11", "s1": "0", "s2": "0", "s": "", "t": "8'", "m": "Justi won a free kick for the Hannover 96."}, {"id": "10", "s1": "0", "s2": "0", "s": "", "t": "8'", "m": "Nuremberg player Chandler was fouled for handball and the opponent was given the ball."}, {"id": "9", "s1": "0", "s2": "0", "s": "", "t": "7'", "m": "Andreassen won a free kick for Hannover 96."}, {"id": "8", "s1": "0", "s2": "0", "s": "", "t": "7'", "m": "Nuremberg player Kinczek scrambled for a foul and his opponent was given possession of the ball."}, {"id": "7", "s1": "0", "s2": "0", "s": "", "t": "6'", "m": "Justi won a free kick for the Hannover 96."}, {"id": "6", "s1": "0", "s2": "0", "s": "", "t": "6'", "m": "Nuremberg player Makoto Hasebe scrambled for a foul and his opponent was given possession of the ball."}, {"id": "5", "s1": "0", "s2": "0", "s": "", "t": "5'", "m": "Shot!!! Nuremberg player Kinczek's right-footed shot from the right side of the penalty area was saved by the opposing goalkeeper. It was Chandler who gave him the pass."}, {"id": "4", "s1": "0", "s2": "0", "s": "", "t": "5'", "m": "Nuremberg player Delmić was fouled for handball and the opponent was given the ball."}, {"id": "3", "s1": "0", "s2": "0", "s": "", "t": "1'", "m": "Hannover 96 player Mammé Diouf scrambled for a foul and the opponent was given possession of the ball."}, {"id": "2", "s1": "0", "s2": "0", "s": "", "t": "1'", "m": "Nielsson won a free kick for Nuremberg."}, {"id": "1", "s1": "0", "s2": "0", "s": "", "t": "", "m": "With a whistle from the referee, the first half of the game began."}]