[{"id": "4068361", "s1": "1", "s2": "0", "s": "Next", "t": "48'", "m": "Thank you also for the audience and friends for their watching and support! We'll see you next time!"}, {"id": "4068360", "s1": "1", "s2": "0", "s": "Next", "t": "47'", "m": "Congratulations to Bayern on winning the league this season!"}, {"id": "4068359", "s1": "1", "s2": "0", "s": "Next", "t": "47'", "m": "Bayern then relied on Pizarro's final strike to beat Stuttgart 1-0!"}, {"id": "4068358", "s1": "1", "s2": "0", "s": "Next", "t": "46'", "m": "The whole game is over!!"}, {"id": "4068357", "s1": "1", "s2": "0", "s": "Next", "t": "46'", "m": "The perimeter was transferred to the box and was pushed out by the defender, and Pizarro met the ball and played, with great strength!"}, {"id": "4068356", "s1": "1", "s2": "0", "s": "Next", "t": "45'", "m": "This ball is played very beautifully!!"}, {"id": "4068355", "s1": "1", "s2": "0", "s": "Next", "t": "45'", "m": "Pizarro's Kill !!!"}, {"id": "4068354", "s1": "0", "s2": "0", "s": "Next", "t": "45'", "m": "KOBETHEMAMBA : Wenwen you are awesome ~ ------ thank you for your support for a season!"}, {"id": "4068353", "s1": "0", "s2": "0", "s": "Next", "t": "44'", "m": "Two minutes into stoppage time, Robben's corner kick came out of Van Beatten's header."}, {"id": "4068352", "s1": "0", "s2": "0", "s": "Next", "t": "43'", "m": "The whole game is about to enter injury time."}, {"id": "4068351", "s1": "0", "s2": "0", "s": "Next", "t": "43'", "m": "Robben was held by the ball, or did not say, Bayern players did not protest."}, {"id": "4068350", "s1": "0", "s2": "0", "s": "Next", "t": "42'", "m": "Bayern had another player fall into the penalty area, and the referee still turned a blind eye."}, {"id": "4068349", "s1": "0", "s2": "0", "s": "Next", "t": "41'", "m": "Is this game really going to be a blank slate?"}, {"id": "4068348", "s1": "0", "s2": "0", "s": "Next", "t": "41'", "m": "Robben single knife! Robben was found directly at the back, but the outstanding Ulreich blocked the ball anyway!"}, {"id": "4068347", "s1": "0", "s2": "0", "s": "Next", "t": "40'", "m": "Hay-Promise: Germany pays the price for the lack of a centre-forward in the big roster. Originally optimistic about Germany, hanging ------ Bayern also tried the frontless play before this season, and the effect was not bad."}, {"id": "4068346", "s1": "0", "s2": "0", "s": "Next", "t": "39'", "m": "Dortmund is already 4-0, bayern is not going to have a sense of crisis, after all, at the end of the season, there are still a lot of special showdowns."}, {"id": "4068344", "s1": "0", "s2": "0", "s": "Next", "t": "38'", "m": "Z Night Y Supper X : The Stuttgart goalkeeper did a great job------ Yes, today was outstanding."}, {"id": "4068343", "s1": "0", "s2": "0", "s": "Next", "t": "37'", "m": "Probably winning the league title prematurely did make the players slack off too much."}, {"id": "4068342", "s1": "0", "s2": "0", "s": "Next", "t": "37'", "m": "For Bayern this season, the loss to Real Madrid should have fallen to the bottom, but the last few rounds of the league played without a little rebound trend."}, {"id": "4068341", "s1": "0", "s2": "0", "s": "Next", "t": "36'", "m": "There are 10 minutes left in the end, and the score is still 0-0."}, {"id": "4068340", "s1": "0", "s2": "0", "s": "Next", "t": "35'", "m": "Ulreich's attention was very concentrated, and the strike pressed a ball that robben had almost single knife under his body."}, {"id": "4068339", "s1": "0", "s2": "0", "s": "Next", "t": "34'", "m": "Guardiola even took off her suit and was in a hurry now."}, {"id": "4068337", "s1": "0", "s2": "0", "s": "Next", "t": "33'", "m": "Hoybegg is another kick in the door, and today his desire to hit the goal after coming off the bench is very strong."}, {"id": "4068336", "s1": "0", "s2": "0", "s": "Next", "t": "33'", "m": "Maxim went down and Werner came on."}, {"id": "4068335", "s1": "0", "s2": "0", "s": "Next", "t": "33'", "m": "Now the three teams that are relegated are not in suspense, Brunswick and Nuremberg should be relegated, and Hamburg play the play-offs."}, {"id": "4068332", "s1": "0", "s2": "0", "s": "Next", "t": "31'", "m": "In the penalty area, Muller was pushed down again or did not blow, Mueller did not argue, very helpless,"}, {"id": "4068331", "s1": "0", "s2": "0", "s": "Next", "t": "31'", "m": "Didawi protested against the referee receiving a yellow card."}, {"id": "4068329", "s1": "0", "s2": "0", "s": "Next", "t": "30'", "m": "Mobile phone user 1874816905: What happened to Bayern's game today, until now the players on the field are obviously not excited enough------ the players on the field!"}, {"id": "4068328", "s1": "0", "s2": "0", "s": "Next", "t": "29'", "m": "Alaba plugged in! Pass a man to Pizarro! There was no one to defend the chance, Pizarro played high."}, {"id": "4068326", "s1": "0", "s2": "0", "s": "Next", "t": "28'", "m": "Stuttgart strikes back! Kacao saw the opportunity to hit the door directly, and was crushed under Neuer."}, {"id": "4068325", "s1": "0", "s2": "0", "s": "Next", "t": "27'", "m": "Guardiola is also very anxious on the sidelines, after all, if the final battle cannot be won, there will be less interest when celebrating."}, {"id": "4068324", "s1": "0", "s2": "0", "s": "Next", "t": "26'", "m": "User 3738184667: Today's referee took money from the bookmaker! ------ feels yeah, it's so unfair."}, {"id": "4068322", "s1": "0", "s2": "0", "s": "Next", "t": "25'", "m": "It's been 70 minutes, and it's really dull."}, {"id": "4068321", "s1": "0", "s2": "0", "s": "Next", "t": "25'", "m": "Rafinha came up again, but the ball was a little too big to pass."}, {"id": "4068320", "s1": "0", "s2": "0", "s": "Next", "t": "24'", "m": "Urreich also showed courage today, very steady."}, {"id": "4068319", "s1": "0", "s2": "0", "s": "Next", "t": "24'", "m": "Now only this game is still 0-0."}, {"id": "4068318", "s1": "0", "s2": "0", "s": "Next", "t": "24'", "m": "It feels like the replacement of Manju is still because Manju is injured."}, {"id": "4068317", "s1": "0", "s2": "0", "s": "Next", "t": "23'", "m": "Lewandowski probably didn't know he was the top scorer over there."}, {"id": "4068316", "s1": "0", "s2": "0", "s": "Next", "t": "23'", "m": "Today is not to blow Stuttgart fouls, before kroos was shoveled down without indication."}, {"id": "4068315", "s1": "0", "s2": "0", "s": "Next", "t": "22'", "m": "Rafinha broke through on the right to give the middle, and Dante received a yellow card for a flying shovel."}, {"id": "4068313", "s1": "0", "s2": "0", "s": "Next", "t": "21'", "m": "The referee was indeed a little unfair to Bayern today and has not been bragging about Stuttgart fouls."}, {"id": "4068312", "s1": "0", "s2": "0", "s": "Next", "t": "21'", "m": "Stuttgart was also replaced, Ibišević under and Kako on"}, {"id": "4068311", "s1": "0", "s2": "0", "s": "Next", "t": "20'", "m": "Desperate Field Chicken: Can the anchor have a word with you? ------ Of course you can!"}, {"id": "4068310", "s1": "0", "s2": "0", "s": "Next", "t": "20'", "m": "Manju was also a little injured off the field, and the mood did not seem to be very good."}, {"id": "4068309", "s1": "0", "s2": "0", "s": "Next", "t": "19'", "m": "This next season's top scorer is also no suspense, that is, Lewandowski."}, {"id": "4068308", "s1": "0", "s2": "0", "s": "Next", "t": "19'", "m": "Mandzukic is off, Pizarro on!"}, {"id": "4068307", "s1": "0", "s2": "0", "s": "Next", "t": "17'", "m": "Really love you yes: It seems that the anchor bought the ball!!! ------ the game isn't over yet!"}, {"id": "4068306", "s1": "0", "s2": "0", "s": "Next", "t": "17'", "m": "Great opportunity! Robben got a shot on the right and was blocked by Ulreich, who played a beautiful game!"}, {"id": "4068305", "s1": "0", "s2": "0", "s": "Next", "t": "16'", "m": "Bayern led the opponent by 66 per cent on the ball, but the real chance was still missing."}, {"id": "4068303", "s1": "0", "s2": "0", "s": "Next", "t": "15'", "m": "Martinez was also knocked down in the penalty area and still did not blow."}, {"id": "4068302", "s1": "0", "s2": "0", "s": "Next", "t": "14'", "m": "Today Stuttgart is the death defense of Robben."}, {"id": "4068301", "s1": "0", "s2": "0", "s": "Next", "t": "14'", "m": "The corner kick came out and Dante headed up to the first point, still no threat."}, {"id": "4068300", "s1": "0", "s2": "0", "s": "Next", "t": "13'", "m": "Alaba is now significantly ahead of its active area."}, {"id": "4068299", "s1": "0", "s2": "0", "s": "Next", "t": "13'", "m": "Really love you yes: It seems that the anchor bought the ball!!! How can ------ say that about me!"}, {"id": "4068298", "s1": "0", "s2": "0", "s": "Next", "t": "12'", "m": "Robben was knocked down again on the right side of the road, the referee still ignored it, it seems that the referee is a bit against Robben."}, {"id": "4068297", "s1": "0", "s2": "0", "s": "Next", "t": "11'", "m": "During this time, Bayern played a little live on the wing."}, {"id": "4068296", "s1": "0", "s2": "0", "s": "Next", "t": "11'", "m": "Alaba also stepped forward into the penalty area."}, {"id": "4068295", "s1": "0", "s2": "0", "s": "Next", "t": "11'", "m": "With Bayern's strength, you can score goals in a serious moment."}, {"id": "4068294", "s1": "0", "s2": "0", "s": "Next", "t": "11'", "m": "Rafinha also just hit the door with one kick, which was quite threatening."}, {"id": "4068293", "s1": "0", "s2": "0", "s": "Next", "t": "11'", "m": "Bayern are a bit faster!"}, {"id": "4068291", "s1": "0", "s2": "0", "s": "Next", "t": "9'", "m": "Wow, Hoybeg's heavy artillery bombardment! Full of power, slightly offside."}, {"id": "4068290", "s1": "0", "s2": "0", "s": "Next", "t": "8'", "m": "Bayern continued to control the ball at the back, always trying to find Robben, but always unable to hand him under his feet."}, {"id": "4068288", "s1": "0", "s2": "0", "s": "Next", "t": "7'", "m": "Back to the Place: Bayern cheers, Reds fans stay ------ Reds cheer!"}, {"id": "4068287", "s1": "0", "s2": "0", "s": "Next", "t": "7'", "m": "But if you replace Manju, it's a little cruel."}, {"id": "4068286", "s1": "0", "s2": "0", "s": "Next", "t": "7'", "m": "Bayern's bench today really doesn't have any offensive players, just Pizarro."}, {"id": "4068285", "s1": "0", "s2": "0", "s": "Next", "t": "6'", "m": "Robben was really taken care of a little bit today."}, {"id": "4068284", "s1": "0", "s2": "0", "s": "Next", "t": "5'", "m": "Robben was bumped again when he was on the second wave of attack, but the referee just didn't blow, and Robben was really depressed."}, {"id": "4068282", "s1": "0", "s2": "0", "s": "Next", "t": "5'", "m": "There is still no effect on playing out."}, {"id": "4068281", "s1": "0", "s2": "0", "s": "Next", "t": "5'", "m": "Bayern were awarded a corner kick in front."}, {"id": "4068280", "s1": "0", "s2": "0", "s": "Next", "t": "4'", "m": "Gentner's string of light dribbling on the side is also very exciting."}, {"id": "4068278", "s1": "0", "s2": "0", "s": "Next", "t": "3'", "m": "Today, bayern's wing is well contained, so Manju's play is also limited to a certain extent."}, {"id": "4068276", "s1": "0", "s2": "0", "s": "Next", "t": "2'", "m": "Manju's forward rush was another foul, and he seemed to be in a bit of a hurry."}, {"id": "4068275", "s1": "0", "s2": "0", "s": "Next", "t": "2'", "m": "Pizarro is still active on the sidelines, and his popularity is also very high."}, {"id": "4068273", "s1": "0", "s2": "0", "s": "Next", "t": "1'", "m": "The final half of the game has begun!"}, {"id": "4068272", "s1": "0", "s2": "0", "s": "Midfielder", "t": "", "m": "Okay, the second half is about to start."}, {"id": "4068256", "s1": "0", "s2": "0", "s": "Midfielder", "t": "", "m": "An Feixuan : Bomber Gad muller ------ generation legend!"}, {"id": "4068254", "s1": "0", "s2": "0", "s": "Midfielder", "t": "", "m": "Real Team: Wow, the Bundesliga started together, and I don't know if I entered Manju------ I guess I will know it when I am in midfield."}, {"id": "4068251", "s1": "0", "s2": "0", "s": "Midfielder", "t": "", "m": "User 3738184667: Goals were scored in all other games. Bayern didn't go in, and it was in a hurry!!! ------ the second half to ask for power!!"}, {"id": "4068248", "s1": "0", "s2": "0", "s": "Midfielder", "t": "", "m": "Come and I give you a sugar gourd: the midfield is hey, the front row sells melon seeds peanut sugar gourd ~ everyone come to buy ah ~ while eating and watching ~ ------ our audience friends are really happy ah, the last game seems that the fans have a good mentality!"}, {"id": "4068245", "s1": "0", "s2": "0", "s": "Midfielder", "t": "", "m": "At halftime, let's talk about our favorite Bundesliga striker!"}, {"id": "4068244", "s1": "0", "s2": "0", "s": "Midfielder", "t": "", "m": "Now Mandzukic is going to work harder!"}, {"id": "4068242", "s1": "0", "s2": "0", "s": "Midfielder", "t": "", "m": "On the other side, Dort scored two goals in the final moments of the first half! Lewandowski also scored a goal!"}, {"id": "4068240", "s1": "0", "s2": "0", "s": "Midfielder", "t": "", "m": "th24kman: What happened to Schinsteiger? ------ was injured."}, {"id": "4068239", "s1": "0", "s2": "0", "s": "on", "t": "48'", "m": "Okay, the first half is over! The two sides battle 0-0!"}, {"id": "4068238", "s1": "0", "s2": "0", "s": "on", "t": "48'", "m": "Both sides were forced to make substitutions in the first half due to injuries."}, {"id": "4068237", "s1": "0", "s2": "0", "s": "on", "t": "47'", "m": "Stuttgart was also replaced, under Boca and on Didawi."}, {"id": "4068236", "s1": "0", "s2": "0", "s": "on", "t": "47'", "m": "Bayern continue to take free kicks on the right."}, {"id": "4068235", "s1": "0", "s2": "0", "s": "on", "t": "46'", "m": "Two minutes into stoppage time in the first half, there were a number of injuries that affected the overall fluency of the game."}, {"id": "4068234", "s1": "0", "s2": "0", "s": "on", "t": "45'", "m": "MJ Kaiwang : Bayern's uniform... Gua is not thinking that the Universe team wants to go crazy------ this is Bayern's retro jersey, it should have nothing to do with Guardiola."}, {"id": "4068233", "s1": "0", "s2": "0", "s": "on", "t": "44'", "m": "Only bayern and Dortmund have not scored in the two matches of this round, and it seems that the suspense of the top scorer battle does not want to be revealed so early."}, {"id": "4068232", "s1": "0", "s2": "0", "s": "on", "t": "44'", "m": "Alaba fouled up front."}, {"id": "4068230", "s1": "0", "s2": "0", "s": "on", "t": "43'", "m": "Bayern again won a free kick on the flank and there was no threat."}, {"id": "4068228", "s1": "0", "s2": "0", "s": "on", "t": "42'", "m": "Guardiola also shouted on the sidelines to make everyone more active."}, {"id": "4068227", "s1": "0", "s2": "0", "s": "on", "t": "42'", "m": "Maxim also worked the flanks today."}, {"id": "4068226", "s1": "0", "s2": "0", "s": "on", "t": "41'", "m": "Robben is also very dissatisfied, and Stuttgart's defense today is indeed a bit fierce."}, {"id": "4068225", "s1": "0", "s2": "0", "s": "on", "t": "40'", "m": "Robben is really fast, and the opposing players on the wing can't put Robben again."}, {"id": "4068223", "s1": "0", "s2": "0", "s": "on", "t": "40'", "m": "It was an accidental injury, and the piglet went straight into the dressing room."}, {"id": "4068222", "s1": "0", "s2": "0", "s": "on", "t": "40'", "m": "Piggy appeared to be injured and Hoybegg came on as a substitute."}, {"id": "4068220", "s1": "0", "s2": "0", "s": "on", "t": "38'", "m": "[qiangda] How many league defeats have Bayern lost this season?"}, {"id": "4068219", "s1": "0", "s2": "0", "s": "on", "t": "37'", "m": "User yshd4w2g53 : Wenwen, how do I see Hoeness? ------ Hoeness did sit on the sidelines, with Ribery just behind him."}, {"id": "4068218", "s1": "0", "s2": "0", "s": "on", "t": "37'", "m": "User 3738184667: Wenwen: Can Bayern's squad win today? ------ lineup is certainly no problem."}, {"id": "4068215", "s1": "0", "s2": "0", "s": "on", "t": "36'", "m": "The corner kick came out and Muller rubbed it and swiped it out."}, {"id": "4068213", "s1": "0", "s2": "0", "s": "on", "t": "36'", "m": "Slow-motion replay shows that the ball is indeed a handball, and Stuttgart escaped the disaster."}, {"id": "4068212", "s1": "0", "s2": "0", "s": "on", "t": "35'", "m": "Alaba threw the ball out of bounds and was directly pushed out of the bottom line."}, {"id": "4068211", "s1": "0", "s2": "0", "s": "on", "t": "35'", "m": "Robben crossed from the right, Manju barbed! It seemed to be handball, but the referee ignored it."}, {"id": "4068205", "s1": "0", "s2": "0", "s": "on", "t": "33'", "m": "Dante drove his big foot into the front and was taken directly by Ulreich."}, {"id": "4068201", "s1": "0", "s2": "0", "s": "on", "t": "33'", "m": "Bayern continued to exert pressure, and the pressing in midfield was very fierce."}, {"id": "4068197", "s1": "0", "s2": "0", "s": "on", "t": "32'", "m": "Red Dust Who is the one who crossed the other side of me: There were two people answering questions, and I was the one who didn't win the lottery! ------ give you a comfort on the wall, and continue to cheer oh~"}, {"id": "4068195", "s1": "0", "s2": "0", "s": "on", "t": "31'", "m": "An Feixuan: Ge Ce is also a young general? ------'s player in 92 should still be called a young player."}, {"id": "4068193", "s1": "0", "s2": "0", "s": "on", "t": "31'", "m": "The corner kick came out of the piggy's head ball, and the top was deflected."}, {"id": "4068191", "s1": "0", "s2": "0", "s": "on", "t": "30'", "m": "Manju's header! Bayern's cross from Rafinha on the left!"}, {"id": "4068190", "s1": "0", "s2": "0", "s": "on", "t": "30'", "m": "For German fans, maybe it's time to watch the game while drinking beer, what is the current state of everyone?"}, {"id": "4068189", "s1": "0", "s2": "0", "s": "on", "t": "29'", "m": "Congratulations to the following users for obtaining the membership of the live broadcast room: Wuwei Wang Kang"}, {"id": "4068188", "s1": "0", "s2": "0", "s": "on", "t": "29'", "m": "The last youngster who performed well in the last game was Götze!"}, {"id": "4068187", "s1": "0", "s2": "0", "s": "on", "t": "28'", "m": "Team doctors also came on the field, and Pizarro began to warm up."}, {"id": "4068186", "s1": "0", "s2": "0", "s": "on", "t": "28'", "m": "Manju was in pain on the field, and it looked like he was going to be replaced."}, {"id": "4068185", "s1": "0", "s2": "0", "s": "on", "t": "27'", "m": "The corner kick was given into the penalty area and Manju seemed injured! Touched by Niedermeier"}, {"id": "4068184", "s1": "0", "s2": "0", "s": "on", "t": "27'", "m": "This ball is very threatening! Forced a corner kick!"}, {"id": "4068183", "s1": "0", "s2": "0", "s": "on", "t": "26'", "m": "Robben took the ball, gave It to Mandzukic and hit the goal straight!"}, {"id": "4068182", "s1": "0", "s2": "0", "s": "on", "t": "26'", "m": "An Feixuan: Of course, it is WestFalun, and I love Dot ~ ------ feel the same way! Devil's Home!"}, {"id": "4068181", "s1": "0", "s2": "0", "s": "on", "t": "25'", "m": "A well-placed free-kick in Stuttgart hit the box in a mess and ended up on the line."}, {"id": "4068180", "s1": "0", "s2": "0", "s": "on", "t": "25'", "m": "Traore once again broke through to force Cross's foul and was also shown a yellow card."}, {"id": "4068179", "s1": "0", "s2": "0", "s": "on", "t": "24'", "m": "User 9hyx64ul4b : Wenwen You guess the Bundesliga final Lewan and Manjukic who will become the Golden Boot------ feel that it will be Manju ah."}, {"id": "4068178", "s1": "0", "s2": "0", "s": "on", "t": "24'", "m": "Boca was really tough on Robben's feet today."}, {"id": "4068177", "s1": "0", "s2": "0", "s": "on", "t": "23'", "m": "Yellow! The first yellow card of the game was given to Boca."}, {"id": "4068176", "s1": "0", "s2": "0", "s": "on", "t": "22'", "m": "The atmosphere of the Bundesliga stadium is really good, which is the home stadium that everyone remembers the most?"}, {"id": "4068175", "s1": "0", "s2": "0", "s": "on", "t": "21'", "m": "In the nearly 20 minutes of the game, the best player should be Terraore, who was very active on the right side!"}, {"id": "4068174", "s1": "0", "s2": "0", "s": "on", "t": "20'", "m": "User 886mdkfbh9: Guardiola has a lot of responsibility, last year 7:0 Barca, this year 0:5 Real Madrid, and the scene is boring, the players have no passion, can only be said to be the coach's problem------ the score is indeed a bit ugly."}, {"id": "4068173", "s1": "0", "s2": "0", "s": "on", "t": "19'", "m": "Müller was fouled when he took the ball up front, a foul on Rudiger."}, {"id": "4068172", "s1": "0", "s2": "0", "s": "on", "t": "19'", "m": "Robben's outstanding performance this season has also made the fans feel very happy."}, {"id": "4068171", "s1": "0", "s2": "0", "s": "on", "t": "18'", "m": "[qiangda] In the last game Bayern had a young player who scored two shots and one pass, who is he?"}, {"id": "4068170", "s1": "0", "s2": "0", "s": "on", "t": "17'", "m": "Bayern looked forward for Robben and didn't get the ball."}, {"id": "4068169", "s1": "0", "s2": "0", "s": "on", "t": "17'", "m": "Later, Traore took the ball and was shoveled down by Mandzukic, and the action was also a bit big, but there was no foul blow."}, {"id": "4068168", "s1": "0", "s2": "0", "s": "on", "t": "16'", "m": "After the corner kick came out, it was pushed out by the defender, and the outside shot was blocked again."}, {"id": "4068167", "s1": "0", "s2": "0", "s": "on", "t": "16'", "m": "This year's performance of Traoré has also been quite outstanding."}, {"id": "4068166", "s1": "0", "s2": "0", "s": "on", "t": "15'", "m": "It was Terraore again, swinging from the right and then hitting the goal, forcing a corner kick."}, {"id": "4068165", "s1": "0", "s2": "0", "s": "on", "t": "15'", "m": "Guardiola was exchanging something with Mueller on the sidelines and seemed to be less satisfied with the situation on the pitch."}, {"id": "4068164", "s1": "0", "s2": "0", "s": "on", "t": "14'", "m": "Real Team: Is Bayern's loss to Real Madrid really The fault of Guardiola?------ this is a more controversial issue, what do you think?"}, {"id": "4068163", "s1": "0", "s2": "0", "s": "on", "t": "13'", "m": "Traoré continued to be active on the flanks and was played by Van Beatten in the cross."}, {"id": "4068162", "s1": "0", "s2": "0", "s": "on", "t": "13'", "m": "Congratulations to the following user for obtaining the studio membership: User 9hyx64ul4b"}, {"id": "4068160", "s1": "0", "s2": "0", "s": "on", "t": "13'", "m": "Stuttgart attacked from the flank and crossed to the centre, where Gruzo's shot was blocked by Van Beatten."}, {"id": "4068156", "s1": "0", "s2": "0", "s": "on", "t": "12'", "m": "The opening 10 minutes were relatively harmonious between the two sides."}, {"id": "4068155", "s1": "0", "s2": "0", "s": "on", "t": "12'", "m": "Ibišević was in Stuttgart's starting line-up today, but he was not in very good form this season."}, {"id": "4068154", "s1": "0", "s2": "0", "s": "on", "t": "11'", "m": "When the talent has been 27 years: Wenwen, see Wenwen again! Bayern are already unique in the Bundesliga! It's a shame to fold in the champions league semi-finals! Who does Wenwen think this year's Champions League champion will be? I hope Champions League champions Atletico Andhress, Premier League champions Blue Moon! ------ the Champions League may still have a bigger chance for Real Madrid, and the Suspense of the Premier League is not much."}, {"id": "4068153", "s1": "0", "s2": "0", "s": "on", "t": "10'", "m": "Bayern counter-attacked quickly in front of the field and the pass was smooth."}, {"id": "4068152", "s1": "0", "s2": "0", "s": "on", "t": "9'", "m": "The last Bundesliga match is over, so let's talk about the impression of this season's Bundesliga!"}, {"id": "4068151", "s1": "0", "s2": "0", "s": "on", "t": "9'", "m": "Robben won a free kick and hit the box to be pushed out by the defender."}, {"id": "4068150", "s1": "0", "s2": "0", "s": "on", "t": "8'", "m": "[qiangda] Repeat the question, how many league goals has Mandzukic scored this season?"}, {"id": "4068148", "s1": "0", "s2": "0", "s": "on", "t": "7'", "m": "Stuttgart is offside again."}, {"id": "4068147", "s1": "0", "s2": "0", "s": "on", "t": "7'", "m": "shx_Asis: Next season, the red and blue FCB, not only Barca------ feel that red and blue are very strong."}, {"id": "4068145", "s1": "0", "s2": "0", "s": "on", "t": "7'", "m": "The victory or defeat of this match in Stuttgart has no impact on its own ranking, and it can be regarded as no desire."}, {"id": "4068142", "s1": "0", "s2": "0", "s": "on", "t": "6'", "m": "The opening few minutes of Stuttgart's pressing were very positive, and Bayern has been active in the backcourt."}, {"id": "4068140", "s1": "0", "s2": "0", "s": "on", "t": "6'", "m": "Stuttgart attacked, but offside came first."}, {"id": "4068136", "s1": "0", "s2": "0", "s": "on", "t": "5'", "m": "Another highlight of the game is the battle between Mandzukic and Lewandowski over the top scorer"}, {"id": "4068131", "s1": "0", "s2": "0", "s": "on", "t": "4'", "m": "FC_Bayern_: The league is coming to an end, but the World Cup is about to begin! ------ is another football feast."}, {"id": "4068128", "s1": "0", "s2": "0", "s": "on", "t": "3'", "m": "Here it should be emphasized that Bayern's shirt for this game is next season's shirt, red and blue stripe."}, {"id": "4068124", "s1": "0", "s2": "0", "s": "on", "t": "3'", "m": "Bayern's home attendance was high today, almost full."}, {"id": "4068121", "s1": "0", "s2": "0", "s": "on", "t": "2'", "m": "Now Bayern are patiently on their feet in the backfield."}, {"id": "4068118", "s1": "0", "s2": "0", "s": "on", "t": "2'", "m": "Bayern wear the traditional red shirt, while Stuttgart wears a white shirt"}, {"id": "4068110", "s1": "0", "s2": "0", "s": "on", "t": "1'", "m": "Okay, the race is on!"}, {"id": "4068093", "s1": "0", "s2": "0", "s": "Not matched", "t": "", "m": "[qiangda] First of all, a small question for everyone, how many goals has Mandzukic scored so far in the league this season?"}, {"id": "4068087", "s1": "0", "s2": "0", "s": "Not matched", "t": "", "m": "Okay, then the game is about to start and we are waiting for the signal of the live game."}, {"id": "4068009", "s1": "0", "s2": "0", "s": "Not matched", "t": "", "m": "Glory Galen is a good brother and sister: Wenwen is good, the European League is coming to an end, the last few rounds of the game I have to watch ------ I believe that the final game will be very exciting"}, {"id": "4067955", "s1": "0", "s2": "0", "s": "Not matched", "t": "", "m": "Bayern will definitely have to fight for a big victory in the last round to cheer for the celebration, let's look forward to it!"}, {"id": "4067891", "s1": "0", "s2": "0", "s": "Not matched", "t": "", "m": "Stuttgart substitutes: 22 Kirschbaum, 5 Hajj, 8 Leitner, 10 Didawi, 18 Kako, 19 Werner, Ratgeb"}, {"id": "4067889", "s1": "0", "s2": "0", "s": "Not matched", "t": "", "m": "Bayern substitutes: 14-Pizarro, 26-Contento, 6-Thiago, 23-Weisser, 32-Red, 34-Hoibeg"}, {"id": "4067886", "s1": "0", "s2": "0", "s": "Not matched", "t": "", "m": "Stuttgart starter (4-2-3-1): goalkeeper 1- Ulreich; Defenders 2 - Takatoku Sakai, 24 - Rudiger, 6 - Niedermeier, 15 - Boca; Backs 11-Gruzo, 20-Gentner; 16- Terraore, 44- Maxim, 34- Rausch; 9 - Ibisevic"}, {"id": "4067883", "s1": "0", "s2": "0", "s": "Not matched", "t": "", "m": "Bayern Munich start (4-2-3-1): Goalkeeper 1-Neuer; Defenders 27- Alaba, 4-Dante, 5-Van Beatten, 13-Rafinha; Back 31 - Schweinsteiger, 8 - Harvey Martinez; Defender 10-Robben, 39-Tony Kroos, 25-Mueller; 9 - Mandzukic"}, {"id": "4067881", "s1": "0", "s2": "0", "s": "Not matched", "t": "", "m": "Okay, the starting line-up for this game is out!"}, {"id": "4067837", "s1": "0", "s2": "0", "s": "Not matched", "t": "", "m": "But the beauty of football is that it is always full of unknowns, so let's wait and see who will die in this game!"}, {"id": "4067833", "s1": "0", "s2": "0", "s": "Not matched", "t": "", "m": "In this round, Bayern is significantly stronger than Stuttgart in terms of both desire to fight and comprehensive strength, and the home game is definitely more motivated."}, {"id": "4067782", "s1": "0", "s2": "0", "s": "Not matched", "t": "", "m": "Hello everyone, I'm Wenwen. The live broadcast of the game is brought by me for everyone!"}]