[{"id": "106", "s1": "2", "s2": "1", "s": "", "t": " ", "m": "The match is over, Hoffenheim 2-1 Hertha Berlin, thank you for watching The Sina Football Live."}, {"id": "105", "s1": "2", "s2": "1", "s": "", "t": "90'+1'", "m": "End of the second half, Hoffenheim 2-1 Hertha Berlin"}, {"id": "104", "s1": "2", "s2": "1", "s": "", "t": "87'", "m": "Hoffenheim made a substitution, nadiem Amiri replaced Firmino"}, {"id": "103", "s1": "2", "s2": "1", "s": "", "t": "86'", "m": "Yunusi won a free kick for Hoffenheim at the opposing half."}, {"id": "102", "s1": "2", "s2": "1", "s": "", "t": "86'", "m": "Hertha Berlin player Hospita scrambled for a foul and the opponent gained possession of the ball."}, {"id": "101", "s1": "2", "s2": "1", "s": "", "t": "85'", "m": "Hertha Berlin was replaced, and Wagner was replaced by Haraguchi"}, {"id": "100", "s1": "2", "s2": "1", "s": "", "t": "84'", "m": "Hoffenheim player Yunusi scrambled for a foul and his opponent was given possession."}, {"id": "99", "s1": "2", "s2": "1", "s": "", "t": "84'", "m": "Plattenhardt won a free kick for Hertha Berlin on the left."}, {"id": "98", "s1": "2", "s2": "1", "s": "", "t": "82'", "m": "Hoffenheim made a substitution, and Yunusi replaced Modeste"}, {"id": "97", "s1": "2", "s2": "1", "s": "", "t": "81'", "m": "Hoffenheim player Firmino scrambled for a foul and his opponent gained possession of the ball."}, {"id": "96", "s1": "2", "s2": "1", "s": "", "t": "81'", "m": "Pecarrick won a free kick for Hertha Berlin on the right."}, {"id": "95", "s1": "2", "s2": "1", "s": "", "t": "80'", "m": "Hertha Berlin player Bouchette was shown a yellow card by the referee."}, {"id": "94", "s1": "2", "s2": "1", "s": "", "t": "80'", "m": "Goal!!! Hoffenheim player Firmino shot with his right foot from the right side of the penalty area, the ball flew from the bottom right corner into the goal, and the ball went in! Hoffenheim 2-1 Hertha Berlin."}, {"id": "93", "s1": "1", "s2": "1", "s": "", "t": "80'", "m": "Shot!!! Hoffenheim player David Abraham's right-footed shot from outside the box was saved by the opposing goalkeeper."}, {"id": "92", "s1": "1", "s2": "1", "s": "", "t": "80'", "m": "Hoffenheim player David Abraham's right-footed shot from outside the penalty area was blocked by a defender."}, {"id": "91", "s1": "1", "s2": "1", "s": "", "t": "79'", "m": "Torian won a free kick for Hoffenheim at the opposing half."}, {"id": "90", "s1": "1", "s2": "1", "s": "", "t": "79'", "m": "Hertha Berlin player Billens scrambled for a foul and the opponent was given possession of the ball."}, {"id": "89", "s1": "1", "s2": "1", "s": "", "t": "79'", "m": "Hoffenheim player Polanski's left-footed shot from the left side of the penalty area was blocked by a defender. It was Firmino who passed the ball to him."}, {"id": "88", "s1": "1", "s2": "1", "s": "", "t": "78'", "m": "Stroble won a free kick for Hoffenheim."}, {"id": "87", "s1": "1", "s2": "1", "s": "", "t": "78'", "m": "Hertha Berlin player Shelby scrambled for a foul and the opponent was given possession of the ball."}, {"id": "86", "s1": "1", "s2": "1", "s": "", "t": "78'", "m": "Hertha Berlin was replaced, and Stecker was replaced"}, {"id": "85", "s1": "1", "s2": "1", "s": "", "t": "75'", "m": "Hoffenheim player Flanders attempted a left-footed shot from outside the penalty area, but unfortunately the ball was high above the top right corner."}, {"id": "84", "s1": "1", "s2": "1", "s": "", "t": "74'", "m": "Schweigler won a free kick for Hoffenheim at the opposing half."}, {"id": "83", "s1": "1", "s2": "1", "s": "", "t": "74'", "m": "Hertha Berlin player Lustenberger scrambled for a foul and the opponent was given possession of the ball."}, {"id": "82", "s1": "1", "s2": "1", "s": "", "t": "73'", "m": "Flanders won a free kick for Hoffenheim on the right."}, {"id": "81", "s1": "1", "s2": "1", "s": "", "t": "73'", "m": "Hertha Berlin player Plattenhardt scrambled for a foul and the opponent was given possession of the ball."}, {"id": "80", "s1": "1", "s2": "1", "s": "", "t": "72'", "m": "Goal!!! Hertha Berlin player Billens fired a right-footed shot from the centre of the penalty area, the ball flew from the middle of the box and the ball went in! Hoffenheim 1-1 Hertha Berlin."}, {"id": "79", "s1": "1", "s2": "0", "s": "", "t": "68'", "m": "Hoffenheim player Polanski attempted a left-footed shot from outside the penalty area, but unfortunately the ball deflected off goal. It was Firmino who passed the ball to him."}, {"id": "78", "s1": "1", "s2": "0", "s": "", "t": "68'", "m": "Hoffenheim player Rudy's left-footed shot from outside the penalty area was blocked by a defender. It was Baker who gave him the pass."}, {"id": "77", "s1": "1", "s2": "0", "s": "", "t": "65'", "m": "Hertha Berlin player Pecarrick shoved the ball straight into Billens, but the referee raised a flag to show the latter was offside."}, {"id": "76", "s1": "1", "s2": "0", "s": "", "t": "65'", "m": "Shot!!! Hoffenheim player Polanski's left-footed shot from outside the penalty area was saved by the opposing goalkeeper. It was Flanders who gave him the pass."}, {"id": "75", "s1": "1", "s2": "0", "s": "", "t": "64'", "m": "Stroble won a free kick for Hoffenheim."}, {"id": "74", "s1": "1", "s2": "0", "s": "", "t": "64'", "m": "Hertha Berlin players scrambled fouls and their opponents were given possession."}, {"id": "73", "s1": "1", "s2": "0", "s": "", "t": "64'", "m": "Hertha Berlin made a substitution and Billens replaced Kallo"}, {"id": "72", "s1": "1", "s2": "0", "s": "", "t": "63'", "m": "Rudy won a free kick for Hoffenheim at the opposing half."}, {"id": "71", "s1": "1", "s2": "0", "s": "", "t": "63'", "m": "Hertha Berlin player Shelby scrambled for a foul and the opponent was given possession of the ball."}, {"id": "70", "s1": "1", "s2": "0", "s": "", "t": "60'", "m": "Hoffenheim player Torlian tried his right-footed shot from outside the penalty area, but unfortunately the ball was slightly offside the left goal."}, {"id": "69", "s1": "1", "s2": "0", "s": "", "t": "59'", "m": "Stroble won a free kick for Hoffenheim."}, {"id": "68", "s1": "1", "s2": "0", "s": "", "t": "59'", "m": "Hertha Berlin player Kalue scrambled for a foul and the opponent was given possession of the ball."}, {"id": "67", "s1": "1", "s2": "0", "s": "", "t": "58'", "m": "Firmino won a free kick for Hoffenheim on the right."}, {"id": "66", "s1": "1", "s2": "0", "s": "", "t": "58'", "m": "Hertha Berlin player Plattenhardt scrambled for a foul and the opponent was given possession of the ball."}, {"id": "65", "s1": "1", "s2": "0", "s": "", "t": "58'", "m": "Hoffenheim player Flanders scrambled for a foul and his opponent was given possession of the ball."}, {"id": "64", "s1": "1", "s2": "0", "s": "", "t": "58'", "m": "Stecker won a free kick for Hertha Berlin."}, {"id": "63", "s1": "1", "s2": "0", "s": "", "t": "57'", "m": "Hoffenheim player David Abraham's right-footed shot from outside the penalty area was blocked by a defender."}, {"id": "62", "s1": "1", "s2": "0", "s": "", "t": "57'", "m": "Modeste won a free kick for Hoffenheim at the opposing half."}, {"id": "61", "s1": "1", "s2": "0", "s": "", "t": "57'", "m": "Hertha Berlin player Ronkamp scrambled for a foul and the opponent was given possession of the ball."}, {"id": "60", "s1": "1", "s2": "0", "s": "", "t": "55'", "m": "Hoffenheim player Rudy scrambled for a foul and his opponent was given possession of the ball."}, {"id": "59", "s1": "1", "s2": "0", "s": "", "t": "55'", "m": "Stecker won a free kick for Hertha Berlin."}, {"id": "58", "s1": "1", "s2": "0", "s": "", "t": "55'", "m": "Flanders won a free kick for Hoffenheim at the opposing half."}, {"id": "57", "s1": "1", "s2": "0", "s": "", "t": "55'", "m": "Hertha Berlin player Pecarrick scrambled for a foul and the opponent was given possession of the ball."}, {"id": "56", "s1": "1", "s2": "0", "s": "", "t": "55'", "m": "Schweigler won a free kick for Hoffenheim."}, {"id": "55", "s1": "1", "s2": "0", "s": "", "t": "55'", "m": "Hertha Berlin player Stecker scrambled for a foul and the opponent was given possession of the ball."}, {"id": "54", "s1": "1", "s2": "0", "s": "", "t": "52'", "m": "Hoffenheim player Modeste's left-footed shot from the left side of the penalty area was blocked by a defender. It was Torian who gave him the pass."}, {"id": "53", "s1": "1", "s2": "0", "s": "", "t": "51'", "m": "Hoffenheim player Schweigler sent the ball straight to Modeste, but the referee raised a flag to show that the latter was offside."}, {"id": "52", "s1": "1", "s2": "0", "s": "", "t": "51'", "m": "Hoffenheim player Schweigler's left-footed shot from outside the penalty area was blocked by a defender."}, {"id": "51", "s1": "1", "s2": "0", "s": "", "t": "50'", "m": "Hertha Berlin players shoved the ball straight into Kaloo, but the referee raised a flag to show that the latter was offside."}, {"id": "50", "s1": "1", "s2": "0", "s": "", "t": "47'", "m": "Shot!!! Hoffenheim player Flanders fired a left-footed shot from a wide distance on the right that was saved by the opposing goalkeeper. It was Firmino who passed the ball to him."}, {"id": "49", "s1": "1", "s2": "0", "s": "", "t": " ", "m": "The second half began, Hoffenheim 1-0 Hertha Berlin"}, {"id": "48", "s1": "1", "s2": "0", "s": "", "t": "45'+1'", "m": "At the end of the first half, Hoffenheim 1-0 Hertha Berlin, with a short break, we will take a look at the performance of the two teams in the second half."}, {"id": "47", "s1": "1", "s2": "0", "s": "", "t": "44'", "m": "Yellow! Hertha Berlin player Stecker was shown a yellow card by the referee for a malicious foul."}, {"id": "46", "s1": "1", "s2": "0", "s": "", "t": "44'", "m": "Rudy won a free kick for Hoffenheim."}, {"id": "45", "s1": "1", "s2": "0", "s": "", "t": "44'", "m": "Hertha Berlin player Stecker scrambled for a foul and the opponent was given possession of the ball."}, {"id": "44", "s1": "1", "s2": "0", "s": "", "t": "43'", "m": "Hoffenheim player Schweigler scrambled for a foul and the opponent was given possession of the ball."}, {"id": "43", "s1": "1", "s2": "0", "s": "", "t": "43'", "m": "Stecker won a free kick for Hertha Berlin."}, {"id": "42", "s1": "1", "s2": "0", "s": "", "t": "42'", "m": "Stroble won a free kick for Hoffenheim."}, {"id": "41", "s1": "1", "s2": "0", "s": "", "t": "42'", "m": "Hertha Berlin player Stecker makes a dangerous move where the opponent gains possession."}, {"id": "40", "s1": "1", "s2": "0", "s": "", "t": "40'", "m": "Hoffenheim player Polanski tried his left-footed shot from the left side of the penalty area, but unfortunately the ball was slightly above goal. It was Torian who gave him the pass."}, {"id": "39", "s1": "1", "s2": "0", "s": "", "t": "38'", "m": "Hertha Berlin player Pecarik threw the ball straight into Kallo, but the referee raised a flag to show the latter was offside."}, {"id": "38", "s1": "1", "s2": "0", "s": "", "t": "35'", "m": "Rudy won a free kick for Hoffenheim at the opposing half."}, {"id": "37", "s1": "1", "s2": "0", "s": "", "t": "35'", "m": "Hertha Berlin player Shelby scrambled for a foul and the opponent was given possession of the ball."}, {"id": "36", "s1": "1", "s2": "0", "s": "", "t": "33'", "m": "Hoffenheim player Baker scrambled for a foul and the opponent was given possession of the ball."}, {"id": "35", "s1": "1", "s2": "0", "s": "", "t": "33'", "m": "Platenhardt won a free kick for Hertha Berlin."}, {"id": "34", "s1": "1", "s2": "0", "s": "", "t": "32'", "m": "Hertha Berlin players tried their header on the right side of the penalty area, but unfortunately the ball went high above goal. It was Pecarik who gave him the ball."}, {"id": "33", "s1": "1", "s2": "0", "s": "", "t": "29'", "m": "Yellow! Hoffenheim player Rudy was shown a yellow card by the referee for a malicious foul."}, {"id": "32", "s1": "1", "s2": "0", "s": "", "t": "29'", "m": "Hoffenheim player Rudy scrambled for a foul and his opponent was given possession of the ball."}, {"id": "31", "s1": "1", "s2": "0", "s": "", "t": "29'", "m": "Stecker won a free kick for Hertha Berlin."}, {"id": "30", "s1": "1", "s2": "0", "s": "", "t": "24'", "m": "Stroble handled the ball out of the bottom line and Hertha Berlin won the corner."}, {"id": "29", "s1": "1", "s2": "0", "s": "", "t": "23'", "m": "Hoffenheim player Flanders scrambled for a foul and his opponent was given possession of the ball."}, {"id": "28", "s1": "1", "s2": "0", "s": "", "t": "23'", "m": "The Camp Long won a free kick for Hertha Berlin."}, {"id": "27", "s1": "1", "s2": "0", "s": "", "t": "22'", "m": "Polanski won a free kick for Hoffenheim."}, {"id": "26", "s1": "1", "s2": "0", "s": "", "t": "22'", "m": "Hertha Berlin player Kalue scrambled for a foul and the opponent was given possession of the ball."}, {"id": "25", "s1": "1", "s2": "0", "s": "", "t": "21'", "m": "Hoffenheim player Firmino scrambled for a foul and his opponent gained possession of the ball."}, {"id": "24", "s1": "1", "s2": "0", "s": "", "t": "21'", "m": "Haraguchi Genki won a free kick for Hertha Berlin on the right."}, {"id": "23", "s1": "1", "s2": "0", "s": "", "t": "20'", "m": "Hoffenheim player Flanders' left-footed shot from the right side of the penalty area was blocked by a defender. It was Polanski who gave him the ball."}, {"id": "22", "s1": "1", "s2": "0", "s": "", "t": "20'", "m": "Hoffenheim player Schweigler threw the ball straight into Flanders, but the referee raised a flag to show that the latter was offside."}, {"id": "21", "s1": "1", "s2": "0", "s": "", "t": "19'", "m": "Rudy won a free kick for Hoffenheim on the right."}, {"id": "20", "s1": "1", "s2": "0", "s": "", "t": "19'", "m": "Hertha Berlin player Shelby scrambled for a foul and the opponent was given possession of the ball."}, {"id": "19", "s1": "1", "s2": "0", "s": "", "t": "18'", "m": "Hoffenheim player Flanders scrambled for a foul and his opponent was given possession of the ball."}, {"id": "18", "s1": "1", "s2": "0", "s": "", "t": "18'", "m": "Pecarik won a free kick for Hertha Berlin."}, {"id": "17", "s1": "1", "s2": "0", "s": "", "t": "14'", "m": "Hoffenheim player Torlian scrambled for a foul and his opponent was given possession of the ball."}, {"id": "16", "s1": "1", "s2": "0", "s": "", "t": "14'", "m": "Pecarrick won a free kick for Hertha Berlin on the right."}, {"id": "15", "s1": "1", "s2": "0", "s": "", "t": "13'", "m": "Hertha Berlin player Kallo attempted a header in the centre of the penalty area, but unfortunately the ball went just over the goal. It was Pecarik who gave him the ball."}, {"id": "14", "s1": "1", "s2": "0", "s": "", "t": "12'", "m": "Hoffenheim player Torlian scrambled for a foul and his opponent was given possession of the ball."}, {"id": "13", "s1": "1", "s2": "0", "s": "", "t": "12'", "m": "Haraguchi Genki won a free kick for Hertha Berlin in the opposing half."}, {"id": "12", "s1": "1", "s2": "0", "s": "", "t": "11'", "m": "Flanders won a free kick for Hoffenheim on the left."}, {"id": "11", "s1": "1", "s2": "0", "s": "", "t": "11'", "m": "Hertha Berlin player Ronkamp scrambled for a foul and the opponent was given possession of the ball."}, {"id": "10", "s1": "1", "s2": "0", "s": "", "t": "8'", "m": "Goal!!! Hoffenheim player Modeste shot from the centre of the penalty area and the ball flew into the goal from the bottom left corner and the ball went in! Assisted by Firmino. Hoffenheim 1-0 Hertha Berlin."}, {"id": "9", "s1": "0", "s2": "0", "s": "", "t": "7'", "m": "Baker handled the ball off the line and Hertha Berlin won the corner."}, {"id": "8", "s1": "0", "s2": "0", "s": "", "t": "5'", "m": "Hoffenheim player Modeste scrambled for a foul and his opponent was given possession of the ball."}, {"id": "7", "s1": "0", "s2": "0", "s": "", "t": "5'", "m": "Platenhardt won a free kick for Hertha Berlin."}, {"id": "6", "s1": "0", "s2": "0", "s": "", "t": "5'", "m": "The Round camp handled the ball out of the line and Hoffenheim won the corner."}, {"id": "5", "s1": "0", "s2": "0", "s": "", "t": "3'", "m": "Hertha Berlin player Plattenhardt attempted a left-footed shot from outside the penalty area, but unfortunately the ball was slightly offside the right goal."}, {"id": "4", "s1": "0", "s2": "0", "s": "", "t": "1'", "m": "Yellow! Hoffenheim player Stroble was shown a yellow card by the referee for a malicious foul."}, {"id": "3", "s1": "0", "s2": "0", "s": "", "t": "1'", "m": "Stecker won a free kick for Hertha Berlin at the opposing half."}, {"id": "2", "s1": "0", "s2": "0", "s": "", "t": "1'", "m": "Hoffenheim player Stroble scrambled for a foul and the opponent gained possession of the ball."}, {"id": "1", "s1": "0", "s2": "0", "s": "", "t": " ", "m": "With a whistle from the referee, the first half of the game began."}]