[{"id": "128", "s1": "0", "s2": "1", "s": "", "t": "", "m": "The match ended with Borussia Dortmund 0-1 Hamburg, thank you for watching Sina Football Live."}, {"id": "127", "s1": "0", "s2": "1", "s": "", "t": "90'+6'", "m": "At the end of the second half, Borussia Dortmund 0-1 Hamburg"}, {"id": "126", "s1": "0", "s2": "1", "s": "", "t": "90'+6'", "m": "Shot!!! Hamburg player Iraček's left-footed shot was saved by the opposing goalkeeper."}, {"id": "125", "s1": "0", "s2": "1", "s": "", "t": "90'+5'", "m": "Borussia Dortmund player Papastathopoulos scrambled for a foul and the opponent was given possession of the ball."}, {"id": "124", "s1": "0", "s2": "1", "s": "", "t": "90'+5'", "m": "Holtby won a free kick for Hamburg."}, {"id": "123", "s1": "0", "s2": "1", "s": "", "t": "90'+3'", "m": "Shot!!! Dortmund player Adrian Ramos' right-footed shot from outside the penalty area was saved by the opposing goalkeeper. It was Schmeltze who gave him the ball."}, {"id": "122", "s1": "0", "s2": "1", "s": "", "t": "90'+1'", "m": "Borussia Dortmund player Shinji Kagawa shoved the ball straight into Papastathopoulos, but the referee raised a flag to show the latter had been offside."}, {"id": "121", "s1": "0", "s2": "1", "s": "", "t": "90'", "m": "Westman handled the ball out of the bottom line and Borussia Dortmund won a corner kick."}, {"id": "120", "s1": "0", "s2": "1", "s": "", "t": "87'", "m": "Hamburg made a substitution, and Rudnevs replaced Nikola Müller"}, {"id": "119", "s1": "0", "s2": "1", "s": "", "t": "87'", "m": "Borussia Dortmund player Pierre-Emerick Aubameyang tried a right-footed shot from the right side of the penalty area, but unfortunately the ball went high above goal. It was Hummels who gave him the pass."}, {"id": "118", "s1": "0", "s2": "1", "s": "", "t": "86'", "m": "Immobile won a free kick for Borussia Dortmund on the left."}, {"id": "117", "s1": "0", "s2": "1", "s": "", "t": "86'", "m": "Hamburg player Aslan scrambled for a foul and the opponent was given possession."}, {"id": "116", "s1": "0", "s2": "1", "s": "", "t": "85'", "m": "Borussia Dortmund player Schmelzer's left-footed shot from the left side of the penalty area was blocked by a defender."}, {"id": "115", "s1": "0", "s2": "1", "s": "", "t": "85'", "m": "Borussia Dortmund player Aubameyang's right-footed shot from the centre of the penalty area was blocked by a defender. It was Piszczek who gave him the ball."}, {"id": "114", "s1": "0", "s2": "1", "s": "", "t": "84'", "m": "Borussia Dortmund player Adrian Ramos tucked the ball straight into Immobile, but the referee raised a flag to show the latter was offside."}, {"id": "113", "s1": "0", "s2": "1", "s": "", "t": "83'", "m": "Hamburg made a substitution, and Iracek replaced Rasoga"}, {"id": "112", "s1": "0", "s2": "1", "s": "", "t": "82'", "m": "Hamburg player Holtby tried his left-footed shot from a tight angle away from goal, but unfortunately the ball was slightly off the right goal. The one who passed the ball to him was La Soga."}, {"id": "111", "s1": "0", "s2": "1", "s": "", "t": "80'", "m": "Drobini handled the ball out of the bottom line and Borussia Dortmund won a corner."}, {"id": "110", "s1": "0", "s2": "1", "s": "", "t": "80'", "m": "Janssen handled the ball out of the bottom line and Borussia Dortmund won a corner kick."}, {"id": "109", "s1": "0", "s2": "1", "s": "", "t": "79'", "m": "The Dortmund player attempted a right-footed shot from the centre of the penalty area in Mobile, but unfortunately the ball was slightly offside the right goal. The pass to him was Adrian Ramos."}, {"id": "108", "s1": "0", "s2": "1", "s": "", "t": "78'", "m": "Dortmund made a substitution, with Mobile replacing Gros Kreuz"}, {"id": "107", "s1": "0", "s2": "1", "s": "", "t": "78'", "m": "Dortmund player Schmeltze's left-footed shot from the centre of the penalty area was blocked by a defender."}, {"id": "106", "s1": "0", "s2": "1", "s": "", "t": "78'", "m": "Borussia Dortmund's Schmelzer left-footed shot from outside the penalty area was blocked by a defender."}, {"id": "105", "s1": "0", "s2": "1", "s": "", "t": "77'", "m": "Drobini handled the ball out of the bottom line and Borussia Dortmund won a corner."}, {"id": "104", "s1": "0", "s2": "1", "s": "", "t": "77'", "m": "Shot!!! Borussia Dortmund player Aubameyang's left-footed shot from the left side of the penalty area was saved by the opposing goalkeeper. It was Hummels who gave him the pass."}, {"id": "103", "s1": "0", "s2": "1", "s": "", "t": "77'", "m": "Schmelzer won a free kick for Borussia Dortmund."}, {"id": "102", "s1": "0", "s2": "1", "s": "", "t": "77'", "m": "Hamburg player Holt competes for a foul and the opponent gets possession of the ball."}, {"id": "101", "s1": "0", "s2": "1", "s": "", "t": "76'", "m": "Papastathopoulos handled the ball out of the bottom line and Hamburg won a corner."}, {"id": "100", "s1": "0", "s2": "1", "s": "", "t": "76'", "m": "Hamburg player Janssen's left-footed shot from the centre of the penalty area was blocked by a defender."}, {"id": "99", "s1": "0", "s2": "1", "s": "", "t": "76'", "m": "Hummels handled the ball out of the bottom line and Hamburg won the corner."}, {"id": "98", "s1": "0", "s2": "1", "s": "", "t": "75'", "m": "Borussia Dortmund's Schmelzer left-footed shot from outside the penalty area was blocked by a defender."}, {"id": "97", "s1": "0", "s2": "1", "s": "", "t": "75'", "m": "Schmelzer won a free kick for Borussia Dortmund on the left."}, {"id": "96", "s1": "0", "s2": "1", "s": "", "t": "75'", "m": "Hamburg player Ostjolek scrambled for a foul and the opponent was given possession of the ball."}, {"id": "95", "s1": "0", "s2": "1", "s": "", "t": "74'", "m": "Shinji Kagawa won a free kick for Borussia Dortmund in the opposing half."}, {"id": "94", "s1": "0", "s2": "1", "s": "", "t": "74'", "m": "Hamburg player Behrami scrambled for a foul and the opponent was given possession of the ball."}, {"id": "93", "s1": "0", "s2": "1", "s": "", "t": "73'", "m": "Borussia Dortmund's Jokic attempted a right-footed shot from outside the penalty area, but unfortunately the ball was slightly offside the left goal. It was Shinji Kagawa who gave him the ball."}, {"id": "92", "s1": "0", "s2": "1", "s": "", "t": "73'", "m": "Borussia Dortmund player Aubameyang tried his right-footed shot from the centre of the penalty area, but unfortunately the ball was slightly offside the left goal. It was Shinji Kagawa who gave him the ball."}, {"id": "91", "s1": "0", "s2": "1", "s": "", "t": "72'", "m": "Shot!!! Dortmund player Adrian Ramos' header from the centre of the penalty area was saved by the opposing goalkeeper. It was Schmeltze who gave him the ball."}, {"id": "90", "s1": "0", "s2": "1", "s": "", "t": "71'", "m": "Adrian Ramos won a free kick for Borussia Dortmund on the left."}, {"id": "89", "s1": "0", "s2": "1", "s": "", "t": "71'", "m": "Hamburg player Ostjolek scrambled for a foul and the opponent was given possession of the ball."}, {"id": "88", "s1": "0", "s2": "1", "s": "", "t": "71'", "m": "Papastathopoulos won a free kick for Borussia Dortmund."}, {"id": "87", "s1": "0", "s2": "1", "s": "", "t": "71'", "m": "Hamburg player Lasoga scrambled for a foul and the opponent was given possession of the ball."}, {"id": "86", "s1": "0", "s2": "1", "s": "", "t": "68'", "m": "Schmelzer won a free kick for Borussia Dortmund at half."}, {"id": "85", "s1": "0", "s2": "1", "s": "", "t": "68'", "m": "Hamburg player Nikola Müller scrambled for a foul and his opponent was given possession."}, {"id": "84", "s1": "0", "s2": "1", "s": "", "t": "68'", "m": "Dortmund made a substitution, and Piszczek replaced Durm"}, {"id": "83", "s1": "0", "s2": "1", "s": "", "t": "68'", "m": "Dortmund player Hummels attempted a header on the right side of the penalty area, but unfortunately the ball was slightly offside the right goal. It was Shinji Kagawa who gave him the ball."}, {"id": "82", "s1": "0", "s2": "1", "s": "", "t": "67'", "m": "Lasoga handled the ball out of the bottom line and Borussia Dortmund won the corner."}, {"id": "81", "s1": "0", "s2": "1", "s": "", "t": "67'", "m": "Yellow! Hamburg player Ostjolek was shown a yellow card by the referee for a malicious foul."}, {"id": "80", "s1": "0", "s2": "1", "s": "", "t": "66'", "m": "Schmelzer won a free kick for Borussia Dortmund at half."}, {"id": "79", "s1": "0", "s2": "1", "s": "", "t": "66'", "m": "Hamburg player Ostjolek scrambled for a foul and the opponent was given possession of the ball."}, {"id": "78", "s1": "0", "s2": "1", "s": "", "t": "66'", "m": "Hamburg made substitutions, Stiebel went on, DickMyer went off with an injury."}, {"id": "77", "s1": "0", "s2": "1", "s": "", "t": "65'", "m": "Hamburg player Rasso enlarged the left side of the penalty area to try a left-footed shot, but unfortunately the ball was slightly off the left goal. The one who gave him the pass was Holtby."}, {"id": "76", "s1": "0", "s2": "1", "s": "", "t": "65'", "m": "Shinji Kagawa won a free kick for Borussia Dortmund."}, {"id": "75", "s1": "0", "s2": "1", "s": "", "t": "65'", "m": "Hamburg player Behrami scrambled for a foul and the opponent was given possession of the ball."}, {"id": "74", "s1": "0", "s2": "1", "s": "", "t": "64'", "m": "Hamburg player Holtby shoved the ball straight into Lasoga, but the referee raised a flag to show that the latter was offside."}, {"id": "73", "s1": "0", "s2": "1", "s": "", "t": "63'", "m": "Borussia Dortmund player Jokic scrambled for a foul and the opponent gained possession of the ball."}, {"id": "72", "s1": "0", "s2": "1", "s": "", "t": "63'", "m": "Aslan won a free kick for Hamburg."}, {"id": "71", "s1": "0", "s2": "1", "s": "", "t": "63'", "m": "Durm won a free kick for Borussia Dortmund."}, {"id": "70", "s1": "0", "s2": "1", "s": "", "t": "63'", "m": "Hamburg player Behrami scrambled for a foul and the opponent was given possession of the ball."}, {"id": "69", "s1": "0", "s2": "1", "s": "", "t": "63'", "m": "Shot!!! Hamburg player Westermann's header from the centre of the penalty area was saved by the opposing goalkeeper. The one who gave him the pass was Holtby."}, {"id": "68", "s1": "0", "s2": "1", "s": "", "t": "63'", "m": "The suspension ended and the players resumed playing."}, {"id": "67", "s1": "0", "s2": "1", "s": "", "t": "62'", "m": "Hamburg Dick Meier fell to the ground injured and the game was suspended"}, {"id": "66", "s1": "0", "s2": "1", "s": "", "t": "62'", "m": "Yellow! Dortmund player Jokic was shown a yellow card by the referee for a malicious foul."}, {"id": "65", "s1": "0", "s2": "1", "s": "", "t": "62'", "m": "Borussia Dortmund player Jokic scrambled for a foul and the opponent gained possession of the ball."}, {"id": "64", "s1": "0", "s2": "1", "s": "", "t": "62'", "m": "DickMyer won a free kick for Hamburg on the right."}, {"id": "63", "s1": "0", "s2": "1", "s": "", "t": "61'", "m": "Hamburg player Drobney was shown a yellow card by the referee."}, {"id": "62", "s1": "0", "s2": "1", "s": "", "t": "60'", "m": "Jokic won a free kick for Borussia Dortmund at the opposing half."}, {"id": "61", "s1": "0", "s2": "1", "s": "", "t": "60'", "m": "Hamburg player Aslan scrambled for a foul and the opponent was given possession."}, {"id": "60", "s1": "0", "s2": "1", "s": "", "t": "57'", "m": "Juru handled the ball out of the bottom line and Borussia Dortmund won the corner."}, {"id": "59", "s1": "0", "s2": "1", "s": "", "t": "55'", "m": "Hamburg player Nikola Müller tucked the ball straight into Lasoga, but the referee raised a flag to show that the latter was offside."}, {"id": "58", "s1": "0", "s2": "1", "s": "", "t": "51'", "m": "Hamburg player Nikola Müller was shown a yellow card by the referee."}, {"id": "57", "s1": "0", "s2": "1", "s": "", "t": "49'", "m": "Borussia Dortmund player Jokic's right-footed shot from outside the penalty area was blocked by a defender."}, {"id": "56", "s1": "0", "s2": "1", "s": "", "t": "48'", "m": "Westman handled the ball out of the bottom line and Borussia Dortmund won a corner kick."}, {"id": "55", "s1": "0", "s2": "1", "s": "", "t": "48'", "m": "The suspension ended and the players resumed playing."}, {"id": "54", "s1": "0", "s2": "1", "s": "", "t": "47'", "m": "Hamburg Juru fell to the ground injured and the game was suspended"}, {"id": "53", "s1": "0", "s2": "1", "s": "", "t": "", "m": "The second half began with Borussia Dortmund 0-1 Hamburg"}, {"id": "52", "s1": "0", "s2": "1", "s": "", "t": "45'", "m": "Dortmund made a substitution, jokic replaced Bender"}, {"id": "51", "s1": "0", "s2": "1", "s": "", "t": "45'+1'", "m": "At the end of the first half, Borussia Dortmund 0-1 Hamburg, with a short break, we will take a look at the performance of the two teams in the second half."}, {"id": "50", "s1": "0", "s2": "1", "s": "", "t": "45'", "m": "Aubameyang handled the ball out of the box and Hamburg won the corner."}, {"id": "49", "s1": "0", "s2": "1", "s": "", "t": "45'", "m": "Shot!!! Hamburg player Nikola Müller's left-footed shot from a tight angle on the left side of the goal was saved by the opposing goalkeeper. The one who gave him the pass was Holtby."}, {"id": "48", "s1": "0", "s2": "1", "s": "", "t": "44'", "m": "Hummels won a free kick for Borussia Dortmund in the opposing half."}, {"id": "47", "s1": "0", "s2": "1", "s": "", "t": "44'", "m": "Hamburg player Nikola Müller scrambled for a foul and his opponent was given possession."}, {"id": "46", "s1": "0", "s2": "1", "s": "", "t": "42'", "m": "The suspension ended and the players resumed playing."}, {"id": "45", "s1": "0", "s2": "1", "s": "", "t": "42'", "m": "Hamburg Janssen fell to the ground injured and the game was suspended"}, {"id": "44", "s1": "0", "s2": "1", "s": "", "t": "41'", "m": "Dortmund player Kyle scrambled for a foul and the opponent was given possession."}, {"id": "43", "s1": "0", "s2": "1", "s": "", "t": "41'", "m": "Janssen won a free kick for Hamburg in the opposing half."}, {"id": "42", "s1": "0", "s2": "1", "s": "", "t": "40'", "m": "Hamburg player Aslan shoved the ball straight into Lasoga, but the referee raised a flag to show that the latter was offside."}, {"id": "41", "s1": "0", "s2": "1", "s": "", "t": "39'", "m": "Borussia Dortmund player Gros Kreuz threw the ball straight into Adrian Ramos, but the referee raised a flag to show that the latter was offside."}, {"id": "40", "s1": "0", "s2": "1", "s": "", "t": "35'", "m": "Goal!!! Hamburg player Rasso increased his right-footed shot from the centre of the penalty area, the ball flew from the bottom right corner into the goal, and the ball went in! The assist was assisted by Nicolas Muller. Dortmund 0-1 Hamburg."}, {"id": "39", "s1": "0", "s2": "0", "s": "", "t": "28'", "m": "Borussia Dortmund player Adrian Ramos made a dangerous move where the opponent gained possession of the ball."}, {"id": "38", "s1": "0", "s2": "0", "s": "", "t": "28'", "m": "Westman won a free kick for Hamburg."}, {"id": "37", "s1": "0", "s2": "0", "s": "", "t": "23'", "m": "Borussia Dortmund player Gros Kreuz attempted a right-footed shot from outside the penalty area, but unfortunately the ball deflected off goal. The one who gave him the ball was Papastathopoulos."}, {"id": "36", "s1": "0", "s2": "0", "s": "", "t": "22'", "m": "Weidenfeller handled the ball out of the bottom line and Hamburg won a corner kick."}, {"id": "35", "s1": "0", "s2": "0", "s": "", "t": "22'", "m": "Shot!!! Hamburg player Janssen's left-footed shot from a tight angle on the left side of the goal was saved by the opposing goalkeeper."}, {"id": "34", "s1": "0", "s2": "0", "s": "", "t": "21'", "m": "Dortmund player Kyle scrambled for a foul and the opponent was given possession."}, {"id": "33", "s1": "0", "s2": "0", "s": "", "t": "21'", "m": "Juru won a free kick for Hamburg."}, {"id": "32", "s1": "0", "s2": "0", "s": "", "t": "21'", "m": "Schmelzer won a free kick for Borussia Dortmund on the left."}, {"id": "31", "s1": "0", "s2": "0", "s": "", "t": "21'", "m": "Hamburg player Nikola Müller scrambled for a foul and his opponent was given possession."}, {"id": "30", "s1": "0", "s2": "0", "s": "", "t": "20'", "m": "Hamburg player Lasoga tucked the ball straight into Janssen, but the referee raised a flag to show that the latter was offside."}, {"id": "29", "s1": "0", "s2": "0", "s": "", "t": "20'", "m": "Yellow! Borussia Dortmund player Papastathopoulos was shown a yellow card by the referee for a malicious foul."}, {"id": "28", "s1": "0", "s2": "0", "s": "", "t": "20'", "m": "Borussia Dortmund player Papastathopoulos scrambled for a foul and the opponent was given possession of the ball."}, {"id": "27", "s1": "0", "s2": "0", "s": "", "t": "20'", "m": "Janssen won a free kick for Hamburg."}, {"id": "26", "s1": "0", "s2": "0", "s": "", "t": "15'", "m": "Yellow! Hamburg player Holtby was shown a yellow card by the referee for a malicious foul."}, {"id": "25", "s1": "0", "s2": "0", "s": "", "t": "15'", "m": "Schmelzer won a free kick for Borussia Dortmund."}, {"id": "24", "s1": "0", "s2": "0", "s": "", "t": "15'", "m": "Hamburg player Holt competes for a foul and the opponent gets possession of the ball."}, {"id": "23", "s1": "0", "s2": "0", "s": "", "t": "14'", "m": "Papastathopoulos won a free kick for Borussia Dortmund."}, {"id": "22", "s1": "0", "s2": "0", "s": "", "t": "14'", "m": "Hamburg player Lasoga scrambled for a foul and the opponent was given possession of the ball."}, {"id": "21", "s1": "0", "s2": "0", "s": "", "t": "13'", "m": "Borussia Dortmund player Gros Kreuz threw the ball straight into Adrian Ramos, but the referee raised a flag to show that the latter was offside."}, {"id": "20", "s1": "0", "s2": "0", "s": "", "t": "12'", "m": "Hamburg player Nikola Müller tried a right-footed shot from a tight angle on the right side of the goal, but unfortunately the ball was higher than the goal. It was Westman who gave him the pass."}, {"id": "19", "s1": "0", "s2": "0", "s": "", "t": "11'", "m": "Dortmund player Durm scrambled for a foul and the opponent was given possession of the ball."}, {"id": "18", "s1": "0", "s2": "0", "s": "", "t": "11'", "m": "Osterjolek won a free kick for Hamburg at the opposing half."}, {"id": "17", "s1": "0", "s2": "0", "s": "", "t": "10'", "m": "Westman handled the ball out of the bottom line and Borussia Dortmund won a corner kick."}, {"id": "16", "s1": "0", "s2": "0", "s": "", "t": "9'", "m": "Borussia Dortmund player Schmelzer scrambled for a foul and his opponent gained possession of the ball."}, {"id": "15", "s1": "0", "s2": "0", "s": "", "t": "9'", "m": "DickMyer won a free kick for Hamburg."}, {"id": "14", "s1": "0", "s2": "0", "s": "", "t": "8'", "m": "Dortmund player Schmeltze attempted a left-footed shot from outside the penalty area, but unfortunately the ball was high above goal."}, {"id": "13", "s1": "0", "s2": "0", "s": "", "t": "7'", "m": "Adrian Ramos won a free kick for Borussia Dortmund at the opposing half."}, {"id": "12", "s1": "0", "s2": "0", "s": "", "t": "7'", "m": "Hamburg player Juru scrambled for a foul and the opponent was given possession of the ball."}, {"id": "11", "s1": "0", "s2": "0", "s": "", "t": "6'", "m": "Papastathopoulos won a free kick for Borussia Dortmund."}, {"id": "10", "s1": "0", "s2": "0", "s": "", "t": "6'", "m": "Hamburg player Janssen scrambled for a foul and his opponent was given possession."}, {"id": "9", "s1": "0", "s2": "0", "s": "", "t": "5'", "m": "Bender won a free kick for Borussia Dortmund."}, {"id": "8", "s1": "0", "s2": "0", "s": "", "t": "5'", "m": "Hamburg player Ostjolek scrambled for a foul and the opponent was given possession of the ball."}, {"id": "7", "s1": "0", "s2": "0", "s": "", "t": "3'", "m": "Borussia Dortmund player Schmelzer's left-footed shot from the left side of the penalty area was blocked by a defender.给他传球的是香川真司."}, {"id": "6", "s1": "0", "s2": "0", "s": "", "t": "3'", "m": "Hamburg player Aslan's left-footed shot from outside the penalty area was blocked by a defender. It was Janssen who gave him the pass."}, {"id": "5", "s1": "0", "s2": "0", "s": "", "t": "2'", "m": "Borussia Dortmund player Papastathopoulos scrambled for a foul and the opponent was given possession of the ball."}, {"id": "4", "s1": "0", "s2": "0", "s": "", "t": "2'", "m": "Janssen won a free kick for Hamburg on the left."}, {"id": "3", "s1": "0", "s2": "0", "s": "", "t": "1'", "m": "Schmelzer won a free kick for Borussia Dortmund."}, {"id": "2", "s1": "0", "s2": "0", "s": "", "t": "1'", "m": "Hamburg player Nikola Müller scrambled for a foul and his opponent was given possession."}, {"id": "1", "s1": "0", "s2": "0", "s": "", "t": "", "m": "With a whistle from the referee, the first half of the game began."}]