[{"id": "110", "s1": "1", "s2": "1", "s": "", "t": "", "m": "The match ended with Bayer Leverkusen 1-1 Bayern Munich, thank you for watching Sina Football Live."}, {"id": "109", "s1": "1", "s2": "1", "s": "", "t": "90'+5'", "m": "At the end of the second half, Bayer Leverkusen 1-1 Bayern Munich"}, {"id": "108", "s1": "1", "s2": "1", "s": "", "t": "90'+4'", "m": "Leverkusen player Son Heung-Min attempted a left-footed shot from the left side of the penalty area, but the ball deflected off the post. It was Rolfez who gave him the pass."}, {"id": "107", "s1": "1", "s2": "1", "s": "", "t": "90'+4'", "m": "Bayern Munich player Schweinsterger's header from the centre of the penalty area was blocked by a defender. It was Ribery who gave him the ball."}, {"id": "106", "s1": "1", "s2": "1", "s": "", "t": "90'+4'", "m": "Cruise handled the ball out of the bottom line and Bayern Munich won a corner kick."}, {"id": "105", "s1": "1", "s2": "1", "s": "", "t": "90'+3'", "m": "Bayern Munich player Ribery's left-footed shot from outside the penalty area was blocked by a defender."}, {"id": "104", "s1": "1", "s2": "1", "s": "", "t": "90'+3'", "m": "Spasic handled the ball out of the line and Bayern Munich won a corner kick."}, {"id": "103", "s1": "1", "s2": "1", "s": "", "t": "90'+3'", "m": "Shot!!! Bayern Munich player Götze's right-footed shot from the right side of the penalty area was saved by the opposing goalkeeper."}, {"id": "102", "s1": "1", "s2": "1", "s": "", "t": "90'+1'", "m": "The suspension ended and the players resumed playing."}, {"id": "101", "s1": "1", "s2": "1", "s": "", "t": "90'", "m": "Bayer Leverkusen Spašić fell to the ground injured and the game was suspended"}, {"id": "100", "s1": "1", "s2": "1", "s": "", "t": "89'", "m": "Shot!!! Bayern Munich player Robben's left-footed shot from outside the penalty area was saved by the opposing goalkeeper. It was Schweinsteiger who passed the ball."}, {"id": "99", "s1": "1", "s2": "1", "s": "", "t": "88'", "m": "Bayer Leverkusen player Leno slammed the ball straight into Jens Hegeller, but the referee raised a flag to show that the latter was offside."}, {"id": "98", "s1": "1", "s2": "1", "s": "", "t": "86'", "m": "Bayern Munich player Robben's left-footed shot from the right side of the penalty area was blocked by a defender. It was Boateng who gave him the pass."}, {"id": "97", "s1": "1", "s2": "1", "s": "", "t": "85'", "m": "Bayern Munich made a substitution, Götze replaced Kroos"}, {"id": "96", "s1": "1", "s2": "1", "s": "", "t": "85'", "m": "Kroos won a free kick for Bayern Munich."}, {"id": "95", "s1": "1", "s2": "1", "s": "", "t": "85'", "m": "Bayer Leverkusen player Renats scrambled for a foul and the opponent was given possession of the ball."}, {"id": "94", "s1": "1", "s2": "1", "s": "", "t": "84'", "m": "Bayern Munich player Kroos attempted a right-footed shot with a direct free-kick, but unfortunately the ball was slightly above goal."}, {"id": "93", "s1": "1", "s2": "1", "s": "", "t": "84'", "m": "Ribery won a free kick for Bayern Munich on the left."}, {"id": "92", "s1": "1", "s2": "1", "s": "", "t": "84'", "m": "Bayer Leverkusen player Cruise scrambled for a foul and the opponent was given possession of the ball."}, {"id": "91", "s1": "1", "s2": "1", "s": "", "t": "83'", "m": "Bayer Leverkusen made a substitution, Jens Hegeller went on, and Kisling went off with an injury."}, {"id": "90", "s1": "1", "s2": "1", "s": "", "t": "82'", "m": "Bayer Leverkusen made a substitution and Cruise replaced Sam"}, {"id": "89", "s1": "1", "s2": "1", "s": "", "t": "81'", "m": "Bayern Munich player Dante made a dangerous move where the opponent gained possession of the ball."}, {"id": "88", "s1": "1", "s2": "1", "s": "", "t": "81'", "m": "Kisling won a free kick for Bayer Leverkusen on the right."}, {"id": "87", "s1": "1", "s2": "1", "s": "", "t": "80'", "m": "Bayern Munich made a substitution, and Mandzukizi replaced Müller"}, {"id": "86", "s1": "1", "s2": "1", "s": "", "t": "80'", "m": "Donati handled the ball out of the line and Bayern Munich won a corner kick."}, {"id": "85", "s1": "1", "s2": "1", "s": "", "t": "79'", "m": "Shot!!! Bayer Leverkusen player Kislin's header from the centre of the penalty area was saved by the opposing goalkeeper. It was Sam who gave him the pass."}, {"id": "84", "s1": "1", "s2": "1", "s": "", "t": "78'", "m": "Bayern Munich player Dante scrambled for a foul and his opponent was given possession of the ball."}, {"id": "83", "s1": "1", "s2": "1", "s": "", "t": "78'", "m": "Kiesling won a free kick for Bayer Leverkusen at the opposing half."}, {"id": "82", "s1": "1", "s2": "1", "s": "", "t": "78'", "m": "Shot!!! Bayern Munich player Robben's left-footed shot from outside the penalty area was saved by the opposing goalkeeper."}, {"id": "81", "s1": "1", "s2": "1", "s": "", "t": "77'", "m": "Schweinsterger won a free kick for Bayern Munich at the opposing half."}, {"id": "80", "s1": "1", "s2": "1", "s": "", "t": "77'", "m": "Bayer Leverkusen player Toplak scrambled for a foul and the opponent was given possession of the ball."}, {"id": "79", "s1": "1", "s2": "1", "s": "", "t": "72'", "m": "Bayern Munich player Robben attempted a left-footed shot from the right side of the penalty area, but unfortunately the ball was slightly offside the right goal. It was Muller who gave him the pass."}, {"id": "78", "s1": "1", "s2": "1", "s": "", "t": "71'", "m": "Bayer Leverkusen player Bernish handball was fouled and the opponent was given the ball."}, {"id": "77", "s1": "1", "s2": "1", "s": "", "t": "71'", "m": "Bayern Munich made a substitution and Robben replaced Shakiri"}, {"id": "76", "s1": "1", "s2": "1", "s": "", "t": "68'", "m": "Bayer Leverkusen made a substitution, with Son Heung-Min replacing Emre Can"}, {"id": "75", "s1": "1", "s2": "1", "s": "", "t": "67'", "m": "Yellow! Bayern Munich player Boateng was shown a yellow card by the referee for a malicious foul."}, {"id": "74", "s1": "1", "s2": "1", "s": "", "t": "66'", "m": "Bernish handled the ball out of the bottom line and Bayern Munich won a corner kick."}, {"id": "73", "s1": "1", "s2": "1", "s": "", "t": "65'", "m": "Bayern Munich player Müller's header from the centre of the penalty area was blocked by a defender. It was Alaba who gave him the ball."}, {"id": "72", "s1": "1", "s2": "1", "s": "", "t": "64'", "m": "Rafinha won a free kick for Bayern Munich on the right."}, {"id": "71", "s1": "1", "s2": "1", "s": "", "t": "64'", "m": "Bayer Leverkusen player Emre Jen scrambled for a foul and the opponent was given possession of the ball."}, {"id": "70", "s1": "1", "s2": "1", "s": "", "t": "63'", "m": "Bayern Munich player Shaqiri tried his left-footed shot in the centre of the penalty area, but unfortunately the ball deflected off goal. It was Ribery who gave him the ball."}, {"id": "69", "s1": "1", "s2": "1", "s": "", "t": "61'", "m": "Bayern Munich player Kroos scrambled for a foul and the opponent was given possession."}, {"id": "68", "s1": "1", "s2": "1", "s": "", "t": "61'", "m": "Sam won a free kick for Bayer Leverkusen."}, {"id": "67", "s1": "1", "s2": "1", "s": "", "t": "60'", "m": "Bayern Munich player Boateng scrambled for a foul and his opponent gained possession of the ball."}, {"id": "66", "s1": "1", "s2": "1", "s": "", "t": "60'", "m": "Rolfez won a free kick for Bayer Leverkusen."}, {"id": "65", "s1": "1", "s2": "1", "s": "", "t": "60'", "m": "Bayern Munich player Müller's header from the centre of the penalty area was blocked by a defender. It was Ram who gave him the pass."}, {"id": "64", "s1": "1", "s2": "1", "s": "", "t": "59'", "m": "Leno handled the ball out of the bottom line and Bayern Munich won a corner kick."}, {"id": "63", "s1": "1", "s2": "1", "s": "", "t": "59'", "m": "Shot!!! Bayern Munich player Ribery's left-footed shot from the centre of the penalty area was saved by the opposing goalkeeper. It was Muller who gave him the pass."}, {"id": "62", "s1": "1", "s2": "1", "s": "", "t": "59'", "m": "Shot!!! Bayern Munich player Ribery's left-footed shot from the left side of the penalty area was saved by the opposing goalkeeper. It was Rafinha who gave him the pass."}, {"id": "61", "s1": "1", "s2": "1", "s": "", "t": "58'", "m": "Bayern Munich player Shaqiri tried a left-footed shot from the right side of the penalty area, but unfortunately the ball was high above goal. It was Ribery who gave him the ball."}, {"id": "60", "s1": "1", "s2": "1", "s": "", "t": "54'", "m": "Bayern Munich player Ribery scrambled for a foul and his opponent was given possession of the ball."}, {"id": "59", "s1": "1", "s2": "1", "s": "", "t": "54'", "m": "Kisling won a free kick for Bayer Leverkusen."}, {"id": "58", "s1": "1", "s2": "1", "s": "", "t": "54'", "m": "Bayern Munich player Ribery's left-footed shot from the centre of the penalty area was blocked by a defender. It was Shaqiri who gave him the pass."}, {"id": "57", "s1": "1", "s2": "1", "s": "", "t": "54'", "m": "Spasic handled the ball out of the line and Bayern Munich won a corner kick."}, {"id": "56", "s1": "1", "s2": "1", "s": "", "t": "53'", "m": "Sam handled the ball out of the bottom line and Bayern Munich won a corner kick."}, {"id": "55", "s1": "1", "s2": "1", "s": "", "t": "52'", "m": "Yellow! Bayer Leverkusen player Bernishch was shown a yellow card by the referee for a malicious foul."}, {"id": "54", "s1": "1", "s2": "1", "s": "", "t": "52'", "m": "Shaqiri won a free kick for Bayern Munich on the right."}, {"id": "53", "s1": "1", "s2": "1", "s": "", "t": "52'", "m": "Bayer Leverkusen player Bernie scrambled for a foul and the opponent gained possession of the ball."}, {"id": "52", "s1": "1", "s2": "1", "s": "", "t": "50'", "m": "Shot!!! Bayern Munich player Dante's header from the centre of the penalty area was saved by the opposing goalkeeper. It was Shaqiri who gave him the pass."}, {"id": "51", "s1": "1", "s2": "1", "s": "", "t": "50'", "m": "Leno handled the ball out of the bottom line and Bayern Munich won a corner kick."}, {"id": "50", "s1": "1", "s2": "1", "s": "", "t": "49'", "m": "Shaqiri won a free kick for Bayern Munich on the right."}, {"id": "49", "s1": "1", "s2": "1", "s": "", "t": "49'", "m": "Bayer Leverkusen player Bernie scrambled for a foul and the opponent gained possession of the ball."}, {"id": "48", "s1": "1", "s2": "1", "s": "", "t": "47'", "m": "Spasic handled the ball out of the line and Bayern Munich won a corner kick."}, {"id": "47", "s1": "1", "s2": "1", "s": "", "t": "46'", "m": "Toprak handled the ball out of the bottom line and Bayern Munich won a corner kick."}, {"id": "46", "s1": "1", "s2": "1", "s": "", "t": "46'", "m": "Bayern Munich player Ribery's right-footed shot from the centre of the penalty area was blocked by a defender. It was Muller who gave him the pass."}, {"id": "45", "s1": "1", "s2": "1", "s": "", "t": "", "m": "At the start of the second half, Bayer Leverkusen 1-1 Bayern Munich"}, {"id": "44", "s1": "1", "s2": "1", "s": "", "t": "45'+1'", "m": "At the end of the first half, Bayer Leverkusen 1-1 Bayern Munich, with a short break, we will take a look at the performance of the two teams in the second half."}, {"id": "43", "s1": "1", "s2": "1", "s": "", "t": "43'", "m": "Alaba won a free kick for Bayern Munich at the opposing half."}, {"id": "42", "s1": "1", "s2": "1", "s": "", "t": "43'", "m": "Bayer Leverkusen player Sam scrambled for a foul and the opponent gained possession of the ball."}, {"id": "41", "s1": "1", "s2": "1", "s": "", "t": "41'", "m": "Bayern Munich player Dante scrambled for a foul and his opponent was given possession of the ball."}, {"id": "40", "s1": "1", "s2": "1", "s": "", "t": "41'", "m": "Leno won a free kick for Bayer Leverkusen."}, {"id": "39", "s1": "1", "s2": "1", "s": "", "t": "41'", "m": "Rolfez handled the ball out of the line and Bayern Munich won a corner kick."}, {"id": "38", "s1": "1", "s2": "1", "s": "", "t": "40'", "m": "Leno handled the ball out of the bottom line and Bayern Munich won a corner kick."}, {"id": "37", "s1": "1", "s2": "1", "s": "", "t": "40'", "m": "Shot!!! Bayern Munich player Shaqiri's left-footed shot from outside the penalty area was saved by the opposing goalkeeper. It was Muller who gave him the pass."}, {"id": "36", "s1": "1", "s2": "1", "s": "", "t": "39'", "m": "Bayern Munich player Müller tried his left-footed shot from the centre of the penalty area, but unfortunately the ball went high above goal. It was Alaba who gave him the ball."}, {"id": "35", "s1": "1", "s2": "1", "s": "", "t": "35'", "m": "Bayern Munich player Müller attempted a header in the centre of the penalty area, but unfortunately the ball was slightly above the goal. It was Alaba who gave him the ball."}, {"id": "34", "s1": "1", "s2": "1", "s": "", "t": "35'", "m": "Rafinha won a free kick for Bayern Munich."}, {"id": "33", "s1": "1", "s2": "1", "s": "", "t": "35'", "m": "Bayer Leverkusen player Emre Jen scrambled for a foul and the opponent was given possession of the ball."}, {"id": "32", "s1": "1", "s2": "1", "s": "", "t": "32'", "m": "Ribery won a free kick for Bayern Munich on the left."}, {"id": "31", "s1": "1", "s2": "1", "s": "", "t": "32'", "m": "Bayer Leverkusen player Ras Bender scrambled for a foul and his opponent was given possession."}, {"id": "30", "s1": "1", "s2": "1", "s": "", "t": "31'", "m": "Goal!!! Bayer Leverkusen player Sam's left-footed shot from the right side of the penalty area flew into the net from the middle and the ball went in! Bayer Leverkusen 1-1 Bayern Munich."}, {"id": "29", "s1": "0", "s2": "1", "s": "", "t": "31'", "m": "Shot!!! Bayer Leverkusen's bernish cast right-footed shot from the left side of the penalty area was saved by the opposing goalkeeper."}, {"id": "28", "s1": "0", "s2": "1", "s": "", "t": "30'", "m": "Goal!!! Bayern Munich player Kroos fired a left-footed shot from the centre of the penalty area, the ball flew into the goal from the top left corner and the ball went in! Assisted by Ribery. Bayer Leverkusen 0-1 Bayern Munich."}, {"id": "27", "s1": "0", "s2": "0", "s": "", "t": "29'", "m": "Dante won a free kick for Bayern Munich."}, {"id": "26", "s1": "0", "s2": "0", "s": "", "t": "29'", "m": "Bayer Leverkusen player Kisling scrambled for a foul and the opponent was given possession of the ball."}, {"id": "25", "s1": "0", "s2": "0", "s": "", "t": "26'", "m": "Bayern Munich player Schweinsteiger threw the ball straight into Ribery, but the referee raised a flag to show the latter was offside."}, {"id": "24", "s1": "0", "s2": "0", "s": "", "t": "22'", "m": "Shot!!! Bayern Munich player Kroos' right-footed shot from outside the penalty area was saved by the opposing goalkeeper. It was Ribery who gave him the ball."}, {"id": "23", "s1": "0", "s2": "0", "s": "", "t": "20'", "m": "Boateng won a free kick for Bayern Munich."}, {"id": "22", "s1": "0", "s2": "0", "s": "", "t": "20'", "m": "Bayer Leverkusen player Kisling scrambled for a foul and the opponent was given possession of the ball."}, {"id": "21", "s1": "0", "s2": "0", "s": "", "t": "19'", "m": "Dante won a free kick for Bayern Munich."}, {"id": "20", "s1": "0", "s2": "0", "s": "", "t": "19'", "m": "Bayer Leverkusen player Sam scrambled for a foul and the opponent gained possession of the ball."}, {"id": "19", "s1": "0", "s2": "0", "s": "", "t": "18'", "m": "Bayern Munich player Ribery attempted a right-footed shot from outside the penalty area, but unfortunately the ball was slightly offside the left goal. It was Shaqiri who gave him the pass."}, {"id": "18", "s1": "0", "s2": "0", "s": "", "t": "18'", "m": "Bayern Munich player Boateng scrambled for a foul and his opponent gained possession of the ball."}, {"id": "17", "s1": "0", "s2": "0", "s": "", "t": "18'", "m": "Rolfez won a free kick for Bayer Leverkusen."}, {"id": "16", "s1": "0", "s2": "0", "s": "", "t": "17'", "m": "Spasic handled the ball out of the line and Bayern Munich won a corner kick."}, {"id": "15", "s1": "0", "s2": "0", "s": "", "t": "16'", "m": "Bayern Munich player Shaqiri's left-footed shot from outside the penalty area was blocked by a defender. It was Schweinsteiger who passed the ball."}, {"id": "14", "s1": "0", "s2": "0", "s": "", "t": "14'", "m": "Bayer Leverkusen player Rollfez kicked the ball straight into Sam but the referee raised a flag to show the latter was offside."}, {"id": "13", "s1": "0", "s2": "0", "s": "", "t": "14'", "m": "Dante handled the ball out of the box and Bayer Leverkusen won a corner kick."}, {"id": "12", "s1": "0", "s2": "0", "s": "", "t": "14'", "m": "Bayer Leverkusen's left-footed shot from outside the penalty area was blocked by a defender. It was Kislin who gave him the ball."}, {"id": "11", "s1": "0", "s2": "0", "s": "", "t": "13'", "m": "Rafinha won a free kick for Bayern Munich."}, {"id": "10", "s1": "0", "s2": "0", "s": "", "t": "13'", "m": "Bayer Leverkusen player Emre Jen scrambled for a foul and the opponent was given possession of the ball."}, {"id": "9", "s1": "0", "s2": "0", "s": "", "t": "11'", "m": "Bayern Munich player Müller tried his left-footed shot from the centre of the penalty area, but unfortunately the ball was slightly offside the right goal. It was Shaqiri who gave him the pass."}, {"id": "8", "s1": "0", "s2": "0", "s": "", "t": "8'", "m": "Boateng handled the ball out of the bottom line and Bayer Leverkusen won the corner."}, {"id": "7", "s1": "0", "s2": "0", "s": "", "t": "8'", "m": "Bayern Munich player Kroos attempted a left-footed shot from the left side of the penalty area, but unfortunately the ball was slightly offside the right goal. It was Shaqiri who gave him the pass."}, {"id": "6", "s1": "0", "s2": "0", "s": "", "t": "7'", "m": "Bayern Munich player Müller was fouled for handball and the opponent was given the ball."}, {"id": "5", "s1": "0", "s2": "0", "s": "", "t": "4'", "m": "Bernish handled the ball out of the bottom line and Bayern Munich won a corner kick."}, {"id": "4", "s1": "0", "s2": "0", "s": "", "t": "2'", "m": "Bayern Munich player Rafinha attempted a right-footed shot from outside the penalty area, but unfortunately the ball went high above the top right corner. It was Schweinsteiger who passed the ball."}, {"id": "3", "s1": "0", "s2": "0", "s": "", "t": "2'", "m": "Alaba won a free kick for Bayern Munich at the opposing half."}, {"id": "2", "s1": "0", "s2": "0", "s": "", "t": "2'", "m": "Bayer Leverkusen player Ras Bender scrambled for a foul and his opponent was given possession."}, {"id": "1", "s1": "0", "s2": "0", "s": "", "t": "", "m": "With a whistle from the referee, the first half of the game began."}]