[{"id": "119", "s1": "3", "s2": "2", "s": "", "t": "", "m": "The match is over, Borussia Monsing 3-2 Hertha Berlin, thank you for watching the Sina Football Live."}, {"id": "118", "s1": "3", "s2": "2", "s": "", "t": "90'+3'", "m": "End of the second half, Borussia Moncheng 3-2 Hertha Berlin"}, {"id": "117", "s1": "3", "s2": "2", "s": "", "t": "90'+3'", "m": "Borussia Borussia Sammer gave Herman a straight kick, but the referee raised a flag to show that the latter was offside."}, {"id": "116", "s1": "3", "s2": "2", "s": "", "t": "90'+2'", "m": "Goal!!! Hertha Berlin player Kallo fired a right-footed shot and the ball flew into the goal from the bottom left corner and the ball went in! Borussia Möncheng 3-2 Hertha Berlin."}, {"id": "115", "s1": "3", "s2": "1", "s": "", "t": "90'+1'", "m": "Yellow! Borussia Moncheng's Janczyk was shown a yellow card by the referee for a malicious foul."}, {"id": "114", "s1": "3", "s2": "1", "s": "", "t": "90'+1'", "m": "Borussia Moncheng's Janchik fouled the other side and caused the opponent to receive a penalty."}, {"id": "113", "s1": "3", "s2": "1", "s": "", "t": "90'+1'", "m": "Penalty, Kallo was violated inside the penalty area and Hertha Berlin was awarded the penalty."}, {"id": "112", "s1": "3", "s2": "1", "s": "", "t": "89'", "m": "Borussia Moncheng's Hermann scrambled for a foul and the opponent gained possession of the ball."}, {"id": "111", "s1": "3", "s2": "1", "s": "", "t": "89'", "m": "Kallo won a free kick for Hertha Berlin at the opposing half."}, {"id": "110", "s1": "3", "s2": "1", "s": "", "t": "88'", "m": "Borussia Moncheng replaced, and Hahn replaced Kreuzer"}, {"id": "109", "s1": "3", "s2": "1", "s": "", "t": "87'", "m": "Shot!!! Hertha Berlin player Van Den Borg's right-footed shot from outside the penalty area was saved by the opposing goalkeeper. It was Sheb who gave him the pass."}, {"id": "108", "s1": "3", "s2": "1", "s": "", "t": "86'", "m": "Dominguez won a free kick for Borussia Moncheng."}, {"id": "107", "s1": "3", "s2": "1", "s": "", "t": "86'", "m": "Hertha Berlin player Billens scrambled for a foul and the opponent was given possession of the ball."}, {"id": "106", "s1": "3", "s2": "1", "s": "", "t": "85'", "m": "Borussia Moncheng's Hermann attempted a right-footed shot from outside the penalty area, but unfortunately the ball was slightly offside the left goal. It was Cobb who gave him the pass."}, {"id": "105", "s1": "3", "s2": "1", "s": "", "t": "84'", "m": "Borussia Moncheng replaced Fabian Johnson with Khazad"}, {"id": "104", "s1": "3", "s2": "1", "s": "", "t": "83'", "m": "Goal!!! Borussia Moncheng's Hazzard shot with his left foot in front of the goal line, the ball flew into the goal from the bottom right corner, and the ball went in! Borussia Möncheng 3-1 Hertha Berlin."}, {"id": "103", "s1": "2", "s2": "1", "s": "", "t": "83'", "m": "Borussia Möncheng's right-footed shot from the centre of the penalty area was blocked by a defender. It was Hazad who passed the ball to him."}, {"id": "102", "s1": "2", "s2": "1", "s": "", "t": "80'", "m": "Yellow! Hertha Berlin player Serbray was shown a yellow card by the referee for a malicious foul."}, {"id": "101", "s1": "2", "s2": "1", "s": "", "t": "80'", "m": "Traore won a free kick for Borussia Moncheng."}, {"id": "100", "s1": "2", "s2": "1", "s": "", "t": "80'", "m": "Hertha Berlin player Shelby scrambled for a foul and the opponent was given possession of the ball."}, {"id": "99", "s1": "2", "s2": "1", "s": "", "t": "79'", "m": "Borussia Borussia Borussia Mönchengy fought for a foul and the opponent was given possession of the ball."}, {"id": "98", "s1": "2", "s2": "1", "s": "", "t": "79'", "m": "Ronnie won a free kick for Hertha Berlin."}, {"id": "97", "s1": "2", "s2": "1", "s": "", "t": "78'", "m": "Craft handled the ball out of the bottom line and Borussia Moncheng won a corner kick."}, {"id": "96", "s1": "2", "s2": "1", "s": "", "t": "78'", "m": "Shot!!! Borussia Moncheng's janchick shot from the centre of the penalty area was saved by the opposing goalkeeper."}, {"id": "95", "s1": "2", "s2": "1", "s": "", "t": "77'", "m": "Craft handled the ball out of the bottom line and Borussia Moncheng won a corner kick."}, {"id": "94", "s1": "2", "s2": "1", "s": "", "t": "77'", "m": "Shot!!! Borussia Borussia Borussia Möncheng's left-footed shot from the centre of the penalty area was saved by the opposing goalkeeper. It was Kreuzer who gave him the pass."}, {"id": "93", "s1": "2", "s2": "1", "s": "", "t": "77'", "m": "Borussia Moncheng's Hazzard's right-footed shot from the right side of the penalty area was blocked by a defender. It was Kreuzer who gave him the pass."}, {"id": "92", "s1": "2", "s2": "1", "s": "", "t": "76'", "m": "Dominguez won a free kick for Borussia Moncheng."}, {"id": "91", "s1": "2", "s2": "1", "s": "", "t": "76'", "m": "Hertha Berlin player Billens scrambled for a foul and the opponent was given possession of the ball."}, {"id": "90", "s1": "2", "s2": "1", "s": "", "t": "75'", "m": "Hertha Berlin player Ronnie handball was fouled and the opponent was given the ball."}, {"id": "89", "s1": "2", "s2": "1", "s": "", "t": "75'", "m": "Borussia Möncheng's Kramer scrambled for a foul and the opponent was given possession of the ball."}, {"id": "88", "s1": "2", "s2": "1", "s": "", "t": "75'", "m": "Kallo won a free kick for Hertha Berlin at the opposing half."}, {"id": "87", "s1": "2", "s2": "1", "s": "", "t": "72'", "m": "Hertha Berlin was replaced and Kalu replaced Ben Hattira"}, {"id": "86", "s1": "2", "s2": "1", "s": "", "t": "72'", "m": "Hertha Berlin was replaced, and Niemeer was replaced by Slender"}, {"id": "85", "s1": "2", "s2": "1", "s": "", "t": "71'", "m": "Borussia Möncheng's Kramer kicked the ball straight into Hazad, but the referee raised a flag to show that the latter was offside."}, {"id": "84", "s1": "2", "s2": "1", "s": "", "t": "71'", "m": "Hertha Berlin player Ronnie's left-footed shot from outside the penalty area was blocked by a defender."}, {"id": "83", "s1": "2", "s2": "1", "s": "", "t": "70'", "m": "Borussia Moncheng's Xhaka scrambled for fouls and his opponents were given possession of the ball."}, {"id": "82", "s1": "2", "s2": "1", "s": "", "t": "70'", "m": "Siebel for Hertha Berlin won a free kick in the opposing half."}, {"id": "81", "s1": "2", "s2": "1", "s": "", "t": "68'", "m": "Yellow! Borussia Moncheng's player Xhaka was shown a yellow card by the referee for a malicious foul."}, {"id": "80", "s1": "2", "s2": "1", "s": "", "t": "68'", "m": "Borussia Moncheng's Xhaka scrambled for fouls and his opponents were given possession of the ball."}, {"id": "79", "s1": "2", "s2": "1", "s": "", "t": "68'", "m": "Ben Hattila won a free kick for Hertha Berlin at the opposing half."}, {"id": "78", "s1": "2", "s2": "1", "s": "", "t": "67'", "m": "Hertha Berlin player Van Den Borg threw the ball straight into Ben Hattila, but the referee raised a flag to show that the latter was offside."}, {"id": "77", "s1": "2", "s2": "1", "s": "", "t": "66'", "m": "Summer won a free kick for Borussia Moncheng."}, {"id": "76", "s1": "2", "s2": "1", "s": "", "t": "66'", "m": "Hertha Berlin player Brooks scrambled for a foul and the opponent was given possession of the ball."}, {"id": "75", "s1": "2", "s2": "1", "s": "", "t": "65'", "m": "Dominguez handled the ball out of the bottom line and Hertha Berlin won the corner."}, {"id": "74", "s1": "2", "s2": "1", "s": "", "t": "65'", "m": "Borussia Borussia replaced Raphael"}, {"id": "73", "s1": "2", "s2": "1", "s": "", "t": "63'", "m": "Hertha Berlin player Ronnie attempted a left-footed shot from outside the penalty area, but unfortunately the ball was slightly offside the left goal. It was Pecarik who gave him the ball."}, {"id": "72", "s1": "2", "s2": "1", "s": "", "t": "62'", "m": "Borussia Moncheng's Raphael scrambled for a foul and the opponent gained possession."}, {"id": "71", "s1": "2", "s2": "1", "s": "", "t": "62'", "m": "Ben Hattila won a free kick for Hertha Berlin."}, {"id": "70", "s1": "2", "s2": "1", "s": "", "t": "55'", "m": "Yellow! Hertha Berlin player Hoso Bemün was shown a yellow card by the referee for a malicious foul."}, {"id": "69", "s1": "2", "s2": "1", "s": "", "t": "55'", "m": "Hermann won a free kick for Borussia Monsing at the opposing half."}, {"id": "68", "s1": "2", "s2": "1", "s": "", "t": "55'", "m": "Hertha Berlin player Hospita scrambled for a foul and the opponent gained possession of the ball."}, {"id": "67", "s1": "2", "s2": "1", "s": "", "t": "53'", "m": "Goal!!! Borussia Moncheng's Raphael right-footed shot from the centre of the penalty area flew into the goal from the bottom left corner and the ball went in! The assist was Dominguez. Borussia Möncheng 2-1 Hertha Berlin."}, {"id": "66", "s1": "1", "s2": "1", "s": "", "t": "53'", "m": "Borussia Borussia Brouves attempted a right-footed shot from outside the penalty area, but unfortunately the ball deflected off goal. It was Xhaka who gave him the pass."}, {"id": "65", "s1": "1", "s2": "1", "s": "", "t": "51'", "m": "Xhaka won a free kick for Borussia Monsing in the opposing half."}, {"id": "64", "s1": "1", "s2": "1", "s": "", "t": "51'", "m": "Hertha Berlin player Billens scrambled for a foul and the opponent was given possession of the ball."}, {"id": "63", "s1": "1", "s2": "1", "s": "", "t": "51'", "m": "Hazard won a free kick for Borussia Moncheng."}, {"id": "62", "s1": "1", "s2": "1", "s": "", "t": "51'", "m": "Hertha Berlin player Shelby scrambled for a foul and the opponent was given possession of the ball."}, {"id": "61", "s1": "1", "s2": "1", "s": "", "t": "49'", "m": "Pecarik handled the ball out of the bottom line and Borussia Moncheng won a corner kick."}, {"id": "60", "s1": "1", "s2": "1", "s": "", "t": "48'", "m": "Borussia Moncheng's Xhaka scrambled for fouls and his opponents were given possession of the ball."}, {"id": "59", "s1": "1", "s2": "1", "s": "", "t": "48'", "m": "Sheber won a free kick for Hertha Berlin."}, {"id": "58", "s1": "1", "s2": "1", "s": "", "t": "48'", "m": "Shot!!! Borussia Möncheng's Xhaka shot from outside the penalty area was saved by the opposing goalkeeper. It was Kreuzer who gave him the pass."}, {"id": "57", "s1": "1", "s2": "1", "s": "", "t": "47'", "m": "Cramer won a free kick for Borussia Möncheng in the opposing half."}, {"id": "56", "s1": "1", "s2": "1", "s": "", "t": "47'", "m": "Hertha Berlin player Shelby scrambled for a foul and the opponent was given possession of the ball."}, {"id": "55", "s1": "1", "s2": "1", "s": "", "t": "46'", "m": "Hertha Berlin player Ronnie's left-footed shot from outside the penalty area was blocked by a defender.给他传球的是佩卡里克."}, {"id": "54", "s1": "1", "s2": "1", "s": "", "t": "", "m": "The second half began, Borussia Moncheng 1-1 Hertha Berlin"}, {"id": "53", "s1": "1", "s2": "1", "s": "", "t": "45'+1'", "m": "At the end of the first half, Borussia Möncheng 1-1 Hertha Berlin, with a short break, we will take a look at the performance of the two teams in the second half."}, {"id": "52", "s1": "1", "s2": "1", "s": "", "t": "45'", "m": "Goal!!! Hertha Berlin player Sheber's header from the centre of the penalty area, the ball flew from the middle of the road into the goal and the ball went in! The assist was Ben Hattila. Borussia Möncheng 1-1 Hertha Berlin."}, {"id": "51", "s1": "1", "s2": "0", "s": "", "t": "43'", "m": "Borussia Moncheng's Hermann scrambled for a foul and the opponent gained possession of the ball."}, {"id": "50", "s1": "1", "s2": "0", "s": "", "t": "43'", "m": "Pecarik won a free kick for Hertha Berlin."}, {"id": "49", "s1": "1", "s2": "0", "s": "", "t": "41'", "m": "Dominguez won a free kick for Borussia Moncheng."}, {"id": "48", "s1": "1", "s2": "0", "s": "", "t": "41'", "m": "Hertha Berlin player Pecarrick scrambled for a foul and the opponent was given possession of the ball."}, {"id": "47", "s1": "1", "s2": "0", "s": "", "t": "40'", "m": "Hermann won a free kick for Borussia Moncheng."}, {"id": "46", "s1": "1", "s2": "0", "s": "", "t": "40'", "m": "Hertha Berlin player Ben Hattila scrambled for a foul and the opponent was given possession of the ball."}, {"id": "45", "s1": "1", "s2": "0", "s": "", "t": "38'", "m": "Cramer won a free kick for Borussia Möncheng on the right."}, {"id": "44", "s1": "1", "s2": "0", "s": "", "t": "38'", "m": "Hertha Berlin player Billens scrambled for a foul and the opponent was given possession of the ball."}, {"id": "43", "s1": "1", "s2": "0", "s": "", "t": "37'", "m": "Borussia Möncheng's Kramer scrambled for a foul and the opponent was given possession of the ball."}, {"id": "42", "s1": "1", "s2": "0", "s": "", "t": "37'", "m": "Ronnie won a free kick for Hertha Berlin at the opposing half."}, {"id": "41", "s1": "1", "s2": "0", "s": "", "t": "35'", "m": "Hertha Berlin player Ben Hattila attempted a left-footed shot from the centre of the penalty area, but the ball deflected off target. It was Ronnie who gave him the pass."}, {"id": "40", "s1": "1", "s2": "0", "s": "", "t": "33'", "m": "Shot!!! Borussia Möncheng's right-footed shot from outside the penalty area was saved by the opposing goalkeeper. It was Herman who gave him the pass."}, {"id": "39", "s1": "1", "s2": "0", "s": "", "t": "33'", "m": "Hertha Berlin player Ronnie handball was fouled and the opponent was given the ball."}, {"id": "38", "s1": "1", "s2": "0", "s": "", "t": "32'", "m": "Borussia Borussia Moncheng's cobbled fouls and the opponent was given possession of the ball."}, {"id": "37", "s1": "1", "s2": "0", "s": "", "t": "32'", "m": "Sheber won a free kick for Hertha Berlin on the left."}, {"id": "36", "s1": "1", "s2": "0", "s": "", "t": "32'", "m": "Hermann won a free kick for Borussia Möncheng on the right."}, {"id": "35", "s1": "1", "s2": "0", "s": "", "t": "32'", "m": "Hertha Berlin player Van Den Burg scrambled for a foul and the opponent was given possession of the ball."}, {"id": "34", "s1": "1", "s2": "0", "s": "", "t": "30'", "m": "Xhaka handled the ball out of the bottom line and Hertha Berlin won the corner."}, {"id": "33", "s1": "1", "s2": "0", "s": "", "t": "29'", "m": "Hertha Berlin was replaced and Ronnie replaced Nico Schultz"}, {"id": "32", "s1": "1", "s2": "0", "s": "", "t": "25'", "m": "Borussia Moncheng's Janchik scrambled for a foul and the opponent was given possession of the ball."}, {"id": "31", "s1": "1", "s2": "0", "s": "", "t": "25'", "m": "Billens won a free kick for Hertha Berlin."}, {"id": "30", "s1": "1", "s2": "0", "s": "", "t": "24'", "m": "Hertha Berlin player Ben Hattila threw the ball straight into Shelbre, but the referee raised a flag to show the latter was offside."}, {"id": "29", "s1": "1", "s2": "0", "s": "", "t": "23'", "m": "Shot!!! Borussia Möncheng's right-footed shot from the right side of the penalty area was saved by the opposing goalkeeper."}, {"id": "28", "s1": "1", "s2": "0", "s": "", "t": "23'", "m": "Shot!!! Borussia Moncheng's raphael's right-footed shot from outside the penalty area was saved by the opposing goalkeeper. It was Janchik who gave him the ball."}, {"id": "27", "s1": "1", "s2": "0", "s": "", "t": "23'", "m": "Nico Schultz handled the ball off the line and Borussia Moncheng won a corner kick."}, {"id": "26", "s1": "1", "s2": "0", "s": "", "t": "19'", "m": "Borussia Moncheng's Raphael scrambled for a foul and the opponent gained possession."}, {"id": "25", "s1": "1", "s2": "0", "s": "", "t": "19'", "m": "Jens Hegeller won a free-kick for Hertha Berlin."}, {"id": "24", "s1": "1", "s2": "0", "s": "", "t": "18'", "m": "Hertha Berlin player Sieber attempted a left-footed shot just outside the penalty area, but unfortunately the ball deflected off goal. It was Shelby who gave him the pass."}, {"id": "23", "s1": "1", "s2": "0", "s": "", "t": "16'", "m": "Hertha Berlin player Van den Berger attempted a left-footed shot from outside the penalty area, but unfortunately the ball deflected off goal."}, {"id": "22", "s1": "1", "s2": "0", "s": "", "t": "16'", "m": "Hertha Berlin player Shelby's left-footed shot from outside the penalty area was blocked by a defender."}, {"id": "21", "s1": "1", "s2": "0", "s": "", "t": "16'", "m": "Herman handled the ball out of the box and Hertha Berlin won the corner."}, {"id": "20", "s1": "1", "s2": "0", "s": "", "t": "15'", "m": "Borussia Moncheng's Xhaka scrambled for fouls and his opponents were given possession of the ball."}, {"id": "19", "s1": "1", "s2": "0", "s": "", "t": "15'", "m": "Ben Hattila won a free kick for Hertha Berlin on the right."}, {"id": "18", "s1": "1", "s2": "0", "s": "", "t": "13'", "m": "Borussia Borussia Borussia Mönchengy fought for a foul and the opponent was given possession of the ball."}, {"id": "17", "s1": "1", "s2": "0", "s": "", "t": "13'", "m": "Ben Hattila won a free kick for Hertha Berlin."}, {"id": "16", "s1": "1", "s2": "0", "s": "", "t": "12'", "m": "Hertha Berlin player Jens Hegeler's right-footed shot from outside the penalty area was blocked by a defender."}, {"id": "15", "s1": "1", "s2": "0", "s": "", "t": "12'", "m": "Borussia Moncheng's Xhaka scrambled for fouls and his opponents were given possession of the ball."}, {"id": "14", "s1": "1", "s2": "0", "s": "", "t": "12'", "m": "Sheber won a free kick for Hertha Berlin at the opposing half."}, {"id": "13", "s1": "1", "s2": "0", "s": "", "t": "9'", "m": "Goal!!! Borussia Moncheng's Janchik header from the centre of the penalty area, the ball flew into the net from the middle of the road and the ball went in! Assisted by Hazzard. Borussia Möncheng 1-0 Hertha Berlin."}, {"id": "12", "s1": "0", "s2": "0", "s": "", "t": "9'", "m": "Yellow! Hertha Berlin player Jens Hegel was shown a yellow card by the referee for a malicious foul."}, {"id": "11", "s1": "0", "s2": "0", "s": "", "t": "9'", "m": "Kreuzer won a free kick for Borussia Möncheng in the opposing half."}, {"id": "10", "s1": "0", "s2": "0", "s": "", "t": "9'", "m": "Hertha Berlin player Jens Hegler scrambled for a foul and the opponent was given possession of the ball."}, {"id": "9", "s1": "0", "s2": "0", "s": "", "t": "6'", "m": "Hertha Berlin player Kraft shoved the ball straight into Sieber, but the referee raised a flag to show that the latter was offside."}, {"id": "8", "s1": "0", "s2": "0", "s": "", "t": "5'", "m": "Borussia Borussia Moncheng's cobbled fouls and the opponent was given possession of the ball."}, {"id": "7", "s1": "0", "s2": "0", "s": "", "t": "5'", "m": "Nico Schultz won a free kick for Hertha Berlin at the opposing half."}, {"id": "6", "s1": "0", "s2": "0", "s": "", "t": "3'", "m": "Borussia Moncheng's Hermann kicked the ball straight into Yanchik, but the referee raised a flag to show that the latter was offside."}, {"id": "5", "s1": "0", "s2": "0", "s": "", "t": "2'", "m": "Kreuzer won a free kick for Borussia Möncheng on the right."}, {"id": "4", "s1": "0", "s2": "0", "s": "", "t": "2'", "m": "Hertha Berlin player Nico Schultz scrambled for a foul and the opponent was given possession of the ball."}, {"id": "3", "s1": "0", "s2": "0", "s": "", "t": "1'", "m": "Hertha Berlin player Billens scrambled for a foul and the opponent was given possession of the ball."}, {"id": "2", "s1": "0", "s2": "0", "s": "", "t": "1'", "m": "Cobb won a free kick for Borussia Moncheng."}, {"id": "1", "s1": "0", "s2": "0", "s": "", "t": "", "m": "With a whistle from the referee, the first half of the game began."}]