[{"id": "149", "s1": "2", "s2": "2", "s": "", "t": "", "m": "The match ended with Eintracht Frankfurt 2-2 Hannover 96, thank you for watching The Sina Football Live."}, {"id": "148", "s1": "2", "s2": "2", "s": "", "t": "90'+4'", "m": "The second half ended with Eintracht Frankfurt 2-2 Hannover 96"}, {"id": "147", "s1": "2", "s2": "2", "s": "", "t": "90'+4'", "m": "Shot!!! Eintracht Frankfurt player Piazón's header from the centre of the penalty area was saved by the opposing goalkeeper. It was Chandler who gave him the pass."}, {"id": "146", "s1": "2", "s2": "2", "s": "", "t": "90'+2'", "m": "Hannover 96 player A-Konan made a dangerous move, and the opponent gained possession of the ball."}, {"id": "145", "s1": "2", "s2": "2", "s": "", "t": "90'+2'", "m": "Maderang won a free kick for Eintracht Frankfurt."}, {"id": "144", "s1": "2", "s2": "2", "s": "", "t": "90'+1'", "m": "Hannover 96 player A-Konan was shown a yellow card by the referee."}, {"id": "143", "s1": "2", "s2": "2", "s": "", "t": "90'", "m": "Frankfurt was replaced, and Piazone replaced Agner"}, {"id": "142", "s1": "2", "s2": "2", "s": "", "t": "89'", "m": "Albonos won a free kick for Hannover 96 on the left."}, {"id": "141", "s1": "2", "s2": "2", "s": "", "t": "89'", "m": "Eintracht Frankfurt player Chandler was fouled for handball and the opponent was given the ball."}, {"id": "140", "s1": "2", "s2": "2", "s": "", "t": "89'", "m": "Frankfurt player Mayer kicked the ball straight into Aigner, but the referee raised a flag to show that the latter was offside."}, {"id": "139", "s1": "2", "s2": "2", "s": "", "t": "88'", "m": "Hanover 96 substitutions, Andreyatsen replaced Kiyotake Hiroshi"}, {"id": "138", "s1": "2", "s2": "2", "s": "", "t": "87'", "m": "Hannover 96 player Hiroshi Kiyotake shoved the ball straight into Styndall, but the referee raised a flag to show that the latter was offside."}, {"id": "137", "s1": "2", "s2": "2", "s": "", "t": "86'", "m": "Hannover 96 player Albornos scrambled for a foul and the opponent was given possession."}, {"id": "136", "s1": "2", "s2": "2", "s": "", "t": "86'", "m": "Aigner won a free kick for Eintracht Frankfurt."}, {"id": "135", "s1": "2", "s2": "2", "s": "", "t": "85'", "m": "Hannover 96 player Felipe scrambled for a foul and the opponent was given possession."}, {"id": "134", "s1": "2", "s2": "2", "s": "", "t": "85'", "m": "Valdés won a free kick for Eintracht Frankfurt."}, {"id": "133", "s1": "2", "s2": "2", "s": "", "t": "84'", "m": "Frankfurt made a substitution, Valdés replaced Seferović"}, {"id": "132", "s1": "2", "s2": "2", "s": "", "t": "84'", "m": "Hannover 96 player Albornos scrambled for a foul and the opponent was given possession."}, {"id": "131", "s1": "2", "s2": "2", "s": "", "t": "84'", "m": "Aigner won a free kick for Eintracht Frankfurt."}, {"id": "130", "s1": "2", "s2": "2", "s": "", "t": "84'", "m": "Stendra handled the ball out of the bottom line and Hannover 96 won a corner kick."}, {"id": "129", "s1": "2", "s2": "2", "s": "", "t": "82'", "m": "Goal!!! Hannover 96 player Ya-Konan's left-footed shot from the right side of the penalty area flew into the net from the bottom left corner and the ball went in! The assist was Steindel. Frankfurt 2-2 Hanover 96."}, {"id": "128", "s1": "2", "s2": "1", "s": "", "t": "80'", "m": "Hannover 96 player Schlaudraff slammed the ball straight into Albornos, but the referee raised a flag to show that the latter was offside."}, {"id": "127", "s1": "2", "s2": "1", "s": "", "t": "79'", "m": "Albonos won a free kick for the Hannover 96."}, {"id": "126", "s1": "2", "s2": "1", "s": "", "t": "79'", "m": "Eintracht Frankfurt player Chandler was fouled for handball and the opponent was given the ball."}, {"id": "125", "s1": "2", "s2": "1", "s": "", "t": "78'", "m": "Hannover 96 player Albornos scrambled for a foul and the opponent was given possession."}, {"id": "124", "s1": "2", "s2": "1", "s": "", "t": "78'", "m": "Chandler won a free kick for Eintracht Frankfurt."}, {"id": "123", "s1": "2", "s2": "1", "s": "", "t": "78'", "m": "Schroudderhof won a free kick for the Hanover 96."}, {"id": "122", "s1": "2", "s2": "1", "s": "", "t": "78'", "m": "Frankfurt player Seferović scrambled for a foul and his opponent was given possession of the ball."}, {"id": "121", "s1": "2", "s2": "1", "s": "", "t": "77'", "m": "Marcelo handled the ball out of the bottom line and Eintracht Frankfurt won a corner."}, {"id": "120", "s1": "2", "s2": "1", "s": "", "t": "77'", "m": "Eintracht Frankfurt's right-footed shot from the right side of the penalty area was blocked by a defender. It was Aigner who gave him the pass."}, {"id": "119", "s1": "2", "s2": "1", "s": "", "t": "75'", "m": "Frankfurt player Seferović attempted a left-footed shot from outside the penalty area, but unfortunately the ball was slightly offside the left goal. It was Stendra who gave him the ball."}, {"id": "118", "s1": "2", "s2": "1", "s": "", "t": "75'", "m": "Ziller handled the ball out of the bottom line and Eintracht Frankfurt won a corner kick."}, {"id": "117", "s1": "2", "s2": "1", "s": "", "t": "75'", "m": "Shot!!! Eintracht Frankfurter's right-footed shot from outside the penalty area was saved by the opposing goalkeeper. The one who gave him the ball was Okipka."}, {"id": "116", "s1": "2", "s2": "1", "s": "", "t": "73'", "m": "Steendell won a free kick for Hannover 96 on the right."}, {"id": "115", "s1": "2", "s2": "1", "s": "", "t": "73'", "m": "Frankfurt player Ochipka scrambled for a foul and the opponent was given possession of the ball."}, {"id": "114", "s1": "2", "s2": "1", "s": "", "t": "72'", "m": "Albonos won a free kick for Hannover 96 on the left."}, {"id": "113", "s1": "2", "s2": "1", "s": "", "t": "72'", "m": "Eintracht Frankfurt player Chandler was fouled for handball and the opponent was given the ball."}, {"id": "112", "s1": "2", "s2": "1", "s": "", "t": "70'", "m": "Frankfurt was replaced, and Stendra was replaced by a dry-hearted"}, {"id": "111", "s1": "2", "s2": "1", "s": "", "t": "69'", "m": "Hannover 96 player Albornos scrambled for a foul and the opponent was given possession."}, {"id": "110", "s1": "2", "s2": "1", "s": "", "t": "69'", "m": "Kittel won a free kick for Eintracht Frankfurt at the opposing half."}, {"id": "109", "s1": "2", "s2": "1", "s": "", "t": "68'", "m": "Goal!!! Hannover 96 player Marcelo went to the goal line, the ball flew from the middle of the road into the goal, the ball went in! Assisted by Kiyotake Hiroshi. Frankfurt 2-1 Hanover 96."}, {"id": "108", "s1": "2", "s2": "0", "s": "", "t": "68'", "m": "Maderan handled the ball out of the bottom line and Hannover 96 won a corner kick."}, {"id": "107", "s1": "2", "s2": "0", "s": "", "t": "68'", "m": "Shot!!! Hannover 96 player A-Konan's right-footed shot from the left side of the penalty area was saved by the opposing goalkeeper. It was Styndall who gave him the pass."}, {"id": "106", "s1": "2", "s2": "0", "s": "", "t": "68'", "m": "Hannover's 96-player Stender tried his left-footed shot from the centre of the penalty area, but the ball was deflected slightly off the left goal. It was Schultz who gave him the ball."}, {"id": "105", "s1": "2", "s2": "0", "s": "", "t": "68'", "m": "Hanover made a 96 substitution, and Schroudraf replaced Briand"}, {"id": "104", "s1": "2", "s2": "0", "s": "", "t": "67'", "m": "Hannover made a 96 substitution, and Albonos replaced Prieb"}, {"id": "103", "s1": "2", "s2": "0", "s": "", "t": "65'", "m": "Sane won a free kick for the Hannover 96."}, {"id": "102", "s1": "2", "s2": "0", "s": "", "t": "65'", "m": "Frankfurt player Aigner scrambled for a foul and his opponent was given possession of the ball."}, {"id": "101", "s1": "2", "s2": "0", "s": "", "t": "63'", "m": "Schultz handled the ball out of the bottom line and Frankfurt won the corner."}, {"id": "100", "s1": "2", "s2": "0", "s": "", "t": "62'", "m": "Hannover's 96-player Briand's left-footed shot from outside the penalty area was blocked by a defender. It was Marcelo who gave him the pass."}, {"id": "99", "s1": "2", "s2": "0", "s": "", "t": "62'", "m": "Hannover 96 player Schultz scrambled for a foul and the opponent was given possession."}, {"id": "98", "s1": "2", "s2": "0", "s": "", "t": "62'", "m": "Aigner won a free kick for Eintracht Frankfurt on the right."}, {"id": "97", "s1": "2", "s2": "0", "s": "", "t": "60'", "m": "Hannover 96 player Briand kicked the ball straight into A-Konan, but the referee raised a flag to show that the latter was offside."}, {"id": "96", "s1": "2", "s2": "0", "s": "", "t": "59'", "m": "Hannover 96 player Styndall threw the ball straight into Hiroki Sakai, but the referee raised a flag to show that the latter was offside."}, {"id": "95", "s1": "2", "s2": "0", "s": "", "t": "57'", "m": "A-Konan won a free kick for Hannover 96 on the left."}, {"id": "94", "s1": "2", "s2": "0", "s": "", "t": "57'", "m": "Eintracht Frankfurt player Zambrano scrambled for a foul and his opponent was given possession of the ball."}, {"id": "93", "s1": "2", "s2": "0", "s": "", "t": "56'", "m": "Hannover 96 player Prieb's left-footed shot from the centre of the penalty area was blocked by a defender."}, {"id": "92", "s1": "2", "s2": "0", "s": "", "t": "56'", "m": "Hannover's 96 player Steyndall's right-footed shot from the centre of the penalty area was blocked by a defender. It was Hiroki Sakai who gave him the ball."}, {"id": "91", "s1": "2", "s2": "0", "s": "", "t": "55'", "m": "Hannover 96 player Briand scrambled for a foul and the opponent was given possession."}, {"id": "90", "s1": "2", "s2": "0", "s": "", "t": "55'", "m": "The Drys won a free kick for Eintracht Frankfurt."}, {"id": "89", "s1": "2", "s2": "0", "s": "", "t": "54'", "m": "Goal!!! Frankfurt player Aigner fired a right-footed shot from the right side of the penalty area, the ball flew into the goal from the bottom right corner, and the ball went in! The assist was Seferovich. Frankfurt 2-0 Hannover 96."}, {"id": "88", "s1": "1", "s2": "0", "s": "", "t": "53'", "m": "Hannover 96 player Felipe tried to head the ball in the middle of the penalty area, but unfortunately the ball was deflected off the goal. It was Hiroshi Kiyotake who gave him the pass."}, {"id": "87", "s1": "1", "s2": "0", "s": "", "t": "52'", "m": "Trapp handled the ball out of the bottom line and Hannover 96 won a corner kick."}, {"id": "86", "s1": "1", "s2": "0", "s": "", "t": "52'", "m": "Shot!!! Hannover's 96er Briand's right-footed shot from the right side of the penalty area was saved by the opposing goalkeeper. It was Ya-Konan who gave him the pass."}, {"id": "85", "s1": "1", "s2": "0", "s": "", "t": "51'", "m": "Shot!!! Frankfurt's Left Foot Shot from the left side of the penalty area was saved by the opposing goalkeeper. It was Makoto Hasebe who gave him the pass."}, {"id": "84", "s1": "1", "s2": "0", "s": "", "t": "51'", "m": "Hannover's 96 player Steyndall's left-footed shot from outside the penalty area was blocked by a defender."}, {"id": "83", "s1": "1", "s2": "0", "s": "", "t": "50'", "m": "Ochipka handled the ball out of the bottom line and Hannover 96 won a corner kick."}, {"id": "82", "s1": "1", "s2": "0", "s": "", "t": "49'", "m": "Eintracht Frankfurt player Madeleine madrand the ball straight to Seferović, but the referee raised a flag to show that the latter was offside."}, {"id": "81", "s1": "1", "s2": "0", "s": "", "t": "48'", "m": "Eintracht Frankfurter Seferović attempted a left-footed shot from outside the penalty area, but unfortunately the ball was slightly offside the right goal. It was Chandler who gave him the pass."}, {"id": "80", "s1": "1", "s2": "0", "s": "", "t": "47'", "m": "Hannover 96 player A-Konan scrambled for a foul and the opponent was given possession."}, {"id": "79", "s1": "1", "s2": "0", "s": "", "t": "47'", "m": "Zambrano won a free kick for Eintracht Frankfurt."}, {"id": "78", "s1": "1", "s2": "0", "s": "", "t": "", "m": "The second half began with Eintracht Frankfurt 1-0 Hannover 96"}, {"id": "77", "s1": "1", "s2": "0", "s": "", "t": "45'+1'", "m": "At the end of the first half, Eintracht Frankfurt 1-0 Hannover 96, with a short break, we will take a look at the performance of the two teams in the second half."}, {"id": "76", "s1": "1", "s2": "0", "s": "", "t": "45'", "m": "Hannover 96 player Styndall threw the ball straight into A-Konan, but the referee raised a flag to show that the latter was offside."}, {"id": "75", "s1": "1", "s2": "0", "s": "", "t": "44'", "m": "Yellow! Eintracht Frankfurt player Kitter was shown a yellow card by the referee for a malicious foul."}, {"id": "74", "s1": "1", "s2": "0", "s": "", "t": "44'", "m": "Briand won a free kick for Hannover 96 at the opposing half."}, {"id": "73", "s1": "1", "s2": "0", "s": "", "t": "44'", "m": "Frankfurt player Kitter scrambled for a foul and the opponent was given possession."}, {"id": "72", "s1": "1", "s2": "0", "s": "", "t": "43'", "m": "Eintracht Frankfurter tried a right-footed shot from outside the penalty area, but unfortunately the ball was high above the top right corner. It was Qian Guishi who gave him the ball."}, {"id": "71", "s1": "1", "s2": "0", "s": "", "t": "42'", "m": "Hannover 96 player A-Konan scrambled for a foul and the opponent was given possession."}, {"id": "70", "s1": "1", "s2": "0", "s": "", "t": "42'", "m": "Makoto Hasebe won a free kick for Eintracht Frankfurt."}, {"id": "69", "s1": "1", "s2": "0", "s": "", "t": "41'", "m": "Chandler handled the ball out of the bottom line and Hannover 96 won a corner kick."}, {"id": "68", "s1": "1", "s2": "0", "s": "", "t": "39'", "m": "Yellow! Hannover 96 player Styndall was shown a yellow card by the referee for a malicious foul."}, {"id": "67", "s1": "1", "s2": "0", "s": "", "t": "39'", "m": "Hannover 96 player Styndall scrambled for a foul and the opponent was given possession of the ball."}, {"id": "66", "s1": "1", "s2": "0", "s": "", "t": "39'", "m": "Ochipka won a free kick for Eintracht Frankfurt."}, {"id": "65", "s1": "1", "s2": "0", "s": "", "t": "39'", "m": "Zambrano handled the ball out of the bottom line and Hannover 96 won a corner kick."}, {"id": "64", "s1": "1", "s2": "0", "s": "", "t": "38'", "m": "Sane won a free kick for Hannover 96 on the left."}, {"id": "63", "s1": "1", "s2": "0", "s": "", "t": "38'", "m": "Frankfurt player Aigner scrambled for a foul and his opponent was given possession of the ball."}, {"id": "62", "s1": "1", "s2": "0", "s": "", "t": "37'", "m": "Makoto Hasebe handled the ball out of the bottom line and Hannover 96 won a corner kick."}, {"id": "61", "s1": "1", "s2": "0", "s": "", "t": "37'", "m": "Shot!!! Frankfurt player Aigner's left-footed shot from the right side of the penalty area was saved by the opposing goalkeeper. It was Kitter who gave him the ball."}, {"id": "60", "s1": "1", "s2": "0", "s": "", "t": "35'", "m": "Hannover 96 player Prib scrambled for a foul and the opponent was given possession."}, {"id": "59", "s1": "1", "s2": "0", "s": "", "t": "35'", "m": "Zambrano won a free kick for Eintracht Frankfurt."}, {"id": "58", "s1": "1", "s2": "0", "s": "", "t": "34'", "m": "Steendell won a free kick for Hannover 96 at the opposing half."}, {"id": "57", "s1": "1", "s2": "0", "s": "", "t": "34'", "m": "Eintracht Frankfurt player Makoto Hasebe scrambled for a foul and his opponent gained possession of the ball."}, {"id": "56", "s1": "1", "s2": "0", "s": "", "t": "34'", "m": "Hannover 96 player Prib scrambled for a foul and the opponent was given possession."}, {"id": "55", "s1": "1", "s2": "0", "s": "", "t": "34'", "m": "Kittel won a free kick for Eintracht Frankfurt."}, {"id": "54", "s1": "1", "s2": "0", "s": "", "t": "32'", "m": "Hannover 96 player A-Konan scrambled for a foul and the opponent was given possession."}, {"id": "53", "s1": "1", "s2": "0", "s": "", "t": "32'", "m": "Zambrano won a free kick for Eintracht Frankfurt."}, {"id": "52", "s1": "1", "s2": "0", "s": "", "t": "31'", "m": "Frankfurt's Trapp kicked the ball straight to Seferović, but the referee raised a flag to show that the latter was offside."}, {"id": "51", "s1": "1", "s2": "0", "s": "", "t": "30'", "m": "Hannover 96 player Schultz scrambled for a foul and the opponent was given possession."}, {"id": "50", "s1": "1", "s2": "0", "s": "", "t": "30'", "m": "Kittel won a free kick for Eintracht Frankfurt."}, {"id": "49", "s1": "1", "s2": "0", "s": "", "t": "30'", "m": "Shot!!! Hannover 96 player Marcelo's header from the right side of the penalty area was saved by the opposing goalkeeper. It was Hiroshi Kiyotake who gave him the pass."}, {"id": "48", "s1": "1", "s2": "0", "s": "", "t": "29'", "m": "Steendell won a free kick for Hannover 96 at the opposing half."}, {"id": "47", "s1": "1", "s2": "0", "s": "", "t": "29'", "m": "Eintracht Frankfurt player Madeleine scrambled for a foul and the opponent was given possession of the ball."}, {"id": "46", "s1": "1", "s2": "0", "s": "", "t": "28'", "m": "Yellow! Frankfurt player Ochipka was shown a yellow card by the referee for a malicious foul."}, {"id": "45", "s1": "1", "s2": "0", "s": "", "t": "28'", "m": "Sane won a free kick for Hannover 96 on the right."}, {"id": "44", "s1": "1", "s2": "0", "s": "", "t": "28'", "m": "Frankfurt player Ochipka scrambled for a foul and the opponent was given possession of the ball."}, {"id": "43", "s1": "1", "s2": "0", "s": "", "t": "27'", "m": "Goal!!! Frankfurt player Madeleine's header from the centre of the penalty area, the ball flew from the bottom left corner into the goal and the ball went in! The assist was Ochipka. Frankfurt 1-0 Hanover 96."}, {"id": "42", "s1": "0", "s2": "0", "s": "", "t": "26'", "m": "Hannover 96 player Felipe scrambled for a foul and the opponent was given possession."}, {"id": "41", "s1": "0", "s2": "0", "s": "", "t": "26'", "m": "Aigner won a free kick for Eintracht Frankfurt at the opposing half."}, {"id": "40", "s1": "0", "s2": "0", "s": "", "t": "26'", "m": "Hannover 96 player Prib scrambled for a foul and the opponent was given possession."}, {"id": "39", "s1": "0", "s2": "0", "s": "", "t": "26'", "m": "Aigner won a free kick for Eintracht Frankfurt on the right."}, {"id": "38", "s1": "0", "s2": "0", "s": "", "t": "25'", "m": "Maderan handled the ball out of the bottom line and Hannover 96 won a corner kick."}, {"id": "37", "s1": "0", "s2": "0", "s": "", "t": "24'", "m": "Shot!!! Hannover 96 player Ya Konan's header from the centre of the penalty area was saved by the opposing goalkeeper. It was Hiroshi Kiyotake who gave him the pass."}, {"id": "36", "s1": "0", "s2": "0", "s": "", "t": "23'", "m": "Steendell won a free kick for Hannover 96 at the opposing half."}, {"id": "35", "s1": "0", "s2": "0", "s": "", "t": "23'", "m": "Frankfurt player Kitter scrambled for a foul and the opponent was given possession."}, {"id": "34", "s1": "0", "s2": "0", "s": "", "t": "19'", "m": "Eintracht Frankfurter tried a right-footed shot with a direct free-kick but unfortunately the ball went high above goal."}, {"id": "33", "s1": "0", "s2": "0", "s": "", "t": "18'", "m": "Hannover 96 player Marcelo scrambled for a foul and the opponent was given possession of the ball."}, {"id": "32", "s1": "0", "s2": "0", "s": "", "t": "18'", "m": "The Drys won a free kick for Eintracht Frankfurt on the left."}, {"id": "31", "s1": "0", "s2": "0", "s": "", "t": "18'", "m": "Eintracht Frankfurt player Seferović's left-footed shot from the right side of the penalty area was blocked by a defender. It was Aigner who gave him the pass."}, {"id": "30", "s1": "0", "s2": "0", "s": "", "t": "18'", "m": "Ziller handled the ball out of the bottom line and Eintracht Frankfurt won a corner kick."}, {"id": "29", "s1": "0", "s2": "0", "s": "", "t": "17'", "m": "Shot!!! Frankfurt player Mayer's right-footed shot from outside the penalty area was saved by the opposing goalkeeper."}, {"id": "28", "s1": "0", "s2": "0", "s": "", "t": "17'", "m": "Hannover 96 player Felipe scrambled for a foul and the opponent was given possession."}, {"id": "27", "s1": "0", "s2": "0", "s": "", "t": "17'", "m": "Seferovic won a free kick for Eintracht Frankfurt at the opposing half."}, {"id": "26", "s1": "0", "s2": "0", "s": "", "t": "16'", "m": "Hannover 96 player Briand scrambled for a foul and the opponent was given possession."}, {"id": "25", "s1": "0", "s2": "0", "s": "", "t": "16'", "m": "Ochipka won a free kick for Eintracht Frankfurt."}, {"id": "24", "s1": "0", "s2": "0", "s": "", "t": "15'", "m": "Steendell won a free kick for Hannover 96 at the opposing half."}, {"id": "23", "s1": "0", "s2": "0", "s": "", "t": "15'", "m": "Eintracht Frankfurt player Chandler was fouled for handball and the opponent was given the ball."}, {"id": "22", "s1": "0", "s2": "0", "s": "", "t": "14'", "m": "Hannover 96 player Felipe tried to head the ball on the right side of the penalty area, but unfortunately the ball was slightly offside the right goal."}, {"id": "21", "s1": "0", "s2": "0", "s": "", "t": "14'", "m": "Makoto Hasebe handled the ball out of the bottom line and Hannover 96 won a corner kick."}, {"id": "20", "s1": "0", "s2": "0", "s": "", "t": "14'", "m": "Hannover 96 player Prieb's left-footed shot from the left side of the penalty area was blocked by a defender. It was Hiroshi Kiyotake who gave him the pass."}, {"id": "19", "s1": "0", "s2": "0", "s": "", "t": "13'", "m": "Frankfurter Madeleine attempted a header in the centre of the penalty area, but unfortunately the ball was slightly offside the right goal. The one who gave him the ball was Okipka."}, {"id": "18", "s1": "0", "s2": "0", "s": "", "t": "13'", "m": "Yellow! Hannover 96 player Hiroki Sakai was shown a yellow card by the referee for a malicious foul."}, {"id": "17", "s1": "0", "s2": "0", "s": "", "t": "13'", "m": "Hannover 96 player Hiroki Sakai scrambled for a foul and the opponent was given possession of the ball."}, {"id": "16", "s1": "0", "s2": "0", "s": "", "t": "13'", "m": "Ochipka won a free kick for Eintracht Frankfurt on the left."}, {"id": "15", "s1": "0", "s2": "0", "s": "", "t": "8'", "m": "Hannover 96 player Hiroki Sakai scrambled for a foul and the opponent was given possession of the ball."}, {"id": "14", "s1": "0", "s2": "0", "s": "", "t": "8'", "m": "The Drys won a free kick for Eintracht Frankfurt on the left."}, {"id": "13", "s1": "0", "s2": "0", "s": "", "t": "7'", "m": "Hannover 96 player A-Konan scrambled for a foul and the opponent was given possession."}, {"id": "12", "s1": "0", "s2": "0", "s": "", "t": "7'", "m": "Zambrano won a free kick for Eintracht Frankfurt."}, {"id": "11", "s1": "0", "s2": "0", "s": "", "t": "7'", "m": "Hannover 96 player A-Konan scrambled for a foul and the opponent was given possession."}, {"id": "10", "s1": "0", "s2": "0", "s": "", "t": "7'", "m": "Zambrano won a free kick for Eintracht Frankfurt."}, {"id": "9", "s1": "0", "s2": "0", "s": "", "t": "6'", "m": "Felipe won a free kick for the Hanover 96."}, {"id": "8", "s1": "0", "s2": "0", "s": "", "t": "6'", "m": "Frankfurt player Seferović scrambled for a foul and his opponent was given possession of the ball."}, {"id": "7", "s1": "0", "s2": "0", "s": "", "t": "5'", "m": "Hannover 96 player Hiroshi Kiyotake's right-footed shot from outside the penalty area was blocked by a defender. It was Styndall who gave him the pass."}, {"id": "6", "s1": "0", "s2": "0", "s": "", "t": "5'", "m": "Eintracht Frankfurt player Ochipka shoved the ball straight into Agner, but the referee raised a flag to show that the latter was offside."}, {"id": "5", "s1": "0", "s2": "0", "s": "", "t": "3'", "m": "A-Konan won a free kick for Hannover 96."}, {"id": "4", "s1": "0", "s2": "0", "s": "", "t": "3'", "m": "Frankfurt player Kitter scrambled for a foul and the opponent was given possession."}, {"id": "3", "s1": "0", "s2": "0", "s": "", "t": "2'", "m": "Eintracht Frankfurt player Zambrano scrambled for a foul and his opponent was given possession of the ball."}, {"id": "2", "s1": "0", "s2": "0", "s": "", "t": "2'", "m": "A-Konan won a free kick for Hannover 96 in the opposing half."}, {"id": "1", "s1": "0", "s2": "0", "s": "", "t": "", "m": "With a whistle from the referee, the first half of the game began."}]