[{"id": "4389853", "s1": "0", "s2": "4", "s": "Finish", "t": "", "m": "Well, the game will be broadcast live to this for everyone, we will see you next time!"}, {"id": "4389849", "s1": "0", "s2": "4", "s": "Finish", "t": "", "m": "Bayern continue to be unbeaten and have locked up the halfway title early"}, {"id": "4389840", "s1": "0", "s2": "4", "s": "Finish", "t": "", "m": "Bayern's knife in the second half was bloody"}, {"id": "4389838", "s1": "0", "s2": "4", "s": "Finish", "t": "", "m": "Bayern scored in the first half"}, {"id": "4389835", "s1": "", "s2": "", "s": "", "t": "", "m": "", "lnk": {"title": "瓜帅目光深邃", "href": "http://www.sinaimg.cn/dy/slidenews/2_img/2014_50/730_1400459_129077.jpg", "type": "image", "extra": []}}, {"id": "4389832", "s1": "0", "s2": "4", "s": "Finish", "t": "", "m": "Augsburg lost 4-0 to Bayern Munich!"}, {"id": "4389827", "s1": "0", "s2": "4", "s": "Next", "t": "46'", "m": "The whole game is over!"}, {"id": "4389822", "s1": "0", "s2": "4", "s": "Next", "t": "46'", "m": "Moldes countered offside into the penalty area, but his shot was weak"}, {"id": "4389818", "s1": "0", "s2": "4", "s": "Next", "t": "45'", "m": "Levan dribbled the ball in the corner of the penalty area and lost it"}, {"id": "4389810", "s1": "0", "s2": "4", "s": "Next", "t": "44'", "m": "Moldes fouled Ribery in the front"}, {"id": "4389808", "s1": "0", "s2": "4", "s": "Next", "t": "44'", "m": "Götze sent a straight tuck into the box and the ball was picked up by Manninger"}, {"id": "4389804", "s1": "0", "s2": "4", "s": "Next", "t": "43'", "m": "Müller took the ball on the right and knocked it back"}, {"id": "4389800", "s1": "0", "s2": "4", "s": "Next", "t": "43'", "m": "Bayern continued to control the ball and was destroyed in front of the penalty area"}, {"id": "4389794", "s1": "0", "s2": "4", "s": "Next", "t": "42'", "m": "The corner kick went out and Ribery swung continuously on the left and did not form a cross"}, {"id": "4389790", "s1": "0", "s2": "4", "s": "Next", "t": "42'", "m": "Müller entered the penalty area and his low shot was saved by Manninger"}, {"id": "4389776", "s1": "0", "s2": "4", "s": "Next", "t": "39'", "m": "The ball went into the box again, levan did not have a chance to get up, scuffled, was blocked"}, {"id": "4389769", "s1": "0", "s2": "4", "s": "Next", "t": "39'", "m": "Götze defended the ball on the left and knocked back ribery"}, {"id": "4389760", "s1": "0", "s2": "4", "s": "Next", "t": "38'", "m": "Feuerhach assisted on the right and the cross was in front of goal, but Eswein did not hit the right post"}, {"id": "4389758", "s1": "0", "s2": "4", "s": "Next", "t": "37'", "m": "The corner kick was set wide and Benatia's header was high"}, {"id": "4389744", "s1": "0", "s2": "4", "s": "Next", "t": "35'", "m": "There were corners that were rubbed off the crossbar"}, {"id": "4389741", "s1": "0", "s2": "4", "s": "Next", "t": "35'", "m": "Müller's inverted triangle pass from the right was reversed and Levan took the ball and turned to shoot high!"}, {"id": "4389735", "s1": "0", "s2": "4", "s": "Next", "t": "34'", "m": "In front of the perimeter pass, the bottom line is out"}, {"id": "4389732", "s1": "0", "s2": "4", "s": "Next", "t": "34'", "m": "Bayern corner kick from the left and opened a tactical corner"}, {"id": "4389730", "s1": "0", "s2": "4", "s": "Next", "t": "34'", "m": "Robben was replaced by Mueller"}, {"id": "4389717", "s1": "0", "s2": "4", "s": "Next", "t": "32'", "m": "Baba's cross from the left went straight out of the line"}, {"id": "4389709", "s1": "0", "s2": "4", "s": "Next", "t": "31'", "m": "Foyrna plugged in the ball and the second heel was cleared, a corner kick"}, {"id": "4389703", "s1": "0", "s2": "4", "s": "Next", "t": "31'", "m": "Augsburg attacked from the left and the cross was in front of goal"}, {"id": "4389699", "s1": "0", "s2": "4", "s": "Next", "t": "30'", "m": "Bayern also made a substitution, with Götze replacing Alonso"}, {"id": "4389695", "s1": "0", "s2": "4", "s": "Next", "t": "29'", "m": "Augsburg was replaced, and Kohl replaced Altentop"}, {"id": "4389688", "s1": "", "s2": "", "s": "", "t": "", "m": "", "lnk": {"title": "莱万暴力射门", "href": "http://www.sinaimg.cn/dy/slidenews/2_img/2014_50/730_1400470_850705.jpg", "type": "image", "extra": []}}, {"id": "4389684", "s1": "0", "s2": "4", "s": "Next", "t": "27'", "m": "Schweinsteiger was replaced by Hoy Berger"}, {"id": "4389682", "s1": "0", "s2": "4", "s": "Next", "t": "27'", "m": "Bayern started making substitutions"}, {"id": "4389681", "s1": "0", "s2": "4", "s": "Next", "t": "27'", "m": "0-4！"}, {"id": "4389680", "s1": "0", "s2": "4", "s": "Next", "t": "27'", "m": "After the first blow was destroyed, Robben received a cross from his teammate and shot low into the bottom right corner of the box!"}, {"id": "4389678", "s1": "0", "s2": "4", "s": "Next", "t": "26'", "m": "Robben!"}, {"id": "4389677", "s1": "0", "s2": "4", "s": "Next", "t": "26'", "m": "Keep coming! Bayern made it to the fourth!"}, {"id": "4389676", "s1": "0", "s2": "3", "s": "Next", "t": "26'", "m": "Robben crossed the line in front of the penalty area and was destroyed by Baba"}, {"id": "4389675", "s1": "0", "s2": "3", "s": "Next", "t": "25'", "m": "Augsburg was replaced, with Eswein replacing Werner"}, {"id": "4389674", "s1": "0", "s2": "3", "s": "Next", "t": "25'", "m": "All three goals were dead ends and too tricky"}, {"id": "4389673", "s1": "0", "s2": "3", "s": "Next", "t": "25'", "m": "Augsburg trail Bayern 3-0!"}, {"id": "4389672", "s1": "0", "s2": "3", "s": "Next", "t": "25'", "m": "Levan received a cross from his teammate in front of the penalty area, adjusted the angle of a few steps, and shot a low flat ball into the dead corner of the near goalpost!"}, {"id": "4389671", "s1": "0", "s2": "3", "s": "Next", "t": "24'", "m": "This time it's Lewandowski!"}, {"id": "4389670", "s1": "0", "s2": "3", "s": "Next", "t": "24'", "m": "Bayern scored! Third!"}, {"id": "4389669", "s1": "0", "s2": "2", "s": "Next", "t": "23'", "m": "Before Rafinha gave the penalty area, Robben continued to shoot into the far corner, this time deflected"}, {"id": "4389668", "s1": "0", "s2": "2", "s": "Next", "t": "23'", "m": "Bayern continued to control the ball, shifting to the right"}, {"id": "4389667", "s1": "0", "s2": "2", "s": "Next", "t": "23'", "m": "Schweinstergra went down the right and the cross was blocked"}, {"id": "4389666", "s1": "0", "s2": "2", "s": "Next", "t": "21'", "m": "Bayer went straight and the ball was confiscated by Neuer"}, {"id": "4389665", "s1": "0", "s2": "2", "s": "Next", "t": "21'", "m": "Consecutive headers from midfield were crossed, Levan then transferred and the pass was lost"}, {"id": "4389664", "s1": "0", "s2": "2", "s": "Next", "t": "21'", "m": "Levan withdrew to take the ball, which was destroyed by the rear"}, {"id": "4389663", "s1": "0", "s2": "2", "s": "Next", "t": "20'", "m": "Werner's cross from the left was cleared by a header"}, {"id": "4389662", "s1": "", "s2": "", "s": "", "t": "", "m": "", "lnk": {"title": "小猪遭凶狠犯规", "href": "http://www.sinaimg.cn/dy/slidenews/2_img/2014_50/730_1400463_177550.jpg", "type": "image", "extra": []}}, {"id": "4389661", "s1": "0", "s2": "2", "s": "Next", "t": "20'", "m": "Augsburg was replaced, and Kizutić was replaced by Moldes"}, {"id": "4389660", "s1": "0", "s2": "2", "s": "Next", "t": "19'", "m": "Levan took the ball with his back to the penalty area and was offside"}, {"id": "4389659", "s1": "0", "s2": "2", "s": "Next", "t": "18'", "m": "Before Augsburg crossed the penalty area, Bernat came over to intercept the ball"}, {"id": "4389657", "s1": "0", "s2": "2", "s": "Next", "t": "18'", "m": "Levan received Schweinsteg and did not receive the ball"}, {"id": "4389654", "s1": "0", "s2": "2", "s": "Next", "t": "18'", "m": "Bernat intercepted on the left and passed Back to Neuer"}, {"id": "4389651", "s1": "0", "s2": "2", "s": "Next", "t": "17'", "m": "Outside Alonso was fouled"}, {"id": "4389650", "s1": "0", "s2": "2", "s": "Next", "t": "17'", "m": "Rod crossed again from the right and Hong just headed the ball off the line"}, {"id": "4389649", "s1": "0", "s2": "2", "s": "Next", "t": "17'", "m": "Robben took the ball on the right and broke into the box and was destroyed"}, {"id": "4389646", "s1": "0", "s2": "2", "s": "Next", "t": "16'", "m": "In a 2-minute blitzkrieg, Bayern already had the winning hand"}, {"id": "4389645", "s1": "0", "s2": "2", "s": "Next", "t": "16'", "m": "Augsburg trail Bayern 0-2!"}, {"id": "4389643", "s1": "0", "s2": "2", "s": "Next", "t": "16'", "m": "Ribery's cross into the box was met and Robben took the ball to adjust his step, shot into the far corner and bounced into the net again!"}, {"id": "4389639", "s1": "0", "s2": "2", "s": "Next", "t": "15'", "m": "Robben!天外飞仙！"}, {"id": "4389638", "s1": "0", "s2": "2", "s": "Next", "t": "15'", "m": "Bayern scored again!!!"}, {"id": "4389637", "s1": "0", "s2": "1", "s": "Next", "t": "15'", "m": "Ribery's cross from the left was met"}, {"id": "4389633", "s1": "0", "s2": "1", "s": "Next", "t": "14'", "m": "Augsburg counterattacked, straight forward, Kizutić offside"}, {"id": "4389628", "s1": "0", "s2": "1", "s": "Next", "t": "14'", "m": "Augsburg trail Bayern 1-0!"}, {"id": "4389625", "s1": "0", "s2": "1", "s": "Next", "t": "14'", "m": "Before Ribery's free-kick opened the door, Benatia inserted the header and slammed into the net, the neutral post bounced into the net!"}, {"id": "4389621", "s1": "0", "s2": "1", "s": "Next", "t": "13'", "m": "Benatia!"}, {"id": "4389618", "s1": "0", "s2": "1", "s": "Next", "t": "13'", "m": "Bayern scored!!!"}, {"id": "4389613", "s1": "0", "s2": "0", "s": "Next", "t": "13'", "m": "Bovadia returned from the right to defend against a foul"}, {"id": "4389609", "s1": "0", "s2": "0", "s": "Next", "t": "12'", "m": "Ribery cut inside on the left and was destroyed"}, {"id": "4389604", "s1": "0", "s2": "0", "s": "Next", "t": "12'", "m": "Bayern moved the ball at the back"}, {"id": "4389603", "s1": "0", "s2": "0", "s": "Next", "t": "12'", "m": "Outside the box, Bayer's long-range shot was saved by Neuer"}, {"id": "4389601", "s1": "0", "s2": "0", "s": "Next", "t": "11'", "m": "Augsburg crossed diagonally to the right side of the penalty area and knocked back"}, {"id": "4389599", "s1": "0", "s2": "0", "s": "Next", "t": "11'", "m": "Baba advanced with the ball and was shoveled off the sideline by Schweinsteiger"}, {"id": "4389597", "s1": "0", "s2": "0", "s": "Next", "t": "11'", "m": "Rafinha went down the right and the incision was destroyed"}, {"id": "4389591", "s1": "0", "s2": "0", "s": "Next", "t": "8'", "m": "Robben took the ball on the right and cut inside, which was destroyed"}, {"id": "4389572", "s1": "0", "s2": "0", "s": "Next", "t": "6'", "m": "A corner kick from the other side was cleared by a header and Rhodes fired a shot at the perimeter"}, {"id": "4389569", "s1": "0", "s2": "0", "s": "Next", "t": "6'", "m": "Before the corner kick opened, Alonso's header was blocked by Manninger on the goal line"}, {"id": "4389566", "s1": "0", "s2": "0", "s": "Next", "t": "5'", "m": "Levan took the ball and split the left, and the shot that received the knock back was blocked, and the corner was taken"}, {"id": "4389564", "s1": "0", "s2": "0", "s": "Next", "t": "4'", "m": "Boateng's big foot broke the siege, and Hong just protected the ball out of bounds"}, {"id": "4389557", "s1": "0", "s2": "0", "s": "Next", "t": "4'", "m": "Kizutic forced Alonso to foul up front"}, {"id": "4389548", "s1": "0", "s2": "0", "s": "Next", "t": "3'", "m": "Altentop entered the penalty area and the cross was cleared by Benatia"}, {"id": "4389545", "s1": "0", "s2": "0", "s": "Next", "t": "3'", "m": "Robben was cut off with the ball in midfield"}, {"id": "4389542", "s1": "0", "s2": "0", "s": "Next", "t": "2'", "m": "Levan's header from the middle of the road was high on goal!"}, {"id": "4389540", "s1": "0", "s2": "0", "s": "Next", "t": "2'", "m": "Ribery took the ball from the left and broke through the bottom of the cross"}, {"id": "4389534", "s1": "0", "s2": "0", "s": "Next", "t": "1'", "m": "Werner plugged in on the left and offside"}, {"id": "4389531", "s1": "0", "s2": "0", "s": "Next", "t": "1'", "m": "A long pass from the backcourt was picked up by Manninger"}, {"id": "4389530", "s1": "0", "s2": "0", "s": "Next", "t": "1'", "m": "The ball came to Bayern again"}, {"id": "4389528", "s1": "0", "s2": "0", "s": "Next", "t": "1'", "m": "Augsburg mid-circle kick-off"}, {"id": "4389525", "s1": "0", "s2": "0", "s": "Next", "t": "", "m": "The second half of the game begins!"}, {"id": "4389407", "s1": "", "s2": "", "s": "", "t": "", "m": "", "lnk": {"title": "格策和穆勒替补待命", "href": "http://www.sinaimg.cn/dy/slidenews/2_img/2014_50/730_1400462_527453.jpg", "type": "image", "extra": []}}, {"id": "4389395", "s1": "0", "s2": "0", "s": "Midfielder", "t": "", "m": "The integrity and pertinence of the defense is well done"}, {"id": "4389390", "s1": "0", "s2": "0", "s": "Midfielder", "t": "", "m": "Augsburg's ability to finish third naturally has his own uniqueness"}, {"id": "4389379", "s1": "0", "s2": "0", "s": "Midfielder", "t": "", "m": "Bayern basically controlled the scene, but it was difficult to translate into a chance to score goals"}, {"id": "4389374", "s1": "0", "s2": "0", "s": "Midfielder", "t": "", "m": "The two sides drew 0-0 at halftime!"}, {"id": "4389369", "s1": "0", "s2": "0", "s": "on", "t": "46'", "m": "The first half is over!"}, {"id": "4389366", "s1": "0", "s2": "0", "s": "on", "t": "46'", "m": "The second time Neuer got stuck, Werner pushed"}, {"id": "4389363", "s1": "0", "s2": "0", "s": "on", "t": "46'", "m": "Werner received a long pass and Neuer struck the side with a shovel"}, {"id": "4389361", "s1": "0", "s2": "0", "s": "on", "t": "45'", "m": "Ribery was caught in a circle of encirclement"}, {"id": "4389359", "s1": "0", "s2": "0", "s": "on", "t": "45'", "m": "Levan took the ball outside the penalty area and knocked it back"}, {"id": "4389357", "s1": "0", "s2": "0", "s": "on", "t": "45'", "m": "The midfield has been competing for the top consecutively"}, {"id": "4389350", "s1": "0", "s2": "0", "s": "on", "t": "44'", "m": "1 minute of stoppage time in the first half"}, {"id": "4389347", "s1": "0", "s2": "0", "s": "on", "t": "44'", "m": "Bernat midfielder pushed the pusher"}, {"id": "4389343", "s1": "", "s2": "", "s": "", "t": "", "m": "", "lnk": {"title": "罗本起脚射门", "href": "http://www.sinaimg.cn/dy/slidenews/2_img/2014_50/730_1400461_766392.jpg", "type": "image", "extra": []}}, {"id": "4389338", "s1": "0", "s2": "0", "s": "on", "t": "43'", "m": "Bernat gave the left side behind him and Ferhachka took the position to let the ball off the line"}, {"id": "4389333", "s1": "0", "s2": "0", "s": "on", "t": "43'", "m": "Ferhach pad crossed from the right and went out of the line"}, {"id": "4389329", "s1": "0", "s2": "0", "s": "on", "t": "42'", "m": "Followed by a second kick to kick the ball off the sideline"}, {"id": "4389324", "s1": "0", "s2": "0", "s": "on", "t": "42'", "m": "Boateng's backcourt is not far away"}, {"id": "4389318", "s1": "0", "s2": "0", "s": "on", "t": "41'", "m": "The kick in front of the penalty area was matched and Rod's shot was deflected"}, {"id": "4389313", "s1": "0", "s2": "0", "s": "on", "t": "41'", "m": "Bayern split on the right, Robbenne"}, {"id": "4389307", "s1": "0", "s2": "0", "s": "on", "t": "40'", "m": "Craven midfielder defended Levan from a foul"}, {"id": "4389304", "s1": "0", "s2": "0", "s": "on", "t": "40'", "m": "Altentop got rid of the midfield and the break was cut off"}, {"id": "4389298", "s1": "0", "s2": "0", "s": "on", "t": "39'", "m": "Bovadia scrambled for fouls up front"}, {"id": "4389289", "s1": "0", "s2": "0", "s": "on", "t": "39'", "m": "Free kicks don't have a wall"}, {"id": "4389283", "s1": "0", "s2": "0", "s": "on", "t": "38'", "m": "The top of the penalty area, a free kick in the middle of the road, excellent location"}, {"id": "4389281", "s1": "0", "s2": "0", "s": "on", "t": "38'", "m": "The referee gave Augsburg a free kick"}, {"id": "4389277", "s1": "0", "s2": "0", "s": "on", "t": "37'", "m": "In the scramble for the top of the periphery, Foyrna fell to the ground"}, {"id": "4389275", "s1": "0", "s2": "0", "s": "on", "t": "37'", "m": "The free kick went to the middle and was cleared by a header"}, {"id": "4389272", "s1": "0", "s2": "0", "s": "on", "t": "37'", "m": "Rod steals foul and trips up Altentop"}, {"id": "4389268", "s1": "0", "s2": "0", "s": "on", "t": "37'", "m": "A small range fit on the right side of Augsburg"}, {"id": "4389262", "s1": "0", "s2": "0", "s": "on", "t": "36'", "m": "Ribery went down the left and didn't catch up"}, {"id": "4389258", "s1": "0", "s2": "0", "s": "on", "t": "35'", "m": "Augsburg continued the long pass transfer, not passing in place"}, {"id": "4389256", "s1": "0", "s2": "0", "s": "on", "t": "35'", "m": "Rod took the ball and was snatched"}, {"id": "4389253", "s1": "0", "s2": "0", "s": "on", "t": "35'", "m": "Bayern continued to patiently pour the ball on the perimeter"}, {"id": "4389252", "s1": "0", "s2": "0", "s": "on", "t": "34'", "m": "Robben broke through and split the ball onto the right"}, {"id": "4389248", "s1": "0", "s2": "0", "s": "on", "t": "34'", "m": "Bayern controlled the ball at the back"}, {"id": "4389243", "s1": "0", "s2": "0", "s": "on", "t": "34'", "m": "Werner plugged in and was stuck in the position by Benatia"}, {"id": "4389235", "s1": "0", "s2": "0", "s": "on", "t": "33'", "m": "A shift ball from the Augsburg backcourt gave the sidelines"}, {"id": "4389230", "s1": "0", "s2": "0", "s": "on", "t": "32'", "m": "Robben went to the left to insert into the penalty area and his shot from a tight angle was saved by Manninger"}, {"id": "4389226", "s1": "0", "s2": "0", "s": "on", "t": "32'", "m": "Bernat picked the ball over the left and split the middle"}, {"id": "4389222", "s1": "", "s2": "", "s": "", "t": "", "m": "", "lnk": {"title": "拉菲尼亚卖力防守", "href": "http://www.sinaimg.cn/dy/slidenews/2_img/2014_50/730_1400460_874016.jpg", "type": "image", "extra": []}}, {"id": "4389216", "s1": "0", "s2": "0", "s": "on", "t": "31'", "m": "Benatia snatched in midfield, two in a row, and his long-range shot from the edge of the box was saved by Manninger"}, {"id": "4389211", "s1": "0", "s2": "0", "s": "on", "t": "31'", "m": "Schweinsteiger gave the right side and Baba broke out of the sideline"}, {"id": "4389207", "s1": "0", "s2": "0", "s": "on", "t": "30'", "m": "Robben cut in on the right and was destroyed"}, {"id": "4389201", "s1": "0", "s2": "0", "s": "on", "t": "30'", "m": "Bayern continued to control the ball at the back"}, {"id": "4389194", "s1": "0", "s2": "0", "s": "on", "t": "29'", "m": "Levan received inside the penalty area, offside first"}, {"id": "4389190", "s1": "0", "s2": "0", "s": "on", "t": "29'", "m": "Robben plugged Rafinha on the right and knocked back"}, {"id": "4389184", "s1": "0", "s2": "0", "s": "on", "t": "28'", "m": "Augsburg passed a long biography and was confiscated by Neuer"}, {"id": "4389177", "s1": "0", "s2": "0", "s": "on", "t": "27'", "m": "Bernat's cross from the left was blocked by Levan's stopped shot"}, {"id": "4389175", "s1": "0", "s2": "0", "s": "on", "t": "27'", "m": "Alonso's diagonal transfer did not go over the top"}, {"id": "4389174", "s1": "0", "s2": "0", "s": "on", "t": "27'", "m": "Bayer's insertion of the shot was confiscated by Neuer"}, {"id": "4389173", "s1": "0", "s2": "0", "s": "on", "t": "26'", "m": "Augsburg sent a cross from the right to the middle"}, {"id": "4389171", "s1": "0", "s2": "0", "s": "on", "t": "26'", "m": "Rod's long-range shot was deflected"}, {"id": "4389169", "s1": "0", "s2": "0", "s": "on", "t": "25'", "m": "The goal was not successful and was snatched by Benatia"}, {"id": "4389168", "s1": "0", "s2": "0", "s": "on", "t": "25'", "m": "Werner counter-attacked with the ball to Alten Top on the left"}, {"id": "4389165", "s1": "0", "s2": "0", "s": "on", "t": "25'", "m": "Alonso received a cross from the right in front of the penalty area and stopped widely"}, {"id": "4389163", "s1": "0", "s2": "0", "s": "on", "t": "24'", "m": "Bayern reversed the ball at the back"}, {"id": "4389161", "s1": "0", "s2": "0", "s": "on", "t": "24'", "m": "There is no good chance to get back to midfield control"}, {"id": "4389160", "s1": "0", "s2": "0", "s": "on", "t": "24'", "m": "Ribery followed the diagonal pass from the left, entered the penalty area and knocked back"}, {"id": "4389159", "s1": "0", "s2": "0", "s": "on", "t": "23'", "m": "A cross from the right was met by Schweinsterger's header that was picked up by Manninger"}, {"id": "4389158", "s1": "0", "s2": "0", "s": "on", "t": "23'", "m": "Levan made the ball in front of the penalty area, and Robben stopped the ball into the box and was destroyed"}, {"id": "4389156", "s1": "0", "s2": "0", "s": "on", "t": "22'", "m": "Bayern's free-kick opportunity on the right side of the field"}, {"id": "4389155", "s1": "0", "s2": "0", "s": "on", "t": "22'", "m": "Baba snatched Robben on the left and was fouled"}, {"id": "4389153", "s1": "0", "s2": "0", "s": "on", "t": "22'", "m": "Bernat gave Ribery from the left, whose low shot from the inside was saved by Manninger"}, {"id": "4389151", "s1": "0", "s2": "0", "s": "on", "t": "21'", "m": "Bovadia pressed fouls up front"}, {"id": "4389150", "s1": "0", "s2": "0", "s": "on", "t": "20'", "m": "Alonso midfielder intercepted a foul"}, {"id": "4389149", "s1": "0", "s2": "0", "s": "on", "t": "20'", "m": "Ribery passed by on the left and was unblocked in front of the door"}, {"id": "4389145", "s1": "0", "s2": "0", "s": "on", "t": "20'", "m": "Schweinsteger got rid of being tripped"}, {"id": "4389142", "s1": "0", "s2": "0", "s": "on", "t": "20'", "m": "Boateng intercepted at the back and gave the midfielder"}, {"id": "4389140", "s1": "0", "s2": "0", "s": "on", "t": "19'", "m": "Ribery's cross from the left was met，被解围"}, {"id": "4389139", "s1": "0", "s2": "0", "s": "on", "t": "19'", "m": "Feuerhach was snatched by Levan with the ball"}, {"id": "4389137", "s1": "0", "s2": "0", "s": "on", "t": "19'", "m": "Boateng broke free in front of the bottom line"}, {"id": "4389135", "s1": "0", "s2": "0", "s": "on", "t": "18'", "m": "Neuer went out of the box to break the siege and almost made a mistake"}, {"id": "4389133", "s1": "0", "s2": "0", "s": "on", "t": "17'", "m": "Kizutić offside returned"}, {"id": "4389132", "s1": "0", "s2": "0", "s": "on", "t": "17'", "m": "Augsburg came back in front"}, {"id": "4389130", "s1": "0", "s2": "0", "s": "on", "t": "17'", "m": "Rod crossed diagonally again, and his teammates did not intervene"}, {"id": "4389129", "s1": "0", "s2": "0", "s": "on", "t": "16'", "m": "Schweinsteiger took the ball on the left and gave it to Rod, who was plugged in at the back"}, {"id": "4389128", "s1": "0", "s2": "0", "s": "on", "t": "16'", "m": "Robben went down the right side and was destroyed"}, {"id": "4389127", "s1": "0", "s2": "0", "s": "on", "t": "15'", "m": "Hong just went straight into the penalty area and Kizutic didn't stop the ball"}, {"id": "4389124", "s1": "0", "s2": "0", "s": "on", "t": "15'", "m": "Feuerhach's cross from the right was intercepted"}, {"id": "4389123", "s1": "0", "s2": "0", "s": "on", "t": "14'", "m": "Neuer went outside the penalty area to break the siege"}, {"id": "4389122", "s1": "0", "s2": "0", "s": "on", "t": "14'", "m": "Ribery and Robben worked together in front of the penalty area and were released"}, {"id": "4389121", "s1": "0", "s2": "0", "s": "on", "t": "14'", "m": "Rafinha tried to score the ball on the right and didn't succeed"}, {"id": "4389119", "s1": "0", "s2": "0", "s": "on", "t": "13'", "m": "Bayern controlled the ball at the back"}, {"id": "4389118", "s1": "0", "s2": "0", "s": "on", "t": "13'", "m": "Augsburg sent a long pass on the right and did not find a teammate"}, {"id": "4389117", "s1": "0", "s2": "0", "s": "on", "t": "12'", "m": "Boateng gave the left side behind him, and Ribery plugged in to be destroyed"}, {"id": "4389115", "s1": "0", "s2": "0", "s": "on", "t": "12'", "m": "Levan pulled the ball forward and turned around and knocked back"}, {"id": "4389114", "s1": "0", "s2": "0", "s": "on", "t": "11'", "m": "Ribery made a mistake in midfield and counter-grabbed fouls"}, {"id": "4389112", "s1": "0", "s2": "0", "s": "on", "t": "11'", "m": "Before the free-kick was swept into the penalty area, Werner's header was deflected off the top"}, {"id": "4389111", "s1": "0", "s2": "0", "s": "on", "t": "10'", "m": "The midfield scrambled and Alonso was fouled"}, {"id": "4389110", "s1": "0", "s2": "0", "s": "on", "t": "10'", "m": "Moving to the other side, Benatia intercepted and passed Back to Neuer"}, {"id": "4389109", "s1": "0", "s2": "0", "s": "on", "t": "10'", "m": "Feuerhach took the ball on the right and knocked Hong back just right"}, {"id": "4389108", "s1": "0", "s2": "0", "s": "on", "t": "9'", "m": "Tactical corner kicks into the box before the combination was unsuccessful"}, {"id": "4389107", "s1": "0", "s2": "0", "s": "on", "t": "9'", "m": "Robben continued to cut inside into the middle, his long-range shot was blocked, and he took a corner kick"}, {"id": "4389106", "s1": "0", "s2": "0", "s": "on", "t": "9'", "m": "Schweinsteiger took the ball in midfield and gave it to Robben on the right"}, {"id": "4389105", "s1": "0", "s2": "0", "s": "on", "t": "8'", "m": "Augsburg's frontcourt was fouled"}, {"id": "4389104", "s1": "0", "s2": "0", "s": "on", "t": "7'", "m": "Robben broke through in the middle of the road and fired a long-range shot in front of the penalty area!"}, {"id": "4389102", "s1": "0", "s2": "0", "s": "on", "t": "7'", "m": "Baba crossed from the left and Bayer's header was confiscated by Neuer"}, {"id": "4389100", "s1": "0", "s2": "0", "s": "on", "t": "6'", "m": "Bernat's cross from the left was confiscated by Manninger"}, {"id": "4389099", "s1": "0", "s2": "0", "s": "on", "t": "6'", "m": "Bayern continued down the right and crossed to the other side"}, {"id": "4389097", "s1": "0", "s2": "0", "s": "on", "t": "6'", "m": "Boateng gave the left and continued back to Neuer outside the penalty area"}, {"id": "4389096", "s1": "0", "s2": "0", "s": "on", "t": "5'", "m": "Rafinha assisted on the right and knocked Back Robben"}, {"id": "4389094", "s1": "0", "s2": "0", "s": "on", "t": "5'", "m": "Robben's corner kick opened the edge of the penalty area, got bigger, and went out of the line"}, {"id": "4389092", "s1": "0", "s2": "0", "s": "on", "t": "4'", "m": "Robben took the ball into the box on the right and gave it to Ribery in the middle, was blocked, corner kick"}, {"id": "4389089", "s1": "0", "s2": "0", "s": "on", "t": "4'", "m": "The ball went into midfield and Bernardia returned to Neuer"}, {"id": "4389088", "s1": "0", "s2": "0", "s": "on", "t": "4'", "m": "Rafinha plugged in from the right and the bottom cross was big"}, {"id": "4389087", "s1": "0", "s2": "0", "s": "on", "t": "3'", "m": "Alonso's free-kick kick opened the back post and Schweinsteiger's header was deflected wide"}, {"id": "4389086", "s1": "0", "s2": "0", "s": "on", "t": "2'", "m": "Hong just defended Levan and pushed people"}, {"id": "4389085", "s1": "0", "s2": "0", "s": "on", "t": "2'", "m": "Alonso took the ball in midfield and gave it to the left"}, {"id": "4389083", "s1": "0", "s2": "0", "s": "on", "t": "2'", "m": "The ball was sent down the right and Craven shoveled the ball off the sideline"}, {"id": "4389082", "s1": "0", "s2": "0", "s": "on", "t": "1'", "m": "Boateng returns Neuer"}, {"id": "4389081", "s1": "0", "s2": "0", "s": "on", "t": "1'", "m": "The referee gave Bayern a sideline ball"}, {"id": "4389080", "s1": "0", "s2": "0", "s": "on", "t": "1'", "m": "Rafinha destroyed the ball"}, {"id": "4389079", "s1": "0", "s2": "0", "s": "on", "t": "1'", "m": "Augsburg advanced on the left"}, {"id": "4389075", "s1": "0", "s2": "0", "s": "on", "t": "", "m": "The first half of the game begins!"}, {"id": "4389073", "s1": "0", "s2": "0", "s": "Not matched", "t": "", "m": "Players from both teams have entered"}, {"id": "4389071", "s1": "0", "s2": "0", "s": "Not matched", "t": "", "m": "Bayern Munich: Neuer, Rafinha, Bernardia, Boateng, Bernat, Alonso, Schweinsteiger, Robben, Rhodes, Ribery, Lewandowski"}, {"id": "4389070", "s1": "0", "s2": "0", "s": "Not matched", "t": "", "m": "Augsburg: Manninger, Fervach, Kravan, Hon, Baba, Foyrna, Bayer, Djurgić, Bovadilia, Werner, Altentorp"}, {"id": "4389069", "s1": "0", "s2": "0", "s": "Not matched", "t": "", "m": "The starters of both teams are out, let's take a look right away"}, {"id": "4389068", "s1": "0", "s2": "0", "s": "Not matched", "t": "", "m": "Later, Ultraman will bring you the live broadcast of the Augsburg vs Bayern match!"}, {"id": "4389067", "s1": "0", "s2": "0", "s": "Not matched", "t": "", "m": "Good evening Sina netizens!"}, {"id": "4386372", "s1": "0", "s2": "0", "s": "Not matched", "t": "", "m": "Bayern, who have had a smooth season this season, may face their biggest test of the season so far"}, {"id": "4386371", "s1": "0", "s2": "0", "s": "Not matched", "t": "", "m": "It is worth mentioning that Augsburg has a record of 8 wins and 6 losses this season, no draws, and has maintained all the wins in the last five home games"}, {"id": "4386370", "s1": "0", "s2": "0", "s": "Not matched", "t": "", "m": "Last season, Augsburg beat Bayern 1-0 at home, ending Bayern's miraculous 53-game unbeaten run"}, {"id": "4386369", "s1": "0", "s2": "0", "s": "Not matched", "t": "", "m": "Augsburg defeated Cologne 2-1 in the last round of the league, and after four consecutive wins they rose to third in the table"}, {"id": "4386368", "s1": "0", "s2": "0", "s": "Not matched", "t": "", "m": "In the final round of the Champions League group stage in midweek, they beat CSKA Moscow 3-0"}, {"id": "4386367", "s1": "", "s2": "", "s": "", "t": "", "m": "", "lnk": {"title": "不可阻挡的拜仁", "href": "http://www.sinaimg.cn/dy/slidenews/2_img/2014_49/730_1395349_275565.jpg", "type": "image", "extra": []}}, {"id": "4386366", "s1": "0", "s2": "0", "s": "Not matched", "t": "", "m": "Bayern remained unbeaten in the league after 1-0 Leverkusen last weekend with 11 wins and 3 defeats"}, {"id": "4386365", "s1": "0", "s2": "0", "s": "Not matched", "t": "", "m": "This game brings you the 15th round, Augsburg at home to the bavarian derby of the leader Bayern Munich"}, {"id": "4386364", "s1": "0", "s2": "0", "s": "Not matched", "t": "", "m": "Welcome to the exciting Sina 14-15 Bundesliga live room!"}]