[{"id": "121", "s1": "0", "s2": "3", "s": "", "t": "", "m": "The match ended with Nuremberg 0-3 Freiburg, thank you for watching the Sina Football Live."}, {"id": "120", "s1": "0", "s2": "3", "s": "", "t": "90'+3'", "m": "At the end of the second half, Nuremberg 0-3 Freiburg"}, {"id": "119", "s1": "0", "s2": "3", "s": "", "t": "90'+3'", "m": "Nuremberg player Kinček's right-footed shot from the left side of the penalty area was blocked by a defender. It was Plattenhardt who gave him the pass."}, {"id": "118", "s1": "0", "s2": "3", "s": "", "t": "90'+1'", "m": "Nuremberg player Bogatts tried his left-footed shot in the middle of the penalty area, but unfortunately the ball was higher than the goal. It was Delmić who gave him the pass."}, {"id": "117", "s1": "0", "s2": "3", "s": "", "t": "90'", "m": "Nuremberg player Foyrna tried his left-footed shot from the right side of the penalty area, but unfortunately the ball deflected off goal."}, {"id": "116", "s1": "0", "s2": "3", "s": "", "t": "89'", "m": "Freiburg replaced and Heffler replaced Muhammady"}, {"id": "115", "s1": "0", "s2": "3", "s": "", "t": "88'", "m": "Goal!!! Freiburg player Mohammed's right-footed shot from the centre of the penalty area flew into the net from the middle and the ball went in! Nuremberg 0-3 Freiburg."}, {"id": "114", "s1": "0", "s2": "2", "s": "", "t": "87'", "m": "Shot!!! Freiburg player Fernandez's right-footed shot from the centre of the penalty area was saved by the opposing goalkeeper. It was Cochrane who gave him the pass."}, {"id": "113", "s1": "0", "s2": "2", "s": "", "t": "86'", "m": "Nuremberg player Kinczek threw the ball straight into Franz, but the referee raised a flag to show that the latter was offside."}, {"id": "112", "s1": "0", "s2": "2", "s": "", "t": "86'", "m": "Hearn handled the ball out of the bottom line and Nuremberg won a corner kick."}, {"id": "111", "s1": "0", "s2": "2", "s": "", "t": "85'", "m": "Nuremberg player Bogatz scrambled for a foul and his opponent was given possession of the ball."}, {"id": "110", "s1": "0", "s2": "2", "s": "", "t": "85'", "m": "Schmid won a free kick for Freiburg."}, {"id": "109", "s1": "0", "s2": "2", "s": "", "t": "84'", "m": "Foyner won a free kick for Nuremberg at the opposing half."}, {"id": "108", "s1": "0", "s2": "2", "s": "", "t": "84'", "m": "Freiburg player C. Gent scrambled for a foul and the opponent was given possession."}, {"id": "107", "s1": "0", "s2": "2", "s": "", "t": "84'", "m": "Shot!!! Nuremberg player Makoto Hasebe's right-footed shot from outside the penalty area was saved by the opposing goalkeeper."}, {"id": "106", "s1": "0", "s2": "2", "s": "", "t": "83'", "m": "C. Gent handled the ball out of the bottom line and Nuremberg won the corner."}, {"id": "105", "s1": "0", "s2": "2", "s": "", "t": "83'", "m": "Shot!!! Nuremberg player Franz's right-footed shot from outside the penalty area was saved by the opposing goalkeeper. It was Delmić who gave him the pass."}, {"id": "104", "s1": "0", "s2": "2", "s": "", "t": "82'", "m": "Nuremberg player Plattenhardt attempted a left-footed shot from the left side of the penalty area, but unfortunately the ball was slightly off the left goal. It was Chandler who gave him the pass."}, {"id": "103", "s1": "0", "s2": "2", "s": "", "t": "80'", "m": "Nielsson handled the ball out of the box and Freiburg won a corner kick."}, {"id": "102", "s1": "0", "s2": "2", "s": "", "t": "79'", "m": "Goal!!! Freiburg player Darida shot with his left foot from outside the penalty area, the ball flew from the top left corner into the goal, and the ball went in! The assist was Cochrane. Nuremberg 0-2 Freiburg."}, {"id": "101", "s1": "0", "s2": "1", "s": "", "t": "78'", "m": "Nuremberg player Kinczek scrambled for a foul and his opponent was given possession of the ball."}, {"id": "100", "s1": "0", "s2": "1", "s": "", "t": "78'", "m": "Schmid won a free kick for Freiburg."}, {"id": "99", "s1": "0", "s2": "1", "s": "", "t": "78'", "m": "Shot!!! Nuremberg player Chandler's left-footed shot from outside the penalty area was saved by the opposing goalkeeper."}, {"id": "98", "s1": "0", "s2": "1", "s": "", "t": "77'", "m": "Nuremberg player Hirokashi Kiyotake attempted a right-footed shot from the centre of the penalty area, but unfortunately the ball was slightly offside the left goal."}, {"id": "97", "s1": "0", "s2": "1", "s": "", "t": "76'", "m": "Nuremberg player Franz's header from the right side of the penalty area was blocked by a defender. It was Plattenhardt who gave him the pass."}, {"id": "96", "s1": "0", "s2": "1", "s": "", "t": "76'", "m": "Nuremberg player Nielson shot with his right foot in front of the goal line and hit the left upright of the goalpost. It was Plattenhardt who gave him the pass."}, {"id": "95", "s1": "0", "s2": "1", "s": "", "t": "75'", "m": "Kiyotake Hiroshi won a free kick for Nuremberg in the opposing half."}, {"id": "94", "s1": "0", "s2": "1", "s": "", "t": "75'", "m": "Freiburg player Schuster scrambled for a foul and the opponent gained possession of the ball."}, {"id": "93", "s1": "0", "s2": "1", "s": "", "t": "75'", "m": "Pogatts won a free kick for Nuremberg."}, {"id": "92", "s1": "0", "s2": "1", "s": "", "t": "75'", "m": "Freiburg player Cochrane scrambled for a foul and the opponent was given possession of the ball."}, {"id": "91", "s1": "0", "s2": "1", "s": "", "t": "75'", "m": "Freiburg was replaced, Darida replaced Freis"}, {"id": "90", "s1": "0", "s2": "1", "s": "", "t": "74'", "m": "Nuremberg player Hiroshi Kiyotake sent a straight kick to Delmić, but the referee raised a flag to show that the latter was offside."}, {"id": "89", "s1": "0", "s2": "1", "s": "", "t": "74'", "m": "Freiburg player Kirkland tried his left-footed shot just outside the penalty area, but unfortunately the ball deflected off target. It was Muhammad who gave him the ball."}, {"id": "88", "s1": "0", "s2": "1", "s": "", "t": "73'", "m": "Hearn handled the ball out of the bottom line and Nuremberg won a corner kick."}, {"id": "87", "s1": "0", "s2": "1", "s": "", "t": "73'", "m": "Freiburg made a substitution and Cochrane replaced Klaus"}, {"id": "86", "s1": "0", "s2": "1", "s": "", "t": "71'", "m": "Shot!!! Nuremberg player Delmić's right-footed shot from the right side of the penalty area was saved by the opposing goalkeeper. It was Hiroshi Kiyotake who gave him the pass."}, {"id": "85", "s1": "0", "s2": "1", "s": "", "t": "71'", "m": "Nuremberg player Franz scrambled for a foul and the opponent was given possession of the ball."}, {"id": "84", "s1": "0", "s2": "1", "s": "", "t": "71'", "m": "Freis won a free kick for Freiburg."}, {"id": "83", "s1": "0", "s2": "1", "s": "", "t": "70'", "m": "Nuremberg player Delmić attempted a header in the centre of the penalty area, but unfortunately the ball was slightly offside the left goal. It was Plattenhardt who gave him the pass."}, {"id": "82", "s1": "0", "s2": "1", "s": "", "t": "70'", "m": "The referee showed Zorg in Freiburg a second yellow card."}, {"id": "81", "s1": "0", "s2": "1", "s": "", "t": "69'", "m": "Shot!!! Nuremberg player Gyncheck's left-footed shot from the right side of the penalty area was saved by the opposing goalkeeper. It was Makoto Hasebe who gave him the pass."}, {"id": "80", "s1": "0", "s2": "1", "s": "", "t": "68'", "m": "Nuremberg player Delmić scrambled for a foul and his opponent was given possession of the ball."}, {"id": "79", "s1": "0", "s2": "1", "s": "", "t": "68'", "m": "Zorg won a free kick for Freiburg."}, {"id": "78", "s1": "0", "s2": "1", "s": "", "t": "68'", "m": "Nuremberg was replaced, and Kinček replaced Hloszek"}, {"id": "77", "s1": "0", "s2": "1", "s": "", "t": "66'", "m": "Shot!!! Nuremberg player Bogarttz's header from the centre of the penalty area was saved by the opposing goalkeeper. It was Plattenhardt who gave him the pass."}, {"id": "76", "s1": "0", "s2": "1", "s": "", "t": "66'", "m": "C. Gent handled the ball out of the bottom line and Nuremberg won the corner."}, {"id": "75", "s1": "0", "s2": "1", "s": "", "t": "65'", "m": "Freiburg player Klaus attempted a right-footed shot from outside the penalty area, but unfortunately the ball was high above the top right corner. It was Muhammad who gave him the ball."}, {"id": "74", "s1": "0", "s2": "1", "s": "", "t": "62'", "m": "Shot!!! Freiburg player Schmid's right-footed shot from the right side of the penalty area was saved by the opposing goalkeeper. It was Frys who gave him the pass."}, {"id": "73", "s1": "0", "s2": "1", "s": "", "t": "61'", "m": "Nuremberg made a substitution, and Foyner replaced R-Mark"}, {"id": "72", "s1": "0", "s2": "1", "s": "", "t": "60'", "m": "Freiburg player Schmid attempted a right-footed shot from the left side of the penalty area, but the ball was slightly offside the left goal. It was Sorge who gave him the pass."}, {"id": "71", "s1": "0", "s2": "1", "s": "", "t": "60'", "m": "Freiburg player Klaus's right-footed shot from outside the penalty area was blocked by a defender. It was Schmid who gave him the ball."}, {"id": "70", "s1": "0", "s2": "1", "s": "", "t": "59'", "m": "Chandler won a free kick for Nuremberg."}, {"id": "69", "s1": "0", "s2": "1", "s": "", "t": "59'", "m": "Freiburg player Freis scrambled for a foul and the opponent was given possession of the ball."}, {"id": "68", "s1": "0", "s2": "1", "s": "", "t": "57'", "m": "Goal!!! Freiburg player Klaus shot with his right foot in front of the goal line, the ball flew from the middle of the road into the goal, and the ball went in! Assisted by Fryes. Nuremberg 0-1 Freiburg."}, {"id": "67", "s1": "0", "s2": "0", "s": "", "t": "56'", "m": "Nuremberg player Bogarttz threw the ball straight into Delmić, but the referee raised a flag to show that the latter was offside."}, {"id": "66", "s1": "0", "s2": "0", "s": "", "t": "54'", "m": "Yellow! Freiburg player Sorge was shown a yellow card by the referee for a malicious foul."}, {"id": "65", "s1": "0", "s2": "0", "s": "", "t": "54'", "m": "Hloszek won a free kick for Nuremberg on the left."}, {"id": "64", "s1": "0", "s2": "0", "s": "", "t": "54'", "m": "Freiburg player Zorg scrambled for a foul and his opponent was given possession of the ball."}, {"id": "63", "s1": "0", "s2": "0", "s": "", "t": "54'", "m": "Shot!!! Freiburg player Klaus's left-footed shot from the left side of the penalty area was saved by the opposing goalkeeper. It was Muhammad who gave him the ball."}, {"id": "62", "s1": "0", "s2": "0", "s": "", "t": "49'", "m": "Freis won a free kick for Freiburg on the left."}, {"id": "61", "s1": "0", "s2": "0", "s": "", "t": "49'", "m": "Nuremberg player Nelson scrambled for a foul and his opponent gained possession of the ball."}, {"id": "60", "s1": "0", "s2": "0", "s": "", "t": "48'", "m": "Shot!!! Nuremberg player Nielson's right-footed shot from the front of the goal line was saved by the opposing goalkeeper. It was Plattenhardt who gave him the pass."}, {"id": "59", "s1": "0", "s2": "0", "s": "", "t": "47'", "m": "Mohammeddy handled the ball out of the bottom line and Nuremberg won the corner."}, {"id": "58", "s1": "0", "s2": "0", "s": "", "t": "47'", "m": "C. Gent handled the ball out of the bottom line and Nuremberg won the corner."}, {"id": "57", "s1": "0", "s2": "0", "s": "", "t": "47'", "m": "Shot!!! Nuremberg player Plattenhardt's right-footed shot from the left side of the penalty area was saved by the opposing goalkeeper. It was Hiroshi Kiyotake who gave him the pass."}, {"id": "56", "s1": "0", "s2": "0", "s": "", "t": "46'", "m": "Chandler handled the ball out of the bottom line and Freiburg won a corner kick."}, {"id": "55", "s1": "0", "s2": "0", "s": "", "t": "", "m": "The second half began with Nuremberg 0-0 Freiburg"}, {"id": "54", "s1": "0", "s2": "0", "s": "", "t": "45'", "m": "Nuremberg made a substitution, and Franz replaced Stark"}, {"id": "53", "s1": "0", "s2": "0", "s": "", "t": "45'+2'", "m": "At the end of the first half, Nuremberg 0-0 Freiburg, a short break, we will take a look at the performance of the two teams in the second half."}, {"id": "52", "s1": "0", "s2": "0", "s": "", "t": "42'", "m": "Platenhardt won a free kick for Nuremberg on the left."}, {"id": "51", "s1": "0", "s2": "0", "s": "", "t": "42'", "m": "Freiburg player Zorg scrambled for a foul and his opponent was given possession of the ball."}, {"id": "50", "s1": "0", "s2": "0", "s": "", "t": "42'", "m": "Hlosek won a free kick for Nuremberg."}, {"id": "49", "s1": "0", "s2": "0", "s": "", "t": "42'", "m": "Freiburg player Freis made a dangerous move and the opponent gained possession of the ball."}, {"id": "48", "s1": "0", "s2": "0", "s": "", "t": "40'", "m": "Freiburg player Sorge kicked the ball straight into Freis, but the referee raised a flag to show that the latter was offside."}, {"id": "47", "s1": "0", "s2": "0", "s": "", "t": "40'", "m": "Stark won a free kick for Nuremberg."}, {"id": "46", "s1": "0", "s2": "0", "s": "", "t": "40'", "m": "Freiburg player Fernandez scrambled for a foul and the opponent gained possession."}, {"id": "45", "s1": "0", "s2": "0", "s": "", "t": "37'", "m": "R-Mark won a free kick for Nuremberg on the right."}, {"id": "44", "s1": "0", "s2": "0", "s": "", "t": "37'", "m": "Freiburg player C. Gent scrambled for a foul and the opponent was given possession."}, {"id": "43", "s1": "0", "s2": "0", "s": "", "t": "36'", "m": "Nuremberg player Hiroshi Kiyotake sent a straight kick to Delmić, but the referee raised a flag to show that the latter was offside."}, {"id": "42", "s1": "0", "s2": "0", "s": "", "t": "36'", "m": "Yellow! Freiburg player Schuster was shown a yellow card by the referee for a malicious foul."}, {"id": "41", "s1": "0", "s2": "0", "s": "", "t": "36'", "m": "Kiyotake won a free kick for Nuremberg."}, {"id": "40", "s1": "0", "s2": "0", "s": "", "t": "36'", "m": "Freiburg player Schuster scrambled for a foul and the opponent gained possession of the ball."}, {"id": "39", "s1": "0", "s2": "0", "s": "", "t": "35'", "m": "Stark handled the ball off the line and Freiburg won a corner kick."}, {"id": "38", "s1": "0", "s2": "0", "s": "", "t": "35'", "m": "Freiburg player Schuster's left-footed shot from outside the penalty area was blocked by a defender."}, {"id": "37", "s1": "0", "s2": "0", "s": "", "t": "33'", "m": "Mohammeddy handled the ball out of the bottom line and Nuremberg won the corner."}, {"id": "36", "s1": "0", "s2": "0", "s": "", "t": "33'", "m": "Makoto Hasebe won a free kick for Nuremberg at the opposing half."}, {"id": "35", "s1": "0", "s2": "0", "s": "", "t": "33'", "m": "Freiburg player Klaus scrambled for a foul and his opponent was given possession of the ball."}, {"id": "34", "s1": "0", "s2": "0", "s": "", "t": "32'", "m": "Shot!!! Freiburg player Herne's header from the left side of the penalty area was saved by the opposing goalkeeper. It was Schmid who gave him the ball."}, {"id": "33", "s1": "0", "s2": "0", "s": "", "t": "32'", "m": "Pogattz handled the ball out of the line and Freiburg won the corner."}, {"id": "32", "s1": "0", "s2": "0", "s": "", "t": "31'", "m": "Shot!!! Nuremberg player Hiroo Kiyotake's right-footed shot from outside the penalty area was saved by the opposing goalkeeper. It was Makoto Hasebe who gave him the pass."}, {"id": "31", "s1": "0", "s2": "0", "s": "", "t": "29'", "m": "Nuremberg player Delmić scrambled for a foul and his opponent was given possession of the ball."}, {"id": "30", "s1": "0", "s2": "0", "s": "", "t": "29'", "m": "C. Gent won a free kick for Freiburg."}, {"id": "29", "s1": "0", "s2": "0", "s": "", "t": "28'", "m": "C. Gent handled the ball out of the bottom line and Nuremberg won the corner."}, {"id": "28", "s1": "0", "s2": "0", "s": "", "t": "27'", "m": "Nuremberg player Bogatz scrambled for a foul and his opponent was given possession of the ball."}, {"id": "27", "s1": "0", "s2": "0", "s": "", "t": "27'", "m": "Herne won a free kick for Freiburg."}, {"id": "26", "s1": "0", "s2": "0", "s": "", "t": "26'", "m": "Baumann handled the ball out of the bottom line and Nuremberg won a corner kick."}, {"id": "25", "s1": "0", "s2": "0", "s": "", "t": "26'", "m": "Shot!!! Nuremberg player Bogarttz's header from the goal line was saved by the opposing goalkeeper. It was Hlosek who gave him the ball."}, {"id": "24", "s1": "0", "s2": "0", "s": "", "t": "26'", "m": "The suspension ended and the players resumed playing."}, {"id": "23", "s1": "0", "s2": "0", "s": "", "t": "25'", "m": "Nuremberg R-Mark fell to the ground injured and the game was suspended"}, {"id": "22", "s1": "0", "s2": "0", "s": "", "t": "25'", "m": "R-Mark won a free kick for Nuremberg on the right."}, {"id": "21", "s1": "0", "s2": "0", "s": "", "t": "25'", "m": "Freiburg player Fernandez scrambled for a foul and the opponent gained possession."}, {"id": "20", "s1": "0", "s2": "0", "s": "", "t": "24'", "m": "Hlosek won a free kick for Nuremberg."}, {"id": "19", "s1": "0", "s2": "0", "s": "", "t": "24'", "m": "Freiburg player Schuster scrambled for a foul and the opponent gained possession of the ball."}, {"id": "18", "s1": "0", "s2": "0", "s": "", "t": "22'", "m": "Shot!!! Nuremberg player Hiroshi Kiyotake's right-footed shot from a wide distance on the left was saved by the opposing goalkeeper."}, {"id": "17", "s1": "0", "s2": "0", "s": "", "t": "22'", "m": "Freiburg player Günter scrambled for a foul and the opponent was given possession of the ball."}, {"id": "16", "s1": "0", "s2": "0", "s": "", "t": "22'", "m": "Delmić won a free kick for Nuremberg on the left."}, {"id": "15", "s1": "0", "s2": "0", "s": "", "t": "21'", "m": "The suspension ended and the players resumed playing."}, {"id": "14", "s1": "0", "s2": "0", "s": "", "t": "20'", "m": "Freiburg Mohammed fell to the ground injured and the game was suspended"}, {"id": "13", "s1": "0", "s2": "0", "s": "", "t": "19'", "m": "Shot!!! Nuremberg player Makoto Hasebe's right-footed shot from outside the penalty area was saved by the opposing goalkeeper.给他传球的是施塔克."}, {"id": "12", "s1": "0", "s2": "0", "s": "", "t": "16'", "m": "Chandler handled the ball out of the bottom line and Freiburg won a corner kick."}, {"id": "11", "s1": "0", "s2": "0", "s": "", "t": "13'", "m": "Nuremberg player R-Mark scrambled for a foul and the opponent was given possession of the ball."}, {"id": "10", "s1": "0", "s2": "0", "s": "", "t": "13'", "m": "C. Guntel won a free kick for Freiburg in the opposing half."}, {"id": "9", "s1": "0", "s2": "0", "s": "", "t": "13'", "m": "Freiburg player Klaus's right-footed shot from outside the penalty area was blocked by a defender. The one who passed the ball to him was C. Guntel."}, {"id": "8", "s1": "0", "s2": "0", "s": "", "t": "11'", "m": "Nuremberg player Stark scrambled for a foul and his opponent gained possession of the ball."}, {"id": "7", "s1": "0", "s2": "0", "s": "", "t": "11'", "m": "Schuster won a free kick for Freiburg in the opposing half."}, {"id": "6", "s1": "0", "s2": "0", "s": "", "t": "8'", "m": "Nuremberg player Nelson scrambled for a foul and his opponent gained possession of the ball."}, {"id": "5", "s1": "0", "s2": "0", "s": "", "t": "8'", "m": "Freis won a free kick for Freiburg at the opposing half."}, {"id": "4", "s1": "0", "s2": "0", "s": "", "t": "3'", "m": "Plattenhardt won a free kick for Nuremberg."}, {"id": "3", "s1": "0", "s2": "0", "s": "", "t": "3'", "m": "Freiburg player Klaus scrambled for a foul and his opponent was given possession of the ball."}, {"id": "2", "s1": "0", "s2": "0", "s": "", "t": "2'", "m": "Shot!!! Freiburg player Muhammadi's right-footed shot from outside the penalty area was saved by the opposing goalkeeper. It was Frys who gave him the pass."}, {"id": "1", "s1": "0", "s2": "0", "s": "", "t": "", "m": "With a whistle from the referee, the first half of the game began."}]