[{"id": "122", "s1": "4", "s2": "2", "s": "", "t": "", "m": "The match ended with Stuttgart 4-2 Hannover 96, thank you for watching Sina Football Live."}, {"id": "121", "s1": "4", "s2": "2", "s": "", "t": "90'+2'", "m": "At the end of the second half, Stuttgart 4-2 Hannover 96"}, {"id": "120", "s1": "4", "s2": "2", "s": "", "t": "90'+1'", "m": "Stuttgart was replaced, and Abdul Rave replaced Ibisevic"}, {"id": "119", "s1": "4", "s2": "2", "s": "", "t": "90'+1'", "m": "Hannover 96 player Marcelo made a dangerous move and the opponent gained possession of the ball."}, {"id": "118", "s1": "4", "s2": "2", "s": "", "t": "90'+1'", "m": "Harnick won a free kick for Stuttgart on the right."}, {"id": "117", "s1": "4", "s2": "2", "s": "", "t": "90'", "m": "Stuttgart player Rausch shoved the ball straight into Kakao, but the referee raised a flag to show that the latter was offside."}, {"id": "116", "s1": "4", "s2": "2", "s": "", "t": "89'", "m": "Sane won a free kick for the Hannover 96."}, {"id": "115", "s1": "4", "s2": "2", "s": "", "t": "89'", "m": "Stuttgart player Salarell scrambled for a foul and the opponent gained possession of the ball."}, {"id": "114", "s1": "4", "s2": "2", "s": "", "t": "88'", "m": "Stuttgart was replaced, and Sararell replaced Traoré"}, {"id": "113", "s1": "4", "s2": "2", "s": "", "t": "88'", "m": "Hannover's 96 player attempted a left-footed shot from outside the penalty area, but unfortunately the ball was deflected off target. It was Schroudderoff who gave him the pass."}, {"id": "112", "s1": "4", "s2": "2", "s": "", "t": "86'", "m": "Stuttgart player Traoré tried his left-footed shot in the middle of the penalty area, but unfortunately the ball was slightly above goal."}, {"id": "111", "s1": "4", "s2": "2", "s": "", "t": "85'", "m": "Hannover 96 player Sane scrambled for a foul and the opponent was given possession."}, {"id": "110", "s1": "4", "s2": "2", "s": "", "t": "85'", "m": "Schwab won a free kick for Stuttgart."}, {"id": "109", "s1": "4", "s2": "2", "s": "", "t": "84'", "m": "Goal!!! Stuttgart player Rausch fired a left-footed shot from the left side of the penalty area, the ball flew into the goal from the bottom right corner, and the ball went in! The assist was Kako. Stuttgart 4-2 Hanover 96."}, {"id": "108", "s1": "3", "s2": "2", "s": "", "t": "83'", "m": "Yellow! Hannover 96 player Schroudraf was shown a yellow card by the referee for a malicious foul."}, {"id": "107", "s1": "3", "s2": "2", "s": "", "t": "83'", "m": "Hannover 96 player Schroudderhof scrambled for a foul and the opponent was given possession of the ball."}, {"id": "106", "s1": "3", "s2": "2", "s": "", "t": "83'", "m": "Traoré won a free kick for Stuttgart at the opposing half."}, {"id": "105", "s1": "3", "s2": "2", "s": "", "t": "80'", "m": "Stuttgart made a substitution and Quest replaced R.Khedira"}, {"id": "104", "s1": "3", "s2": "2", "s": "", "t": "80'", "m": "Hannover 96 player Pandel scrambled for a foul and the opponent was given possession."}, {"id": "103", "s1": "3", "s2": "2", "s": "", "t": "80'", "m": "Harnick won a free kick for Stuttgart on the right."}, {"id": "102", "s1": "3", "s2": "2", "s": "", "t": "78'", "m": "Shot!!! Hannover 96 player Mame Diouf's right-footed shot from the left side of the penalty area was saved by the opposing goalkeeper. It was Sobiech who passed the ball to him."}, {"id": "101", "s1": "3", "s2": "2", "s": "", "t": "74'", "m": "Shot!!! Stuttgart player Ibišević's right-footed shot from outside the penalty area was saved by the opposing goalkeeper. The one who passed the ball to him was R-Khedira."}, {"id": "100", "s1": "3", "s2": "2", "s": "", "t": "74'", "m": "Hannover 96 player Pandell handball was fouled and the opponent was given the ball."}, {"id": "99", "s1": "3", "s2": "2", "s": "", "t": "73'", "m": "Stuttgart player Hanik tried a right-footed shot from a small angle on the right side of the goal, but unfortunately the ball was higher than the goal. It was Kacao who gave him the pass."}, {"id": "98", "s1": "3", "s2": "2", "s": "", "t": "73'", "m": "Hanover made 96 substitutions, with Bidangu replacing Schmidbach"}, {"id": "97", "s1": "3", "s2": "2", "s": "", "t": "72'", "m": "Hannover 96 player Justi scrambled for a foul and the opponent was given possession of the ball."}, {"id": "96", "s1": "3", "s2": "2", "s": "", "t": "72'", "m": "Harnick won a free kick for Stuttgart."}, {"id": "95", "s1": "3", "s2": "2", "s": "", "t": "72'", "m": "Hannover 96 player Sobech scrambled for a foul and the opponent was given possession."}, {"id": "94", "s1": "3", "s2": "2", "s": "", "t": "72'", "m": "Rudiger won a free kick for Stuttgart."}, {"id": "93", "s1": "3", "s2": "2", "s": "", "t": "71'", "m": "Hannover 96 player Mammé Diouf scrambled for a foul and the opponent was given possession of the ball."}, {"id": "92", "s1": "3", "s2": "2", "s": "", "t": "71'", "m": "Schwab won a free kick for Stuttgart."}, {"id": "91", "s1": "3", "s2": "2", "s": "", "t": "69'", "m": "Justi won a free kick for the Hannover 96."}, {"id": "90", "s1": "3", "s2": "2", "s": "", "t": "69'", "m": "Stuttgart player R-Khedira scrambled for a foul and the opponent was given possession of the ball."}, {"id": "89", "s1": "3", "s2": "2", "s": "", "t": "67'", "m": "Hanover made a 96 substitution, and Schlaudraf replaced Hoffmann"}, {"id": "88", "s1": "3", "s2": "2", "s": "", "t": "67'", "m": "Stuttgart player Leitner kicked the ball straight into Hanik, but the referee raised a flag to show that the latter was offside."}, {"id": "87", "s1": "3", "s2": "2", "s": "", "t": "66'", "m": "Sane handled the ball out of the bottom line and Stuttgart won a corner kick."}, {"id": "86", "s1": "3", "s2": "2", "s": "", "t": "65'", "m": "Stuttgart player Takatoku Sakai's left-footed shot from a tight angle on the right side of the goal was blocked by a defender."}, {"id": "85", "s1": "3", "s2": "2", "s": "", "t": "65'", "m": "Shot!!! Stuttgart player Ibisevic's header from the centre of the penalty area was saved by the opposing goalkeeper. It was Kacao who gave him the pass."}, {"id": "84", "s1": "3", "s2": "2", "s": "", "t": "64'", "m": "Stuttgart player Hanik tried his right-footed shot from the right side of the penalty area, but unfortunately the ball was slightly offside the left goal. It was Traore who gave him the ball."}, {"id": "83", "s1": "3", "s2": "2", "s": "", "t": "64'", "m": "Hannover 96 player Mammé Diouf tried his right-footed shot from the right side of the penalty area, but unfortunately the ball was slightly offside the right goal. It was Pandel who gave him the pass."}, {"id": "82", "s1": "3", "s2": "2", "s": "", "t": "63'", "m": "Shot!!! Stuttgart player Traoré's left-footed shot from outside the penalty area was saved by the opposing goalkeeper. It was Leitner who gave him the pass."}, {"id": "81", "s1": "3", "s2": "2", "s": "", "t": "63'", "m": "Ibišević handled the ball out of the line and Hannover 96 won a corner kick."}, {"id": "80", "s1": "3", "s2": "2", "s": "", "t": "62'", "m": "Justi won a free kick for Hannover 96 on the left."}, {"id": "79", "s1": "3", "s2": "2", "s": "", "t": "62'", "m": "Stuttgart player Traoré scrambled for a foul and the opponent was given possession."}, {"id": "78", "s1": "3", "s2": "2", "s": "", "t": "61'", "m": "Hannover 96 player Hiroki Sakai was fouled for handball and the opponent was given the ball."}, {"id": "77", "s1": "3", "s2": "2", "s": "", "t": "61'", "m": "Hannover made a 96 substitution, with Pandel replacing Poconioli"}, {"id": "76", "s1": "3", "s2": "2", "s": "", "t": "58'", "m": "Hannover 96 player Schmiedbach scrambled for a foul and the opponent was given possession of the ball."}, {"id": "75", "s1": "3", "s2": "2", "s": "", "t": "58'", "m": "R-Khedira won a free kick for Stuttgart."}, {"id": "74", "s1": "3", "s2": "2", "s": "", "t": "57'", "m": "Stuttgart player Hanik tried his right-footed shot just outside the penalty area, but the ball was deflected slightly off the right goal. The one who passed the ball to him was R-Khedira."}, {"id": "73", "s1": "3", "s2": "2", "s": "", "t": "55'", "m": "Hannover 96 player AndreAssen's right-footed shot from outside the penalty area was blocked by a defender."}, {"id": "72", "s1": "3", "s2": "2", "s": "", "t": "55'", "m": "Sobeh won a free kick for Hannover 96 at the opposing half."}, {"id": "71", "s1": "3", "s2": "2", "s": "", "t": "55'", "m": "Stuttgart player Schwab scrambled for a foul and the opponent was given possession of the ball."}, {"id": "70", "s1": "3", "s2": "2", "s": "", "t": "53'", "m": "Hanover 96 player Andreassen scrambled for a foul and the opponent was given possession of the ball."}, {"id": "69", "s1": "3", "s2": "2", "s": "", "t": "53'", "m": "R-Khedira won a free kick for Stuttgart."}, {"id": "68", "s1": "3", "s2": "2", "s": "", "t": "52'", "m": "Goal!!! Stuttgart player Traoré fired a right-footed shot from the right side of the penalty area and the ball flew into the net from the bottom left corner and the ball went in! The assist was Leitner. Stuttgart 3-2 Hanover 96."}, {"id": "67", "s1": "2", "s2": "2", "s": "", "t": "48'", "m": "Hannover 96 player AndreAssen tried his right-footed shot from outside the penalty area, but unfortunately the ball went high above goal."}, {"id": "66", "s1": "2", "s2": "2", "s": "", "t": "48'", "m": "Rudiger handled the ball out of the bottom line and Hannover 96 won a corner kick."}, {"id": "65", "s1": "2", "s2": "2", "s": "", "t": "47'", "m": "Hannover 96 player Justi scrambled for a foul and the opponent was given possession of the ball."}, {"id": "64", "s1": "2", "s2": "2", "s": "", "t": "47'", "m": "Takatoku Sakai won a free kick for Stuttgart."}, {"id": "63", "s1": "2", "s2": "2", "s": "", "t": "46'", "m": "Sane won a free kick for the Hannover 96."}, {"id": "62", "s1": "2", "s2": "2", "s": "", "t": "46'", "m": "Stuttgart player Ibisevic scrambled for a foul and the opponent was given possession of the ball."}, {"id": "61", "s1": "2", "s2": "2", "s": "", "t": "", "m": "The second half began with Stuttgart 2-2 Hannover 96"}, {"id": "60", "s1": "2", "s2": "2", "s": "", "t": "45'+2'", "m": "At the end of the first half, Stuttgart 2-2 Hannover 96, with a short break, we will take a look at the performance of the two teams in the second half."}, {"id": "59", "s1": "2", "s2": "2", "s": "", "t": "45'+1'", "m": "Justi won a free kick for the Hannover 96."}, {"id": "58", "s1": "2", "s2": "2", "s": "", "t": "45'+1'", "m": "Stuttgart player Rausch scrambled for a foul and his opponent was given possession of the ball."}, {"id": "57", "s1": "2", "s2": "2", "s": "", "t": "45'+1'", "m": "Ziller handled the ball out of the bottom line and Stuttgart won a corner."}, {"id": "56", "s1": "2", "s2": "2", "s": "", "t": "44'", "m": "Stuttgart player Rausch kicked the ball straight into Hanik, but the referee raised a flag to show that the latter was offside."}, {"id": "55", "s1": "2", "s2": "2", "s": "", "t": "43'", "m": "Hannover 96 player Hoffmann scrambled for a foul and the opponent was given possession of the ball."}, {"id": "54", "s1": "2", "s2": "2", "s": "", "t": "43'", "m": "Leitner won a free kick for Stuttgart at the opposing half."}, {"id": "53", "s1": "2", "s2": "2", "s": "", "t": "41'", "m": "Hannover 96 player Poconioli made a dangerous move where the opponent gained possession."}, {"id": "52", "s1": "2", "s2": "2", "s": "", "t": "41'", "m": "R-Khedira won a free kick for Stuttgart on the right."}, {"id": "51", "s1": "2", "s2": "2", "s": "", "t": "40'", "m": "Hannover 96 player Andreyassen kicked the ball straight into Mammé Diouf, but the referee raised a flag to show that the latter was offside."}, {"id": "50", "s1": "2", "s2": "2", "s": "", "t": "38'", "m": "Hannover 96 player Mammé Diouf tried his header in the middle of the penalty area, but unfortunately the ball was deflected off the goal. It was Justi who gave him the ball."}, {"id": "49", "s1": "2", "s2": "2", "s": "", "t": "37'", "m": "Hannover 96 player Andreyassen kicked the ball straight into Mammé Diouf, but the referee raised a flag to show that the latter was offside."}, {"id": "48", "s1": "2", "s2": "2", "s": "", "t": "35'", "m": "Hannover 96 player Justi scrambled for a foul and the opponent was given possession of the ball."}, {"id": "47", "s1": "2", "s2": "2", "s": "", "t": "35'", "m": "Takatoku Sakai won a free kick for Stuttgart."}, {"id": "46", "s1": "2", "s2": "2", "s": "", "t": "35'", "m": "Shot!!! Stuttgart player Kako's left-footed shot from the left side of the penalty area was saved by the opposing goalkeeper. It was Lausch who gave him the ball."}, {"id": "45", "s1": "2", "s2": "2", "s": "", "t": "35'", "m": "Hannover 96 player AndreAssen's right-footed shot from outside the penalty area was blocked by a defender."}, {"id": "44", "s1": "2", "s2": "2", "s": "", "t": "34'", "m": "R-Khedira handled the ball out of the bottom line and Hannover 96 won a corner kick."}, {"id": "43", "s1": "2", "s2": "2", "s": "", "t": "33'", "m": "Goal!!! Stuttgart player Ibisevic's header from the centre of the penalty area, the ball flew from the middle of the road into the goal, the ball went in! The assist was Hanik. Stuttgart 2-2 Hanover 96."}, {"id": "42", "s1": "1", "s2": "2", "s": "", "t": "32'", "m": "The suspension ended and the players resumed playing."}, {"id": "41", "s1": "1", "s2": "2", "s": "", "t": "32'", "m": "Stuttgart fell to the ground injured and the game was suspended"}, {"id": "40", "s1": "1", "s2": "2", "s": "", "t": "31'", "m": "Goal!!! Hannover 96 player Sane's header from the centre of the penalty area, the ball flew from the bottom right corner into the goal and the ball went in! The assist was Husty. Stuttgart 1-2 Hanover 96."}, {"id": "39", "s1": "1", "s2": "1", "s": "", "t": "30'", "m": "Yellow! Stuttgart player Rudiger was shown a yellow card by the referee for a malicious foul."}, {"id": "38", "s1": "1", "s2": "1", "s": "", "t": "29'", "m": "Sobeh won a free kick for Hannover 96 at the opposing half."}, {"id": "37", "s1": "1", "s2": "1", "s": "", "t": "29'", "m": "Stuttgart player Rausch scrambled for a foul and his opponent was given possession of the ball."}, {"id": "36", "s1": "1", "s2": "1", "s": "", "t": "28'", "m": "Goal!!! Hannover 96 player Sobiech's left-footed shot from the centre of the penalty area flew into the net from the middle and the ball went in! Stuttgart 1-1 Hanover 96."}, {"id": "35", "s1": "1", "s2": "0", "s": "", "t": "24'", "m": "Hannover 96 player Sobech tried his left-footed shot in the middle of the penalty area, but unfortunately the ball was higher than the goal. The one who passed the ball to him was Mame Diouf."}, {"id": "34", "s1": "1", "s2": "0", "s": "", "t": "23'", "m": "Hannover 96 player Schmiedbach scrambled for a foul and the opponent was given possession of the ball."}, {"id": "33", "s1": "1", "s2": "0", "s": "", "t": "23'", "m": "Rausch won a free kick for Stuttgart."}, {"id": "32", "s1": "1", "s2": "0", "s": "", "t": "20'", "m": "Hannover 96 player Sobech scrambled for a foul and the opponent was given possession."}, {"id": "31", "s1": "1", "s2": "0", "s": "", "t": "20'", "m": "Harnick won a free kick for Stuttgart."}, {"id": "30", "s1": "1", "s2": "0", "s": "", "t": "18'", "m": "Stuttgart player Hanik was fouled for handball and the opponent was given the ball."}, {"id": "29", "s1": "1", "s2": "0", "s": "", "t": "18'", "m": "Yellow! Hannover 96 player Mammé Diouf was shown a yellow card by the referee for a malicious foul."}, {"id": "28", "s1": "1", "s2": "0", "s": "", "t": "17'", "m": "Hannover 96 player Mammé Diouf scrambled for a foul and the opponent was given possession of the ball."}, {"id": "27", "s1": "1", "s2": "0", "s": "", "t": "17'", "m": "Schwab won a free kick for Stuttgart."}, {"id": "26", "s1": "1", "s2": "0", "s": "", "t": "17'", "m": "Stuttgart player Hanik threw the ball straight into Ibišević, but the referee raised a flag to show that the latter was offside."}, {"id": "25", "s1": "1", "s2": "0", "s": "", "t": "16'", "m": "Poconioli won a free kick for Hannover 96 on the left."}, {"id": "24", "s1": "1", "s2": "0", "s": "", "t": "16'", "m": "Stuttgart player Hanik scrambled for a foul and the opponent was given possession of the ball."}, {"id": "23", "s1": "1", "s2": "0", "s": "", "t": "15'", "m": "Poconioli won a free kick for hannover 96."}, {"id": "22", "s1": "1", "s2": "0", "s": "", "t": "15'", "m": "Stuttgart player Hanik scrambled for a foul and the opponent was given possession of the ball."}, {"id": "21", "s1": "1", "s2": "0", "s": "", "t": "13'", "m": "Goal!!! Stuttgart player Hanik fired a right-footed shot from the centre of the penalty area and the ball flew into the net from the bottom left corner and the ball went in! The assist was Kako. Stuttgart 1-0 Hanover 96."}, {"id": "20", "s1": "0", "s2": "0", "s": "", "t": "12'", "m": "Sane handled the ball out of the bottom line and Stuttgart won a corner kick."}, {"id": "19", "s1": "0", "s2": "0", "s": "", "t": "11'", "m": "Hannover 96 player Mammé Diouf tried his right-footed shot from the right side of the penalty area, but unfortunately the ball was slightly offside the right goal."}, {"id": "18", "s1": "0", "s2": "0", "s": "", "t": "10'", "m": "Shot!!! Hannover 96 player Mammé Diouf's left-footed shot from the centre of the penalty area was saved by the opposing goalkeeper. It was Sobiech who passed the ball to him."}, {"id": "17", "s1": "0", "s2": "0", "s": "", "t": "9'", "m": "Hanover 96 player Andreassen scrambled for a foul and the opponent was given possession of the ball."}, {"id": "16", "s1": "0", "s2": "0", "s": "", "t": "9'", "m": "Harnick won a free kick for Stuttgart."}, {"id": "15", "s1": "0", "s2": "0", "s": "", "t": "8'", "m": "Andrea Yatsen won a free kick for Hannover 96 at the opposing half."}, {"id": "14", "s1": "0", "s2": "0", "s": "", "t": "8'", "m": "Stuttgart player Leitner scrambled for a foul and the opponent was given possession of the ball."}, {"id": "13", "s1": "0", "s2": "0", "s": "", "t": "7'", "m": "Hannover's 96-player Sane's right-footed shot from outside the penalty area was blocked by a defender. The one who gave him the ball was Poconioli."}, {"id": "12", "s1": "0", "s2": "0", "s": "", "t": "6'", "m": "Stuttgart player Ibisevic scrambled for a foul and the opponent was given possession of the ball."}, {"id": "11", "s1": "0", "s2": "0", "s": "", "t": "6'", "m": "Hoffman won a free kick for the Hannover 96."}, {"id": "10", "s1": "0", "s2": "0", "s": "", "t": "6'", "m": "Hannover 96 player Pokonioli tried a left-footed shot from a wide distance on the left, but unfortunately the ball deflected off the goal. It was Justi who gave him the ball."}, {"id": "9", "s1": "0", "s2": "0", "s": "", "t": "5'", "m": "Stuttgart player Hanik scrambled for a foul and the opponent was given possession of the ball."}, {"id": "8", "s1": "0", "s2": "0", "s": "", "t": "5'", "m": "Andrea Yatsen won a free kick for Hannover 96 at the opposing half."}, {"id": "7", "s1": "0", "s2": "0", "s": "", "t": "3'", "m": "Stuttgart player R-Khedira scrambled for a foul and the opponent was given possession of the ball."}, {"id": "6", "s1": "0", "s2": "0", "s": "", "t": "3'", "m": "Schmiedbach won a free kick for Hannover 96 on the right."}, {"id": "5", "s1": "0", "s2": "0", "s": "", "t": "3'", "m": "Stuttgart player Traoré scrambled for a foul and the opponent was given possession."}, {"id": "4", "s1": "0", "s2": "0", "s": "", "t": "3'", "m": "Hiroki Sakai won a free kick for the Hannover 96."}, {"id": "3", "s1": "0", "s2": "0", "s": "", "t": "2'", "m": "Rudiger won a free kick for Stuttgart."}, {"id": "2", "s1": "0", "s2": "0", "s": "", "t": "2'", "m": "Hannover 96 player Sobech scrambled for a foul and the opponent was given possession."}, {"id": "1", "s1": "0", "s2": "0", "s": "", "t": "", "m": "With a whistle from the referee, the first half of the game began."}]