[{"id": "128", "s1": "1", "s2": "1", "s": "", "t": "", "m": "The match ended with Eintracht Frankfurt 1-1 Wolfsburg, thank you all for watching Sina Football Live."}, {"id": "127", "s1": "1", "s2": "1", "s": "", "t": "90'+3'", "m": "End of the second half, Frankfurt 1-1 Wolfsburg"}, {"id": "126", "s1": "1", "s2": "1", "s": "", "t": "90'+2'", "m": "Yellow! Frankfurt player Ruth was shown a yellow card by the referee for a malicious foul."}, {"id": "125", "s1": "1", "s2": "1", "s": "", "t": "90'+2'", "m": "De Bruyne won a free kick for Wolfsburg on the right."}, {"id": "124", "s1": "1", "s2": "1", "s": "", "t": "90'+2'", "m": "Frankfurt player Ruth scrambled for a foul and the opponent was given possession of the ball."}, {"id": "123", "s1": "1", "s2": "1", "s": "", "t": "90'+2'", "m": "Frankfurt's O'Chipuka's left-footed shot from outside the penalty area was blocked by a defender."}, {"id": "122", "s1": "1", "s2": "1", "s": "", "t": "90'+1'", "m": "Wolfsburg player De Bruyne scrambled for a foul and his opponent was given possession."}, {"id": "121", "s1": "1", "s2": "1", "s": "", "t": "90'+1'", "m": "Aigner won a free kick for Eintracht Frankfurt on the right."}, {"id": "120", "s1": "1", "s2": "1", "s": "", "t": "88'", "m": "Goal!!! Wolfsburg player De Bruyne's left-footed shot from the centre of the penalty area flew into the net from the middle and the ball went in! The assist was Schaefer. Frankfurt 1-1 Wolfsburg."}, {"id": "119", "s1": "1", "s2": "0", "s": "", "t": "87'", "m": "Rodriguez won a free kick for Wolfsburg."}, {"id": "118", "s1": "1", "s2": "0", "s": "", "t": "87'", "m": "Frankfurt player Aigner scrambled for a foul and his opponent was given possession of the ball."}, {"id": "117", "s1": "1", "s2": "0", "s": "", "t": "87'", "m": "Eintracht Frankfurt's Qian Guishi kicked the ball straight to Mayer, but the referee raised a flag to show that the latter had been offside."}, {"id": "116", "s1": "1", "s2": "0", "s": "", "t": "84'", "m": "Wolfsburg player Gustavo scrambled for a foul and the opponent was given possession of the ball."}, {"id": "115", "s1": "1", "s2": "0", "s": "", "t": "84'", "m": "Makoto Hasebe won a free kick for Eintracht Frankfurt."}, {"id": "114", "s1": "1", "s2": "0", "s": "", "t": "83'", "m": "Schaefer won a free kick for Wolfsburg on the left."}, {"id": "113", "s1": "1", "s2": "0", "s": "", "t": "83'", "m": "Eintracht Frankfurt player Kimson competes to grab a foul and the opponent gets possession."}, {"id": "112", "s1": "1", "s2": "0", "s": "", "t": "82'", "m": "Ochipka handled the ball out of the line and Wolfsburg won the corner."}, {"id": "111", "s1": "1", "s2": "0", "s": "", "t": "80'", "m": "Frankfurt player Mayer kicked the ball straight into Seferovic, but the referee raised a flag to show that the latter was offside."}, {"id": "110", "s1": "1", "s2": "0", "s": "", "t": "78'", "m": "Eintracht Frankfurt player Mayer's right-footed shot from the centre of the penalty area was blocked by a defender. It was Aigner who gave him the pass."}, {"id": "109", "s1": "1", "s2": "0", "s": "", "t": "77'", "m": "Calijuri won a free kick for Wolfsburg on the right."}, {"id": "108", "s1": "1", "s2": "0", "s": "", "t": "77'", "m": "Frankfurt player Ochipka scrambled for a foul and the opponent was given possession of the ball."}, {"id": "107", "s1": "1", "s2": "0", "s": "", "t": "76'", "m": "Wolfsburg player Hunter attempted a header on the left side of the penalty area, but unfortunately the ball deflected off the goal. It was Nardù who gave him the pass."}, {"id": "106", "s1": "1", "s2": "0", "s": "", "t": "76'", "m": "Wolfsburg player Naldo attempted a header in the centre of the penalty area, but unfortunately the ball was slightly offside the left goal. It was Rodriguez who passed the ball to him."}, {"id": "105", "s1": "1", "s2": "0", "s": "", "t": "76'", "m": "The suspension ended and the players resumed playing."}, {"id": "104", "s1": "1", "s2": "0", "s": "", "t": "75'", "m": "Eintracht Frankfurt fell to the ground injured and the game was suspended"}, {"id": "103", "s1": "1", "s2": "0", "s": "", "t": "75'", "m": "Zambrano handled the ball out of the bottom line and Wolfsburg won the corner."}, {"id": "102", "s1": "1", "s2": "0", "s": "", "t": "74'", "m": "Wolfsburg made a substitution and Schaefer replaced Arnold"}, {"id": "101", "s1": "1", "s2": "0", "s": "", "t": "74'", "m": "Wolfsburg made a substitution, Bentner replaced Dost"}, {"id": "100", "s1": "1", "s2": "0", "s": "", "t": "72'", "m": "Yellow! Eintracht Frankfurt player Makoto Hasebe was shown a yellow card by the referee for a malicious foul."}, {"id": "99", "s1": "1", "s2": "0", "s": "", "t": "72'", "m": "De Bruyne won a free kick for Wolfsburg in the opposing half."}, {"id": "98", "s1": "1", "s2": "0", "s": "", "t": "72'", "m": "Eintracht Frankfurt players scramble for fouls and opponents get possession of the ball."}, {"id": "97", "s1": "1", "s2": "0", "s": "", "t": "70'", "m": "Wolfsburg player Knoch scrambled for a foul and his opponent gained possession of the ball."}, {"id": "96", "s1": "1", "s2": "0", "s": "", "t": "70'", "m": "Seferovic won a free kick for Eintracht Frankfurt on the right."}, {"id": "95", "s1": "1", "s2": "0", "s": "", "t": "69'", "m": "Frankfurt was replaced, and Anderson replaced Stendra"}, {"id": "94", "s1": "1", "s2": "0", "s": "", "t": "69'", "m": "Frankfurt's Aigner's right-footed shot from outside the penalty area was blocked by a defender. The one who gave him the ball was Kim Sombi."}, {"id": "93", "s1": "1", "s2": "0", "s": "", "t": "67'", "m": "Wolfsburg player Gustavo tucked the ball straight into Dost, but the referee raised a flag to show that the latter was offside."}, {"id": "92", "s1": "1", "s2": "0", "s": "", "t": "67'", "m": "Wolfsburg player Dost attempted a header in the middle of the penalty area, but unfortunately the ball was slightly above the goal. It was Rodriguez who passed the ball to him."}, {"id": "91", "s1": "1", "s2": "0", "s": "", "t": "66'", "m": "Shot!!! Frankfurt's Egener's right-footed shot from outside the penalty area was saved by the opposing goalkeeper. It was Mayer who gave him the pass."}, {"id": "90", "s1": "1", "s2": "0", "s": "", "t": "65'", "m": "Wolfsburg player Calijuri threw the ball straight into De Bruyne, but the referee raised a flag to show that the latter was offside."}, {"id": "89", "s1": "1", "s2": "0", "s": "", "t": "64'", "m": "Frankfurt player Ruth's right-footed shot from the centre of the penalty area was blocked by a defender. It was Seferović who gave him the pass."}, {"id": "88", "s1": "1", "s2": "0", "s": "", "t": "63'", "m": "Eintracht Frankfurt's right-footed shot from outside the penalty area was blocked by a defender. It was Stendra who gave him the ball."}, {"id": "87", "s1": "1", "s2": "0", "s": "", "t": "61'", "m": "Frankfurt player Qian Guishi tried a right-footed shot in the center of the penalty area, but unfortunately the ball was higher than the goal. It was Aigner who gave him the pass."}, {"id": "86", "s1": "1", "s2": "0", "s": "", "t": "58'", "m": "Goal!!! Frankfurt player Aigner's right-footed shot from the right side of the penalty area flew into the goal from the bottom left corner and the ball went in! Assisted by the Qianguishi. Frankfurt 1-0 Wolfsburg."}, {"id": "85", "s1": "0", "s2": "0", "s": "", "t": "55'", "m": "Wolfsburg player De Bruyne's left-footed shot from the centre of the penalty area was blocked by a defender. It was Calijuri who gave him the ball."}, {"id": "84", "s1": "0", "s2": "0", "s": "", "t": "54'", "m": "Frankfurt player Aigner scrambled for a foul and his opponent was given possession of the ball."}, {"id": "83", "s1": "0", "s2": "0", "s": "", "t": "54'", "m": "Rodriguez won a free kick for Wolfsburg on the left."}, {"id": "82", "s1": "0", "s2": "0", "s": "", "t": "52'", "m": "Frankfurt player Seferović attempted a left-footed shot from outside the penalty area, but unfortunately the ball was slightly offside the left goal. It was Stendra who gave him the ball."}, {"id": "81", "s1": "0", "s2": "0", "s": "", "t": "52'", "m": "Wolfsburg player Bernalio threw the ball straight into Dost, but the referee raised a flag to show that the latter was offside."}, {"id": "80", "s1": "0", "s2": "0", "s": "", "t": "49'", "m": "Yellow! Wolfsburg player Rodriguez was shown a yellow card by the referee for a malicious foul."}, {"id": "79", "s1": "0", "s2": "0", "s": "", "t": "49'", "m": "Aigner won a free kick for Eintracht Frankfurt on the right."}, {"id": "78", "s1": "0", "s2": "0", "s": "", "t": "49'", "m": "Wolfsburg player Rodriguez scrambled for a foul and the opponent gained possession."}, {"id": "77", "s1": "0", "s2": "0", "s": "", "t": "49'", "m": "Eintracht Frankfurt player Zambrano scrambled for a foul and his opponent was given possession of the ball."}, {"id": "76", "s1": "0", "s2": "0", "s": "", "t": "49'", "m": "Dost won a free kick for Wolfsburg in the opposing half."}, {"id": "75", "s1": "0", "s2": "0", "s": "", "t": "48'", "m": "Eintracht Frankfurt player Kim Som-bi kicked the ball straight into Mayer, but the referee raised a flag to show that the latter was offside."}, {"id": "74", "s1": "0", "s2": "0", "s": "", "t": "47'", "m": "Wolfsburg player Arnold scrambled for a foul and the opponent was given possession of the ball."}, {"id": "73", "s1": "0", "s2": "0", "s": "", "t": "47'", "m": "Makoto Hasebe won a free kick for Eintracht Frankfurt."}, {"id": "72", "s1": "0", "s2": "0", "s": "", "t": "46'", "m": "Wolfsburg player Hunt scrambled for a foul and his opponent gained possession of the ball."}, {"id": "71", "s1": "0", "s2": "0", "s": "", "t": "46'", "m": "Zambrano won a free kick for Eintracht Frankfurt."}, {"id": "70", "s1": "0", "s2": "0", "s": "", "t": "", "m": "The second half began, Frankfurt 0-0 Wolfsburg"}, {"id": "69", "s1": "0", "s2": "0", "s": "", "t": "45'", "m": "Wolfsburg made a substitution, and Hunter replaced Perisic"}, {"id": "68", "s1": "0", "s2": "0", "s": "", "t": "45'+1'", "m": "At the end of the first half, Frankfurt 0-0 Wolfsburg, a short break, we will take a look at the performance of the two teams in the second half."}, {"id": "67", "s1": "0", "s2": "0", "s": "", "t": "45'+1'", "m": "Gustavo won a free kick for Wolfsburg."}, {"id": "66", "s1": "0", "s2": "0", "s": "", "t": "45'+1'", "m": "Eintracht Frankfurt player Makoto Hasebe scrambled for a foul and his opponent gained possession of the ball."}, {"id": "65", "s1": "0", "s2": "0", "s": "", "t": "45'", "m": "Wolfsburg player Gustavo scrambled for a foul and the opponent was given possession of the ball."}, {"id": "64", "s1": "0", "s2": "0", "s": "", "t": "45'", "m": "Stendra won a free kick for Eintracht Frankfurt at the opposing half."}, {"id": "63", "s1": "0", "s2": "0", "s": "", "t": "45'", "m": "Wolfsburg player De Bruyne scrambled for a foul and his opponent was given possession."}, {"id": "62", "s1": "0", "s2": "0", "s": "", "t": "45'", "m": "Makoto Hasebe won a free kick for Eintracht Frankfurt."}, {"id": "61", "s1": "0", "s2": "0", "s": "", "t": "43'", "m": "Wolfsburg player Rodriguez scrambled for a foul and the opponent gained possession."}, {"id": "60", "s1": "0", "s2": "0", "s": "", "t": "43'", "m": "Aigner won a free kick for Eintracht Frankfurt on the right."}, {"id": "59", "s1": "0", "s2": "0", "s": "", "t": "43'", "m": "Shot!!! Wolfsburg player De Bruyne's right-footed shot from the right side of the penalty area was saved by the opposing goalkeeper. It was Vierenia who gave him the ball."}, {"id": "58", "s1": "0", "s2": "0", "s": "", "t": "41'", "m": "Frankfurt player Mayer kicked the ball straight into the drys, but the referee raised a flag to show that the latter was offside."}, {"id": "57", "s1": "0", "s2": "0", "s": "", "t": "40'", "m": "Wolfsburg player Calijuri scrambled for a foul and his opponent gained possession of the ball."}, {"id": "56", "s1": "0", "s2": "0", "s": "", "t": "40'", "m": "Zambrano won a free kick for Eintracht Frankfurt."}, {"id": "55", "s1": "0", "s2": "0", "s": "", "t": "40'", "m": "Gustavo won a free kick for Wolfsburg."}, {"id": "54", "s1": "0", "s2": "0", "s": "", "t": "40'", "m": "Eintracht Frankfurt player Stendra scrambled for a foul and his opponent was given possession of the ball."}, {"id": "53", "s1": "0", "s2": "0", "s": "", "t": "38'", "m": "Zambrano handled the ball out of the bottom line and Wolfsburg won the corner."}, {"id": "52", "s1": "0", "s2": "0", "s": "", "t": "37'", "m": "Eintracht Frankfurt player Kim Som-bi kicked the ball straight into Mayer, but the referee raised a flag to show that the latter was offside."}, {"id": "51", "s1": "0", "s2": "0", "s": "", "t": "36'", "m": "Vierenia won a free kick for Wolfsburg."}, {"id": "50", "s1": "0", "s2": "0", "s": "", "t": "36'", "m": "Frankfurt player Seferović scrambled for a foul and his opponent was given possession of the ball."}, {"id": "49", "s1": "0", "s2": "0", "s": "", "t": "35'", "m": "De Bruyne won a free kick for Wolfsburg."}, {"id": "48", "s1": "0", "s2": "0", "s": "", "t": "35'", "m": "Frankfurt player Ruth scrambled for a foul and the opponent was given possession of the ball."}, {"id": "47", "s1": "0", "s2": "0", "s": "", "t": "32'", "m": "Wolfsburg player Perisic tucked the ball straight into De Bruyne, but the referee raised a flag to show that the latter was offside."}, {"id": "46", "s1": "0", "s2": "0", "s": "", "t": "32'", "m": "Calijuri won a free kick for Wolfsburg in the opposing half."}, {"id": "45", "s1": "0", "s2": "0", "s": "", "t": "32'", "m": "Eintracht Frankfurt player Makoto Hasebe scrambled for a foul and his opponent gained possession of the ball."}, {"id": "44", "s1": "0", "s2": "0", "s": "", "t": "31'", "m": "Wolfsburg player Dost scrambled for a foul and his opponent was given possession."}, {"id": "43", "s1": "0", "s2": "0", "s": "", "t": "31'", "m": "Ochipka won a free kick for Eintracht Frankfurt."}, {"id": "42", "s1": "0", "s2": "0", "s": "", "t": "30'", "m": "Zambrano handled the ball out of the bottom line and Wolfsburg won the corner."}, {"id": "41", "s1": "0", "s2": "0", "s": "", "t": "28'", "m": "Wolfsburg player Gustavo was shown a yellow card by the referee."}, {"id": "40", "s1": "0", "s2": "0", "s": "", "t": "28'", "m": "Bernalio handled the ball out of the bottom line and Eintracht Frankfurt won a corner."}, {"id": "39", "s1": "0", "s2": "0", "s": "", "t": "28'", "m": "Shot!!! Frankfurt player Mayer's right-footed shot from the right side of the penalty area was saved by the opposing goalkeeper. It was Makoto Hasebe who gave him the pass."}, {"id": "38", "s1": "0", "s2": "0", "s": "", "t": "26'", "m": "Wolfsburg player Knoch scrambled for a foul and his opponent gained possession of the ball."}, {"id": "37", "s1": "0", "s2": "0", "s": "", "t": "26'", "m": "Seferovic won a free kick for Eintracht Frankfurt on the right."}, {"id": "36", "s1": "0", "s2": "0", "s": "", "t": "25'", "m": "Dost won a free kick for Wolfsburg."}, {"id": "35", "s1": "0", "s2": "0", "s": "", "t": "25'", "m": "Frankfurt player Ruth scrambled for a foul and the opponent was given possession of the ball."}, {"id": "34", "s1": "0", "s2": "0", "s": "", "t": "24'", "m": "Zambrano handled the ball out of the bottom line and Wolfsburg won the corner."}, {"id": "33", "s1": "0", "s2": "0", "s": "", "t": "24'", "m": "Wolfsburg player Perisic's left-footed shot from the centre of the penalty area was blocked by a defender. It was De Bruyne who passed the ball to him."}, {"id": "32", "s1": "0", "s2": "0", "s": "", "t": "24'", "m": "Calijuri won a free kick for Wolfsburg on the right."}, {"id": "31", "s1": "0", "s2": "0", "s": "", "t": "24'", "m": "Eintracht Frankfurt player Stendra scrambled for a foul and his opponent was given possession of the ball."}, {"id": "30", "s1": "0", "s2": "0", "s": "", "t": "22'", "m": "Frankfurt player Seferović kicked the ball straight into Agner, but the referee raised a flag to show that the latter was offside."}, {"id": "29", "s1": "0", "s2": "0", "s": "", "t": "21'", "m": "Wolfsburg player Dost attempted a right-footed shot from the right side of the penalty area, but unfortunately the ball was slightly offside the left goal. It was Gustavo who gave him the pass."}, {"id": "28", "s1": "0", "s2": "0", "s": "", "t": "19'", "m": "Wolfsburg player De Bruyne attempted a right-footed shot from the centre of the penalty area, but the ball was deflected slightly off the right goal. It was Gustavo who gave him the pass."}, {"id": "27", "s1": "0", "s2": "0", "s": "", "t": "14'", "m": "Frankfurt player Aigner scrambled for a foul and his opponent was given possession of the ball."}, {"id": "26", "s1": "0", "s2": "0", "s": "", "t": "14'", "m": "Rodriguez won a free kick for Wolfsburg."}, {"id": "25", "s1": "0", "s2": "0", "s": "", "t": "13'", "m": "Wolfsburg player Vierenia kicked the ball straight into Dorset, but the referee raised a flag to show that the latter was offside."}, {"id": "24", "s1": "0", "s2": "0", "s": "", "t": "13'", "m": "Frankfurt player Seferović scrambled for a foul and his opponent was given possession of the ball."}, {"id": "23", "s1": "0", "s2": "0", "s": "", "t": "13'", "m": "Vierenia won a free kick for Wolfsburg."}, {"id": "22", "s1": "0", "s2": "0", "s": "", "t": "12'", "m": "Wolfsburg player De Bruyne threw the ball straight into Calijuuri, but the referee raised a flag to show that the latter was offside."}, {"id": "21", "s1": "0", "s2": "0", "s": "", "t": "11'", "m": "Eintracht Frankfurt player Kimson competes to grab a foul and the opponent gets possession."}, {"id": "20", "s1": "0", "s2": "0", "s": "", "t": "11'", "m": "De Bruyne won a free kick for Wolfsburg."}, {"id": "19", "s1": "0", "s2": "0", "s": "", "t": "11'", "m": "Zambrano won a free kick for Eintracht Frankfurt."}, {"id": "18", "s1": "0", "s2": "0", "s": "", "t": "11'", "m": "Wolfsburg player Gustavo scrambled for a foul and the opponent was given possession of the ball."}, {"id": "17", "s1": "0", "s2": "0", "s": "", "t": "9'", "m": "Aigner won a free kick for Eintracht Frankfurt."}, {"id": "16", "s1": "0", "s2": "0", "s": "", "t": "9'", "m": "Wolfsburg player Arnold scrambled for a foul and the opponent was given possession of the ball."}, {"id": "15", "s1": "0", "s2": "0", "s": "", "t": "8'", "m": "Zambrano handled the ball out of the bottom line and Wolfsburg won the corner."}, {"id": "14", "s1": "0", "s2": "0", "s": "", "t": "8'", "m": "Eintracht Frankfurt player Makoto Hasebe was fouled for handball and the opponent was given the ball."}, {"id": "13", "s1": "0", "s2": "0", "s": "", "t": "6'", "m": "Wolfsburg player Dost kicked the ball straight into De Bruyne, but the referee raised a flag to show that the latter was offside."}, {"id": "12", "s1": "0", "s2": "0", "s": "", "t": "5'", "m": "Wolfsburg player Vierenia threw the ball straight into De Bruyne, but the referee raised a flag to show that the latter was offside."}, {"id": "11", "s1": "0", "s2": "0", "s": "", "t": "5'", "m": "The Drys won a free kick for Eintracht Frankfurt at the opposing half."}, {"id": "10", "s1": "0", "s2": "0", "s": "", "t": "5'", "m": "Wolfsburg player Arnold scrambled for a foul and the opponent was given possession of the ball."}, {"id": "9", "s1": "0", "s2": "0", "s": "", "t": "4'", "m": "Wolfsburg player Gustavo scrambled for a foul and the opponent was given possession of the ball."}, {"id": "8", "s1": "0", "s2": "0", "s": "", "t": "4'", "m": "Stendra won a free kick for Eintracht Frankfurt at the opposing half."}, {"id": "7", "s1": "0", "s2": "0", "s": "", "t": "4'", "m": "Frankfurt player Ochipka scrambled for a foul and the opponent was given possession of the ball."}, {"id": "6", "s1": "0", "s2": "0", "s": "", "t": "4'", "m": "Calijuri won a free kick for Wolfsburg."}, {"id": "5", "s1": "0", "s2": "0", "s": "", "t": "2'", "m": "Frankfurt player Qian Guishi tried his left-footed shot from the left side of the penalty area, but unfortunately the ball was slightly offside the left goal. It was Mayer who gave him the pass."}, {"id": "4", "s1": "0", "s2": "0", "s": "", "t": "2'", "m": "Frankfurt's Mayer attempted a header in the centre of the penalty area, but the ball was deflected slightly off the left goal. It was Seferović who gave him the pass."}, {"id": "3", "s1": "0", "s2": "0", "s": "", "t": "1'", "m": "Arnold won a free kick for Wolfsburg."}, {"id": "2", "s1": "0", "s2": "0", "s": "", "t": "1'", "m": "Eintracht Frankfurt player Stendra scrambled for a foul and his opponent was given possession of the ball."}, {"id": "1", "s1": "0", "s2": "0", "s": "", "t": "", "m": "With a whistle from the referee, the first half of the game began."}]