[{"id": "120", "s1": "0", "s2": "1", "s": "", "t": " ", "m": "The match is over, Bayern Munich 0-1 Augsburg, thank you for watching the Sina Football Live."}, {"id": "119", "s1": "0", "s2": "1", "s": "", "t": "90'+3'", "m": "At the end of the second half, Bayern Munich 0-1 Augsburg"}, {"id": "118", "s1": "0", "s2": "1", "s": "", "t": "90'+2'", "m": "Yellow! Bayern Munich player Rafinha was shown a yellow card by the referee for a malicious foul."}, {"id": "117", "s1": "0", "s2": "1", "s": "", "t": "90'+2'", "m": "Bayern Munich player Rafinha scrambled for a foul and his opponent was given possession."}, {"id": "116", "s1": "0", "s2": "1", "s": "", "t": "90'+2'", "m": "Pierre-Emile Höjbjerg won a free kick for Augsburg."}, {"id": "115", "s1": "0", "s2": "1", "s": "", "t": "90'", "m": "Bayern Munich player Wei Ze scrambled for a foul and his opponent was given possession."}, {"id": "114", "s1": "0", "s2": "1", "s": "", "t": "90'", "m": "Claván won a free kick for Augsburg."}, {"id": "113", "s1": "0", "s2": "1", "s": "", "t": "88'", "m": "Bayern Munich player Boateng attempted a right-footed shot just outside the penalty area, but unfortunately the ball was slightly offside the left goal. It was Götze who gave him the ball."}, {"id": "112", "s1": "0", "s2": "1", "s": "", "t": "87'", "m": "Thiago won a free kick for Bayern Munich at the opposing half."}, {"id": "111", "s1": "0", "s2": "1", "s": "", "t": "87'", "m": "Augsburg player Kerr scrambled for a foul and the opponent was given possession of the ball."}, {"id": "110", "s1": "0", "s2": "1", "s": "", "t": "86'", "m": "Bayern Munich player Pizarro attempted a left-footed shot from the centre of the penalty area, but unfortunately the ball went high above goal. It was Schweinsteiger who passed the ball."}, {"id": "109", "s1": "0", "s2": "1", "s": "", "t": "85'", "m": "Augsburg player Meurdes tried his left-footed shot from the left side of the penalty area, but unfortunately the ball was slightly above the goal. It was Abdul Baba who gave him the pass."}, {"id": "108", "s1": "0", "s2": "1", "s": "", "t": "84'", "m": "Augsburg player Foyrna kicked the ball straight to Mulders, but the referee raised a flag to show that the latter was offside."}, {"id": "107", "s1": "0", "s2": "1", "s": "", "t": "84'", "m": "Bayern Munich player Pizarro was fouled for handball and the opponent was given the ball."}, {"id": "106", "s1": "0", "s2": "1", "s": "", "t": "83'", "m": "Augsburg made a substitution, with Merdes replacing Bovadialia"}, {"id": "105", "s1": "0", "s2": "1", "s": "", "t": "82'", "m": "Augsburg player Hitz shoved the ball straight to Werner, but the referee raised a flag to show that the latter was offside."}, {"id": "104", "s1": "0", "s2": "1", "s": "", "t": "82'", "m": "Bayern Munich player Pizarro kicked the ball straight into Weisser, but the referee raised a flag to show that the latter was offside."}, {"id": "103", "s1": "0", "s2": "1", "s": "", "t": "81'", "m": "Shot!!! Bayern Munich player Götze's right-footed shot from outside the penalty area was saved by the opposing goalkeeper. It was Schweinsteiger who passed the ball."}, {"id": "102", "s1": "0", "s2": "1", "s": "", "t": "78'", "m": "Bayern Munich player Schweinsteiger attempted a right-footed shot from outside the penalty area, but unfortunately the ball went high above goal."}, {"id": "101", "s1": "0", "s2": "1", "s": "", "t": "77'", "m": "Yellow! Augsburg player Jeong-Ho Hong was shown a yellow card by the referee for a malicious foul."}, {"id": "100", "s1": "0", "s2": "1", "s": "", "t": "77'", "m": "Götze won a free kick for Bayern Munich in the opposing half."}, {"id": "99", "s1": "0", "s2": "1", "s": "", "t": "77'", "m": "Augsburg player Jeong-Ho Hong scrambled for a foul and his opponent received possession of the ball."}, {"id": "98", "s1": "0", "s2": "1", "s": "", "t": "75'", "m": "Bayern Munich player Wei Ze scrambled for a foul and his opponent was given possession."}, {"id": "97", "s1": "0", "s2": "1", "s": "", "t": "75'", "m": "Abdul Baba won a free kick for Augsburg on the left."}, {"id": "96", "s1": "0", "s2": "1", "s": "", "t": "74'", "m": "Bayern Munich made a substitution and Pizarro replaced Müller"}, {"id": "95", "s1": "0", "s2": "1", "s": "", "t": "74'", "m": "Bayern Munich made a substitution and Rafinha replaced Lewandowski"}, {"id": "94", "s1": "0", "s2": "1", "s": "", "t": "73'", "m": "Augsburg player Hitz threw the ball straight into Bovadilia, but the referee raised a flag to show that the latter was offside."}, {"id": "93", "s1": "0", "s2": "1", "s": "", "t": "71'", "m": "Goal!!! Augsburg player Bovadilla's left-footed shot from the left side of the penalty area flew into the net from the middle and the ball went in! Assisted by Pierre-Emile Höjbjerg. Bayern Munich 0-1 Augsburg."}, {"id": "92", "s1": "0", "s2": "0", "s": "", "t": "70'", "m": "Augsburg player Pierre Emile Höjbjerg kicked the ball straight into Bovadilla, but the referee raised a flag to show that the latter was offside."}, {"id": "91", "s1": "0", "s2": "0", "s": "", "t": "69'", "m": "Bernat won a free kick for Bayern Munich."}, {"id": "90", "s1": "0", "s2": "0", "s": "", "t": "69'", "m": "Augsburg player Foyrna scrambled for a foul and the opponent was given possession of the ball."}, {"id": "89", "s1": "0", "s2": "0", "s": "", "t": "68'", "m": "Bayern Munich player Schweinsteiger scrambled for a foul and his opponent was given possession of the ball."}, {"id": "88", "s1": "0", "s2": "0", "s": "", "t": "68'", "m": "Bayer won a free kick for Augsburg."}, {"id": "87", "s1": "0", "s2": "0", "s": "", "t": "64'", "m": "Augsburg player Werner kicked the ball straight into Abdul Baba, but the referee raised a flag to show that the latter was offside."}, {"id": "86", "s1": "0", "s2": "0", "s": "", "t": "63'", "m": "Dante handled the ball out of the bottom line and Augsburg won a corner kick."}, {"id": "85", "s1": "0", "s2": "0", "s": "", "t": "63'", "m": "Augsburg player Foyrna kicked the ball straight into Werner, but the referee raised a flag to show that the latter was offside."}, {"id": "84", "s1": "0", "s2": "0", "s": "", "t": "61'", "m": "Hirtz handled the ball out of the bottom line and Bayern Munich won the corner."}, {"id": "83", "s1": "0", "s2": "0", "s": "", "t": "60'", "m": "Shot!!! Bayern Munich player Wei Ze's right-footed shot from the right side of the penalty area was saved by the opposing goalkeeper. It was Lewandowski who gave him the pass."}, {"id": "82", "s1": "0", "s2": "0", "s": "", "t": "59'", "m": "Neuer won a free kick for Bayern Munich."}, {"id": "81", "s1": "0", "s2": "0", "s": "", "t": "59'", "m": "Augsburg player Werner scrambled for a foul and the opponent was given possession of the ball."}, {"id": "80", "s1": "0", "s2": "0", "s": "", "t": "59'", "m": "Weisser handled the ball out of the bottom line and Augsburg won a corner."}, {"id": "79", "s1": "0", "s2": "0", "s": "", "t": "58'", "m": "Bayern Munich player Boateng scrambled for a foul and his opponent gained possession of the ball."}, {"id": "78", "s1": "0", "s2": "0", "s": "", "t": "58'", "m": "Pierre-Emile Höjbjerg won a free kick for Augsburg at the opposing half."}, {"id": "77", "s1": "0", "s2": "0", "s": "", "t": "57'", "m": "Bayern Munich player Götze scrambled for a foul and his opponent gained possession of the ball."}, {"id": "76", "s1": "0", "s2": "0", "s": "", "t": "57'", "m": "Bayer won a free kick for Augsburg."}, {"id": "75", "s1": "0", "s2": "0", "s": "", "t": "56'", "m": "Shot!!! Augsburg player Werner's left-footed shot from the left side of the penalty area was saved by the opposing goalkeeper. Passing the ball to him was Pierre-Emile Höjbjerg."}, {"id": "74", "s1": "0", "s2": "0", "s": "", "t": "55'", "m": "Augsburg player Pierre-Emile Höjbjerg was fouled for handball and the opponent was given the ball."}, {"id": "73", "s1": "0", "s2": "0", "s": "", "t": "55'", "m": "Bernat won a free kick for Bayern Munich."}, {"id": "72", "s1": "0", "s2": "0", "s": "", "t": "55'", "m": "Augsburg player Pierre-Emile Höjbjerg scrambled for a foul and the opponent was given possession of the ball."}, {"id": "71", "s1": "0", "s2": "0", "s": "", "t": "52'", "m": "Thiago won a free kick for Bayern Munich at the opposing half."}, {"id": "70", "s1": "0", "s2": "0", "s": "", "t": "52'", "m": "Augsburg player Kerr scrambled for a foul and the opponent was given possession of the ball."}, {"id": "69", "s1": "0", "s2": "0", "s": "", "t": "51'", "m": "Abdul Baba handled the ball out of the bottom line and Bayern Munich won a corner kick."}, {"id": "68", "s1": "0", "s2": "0", "s": "", "t": "51'", "m": "Shot!!! Bayern Munich player Lewandowski's right-footed shot from the centre of the penalty area was saved by the opposing goalkeeper. It was Götze who gave him the ball."}, {"id": "67", "s1": "0", "s2": "0", "s": "", "t": "49'", "m": "Augsburg player Bova dillha attempted a left-footed shot from the centre of the penalty area, but unfortunately the ball deflected slightly off the right. Passing the ball to him was Pierre-Emile Höjbjerg."}, {"id": "66", "s1": "0", "s2": "0", "s": "", "t": "48'", "m": "The suspension ended and the players resumed playing."}, {"id": "65", "s1": "0", "s2": "0", "s": "", "t": "47'", "m": "Voyrna of Augsburg fell to the ground injured and the game was suspended"}, {"id": "64", "s1": "0", "s2": "0", "s": "", "t": "46'", "m": "Bernat won a free kick for Bayern Munich."}, {"id": "63", "s1": "0", "s2": "0", "s": "", "t": "46'", "m": "Augsburg player Kerr scrambled for a foul and the opponent was given possession of the ball."}, {"id": "62", "s1": "0", "s2": "0", "s": "", "t": " ", "m": "The second half began with Bayern Munich 0-0 Augsburg"}, {"id": "61", "s1": "0", "s2": "0", "s": "", "t": "45'", "m": "Augsburg made a substitution, pierre-Emile Höjbjerg replaced Altentop"}, {"id": "60", "s1": "0", "s2": "0", "s": "", "t": "45'+2'", "m": "At the end of the first half, Bayern Munich 0-0 Augsburg, with a short break, we will take a look at the performance of the two teams in the second half."}, {"id": "59", "s1": "0", "s2": "0", "s": "", "t": "45'+1'", "m": "Abdul Baba handled the ball out of the bottom line and Bayern Munich won a corner kick."}, {"id": "58", "s1": "0", "s2": "0", "s": "", "t": "44'", "m": "Bayern Munich player Lewandowski's right-footed shot from the centre of the penalty area hit the goalpost. It was Boateng who gave him the pass."}, {"id": "57", "s1": "0", "s2": "0", "s": "", "t": "43'", "m": "Jeong-Ho Hong handled the ball off the line and Bayern Munich won a corner kick."}, {"id": "56", "s1": "0", "s2": "0", "s": "", "t": "43'", "m": "Bayern Munich player Wei Ze's left-footed shot from the right side of the penalty area was blocked by a defender. It was Götze who gave him the ball."}, {"id": "55", "s1": "0", "s2": "0", "s": "", "t": "41'", "m": "Bayern Munich player Müller tried a right-footed shot from the centre of the penalty area, but unfortunately the ball went high above goal. It was Boateng who gave him the pass."}, {"id": "54", "s1": "0", "s2": "0", "s": "", "t": "41'", "m": "Müller won a free kick for Bayern Munich in the opposing half."}, {"id": "53", "s1": "0", "s2": "0", "s": "", "t": "41'", "m": "Augsburg player Kerr scrambled for a foul and the opponent was given possession of the ball."}, {"id": "52", "s1": "0", "s2": "0", "s": "", "t": "39'", "m": "Augsburg player Bayer kicked the ball straight into Abdul Baba, but the referee raised a flag to show that the latter was offside."}, {"id": "51", "s1": "0", "s2": "0", "s": "", "t": "39'", "m": "Augsburg player Werner's left-footed shot from the left side of the penalty area was blocked by a defender. It was Cole who gave him the pass."}, {"id": "50", "s1": "0", "s2": "0", "s": "", "t": "37'", "m": "Shot!!! Augsburg player Bova dillha's right-footed shot from the right side of the penalty area was saved by the opposing goalkeeper. It was Ferhach who gave him the pass."}, {"id": "49", "s1": "0", "s2": "0", "s": "", "t": "35'", "m": "Bayern Munich player Schweinsteiger scrambled for a foul and his opponent was given possession of the ball."}, {"id": "48", "s1": "0", "s2": "0", "s": "", "t": "35'", "m": "Altentop won a free kick for Augsburg on the right."}, {"id": "47", "s1": "0", "s2": "0", "s": "", "t": "33'", "m": "Augsburg player Alten Top tried a right-footed shot from the centre of the penalty area, but the ball was deflected slightly off the left goal. The one who gave him the ball was Bovadia."}, {"id": "46", "s1": "0", "s2": "0", "s": "", "t": "33'", "m": "Bayern Munich player Müller scrambled for a foul and his opponent gained possession of the ball."}, {"id": "45", "s1": "0", "s2": "0", "s": "", "t": "33'", "m": "Bayer won a free kick for Augsburg."}, {"id": "44", "s1": "0", "s2": "0", "s": "", "t": "32'", "m": "Bernat won a free kick for Bayern Munich."}, {"id": "43", "s1": "0", "s2": "0", "s": "", "t": "32'", "m": "Augsburg player Foyrna scrambled for a foul and the opponent was given possession of the ball."}, {"id": "42", "s1": "0", "s2": "0", "s": "", "t": "32'", "m": "Augsburg was replaced, Verner was on, Eswein was off with injury."}, {"id": "41", "s1": "0", "s2": "0", "s": "", "t": "31'", "m": "Götze won a free kick for Bayern Munich in the opposing half."}, {"id": "40", "s1": "0", "s2": "0", "s": "", "t": "31'", "m": "Augsburg player Kerr scrambled for a foul and the opponent was given possession of the ball."}, {"id": "39", "s1": "0", "s2": "0", "s": "", "t": "30'", "m": "Bayern Munich player Götze attempted a right-footed shot from outside the penalty area, but unfortunately the ball was slightly above goal. It was Lewandowski who gave him the pass."}, {"id": "38", "s1": "0", "s2": "0", "s": "", "t": "29'", "m": "Schweinsterger handled the ball out of the box and Augsburg won a corner kick."}, {"id": "37", "s1": "0", "s2": "0", "s": "", "t": "28'", "m": "Bayern Munich player Thiago threw the ball straight into Lewandowski, but the referee raised a flag to show that the latter was offside."}, {"id": "36", "s1": "0", "s2": "0", "s": "", "t": "26'", "m": "Müller won a free kick for Bayern Munich in the opposing half."}, {"id": "35", "s1": "0", "s2": "0", "s": "", "t": "26'", "m": "Augsburg player Abdul Baba scrambled for a foul and the opponent was given possession of the ball."}, {"id": "34", "s1": "0", "s2": "0", "s": "", "t": "25'", "m": "Augsburg player Bayer kicked the ball straight into Bovadilia, but the referee raised a flag to show that the latter was offside."}, {"id": "33", "s1": "0", "s2": "0", "s": "", "t": "25'", "m": "Dante won a free kick for Bayern Munich."}, {"id": "32", "s1": "0", "s2": "0", "s": "", "t": "25'", "m": "Augsburg player Bova di Lia scrambled for a foul and the opponent was given possession of the ball."}, {"id": "31", "s1": "0", "s2": "0", "s": "", "t": "24'", "m": "Bayern Munich player Bernat tried a right-footed shot from outside the penalty area, but unfortunately the ball deflected off target. It was Schweinsteiger who passed the ball."}, {"id": "30", "s1": "0", "s2": "0", "s": "", "t": "21'", "m": "Augsburg player Bova dillha attempted a left-footed shot from the centre of the penalty area, but unfortunately the ball deflected off target. It was Abdul Baba who gave him the pass."}, {"id": "29", "s1": "0", "s2": "0", "s": "", "t": "19'", "m": "Augsburg player Eswein tried his right-footed shot from outside the penalty area, but unfortunately the ball was high above the top right corner. The one who gave him the pass was Alten top."}, {"id": "28", "s1": "0", "s2": "0", "s": "", "t": "18'", "m": "Dante handled the ball out of the bottom line and Augsburg won a corner kick."}, {"id": "27", "s1": "0", "s2": "0", "s": "", "t": "17'", "m": "Götze won a free kick for Bayern Munich on the left."}, {"id": "26", "s1": "0", "s2": "0", "s": "", "t": "17'", "m": "Augsburg player Foyrna scrambled for a foul and the opponent was given possession of the ball."}, {"id": "25", "s1": "0", "s2": "0", "s": "", "t": "16'", "m": "Bayern Munich player Bernat tried his left-footed shot from outside the penalty area, but the ball was deflected slightly off the right goal. It was Wei Ze who gave him the pass."}, {"id": "24", "s1": "0", "s2": "0", "s": "", "t": "15'", "m": "Lewandowski won a free kick for Bayern Munich."}, {"id": "23", "s1": "0", "s2": "0", "s": "", "t": "15'", "m": "Augsburg player Ferhach scrambled for a foul and his opponent was given possession of the ball."}, {"id": "22", "s1": "0", "s2": "0", "s": "", "t": "15'", "m": "Augsburg player Penalty missed! Still  FC Bayern München 0, FC Augsburg 0. Paul Verhaegh's right-footed shot hit the right upright post."}, {"id": "21", "s1": "0", "s2": "0", "s": "", "t": "14'", "m": "Bayern Munich made a substitution and Neuer replaced Ram"}, {"id": "20", "s1": "0", "s2": "0", "s": "", "t": "14'", "m": "The suspension ended and the players resumed playing."}, {"id": "19", "s1": "0", "s2": "0", "s": "", "t": "14'", "m": "Augsburg Bovadilia fell to the ground injured and the game was suspended"}, {"id": "18", "s1": "0", "s2": "0", "s": "", "t": "13'", "m": "The referee sent Bayern Munich's Renner a direct red card."}, {"id": "17", "s1": "0", "s2": "0", "s": "", "t": "13'", "m": "Bayern Munich player Renner committed a foul that resulted in a penalty."}, {"id": "16", "s1": "0", "s2": "0", "s": "", "t": "13'", "m": "Penalty, Bovadia was violated inside the penalty area and Augsburg was awarded a penalty."}, {"id": "15", "s1": "0", "s2": "0", "s": "", "t": "12'", "m": "Yellow! Bayern Munich player Dante was shown a yellow card by the referee for a malicious foul."}, {"id": "14", "s1": "0", "s2": "0", "s": "", "t": "12'", "m": "Bayern Munich player Dante scrambled for a foul and his opponent was given possession of the ball."}, {"id": "13", "s1": "0", "s2": "0", "s": "", "t": "12'", "m": "Eswe won a free kick because Augsburg was in the opposing half."}, {"id": "12", "s1": "0", "s2": "0", "s": "", "t": "11'", "m": "Bayern Munich player Müller attempted a left-footed shot from outside the penalty area, but unfortunately the ball was slightly offside the right goal. It was Thiago who gave him the pass."}, {"id": "11", "s1": "0", "s2": "0", "s": "", "t": "9'", "m": "Bayern Munich player Boateng scrambled for a foul and his opponent gained possession of the ball."}, {"id": "10", "s1": "0", "s2": "0", "s": "", "t": "9'", "m": "Bayer won a free kick for Augsburg."}, {"id": "9", "s1": "0", "s2": "0", "s": "", "t": "9'", "m": "Bayern Munich player Götze fired a right-footed shot from the right side of the penalty area that hit the left upright of the goalpost. It was Lewandowski who gave him the pass."}, {"id": "8", "s1": "0", "s2": "0", "s": "", "t": "5'", "m": "Shot!!! Bayern Munich player Götze's right-footed shot from the left side of the penalty area was saved by the opposing goalkeeper. It was Schweinsteiger who passed the ball."}, {"id": "7", "s1": "0", "s2": "0", "s": "", "t": "3'", "m": "Bayern Munich player Götze's right-footed shot from outside the penalty area was blocked by a defender. It was Muller who gave him the pass."}, {"id": "6", "s1": "0", "s2": "0", "s": "", "t": "3'", "m": "Augsburg player Jeong Ho Hong attempted a header in the centre of the penalty area, but unfortunately the ball was slightly offside the left goal. The one who gave him the ball was Bovadia."}, {"id": "5", "s1": "0", "s2": "0", "s": "", "t": "3'", "m": "Renner handled the ball out of the bottom line and Augsburg won the corner."}, {"id": "4", "s1": "0", "s2": "0", "s": "", "t": "3'", "m": "Shot!!! Augsburg player Bova dillha's right-footed shot from outside the penalty area was saved by the opposing goalkeeper."}, {"id": "3", "s1": "0", "s2": "0", "s": "", "t": "2'", "m": "Bovadia won a free kick for Augsburg at the opposing half."}, {"id": "2", "s1": "0", "s2": "0", "s": "", "t": "2'", "m": "Bayern Munich player Dante scrambled for a foul and his opponent was given possession of the ball."}, {"id": "1", "s1": "0", "s2": "0", "s": "", "t": " ", "m": "With a whistle from the referee, the first half of the game began."}]