[{"id": "102", "s1": "3", "s2": "2", "s": "", "t": "", "m": "The match ended with Eintracht Frankfurt 3-2 Cologne, thank you for watching The Sina Football Live."}, {"id": "101", "s1": "3", "s2": "2", "s": "", "t": "90'+4'", "m": "End of the second half, Frankfurt 3-2 Cologne"}, {"id": "100", "s1": "3", "s2": "2", "s": "", "t": "90'+4'", "m": "Eintracht Frankfurter Maderan attempted a right-footed shot from outside the penalty area, but unfortunately the ball was slightly offside the left goal."}, {"id": "99", "s1": "3", "s2": "2", "s": "", "t": "90'+2'", "m": "Frankfurt made a substitution, and Maderang replaced Mayer"}, {"id": "98", "s1": "3", "s2": "2", "s": "", "t": "90'+2'", "m": "Ignoniovsky won a free kick for Eintracht Frankfurt."}, {"id": "97", "s1": "3", "s2": "2", "s": "", "t": "90'+2'", "m": "Cologne player Pawel Olkowski scrambled for a foul and the opponent was given possession of the ball."}, {"id": "96", "s1": "3", "s2": "2", "s": "", "t": "90'", "m": "Frankfurt player Ruth scrambled for a foul and the opponent was given possession of the ball."}, {"id": "95", "s1": "3", "s2": "2", "s": "", "t": "90'", "m": "Vogt won a free kick for Cologne at the opposing half."}, {"id": "94", "s1": "3", "s2": "2", "s": "", "t": "89'", "m": "Frankfurt made a substitution, Chandler replaced Medojevic"}, {"id": "93", "s1": "3", "s2": "2", "s": "", "t": "88'", "m": "Medojevic won a free kick for Eintracht Frankfurt."}, {"id": "92", "s1": "3", "s2": "2", "s": "", "t": "88'", "m": "Cologne player Pawel Olkowski scrambled for a foul and the opponent was given possession of the ball."}, {"id": "91", "s1": "3", "s2": "2", "s": "", "t": "86'", "m": "Frankfurt made a substitution, with Aigner replacing Seferović"}, {"id": "90", "s1": "3", "s2": "2", "s": "", "t": "86'", "m": "Seferovic won a free kick for Eintracht Frankfurt on the right."}, {"id": "89", "s1": "3", "s2": "2", "s": "", "t": "86'", "m": "Cologne player Kevin Wimmer scrambled for a foul and his opponent gained possession of the ball."}, {"id": "88", "s1": "3", "s2": "2", "s": "", "t": "84'", "m": "Shot!!! Cologne player Rieser's right-footed shot from outside the penalty area was saved by the opposing goalkeeper. It was Shictor who gave him the pass."}, {"id": "87", "s1": "3", "s2": "2", "s": "", "t": "83'", "m": "Ochipka won a free kick for Eintracht Frankfurt."}, {"id": "86", "s1": "3", "s2": "2", "s": "", "t": "83'", "m": "Cologne players Nagasawa and Kei scrambled for fouls and their opponents were given possession of the ball."}, {"id": "85", "s1": "3", "s2": "2", "s": "", "t": "81'", "m": "Cologne was replaced, with Nagasawa and Kei replacing Simon Zoller"}, {"id": "84", "s1": "3", "s2": "2", "s": "", "t": "79'", "m": "Cologne player Kevin Wimmer swung himself, Frankfurt 3-2 Cologne"}, {"id": "83", "s1": "2", "s2": "2", "s": "", "t": "78'", "m": "Kevin Wimmer handled the ball out of the bottom line and Eintracht Frankfurt won a corner kick."}, {"id": "82", "s1": "2", "s2": "2", "s": "", "t": "77'", "m": "Cologne player Riser shoved the ball straight into Pawel Olkowski, but the referee raised a flag to show that the latter was offside."}, {"id": "81", "s1": "2", "s2": "2", "s": "", "t": "75'", "m": "Cologne player Lehmann tried a right-footed shot just outside the penalty area, but unfortunately the ball went high above goal. It was Uja who gave him the pass."}, {"id": "80", "s1": "2", "s2": "2", "s": "", "t": "74'", "m": "Ochipka handled the ball out of the bottom line and Cologne won a corner kick."}, {"id": "79", "s1": "2", "s2": "2", "s": "", "t": "73'", "m": "Cologne player Rither's right-footed shot from outside the penalty area was blocked by a defender. The pass to him was Simon Zoller."}, {"id": "78", "s1": "2", "s2": "2", "s": "", "t": "72'", "m": "Cologne was replaced, and Uja replaced Daisuke Yongya"}, {"id": "77", "s1": "2", "s2": "2", "s": "", "t": "72'", "m": "Eintracht Frankfurt's Qian Guishi tried his header in the middle of the penalty area, but unfortunately the ball was slightly offside the left goal. It was Ignowski who gave him the pass."}, {"id": "76", "s1": "2", "s2": "2", "s": "", "t": "71'", "m": "Frankfurt player Ochipka scrambled for a foul and the opponent was given possession of the ball."}, {"id": "75", "s1": "2", "s2": "2", "s": "", "t": "71'", "m": "Simon Zoller won a free kick for Cologne on the right."}, {"id": "74", "s1": "2", "s2": "2", "s": "", "t": "70'", "m": "Cologne player Rither tried his right-footed shot from outside the penalty area, but unfortunately the ball deflected off target."}, {"id": "73", "s1": "2", "s2": "2", "s": "", "t": "70'", "m": "Shot!!! Frankfurt's Seferović's left-footed shot from the centre of the penalty area was saved by the opposing goalkeeper. It was Qian Guishi who gave him the ball."}, {"id": "72", "s1": "2", "s2": "2", "s": "", "t": "68'", "m": "Shot!!! Frankfurt player Mayer's header from the centre of the penalty area was saved by the opposing goalkeeper. The one who gave him the ball was Okipka."}, {"id": "71", "s1": "2", "s2": "2", "s": "", "t": "65'", "m": "Goal!!! Cologne player Shictor shot with his left foot from the left side of the penalty area, the ball flew into the middle of the box and the ball went in! The assist was Vogt. Frankfurt 2-2 Cologne."}, {"id": "70", "s1": "2", "s2": "1", "s": "", "t": "64'", "m": "Cologne player Da qiang yong also tried a header in the center of the penalty area, but unfortunately the ball was slightly above the goal. It was Reese who gave him the pass."}, {"id": "69", "s1": "2", "s2": "1", "s": "", "t": "63'", "m": "Frankfurt player Ochipka scrambled for a foul and the opponent was given possession of the ball."}, {"id": "68", "s1": "2", "s2": "1", "s": "", "t": "63'", "m": "Peszoko won a free kick for Cologne."}, {"id": "67", "s1": "2", "s2": "1", "s": "", "t": "63'", "m": "Zambrano won a free kick for Eintracht Frankfurt."}, {"id": "66", "s1": "2", "s2": "1", "s": "", "t": "63'", "m": "Cologne player Simon Zoller scrambled for a foul and his opponent was given possession of the ball."}, {"id": "65", "s1": "2", "s2": "1", "s": "", "t": "62'", "m": "Shot!!! Frankfurt player Ruth's header from the centre of the penalty area was saved by the opposing goalkeeper. The one who gave him the ball was Okipka."}, {"id": "64", "s1": "2", "s2": "1", "s": "", "t": "61'", "m": "Cologne was replaced, and Pestzoko replaced Daniel Halfar"}, {"id": "63", "s1": "2", "s2": "1", "s": "", "t": "61'", "m": "Yellow! Cologne player Vogt was shown a yellow card by the referee for a malicious foul."}, {"id": "62", "s1": "2", "s2": "1", "s": "", "t": "61'", "m": "Makoto Hasebe won a free kick for Eintracht Frankfurt on the left side."}, {"id": "61", "s1": "2", "s2": "1", "s": "", "t": "61'", "m": "Cologne player Vogt scrambled for a foul and his opponent gained possession of the ball."}, {"id": "60", "s1": "2", "s2": "1", "s": "", "t": "60'", "m": "Frankfurt player Qian Guishi scrambled for fouls and the opponent was given possession of the ball."}, {"id": "59", "s1": "2", "s2": "1", "s": "", "t": "60'", "m": "Kevin Wimmer won a free kick for Cologne."}, {"id": "58", "s1": "2", "s2": "1", "s": "", "t": "57'", "m": "Shot!!! Cologne player Simon Zoller's right-footed shot from the left side of the penalty area was saved by the opposing goalkeeper. It was Shictor who gave him the pass."}, {"id": "57", "s1": "2", "s2": "1", "s": "", "t": "55'", "m": "Yellow! Frankfurt player Seferović was shown a yellow card by the referee for a malicious foul."}, {"id": "56", "s1": "2", "s2": "1", "s": "", "t": "55'", "m": "Frankfurt player Seferović scrambled for a foul and his opponent was given possession of the ball."}, {"id": "55", "s1": "2", "s2": "1", "s": "", "t": "55'", "m": "Kevin Wimmer won a free kick for Cologne."}, {"id": "54", "s1": "2", "s2": "1", "s": "", "t": "54'", "m": "Goal!!! Frankfurt player Mayer's header from the centre of the penalty area, the ball flew from the bottom left corner into the goal, the ball was scored! The assist was Seferovich. Frankfurt 2-1 Cologne."}, {"id": "53", "s1": "1", "s2": "1", "s": "", "t": "54'", "m": "Shot!!! Cologne player Riser's right-footed shot from a wide distance from the left was saved by the opposing goalkeeper."}, {"id": "52", "s1": "1", "s2": "1", "s": "", "t": "53'", "m": "Frankfurt player Ignonovsky scrambled for a foul and his opponent was given possession."}, {"id": "51", "s1": "1", "s2": "1", "s": "", "t": "53'", "m": "Simon Zoller won a free kick for Cologne in the opposing half."}, {"id": "50", "s1": "1", "s2": "1", "s": "", "t": "47'", "m": "Zambrano won a free kick for Eintracht Frankfurt."}, {"id": "49", "s1": "1", "s2": "1", "s": "", "t": "47'", "m": "Cologne player Simon Zoller scrambled for a foul and his opponent was given possession of the ball."}, {"id": "48", "s1": "1", "s2": "1", "s": "", "t": "", "m": "The second half began, Frankfurt 1-1 Cologne"}, {"id": "47", "s1": "1", "s2": "1", "s": "", "t": "45'+1'", "m": "At the end of the first half, Eintracht Frankfurt 1-1 Cologne, a short break, we will take a look at the performance of the two teams in the second half."}, {"id": "46", "s1": "1", "s2": "1", "s": "", "t": "44'", "m": "Goal!!! Frankfurt player Mayer's header from the centre of the penalty area, the ball flew from the bottom right corner into the goal, the ball was scored! The assist was Seferovich. Frankfurt 1-1 Cologne."}, {"id": "45", "s1": "0", "s2": "1", "s": "", "t": "43'", "m": "Vogt handled the ball out of the bottom line and Frankfurt won a corner."}, {"id": "44", "s1": "0", "s2": "1", "s": "", "t": "41'", "m": "Ruth won a free kick for Eintracht Frankfurt."}, {"id": "43", "s1": "0", "s2": "1", "s": "", "t": "41'", "m": "Cologne player Lehmann scrambled for a foul and his opponent was given possession."}, {"id": "42", "s1": "0", "s2": "1", "s": "", "t": "40'", "m": "Frankfurt player Ignonovsky scrambled for a foul and his opponent was given possession."}, {"id": "41", "s1": "0", "s2": "1", "s": "", "t": "40'", "m": "Hickory won a free kick for Cologne."}, {"id": "40", "s1": "0", "s2": "1", "s": "", "t": "39'", "m": "Makoto Hasebe won a free kick for Eintracht Frankfurt."}, {"id": "39", "s1": "0", "s2": "1", "s": "", "t": "39'", "m": "The Cologne player Daeki Yong also fought for a foul and the opponent gained possession of the ball."}, {"id": "38", "s1": "0", "s2": "1", "s": "", "t": "38'", "m": "Frankfurt player Seferović's left-footed shot from outside the penalty area was blocked by a defender. The one who gave him the ball was Okipka."}, {"id": "37", "s1": "0", "s2": "1", "s": "", "t": "37'", "m": "Cologne player Vogt was fouled for handball and the opponent was given the ball."}, {"id": "36", "s1": "0", "s2": "1", "s": "", "t": "36'", "m": "Eintracht Frankfurter Seferović attempted a left-footed shot from outside the penalty area, but unfortunately the ball was slightly offside the right goal. It was Ruth who gave him the pass."}, {"id": "35", "s1": "0", "s2": "1", "s": "", "t": "35'", "m": "Frankfurt player Medojevic's right-footed shot from the centre of the penalty area was blocked by a defender."}, {"id": "34", "s1": "0", "s2": "1", "s": "", "t": "35'", "m": "Frankfurt player Anderson's right-footed shot from the centre of the penalty area was blocked by a defender."}, {"id": "33", "s1": "0", "s2": "1", "s": "", "t": "35'", "m": "Hickor handled the ball out of the line and Frankfurt won a corner kick."}, {"id": "32", "s1": "0", "s2": "1", "s": "", "t": "35'", "m": "Frankfurt's right-footed shot from the centre of the penalty area was blocked by a defender."}, {"id": "31", "s1": "0", "s2": "1", "s": "", "t": "35'", "m": "Frankfurt player Ruth's right-footed shot from the centre of the penalty area was blocked by a defender. It was Qian Guishi who gave him the ball."}, {"id": "30", "s1": "0", "s2": "1", "s": "", "t": "33'", "m": "Frankfurt's Mayer attempted a header in the centre of the penalty area, but the ball was deflected slightly off the left goal. It was Qian Guishi who gave him the ball."}, {"id": "29", "s1": "0", "s2": "1", "s": "", "t": "32'", "m": "Makoto Hasebe won a free kick for Eintracht Frankfurt at the opposing half."}, {"id": "28", "s1": "0", "s2": "1", "s": "", "t": "32'", "m": "Cologne player Daniel Halfar scrambled for a foul and the opponent was given possession of the ball."}, {"id": "27", "s1": "0", "s2": "1", "s": "", "t": "30'", "m": "Zambrano won a free kick for Eintracht Frankfurt."}, {"id": "26", "s1": "0", "s2": "1", "s": "", "t": "30'", "m": "The Cologne player Daeki Yong also fought for a foul and the opponent gained possession of the ball."}, {"id": "25", "s1": "0", "s2": "1", "s": "", "t": "30'", "m": "Frankfurt player Ruth scrambled for a foul and the opponent was given possession of the ball."}, {"id": "24", "s1": "0", "s2": "1", "s": "", "t": "30'", "m": "Vogt won a free kick for Cologne."}, {"id": "23", "s1": "0", "s2": "1", "s": "", "t": "28'", "m": "Anderson won a free kick for Eintracht Frankfurt."}, {"id": "22", "s1": "0", "s2": "1", "s": "", "t": "28'", "m": "The Cologne player Daeki Yong also fought for a foul and the opponent gained possession of the ball."}, {"id": "21", "s1": "0", "s2": "1", "s": "", "t": "25'", "m": "The Drys won a free kick for Eintracht Frankfurt at the opposing half."}, {"id": "20", "s1": "0", "s2": "1", "s": "", "t": "25'", "m": "Cologne player Kevin Wimmer scrambled for a foul and his opponent gained possession of the ball."}, {"id": "19", "s1": "0", "s2": "1", "s": "", "t": "24'", "m": "Frankfurt player Ochipka tried his left-footed shot just outside the penalty area, but unfortunately the ball was slightly offside the right goal. It was Qian Guishi who gave him the ball."}, {"id": "18", "s1": "0", "s2": "1", "s": "", "t": "23'", "m": "Eintracht Frankfurt player Ocipka was fouled for handball and the opponent was given the ball."}, {"id": "17", "s1": "0", "s2": "1", "s": "", "t": "18'", "m": "Anderson won a free kick for Eintracht Frankfurt."}, {"id": "16", "s1": "0", "s2": "1", "s": "", "t": "18'", "m": "Cologne player Simon Zoller scrambled for a foul and his opponent was given possession of the ball."}, {"id": "15", "s1": "0", "s2": "1", "s": "", "t": "17'", "m": "Shot!!! Frankfurt player Mayer's left-footed shot from the centre of the penalty area was saved by the opposing goalkeeper. It was Qian Guishi who gave him the ball."}, {"id": "14", "s1": "0", "s2": "1", "s": "", "t": "17'", "m": "Shot!!! Frankfurt's Seferović's left-footed shot from the centre of the penalty area was saved by the opposing goalkeeper. It was Qian Guishi who gave him the ball."}, {"id": "13", "s1": "0", "s2": "1", "s": "", "t": "15'", "m": "Goal!!! Cologne player Lisse's right-footed shot from the left side of the penalty area flew into the goal from the bottom right corner and the ball went in! The assist was Vogt. Frankfurt 0-1 Cologne."}, {"id": "12", "s1": "0", "s2": "0", "s": "", "t": "15'", "m": "Cologne player Shictor kicked the ball straight into the big force, but the referee raised a flag to show that the latter had been offside."}, {"id": "11", "s1": "0", "s2": "0", "s": "", "t": "14'", "m": "Cologne player Pawel Olkowski attempted a right-footed shot from outside the penalty area, but unfortunately the ball was slightly offside the right goal. It was Shictor who gave him the pass."}, {"id": "10", "s1": "0", "s2": "0", "s": "", "t": "11'", "m": "Eintracht Frankfurt player Medojević was fouled for handball and the opponent was given the ball."}, {"id": "9", "s1": "0", "s2": "0", "s": "", "t": "10'", "m": "Wiederwald handled the ball out of the bottom line and Cologne won the corner."}, {"id": "8", "s1": "0", "s2": "0", "s": "", "t": "10'", "m": "Shot!!! Cologne player Simon Zoller's right-footed shot from the left side of the penalty area was saved by the opposing goalkeeper. It was Vogt who gave him the pass."}, {"id": "7", "s1": "0", "s2": "0", "s": "", "t": "10'", "m": "Eintracht Frankfurt's right-footed shot from outside the penalty area was blocked by a defender. It was Makoto Hasebe who gave him the pass."}, {"id": "6", "s1": "0", "s2": "0", "s": "", "t": "8'", "m": "Kevin Wimmer handled the ball out of the bottom line and Eintracht Frankfurt won a corner kick."}, {"id": "5", "s1": "0", "s2": "0", "s": "", "t": "7'", "m": "Reese handled the ball out of the bottom line and Eintracht Frankfurt won a corner."}, {"id": "4", "s1": "0", "s2": "0", "s": "", "t": "6'", "m": "Kevin Wimmer handled the ball out of the bottom line and Eintracht Frankfurt won a corner kick."}, {"id": "3", "s1": "0", "s2": "0", "s": "", "t": "5'", "m": "Frankfurt's Mayer's right-footed shot from the right side of the penalty area was blocked by a defender. The one who gave him the ball was Okipka."}, {"id": "2", "s1": "0", "s2": "0", "s": "", "t": "3'", "m": "Shot!!! Cologne player Daniel Halfar's right-footed shot from outside the penalty area was saved by the opposing goalkeeper. It was Reese who gave him the pass."}, {"id": "1", "s1": "0", "s2": "0", "s": "", "t": "", "m": "With a whistle from the referee, the first half of the game began."}]