[{"id": "94", "s1": "1", "s2": "0", "s": "", "t": "", "m": "The match is over, Hertha Berlin 1-0 Dortmund, thank you for watching The Sina Football Live."}, {"id": "93", "s1": "1", "s2": "0", "s": "", "t": "90'+4'", "m": "At the end of the second half, Hertha Berlin 1-0 Borussia Dortmund"}, {"id": "92", "s1": "1", "s2": "0", "s": "", "t": "90'+3'", "m": "Shaheen won a free kick for Borussia Dortmund."}, {"id": "91", "s1": "1", "s2": "0", "s": "", "t": "90'+3'", "m": "Hertha Berlin player Sheber scrambled for a foul and the opponent was given possession of the ball."}, {"id": "90", "s1": "1", "s2": "0", "s": "", "t": "90'+2'", "m": "Borussia Dortmund player Shaheen tried his right-footed shot from outside the penalty area, but unfortunately the ball went high above goal."}, {"id": "89", "s1": "1", "s2": "0", "s": "", "t": "90'+2'", "m": "Fine Bemm handled the ball out of the bottom line and Borussia Dortmund won a corner kick."}, {"id": "88", "s1": "1", "s2": "0", "s": "", "t": "90'+1'", "m": "Nico Schultz handled the ball out of the box and Borussia Dortmund won a corner kick."}, {"id": "87", "s1": "1", "s2": "0", "s": "", "t": "87'", "m": "Hertha Berlin player Kraft was shown a yellow card by the referee."}, {"id": "86", "s1": "1", "s2": "0", "s": "", "t": "87'", "m": "The Borussia Dortmund player attempted a header from the right side of the penalty area in Mobile, but unfortunately the ball was slightly offside the left goal. It was Aubameyang who gave him the ball."}, {"id": "85", "s1": "1", "s2": "0", "s": "", "t": "87'", "m": "Dortmund player Adrian Ramos' header from the centre of the penalty area was blocked by a defender. It was Gundogan who gave him the ball."}, {"id": "84", "s1": "1", "s2": "0", "s": "", "t": "86'", "m": "Brooks handled the ball out of the bottom line and Borussia Dortmund won the corner."}, {"id": "83", "s1": "1", "s2": "0", "s": "", "t": "86'", "m": "Borussia Dortmund's Braszczykovski's right-footed shot from a tight angle on the right side of the goal was blocked by a defender."}, {"id": "82", "s1": "1", "s2": "0", "s": "", "t": "86'", "m": "Shot!!! The Dortmund player was saved by the opposing goalkeeper for a header from the centre of the Penalty Area by Mobile. It was Shaheen who gave him the ball."}, {"id": "81", "s1": "1", "s2": "0", "s": "", "t": "85'", "m": "Shaheen won a free kick for Borussia Dortmund."}, {"id": "80", "s1": "1", "s2": "0", "s": "", "t": "85'", "m": "Hertha Berlin player Billens scrambled for a foul and the opponent was given possession of the ball."}, {"id": "79", "s1": "1", "s2": "0", "s": "", "t": "85'", "m": "Borussia Dortmund player Gundogan threw the ball straight into Adrian Ramos, but the referee raised a flag to show that the latter was offside."}, {"id": "78", "s1": "1", "s2": "0", "s": "", "t": "83'", "m": "Borussia Dortmund made a substitution and Shaheen replaced Subotic"}, {"id": "77", "s1": "1", "s2": "0", "s": "", "t": "82'", "m": "Hertha Berlin was replaced and Lustenberger replaced Ronnie"}, {"id": "76", "s1": "1", "s2": "0", "s": "", "t": "80'", "m": "Shot!!! Dortmund player Gundogan's right-footed shot from outside the penalty area was saved by the opposing goalkeeper."}, {"id": "75", "s1": "1", "s2": "0", "s": "", "t": "79'", "m": "Shot!!! Borussia Dortmund player Schmelzer's left-footed shot from outside the penalty area was saved by the opposing goalkeeper. The pass to him was Adrian Ramos."}, {"id": "74", "s1": "1", "s2": "0", "s": "", "t": "78'", "m": "Hertha Berlin player Kraft kicked the ball straight into Ronnie, but the referee raised a flag to show the latter was offside."}, {"id": "73", "s1": "1", "s2": "0", "s": "", "t": "77'", "m": "Subotic handled the ball out of the bottom line and Hertha Berlin won the corner."}, {"id": "72", "s1": "1", "s2": "0", "s": "", "t": "76'", "m": "Borussia Dortmund player Subotic attempted a header in the centre of the penalty area, but unfortunately the ball went high above the top right corner. It was Schmeltze who gave him the ball."}, {"id": "71", "s1": "1", "s2": "0", "s": "", "t": "75'", "m": "Nico Schultz handled the ball out of the box and Borussia Dortmund won a corner kick."}, {"id": "70", "s1": "1", "s2": "0", "s": "", "t": "73'", "m": "Craft handled the ball out of the bottom line and Borussia Dortmund won a corner kick."}, {"id": "69", "s1": "1", "s2": "0", "s": "", "t": "73'", "m": "Shot!!! Dortmund player Hummels' header from the centre of the penalty area was saved by the opposing goalkeeper. It was Schmeltze who gave him the ball."}, {"id": "68", "s1": "1", "s2": "0", "s": "", "t": "73'", "m": "Niemeer handled the ball out of the bottom line and Borussia Dortmund won a corner kick."}, {"id": "67", "s1": "1", "s2": "0", "s": "", "t": "73'", "m": "Dortmund player Gundogan's right-footed shot from outside the penalty area was blocked by a defender."}, {"id": "66", "s1": "1", "s2": "0", "s": "", "t": "72'", "m": "Yellow! Hertha Berlin player Brooks was shown a yellow card by the referee for a malicious foul."}, {"id": "65", "s1": "1", "s2": "0", "s": "", "t": "72'", "m": "Immobile won a free kick for Borussia Dortmund at the opposing half."}, {"id": "64", "s1": "1", "s2": "0", "s": "", "t": "72'", "m": "Hertha Berlin player Brooks scrambled for a foul and the opponent was given possession of the ball."}, {"id": "63", "s1": "1", "s2": "0", "s": "", "t": "70'", "m": "Hertha Berlin was replaced, and Shelby was replaced by Shelby"}, {"id": "62", "s1": "1", "s2": "0", "s": "", "t": "70'", "m": "Hertha Berlin was replaced and Van den Borg replaced Ben Hattila"}, {"id": "61", "s1": "1", "s2": "0", "s": "", "t": "68'", "m": "The suspension ended and the players resumed playing."}, {"id": "60", "s1": "1", "s2": "0", "s": "", "t": "67'", "m": "Hertha Berlin Fell to the ground injured and the game was suspended"}, {"id": "59", "s1": "1", "s2": "0", "s": "", "t": "65'", "m": "Shot!!! The Borussia Dortmund player fired a right-footed shot from the right side of the penalty area that was saved by the opposing goalkeeper. It was Bendel who gave him the pass."}, {"id": "58", "s1": "1", "s2": "0", "s": "", "t": "58'", "m": "Aubameyang won a free kick for Borussia Dortmund at half."}, {"id": "57", "s1": "1", "s2": "0", "s": "", "t": "58'", "m": "Hertha Berlin player Niemele scrambled for a foul and the opponent was given possession of the ball."}, {"id": "56", "s1": "1", "s2": "0", "s": "", "t": "58'", "m": "Hertha Berlin player Ben Hattila tried his left-footed shot from a tight angle on the left side of the goal, but unfortunately the ball was slightly off the left goal. It was Ronnie who gave him the pass."}, {"id": "55", "s1": "1", "s2": "0", "s": "", "t": "55'", "m": "Borussia Dortmund player Adrian Ramos scrambled for a foul and the opponent was given possession of the ball."}, {"id": "54", "s1": "1", "s2": "0", "s": "", "t": "55'", "m": "Jens Hegeller won a free-kick for Hertha Berlin."}, {"id": "53", "s1": "1", "s2": "0", "s": "", "t": "54'", "m": "Dortmund player Braszczykovsky scrambled for a foul and the opponent gained possession of the ball."}, {"id": "52", "s1": "1", "s2": "0", "s": "", "t": "54'", "m": "Niemeyer won a free kick for Hertha Berlin."}, {"id": "51", "s1": "1", "s2": "0", "s": "", "t": "53'", "m": "The suspension ended and the players resumed playing."}, {"id": "50", "s1": "1", "s2": "0", "s": "", "t": "53'", "m": "Yellow! Borussia Dortmund player Piszczek was shown a yellow card by the referee for a malicious foul."}, {"id": "49", "s1": "1", "s2": "0", "s": "", "t": "53'", "m": "Hertha Berlin Fell to the ground injured and the game was suspended"}, {"id": "48", "s1": "1", "s2": "0", "s": "", "t": "52'", "m": "Borussia Dortmund player Piszczek scrambled for a foul and the opponent was given possession of the ball."}, {"id": "47", "s1": "1", "s2": "0", "s": "", "t": "52'", "m": "Shelbre won a free kick for Hertha Berlin."}, {"id": "46", "s1": "1", "s2": "0", "s": "", "t": "50'", "m": "Braszczykovski won a free kick for Borussia Dortmund on the right."}, {"id": "45", "s1": "1", "s2": "0", "s": "", "t": "50'", "m": "Hertha Berlin player Nico Schultz scrambled for a foul and the opponent was given possession of the ball."}, {"id": "44", "s1": "1", "s2": "0", "s": "", "t": "49'", "m": "Borussia Dortmund player Bender scrambled for a foul and the opponent gained possession of the ball."}, {"id": "43", "s1": "1", "s2": "0", "s": "", "t": "49'", "m": "Ben Hattila won a free kick for Hertha Berlin at the opposing half."}, {"id": "42", "s1": "1", "s2": "0", "s": "", "t": "48'", "m": "Pecarik handled the ball out of the bottom line and Borussia Dortmund won a corner kick."}, {"id": "41", "s1": "1", "s2": "0", "s": "", "t": "47'", "m": "Jens Hegler handled the ball out of the line and Borussia Dortmund won a corner."}, {"id": "40", "s1": "1", "s2": "0", "s": "", "t": "", "m": "The second half began, Hertha Berlin 1-0 Borussia Dortmund"}, {"id": "39", "s1": "1", "s2": "0", "s": "", "t": "45'", "m": "Dortmund made a substitution, with Adrian Ramos replacing Kyle"}, {"id": "38", "s1": "1", "s2": "0", "s": "", "t": "45'+2'", "m": "At the end of the first half, Hertha Berlin 1-0 Borussia Dortmund, with a short break, we'll take a look at the performance of the two teams in the second half."}, {"id": "37", "s1": "1", "s2": "0", "s": "", "t": "45'", "m": "Shot!!! Hertha Berlin player Billens' right-footed shot from the right side of the penalty area was saved by the opposing goalkeeper. It was Sheb who gave him the pass."}, {"id": "36", "s1": "1", "s2": "0", "s": "", "t": "44'", "m": "Borussia Dortmund player Aubameyang tried to head in the centre of the penalty area, but unfortunately the ball was slightly above goal. The one who gave him the ball was Blaszczykovsky."}, {"id": "35", "s1": "1", "s2": "0", "s": "", "t": "44'", "m": "Borussia Dortmund player Aubameyang's right-footed shot from outside the box was blocked by a defender. It was Gundogan who gave him the ball."}, {"id": "34", "s1": "1", "s2": "0", "s": "", "t": "42'", "m": "Dortmund player Gundogan tried his right-footed shot just outside the penalty area, but unfortunately the ball was slightly above the goal. The one who gave him the ball was Blaszczykovsky."}, {"id": "33", "s1": "1", "s2": "0", "s": "", "t": "41'", "m": "Dortmund player Subotic's header from the centre of the penalty area was blocked by a defender. It was Schmeltze who gave him the ball."}, {"id": "32", "s1": "1", "s2": "0", "s": "", "t": "41'", "m": "Brooks handled the ball out of the bottom line and Borussia Dortmund won the corner."}, {"id": "31", "s1": "1", "s2": "0", "s": "", "t": "41'", "m": "Dortmund player Gundogan's left-footed shot from outside the penalty area was blocked by a defender. The one who gave him the ball was Blaszczykovsky."}, {"id": "30", "s1": "1", "s2": "0", "s": "", "t": "40'", "m": "Goal!!! Hertha Berlin player Sieber's right-footed shot from the centre of the penalty area flew into the net from the bottom right corner and the ball went in! Assisted by Shelby. Hertha Berlin 1-0 Dortmund."}, {"id": "29", "s1": "0", "s2": "0", "s": "", "t": "39'", "m": "Schmelzer won a free kick for Borussia Dortmund."}, {"id": "28", "s1": "0", "s2": "0", "s": "", "t": "39'", "m": "Hertha Berlin player Billens scrambled for a foul and the opponent was given possession of the ball."}, {"id": "27", "s1": "0", "s2": "0", "s": "", "t": "37'", "m": "Piszczek handled the ball out of the line and Hertha Berlin won a corner kick."}, {"id": "26", "s1": "0", "s2": "0", "s": "", "t": "35'", "m": "Dortmund made substitutions, On Blaszczykovsky and Mkhitaryan went off with injury."}, {"id": "25", "s1": "0", "s2": "0", "s": "", "t": "35'", "m": "Borussia Dortmund player Pierre-Emerick Aubameyang scrambled for a foul and his opponent gained possession of the ball."}, {"id": "24", "s1": "0", "s2": "0", "s": "", "t": "35'", "m": "Craft won a free kick for Hertha Berlin."}, {"id": "23", "s1": "0", "s2": "0", "s": "", "t": "34'", "m": "The suspension ended and the players resumed playing."}, {"id": "22", "s1": "0", "s2": "0", "s": "", "t": "33'", "m": "Borussia Dortmund Mkhitaryan fell to the ground injured and the game was suspended"}, {"id": "21", "s1": "0", "s2": "0", "s": "", "t": "33'", "m": "Borussia Dortmund's Mkhitaryan attempted a right-footed shot from outside the penalty area, but unfortunately the ball was high above the top right corner. It was Aubameyang who gave him the ball."}, {"id": "20", "s1": "0", "s2": "0", "s": "", "t": "32'", "m": "Dortmund players gain possession of the ball due to Mobile's dangerous moves."}, {"id": "19", "s1": "0", "s2": "0", "s": "", "t": "32'", "m": "Pecarik won a free kick for Hertha Berlin."}, {"id": "18", "s1": "0", "s2": "0", "s": "", "t": "29'", "m": "Gundogan won a free kick for Borussia Dortmund at the opposing half."}, {"id": "17", "s1": "0", "s2": "0", "s": "", "t": "29'", "m": "Hertha Berlin player Shelby scrambled for a foul and the opponent was given possession of the ball."}, {"id": "16", "s1": "0", "s2": "0", "s": "", "t": "29'", "m": "Dortmund player Gundogan scrambled for a foul and his opponent was given possession."}, {"id": "15", "s1": "0", "s2": "0", "s": "", "t": "29'", "m": "Niemeyer won a free kick for Hertha Berlin."}, {"id": "14", "s1": "0", "s2": "0", "s": "", "t": "26'", "m": "Hertha Berlin player Ronnie tried his left-footed shot just outside the penalty area, but unfortunately the ball went just over the goal."}, {"id": "13", "s1": "0", "s2": "0", "s": "", "t": "25'", "m": "Borussia Dortmund player Bender scrambled for a foul and the opponent gained possession of the ball."}, {"id": "12", "s1": "0", "s2": "0", "s": "", "t": "25'", "m": "Ronnie won a free kick for Hertha Berlin at the opposing half."}, {"id": "11", "s1": "0", "s2": "0", "s": "", "t": "24'", "m": "Hummels won a free kick for Borussia Dortmund."}, {"id": "10", "s1": "0", "s2": "0", "s": "", "t": "24'", "m": "Hertha Berlin player Billens scrambled for a foul and the opponent was given possession of the ball."}, {"id": "9", "s1": "0", "s2": "0", "s": "", "t": "17'", "m": "Bender won a free kick for Borussia Dortmund in the opposing half."}, {"id": "8", "s1": "0", "s2": "0", "s": "", "t": "17'", "m": "Hertha Berlin player Niemeyer made a dangerous move where the opponent gained possession."}, {"id": "7", "s1": "0", "s2": "0", "s": "", "t": "16'", "m": "The Dortmund player attempted a right-footed shot from outside the penalty area for Mobile, but unfortunately the ball went high above goal. It was Hummels who gave him the pass."}, {"id": "6", "s1": "0", "s2": "0", "s": "", "t": "12'", "m": "Shot!!! Hertha Berlin player Shelbre's right-footed shot from outside the penalty area was saved by the opposing goalkeeper. It was Sheb who gave him the pass."}, {"id": "5", "s1": "0", "s2": "0", "s": "", "t": "5'", "m": "Borussia Dortmund player Subotic threw the ball straight into Schmelzer, but the referee raised a flag to show that the latter was offside."}, {"id": "4", "s1": "0", "s2": "0", "s": "", "t": "4'", "m": "Hertha Berlin player Ronnie kicked the ball straight into Sieber, but the referee raised a flag to show that the latter was offside."}, {"id": "3", "s1": "0", "s2": "0", "s": "", "t": "3'", "m": "Borussia Dortmund player Schmelzer scrambled for a foul and his opponent gained possession of the ball."}, {"id": "2", "s1": "0", "s2": "0", "s": "", "t": "3'", "m": "Billens won a free kick for Hertha Berlin on the right."}, {"id": "1", "s1": "0", "s2": "0", "s": "", "t": "", "m": "With a whistle from the referee, the first half of the game began."}]