[{"id": "128", "s1": "1", "s2": "3", "s": "", "t": "", "m": "The match ended with Borussia Moncheng 1-3 Eintracht Frankfurt, thank you for watching the Sina Football Live."}, {"id": "127", "s1": "1", "s2": "3", "s": "", "t": "90'+4'", "m": "At the end of the second half, Borussia Moncheng 1-3 Eintracht Frankfurt"}, {"id": "126", "s1": "1", "s2": "3", "s": "", "t": "90'+2'", "m": "Eintracht Frankfurt player Makoto Hasebe was shown a yellow card by the referee."}, {"id": "125", "s1": "1", "s2": "3", "s": "", "t": "90'+2'", "m": "Borussia Moncheng's player Xhaka was shown a second yellow card by the referee for a malicious foul."}, {"id": "124", "s1": "1", "s2": "3", "s": "", "t": "90'+2'", "m": "Borussia Moncheng's Xhaka scrambled for fouls and his opponents were given possession of the ball."}, {"id": "123", "s1": "1", "s2": "3", "s": "", "t": "90'+2'", "m": "Kittel won a free kick for Eintracht Frankfurt."}, {"id": "122", "s1": "1", "s2": "3", "s": "", "t": "90'+2'", "m": "Hergota won a free kick for Borussia Möncheng in the opposing half."}, {"id": "121", "s1": "1", "s2": "3", "s": "", "t": "90'+2'", "m": "Eintracht Frankfurt player Makoto Hasebe scrambled for a foul and his opponent gained possession of the ball."}, {"id": "120", "s1": "1", "s2": "3", "s": "", "t": "90'+1'", "m": "Frankfurt made a substitution, and Maderan replaced Seferović"}, {"id": "119", "s1": "1", "s2": "3", "s": "", "t": "90'+1'", "m": "Borussia Moncheng's player Xhaka was shown a yellow card by the referee."}, {"id": "118", "s1": "1", "s2": "3", "s": "", "t": "90'+1'", "m": "Borussia Möncheng's Kruze kicked the ball straight into Xhaka, but the referee raised a flag to show that the latter was offside."}, {"id": "117", "s1": "1", "s2": "3", "s": "", "t": "90'", "m": "Summer handled the ball out of the bottom line and Eintracht Frankfurt won a corner kick."}, {"id": "116", "s1": "1", "s2": "3", "s": "", "t": "90'", "m": "Shot!!! Eintracht Frankfurter's left-footed shot from the right side of the penalty area was saved by the opposing goalkeeper. It was Piazun who gave him the ball."}, {"id": "115", "s1": "1", "s2": "3", "s": "", "t": "90'", "m": "Frankfurt was replaced, and Piazone replaced Agner"}, {"id": "114", "s1": "1", "s2": "3", "s": "", "t": "89'", "m": "Cobb handled the ball out of the bottom line and Eintracht Frankfurt won a corner."}, {"id": "113", "s1": "1", "s2": "3", "s": "", "t": "89'", "m": "Eintracht Frankfurt's right-footed shot from the left side of the penalty area was blocked by a defender. The one who gave him the ball was Okipka."}, {"id": "112", "s1": "1", "s2": "3", "s": "", "t": "88'", "m": "Shot!!! Eintracht Frankfurter's right-footed shot from a wide distance from the left was saved by the opposing goalkeeper. The one who gave him the ball was Okipka."}, {"id": "111", "s1": "1", "s2": "3", "s": "", "t": "87'", "m": "Traoré handled the ball out of the bottom line and Frankfurt won a corner kick."}, {"id": "110", "s1": "1", "s2": "3", "s": "", "t": "86'", "m": "Cobb handled the ball out of the bottom line and Eintracht Frankfurt won a corner."}, {"id": "109", "s1": "1", "s2": "3", "s": "", "t": "84'", "m": "Borussia Moncheng's Traoré attempted a left-footed shot with a direct free-kick, but unfortunately the ball was slightly offside the right goal."}, {"id": "108", "s1": "1", "s2": "3", "s": "", "t": "83'", "m": "Traore won a free kick for Borussia Möncheng on the right."}, {"id": "107", "s1": "1", "s2": "3", "s": "", "t": "83'", "m": "Frankfurt player Anderson scrambled for a foul and his opponent gained possession of the ball."}, {"id": "106", "s1": "1", "s2": "3", "s": "", "t": "81'", "m": "Borussia Moncheng's Helgota scrambled for a foul and the opponent was given possession of the ball."}, {"id": "105", "s1": "1", "s2": "3", "s": "", "t": "81'", "m": "Makoto Hasebe won a free kick for Eintracht Frankfurt."}, {"id": "104", "s1": "1", "s2": "3", "s": "", "t": "80'", "m": "Borussia Moncheng's Hazzard tried his left-footed shot from outside the penalty area, but unfortunately the ball went high above goal. It was Raphael who passed the ball to him."}, {"id": "103", "s1": "1", "s2": "3", "s": "", "t": "80'", "m": "Widwald handled the ball out of the bottom line and Borussia Moncheng won a corner."}, {"id": "102", "s1": "1", "s2": "3", "s": "", "t": "79'", "m": "Borussia Monchengandre's Raphael attempted a left-footed shot from outside the penalty area, but unfortunately the ball was slightly offside the right goal. It was Xhaka who gave him the pass."}, {"id": "101", "s1": "1", "s2": "3", "s": "", "t": "77'", "m": "Borussia Borussia Moncheng's cobbled fouls and the opponent was given possession of the ball."}, {"id": "100", "s1": "1", "s2": "3", "s": "", "t": "77'", "m": "Kittel won a free kick for Eintracht Frankfurt."}, {"id": "99", "s1": "1", "s2": "3", "s": "", "t": "77'", "m": "Raphael won a free kick for Borussia Möncheng in the opposing half."}, {"id": "98", "s1": "1", "s2": "3", "s": "", "t": "77'", "m": "Frankfurt player Kitter scrambled for a foul and the opponent was given possession."}, {"id": "97", "s1": "1", "s2": "3", "s": "", "t": "77'", "m": "Frankfurt player Anderson attempted a right-footed shot from the centre of the penalty area, but unfortunately the ball was slightly offside the right goal. It was Kitter who gave him the ball."}, {"id": "96", "s1": "1", "s2": "3", "s": "", "t": "76'", "m": "Summer handled the ball out of the bottom line and Eintracht Frankfurt won a corner kick."}, {"id": "95", "s1": "1", "s2": "3", "s": "", "t": "76'", "m": "Shot!!! Eintracht Frankfurter's right-footed shot from outside the penalty area was saved by the opposing goalkeeper."}, {"id": "94", "s1": "1", "s2": "3", "s": "", "t": "76'", "m": "Borussia Moncheng replaced, and Terraore replaced Herman"}, {"id": "93", "s1": "1", "s2": "3", "s": "", "t": "76'", "m": "Borussia Moncheng replaced, and Helgota replaced Norte West"}, {"id": "92", "s1": "1", "s2": "3", "s": "", "t": "75'", "m": "Yellow! Borussia Borussia Borussia Dominguez was shown a yellow card by the referee for a malicious foul."}, {"id": "91", "s1": "1", "s2": "3", "s": "", "t": "75'", "m": "Borussia Borussia Borussia Mönchengy fought for a foul and the opponent was given possession of the ball."}, {"id": "90", "s1": "1", "s2": "3", "s": "", "t": "75'", "m": "Seferovic won a free kick for Eintracht Frankfurt at the opposing half."}, {"id": "89", "s1": "1", "s2": "3", "s": "", "t": "73'", "m": "Goal!!! Frankfurt player Qian Guishi shot with his right foot from outside the penalty area, the ball flew from the bottom right corner into the goal, the ball was in! Assisted by Mayer. Borussia Möncheng 1-3 Frankfurt."}, {"id": "88", "s1": "1", "s2": "2", "s": "", "t": "72'", "m": "Aigner handled the ball out of the bottom line and Borussia Moncheng won a corner kick."}, {"id": "87", "s1": "1", "s2": "2", "s": "", "t": "72'", "m": "Ruth handled the ball out of the bottom line and Borussia Moncheng won a corner kick."}, {"id": "86", "s1": "1", "s2": "2", "s": "", "t": "70'", "m": "Aigner handled the ball out of the bottom line and Borussia Moncheng won a corner kick."}, {"id": "85", "s1": "1", "s2": "2", "s": "", "t": "68'", "m": "Yellow! Frankfurt player Ochipka was shown a yellow card by the referee for a malicious foul."}, {"id": "84", "s1": "1", "s2": "2", "s": "", "t": "68'", "m": "Hermann won a free kick for Borussia Möncheng on the right."}, {"id": "83", "s1": "1", "s2": "2", "s": "", "t": "68'", "m": "Frankfurt player Ochipka scrambled for a foul and the opponent was given possession of the ball."}, {"id": "82", "s1": "1", "s2": "2", "s": "", "t": "68'", "m": "Frankfurt made a substitution, and Kittel replaced Stendra"}, {"id": "81", "s1": "1", "s2": "2", "s": "", "t": "67'", "m": "Janchik won a free kick for Borussia Moncheng on the right."}, {"id": "80", "s1": "1", "s2": "2", "s": "", "t": "67'", "m": "Frankfurt player Mayer scrambled for a foul and his opponent was given possession of the ball."}, {"id": "79", "s1": "1", "s2": "2", "s": "", "t": "66'", "m": "Borussia Moncheng replaced, and Hazad replaced Hahn"}, {"id": "78", "s1": "1", "s2": "2", "s": "", "t": "65'", "m": "Eintracht Frankfurter Seferović attempted a left-footed shot from outside the penalty area, but unfortunately the ball was slightly offside the right goal. It was Stendra who gave him the ball."}, {"id": "77", "s1": "1", "s2": "2", "s": "", "t": "64'", "m": "Hermann won a free kick for Borussia Möncheng on the left."}, {"id": "76", "s1": "1", "s2": "2", "s": "", "t": "64'", "m": "Frankfurt player Aigner scrambled for a foul and his opponent was given possession of the ball."}, {"id": "75", "s1": "1", "s2": "2", "s": "", "t": "64'", "m": "Borussia Möncheng's player Kreuzer scrambled for a foul and the opponent was given possession of the ball."}, {"id": "74", "s1": "1", "s2": "2", "s": "", "t": "64'", "m": "Anderson won a free kick for Eintracht Frankfurt."}, {"id": "73", "s1": "1", "s2": "2", "s": "", "t": "63'", "m": "Frankfurt player Anderson tried his right-footed shot from the left side of the penalty area, but unfortunately the ball was slightly offside the left goal. It was Ruth who gave him the pass."}, {"id": "72", "s1": "1", "s2": "2", "s": "", "t": "62'", "m": "Wente handled the ball out of the bottom line and Eintracht Frankfurt won a corner."}, {"id": "71", "s1": "1", "s2": "2", "s": "", "t": "61'", "m": "Borussia Borussia Borussia Mönchengy fought for a foul and the opponent was given possession of the ball."}, {"id": "70", "s1": "1", "s2": "2", "s": "", "t": "61'", "m": "Seferovic won a free kick for Eintracht Frankfurt on the right."}, {"id": "69", "s1": "1", "s2": "2", "s": "", "t": "60'", "m": "Xhaka won a free kick for Borussia Moncheng."}, {"id": "68", "s1": "1", "s2": "2", "s": "", "t": "60'", "m": "Eintracht Frankfurt player Stendra scrambled for a foul and his opponent was given possession of the ball."}, {"id": "67", "s1": "1", "s2": "2", "s": "", "t": "59'", "m": "Yellow! Frankfurt player Chandler was shown a yellow card by the referee for a malicious foul."}, {"id": "66", "s1": "1", "s2": "2", "s": "", "t": "59'", "m": "Xhaka won a free kick for Borussia Moncheng."}, {"id": "65", "s1": "1", "s2": "2", "s": "", "t": "59'", "m": "Eintracht Frankfurt player Chandler was fouled for handball and the opponent was given the ball."}, {"id": "64", "s1": "1", "s2": "2", "s": "", "t": "57'", "m": "Goal!!! Frankfurt player Mayer shot with his right foot in front of the goal line, the ball flew into the middle of the goal, the ball was in! Borussia Möncheng 1-2 Frankfurt."}, {"id": "63", "s1": "1", "s2": "1", "s": "", "t": "57'", "m": "Shot!!! Frankfurt's Egener's right-footed shot from the right side of the penalty area was saved by the opposing goalkeeper. It was Seferović who gave him the pass."}, {"id": "62", "s1": "1", "s2": "1", "s": "", "t": "56'", "m": "Borussia Moncheng's Norte West attempted a right-footed shot from outside the penalty area, but unfortunately the ball went high above goal."}, {"id": "61", "s1": "1", "s2": "1", "s": "", "t": "54'", "m": "Goal!!! Eintracht Frankfurt player Stendra shot with his right foot just outside the penalty area, the ball flew from the bottom right corner into the goal, and the ball went in! The assist was Seferovich. Borussia Möncheng 1-1 Frankfurt."}, {"id": "60", "s1": "1", "s2": "0", "s": "", "t": "53'", "m": "Cobb handled the ball out of the bottom line and Eintracht Frankfurt won a corner."}, {"id": "59", "s1": "1", "s2": "0", "s": "", "t": "53'", "m": "Frankfurt's right-footed shot from the centre of the penalty area was blocked by a defender."}, {"id": "58", "s1": "1", "s2": "0", "s": "", "t": "53'", "m": "Shot!!! Frankfurt player Seferović's left-footed shot from the right side of the penalty area was saved by the opposing goalkeeper. It was Stendra who gave him the ball."}, {"id": "57", "s1": "1", "s2": "0", "s": "", "t": "51'", "m": "Shot!!! Eintracht Frankfurt's right-footed shot from the centre of the penalty area was saved by the opposing goalkeeper. It was Qian Guishi who gave him the ball."}, {"id": "56", "s1": "1", "s2": "0", "s": "", "t": "51'", "m": "Eintracht Frankfurt's right-footed shot from outside the penalty area was blocked by a defender. It was Mayer who gave him the pass."}, {"id": "55", "s1": "1", "s2": "0", "s": "", "t": "50'", "m": "Raphael won a free kick for Borussia Möncheng in the opposing half."}, {"id": "54", "s1": "1", "s2": "0", "s": "", "t": "50'", "m": "Frankfurt player Anderson scrambled for a foul and his opponent gained possession of the ball."}, {"id": "53", "s1": "1", "s2": "0", "s": "", "t": "47'", "m": "Shot!!! Borussia Moncheng's right-footed shot from outside the penalty area was saved by the opposing goalkeeper. It was Raphael who passed the ball to him."}, {"id": "52", "s1": "1", "s2": "0", "s": "", "t": "46'", "m": "Eintracht Frankfurter Seferović attempted a left-footed shot from outside the penalty area, but unfortunately the ball was slightly offside the right goal. It was Makoto Hasebe who gave him the pass."}, {"id": "51", "s1": "1", "s2": "0", "s": "", "t": "", "m": "The second half began with Borussia Moncheng 1-0 Eintracht Frankfurt"}, {"id": "50", "s1": "1", "s2": "0", "s": "", "t": "45'+1'", "m": "At the end of the first half, Borussia Borussia Moncheng 1-0 Eintracht Frankfurt, with a short break, we will take a look at the performance of the two teams in the second half."}, {"id": "49", "s1": "1", "s2": "0", "s": "", "t": "43'", "m": "Raphael won a free kick for Borussia Möncheng in the opposing half."}, {"id": "48", "s1": "1", "s2": "0", "s": "", "t": "43'", "m": "Frankfurt player Ruth scrambled for a foul and the opponent was given possession of the ball."}, {"id": "47", "s1": "1", "s2": "0", "s": "", "t": "43'", "m": "Hermann won a free kick for Borussia Moncheng."}, {"id": "46", "s1": "1", "s2": "0", "s": "", "t": "43'", "m": "Eintracht Frankfurt player Makoto Hasebe scrambled for a foul and his opponent gained possession of the ball."}, {"id": "45", "s1": "1", "s2": "0", "s": "", "t": "42'", "m": "Ruth handled the ball out of the bottom line and Borussia Moncheng won a corner kick."}, {"id": "44", "s1": "1", "s2": "0", "s": "", "t": "42'", "m": "Janchik won a free kick for Borussia Moncheng."}, {"id": "43", "s1": "1", "s2": "0", "s": "", "t": "42'", "m": "Frankfurt player Seferović scrambled for a foul and his opponent was given possession of the ball."}, {"id": "42", "s1": "1", "s2": "0", "s": "", "t": "39'", "m": "Hermann handled the ball out of the bottom line and Eintracht Frankfurt won a corner."}, {"id": "41", "s1": "1", "s2": "0", "s": "", "t": "37'", "m": "Borussia Möncheng's player Kreuzer scrambled for a foul and the opponent was given possession of the ball."}, {"id": "40", "s1": "1", "s2": "0", "s": "", "t": "37'", "m": "Ochipka won a free kick for Eintracht Frankfurt."}, {"id": "39", "s1": "1", "s2": "0", "s": "", "t": "36'", "m": "Cobb handled the ball out of the bottom line and Eintracht Frankfurt won a corner."}, {"id": "38", "s1": "1", "s2": "0", "s": "", "t": "36'", "m": "Eintracht Frankfurter Seferović's left-footed shot from a tight angle on the left side of the goal was blocked by a defender."}, {"id": "37", "s1": "1", "s2": "0", "s": "", "t": "35'", "m": "Summer handled the ball out of the bottom line and Eintracht Frankfurt won a corner kick."}, {"id": "36", "s1": "1", "s2": "0", "s": "", "t": "35'", "m": "Frankfurt player Egner's right-footed shot from the right side of the penalty area was blocked by a defender."}, {"id": "35", "s1": "1", "s2": "0", "s": "", "t": "34'", "m": "Borussia Moncheng's Jahn attempted a right-footed shot from the right side of the penalty area, but unfortunately the ball was slightly offside the right goal. It was Raphael who passed the ball to him."}, {"id": "34", "s1": "1", "s2": "0", "s": "", "t": "32'", "m": "Frankfurt player Seferović's left-footed shot from outside the penalty area was blocked by a defender. It was Makoto Hasebe who gave him the pass."}, {"id": "33", "s1": "1", "s2": "0", "s": "", "t": "30'", "m": "Janchik won a free kick for Borussia Moncheng."}, {"id": "32", "s1": "1", "s2": "0", "s": "", "t": "30'", "m": "Frankfurt player Mayer scrambled for a foul and his opponent was given possession of the ball."}, {"id": "31", "s1": "1", "s2": "0", "s": "", "t": "29'", "m": "Eintracht Frankfurt's right-footed shot from outside the penalty area was blocked by a defender."}, {"id": "30", "s1": "1", "s2": "0", "s": "", "t": "28'", "m": "Shot!!! Frankfurt player Mayer's right-footed shot from outside the penalty area was saved by the opposing goalkeeper."}, {"id": "29", "s1": "1", "s2": "0", "s": "", "t": "27'", "m": "Borussia Moncheng's Norte West scrambled fouls and the opponent gained possession."}, {"id": "28", "s1": "1", "s2": "0", "s": "", "t": "27'", "m": "The Drys won a free kick for Eintracht Frankfurt at the opposing half."}, {"id": "27", "s1": "1", "s2": "0", "s": "", "t": "25'", "m": "Hermann won a free kick for Borussia Moncheng."}, {"id": "26", "s1": "1", "s2": "0", "s": "", "t": "25'", "m": "Eintracht Frankfurt player Chandler was fouled for handball and the opponent was given the ball."}, {"id": "25", "s1": "1", "s2": "0", "s": "", "t": "19'", "m": "Eintracht Frankfurt's Stendra attempted a right-footed shot from outside the penalty area, but unfortunately the ball was slightly offside the left goal. It was Aigner who gave him the pass."}, {"id": "24", "s1": "1", "s2": "0", "s": "", "t": "17'", "m": "Frankfurt player Mayer tried his left-footed shot in the centre of the penalty area, but unfortunately the ball was slightly offside the right goal. It was Stendra who gave him the ball."}, {"id": "23", "s1": "1", "s2": "0", "s": "", "t": "16'", "m": "Frankfurt player Aigner kicked the ball straight into Chandler, but the referee raised a flag to show that the latter was offside."}, {"id": "22", "s1": "1", "s2": "0", "s": "", "t": "14'", "m": "Borussia Moncheng's Hahn scrambled fouls and the opponent was given possession of the ball."}, {"id": "21", "s1": "1", "s2": "0", "s": "", "t": "14'", "m": "Makoto Hasebe won a free kick for Eintracht Frankfurt."}, {"id": "20", "s1": "1", "s2": "0", "s": "", "t": "14'", "m": "Ruth handled the ball out of the bottom line and Borussia Moncheng won a corner kick."}, {"id": "19", "s1": "1", "s2": "0", "s": "", "t": "13'", "m": "Ochipka handled the ball out of the bottom line and Borussia Moncheng won a corner kick."}, {"id": "18", "s1": "1", "s2": "0", "s": "", "t": "12'", "m": "Borussia Moncheng's Norte West kicked the ball straight into Hahn, but the referee raised a flag to show that the latter was offside."}, {"id": "17", "s1": "1", "s2": "0", "s": "", "t": "11'", "m": "Borussia Moncheng's Hermann kicked the ball straight into Raphael, but the referee raised a flag to show that the latter was offside."}, {"id": "16", "s1": "1", "s2": "0", "s": "", "t": "10'", "m": "Borussia Moncheng's Xhaka's left-footed shot from outside the penalty area was blocked by a defender."}, {"id": "15", "s1": "1", "s2": "0", "s": "", "t": "9'", "m": "Yellow! Frankfurt player Ruth was shown a yellow card by the referee for a malicious foul."}, {"id": "14", "s1": "1", "s2": "0", "s": "", "t": "9'", "m": "Raphael won a free kick for Borussia Möncheng in the opposing half."}, {"id": "13", "s1": "1", "s2": "0", "s": "", "t": "9'", "m": "Frankfurt player Ruth scrambled for a foul and the opponent was given possession of the ball."}, {"id": "12", "s1": "1", "s2": "0", "s": "", "t": "7'", "m": "Eintracht Frankfurt player Seferović's header from the centre of the penalty area was blocked by a defender. It was Ruth who gave him the pass."}, {"id": "11", "s1": "1", "s2": "0", "s": "", "t": "7'", "m": "Summer handled the ball out of the bottom line and Eintracht Frankfurt won a corner kick."}, {"id": "10", "s1": "1", "s2": "0", "s": "", "t": "7'", "m": "Shot!!! Eintracht Frankfurt player Seferović's left-footed shot from outside the penalty area was saved by the opposing goalkeeper. It was Mayer who gave him the pass."}, {"id": "9", "s1": "1", "s2": "0", "s": "", "t": "7'", "m": "Borussia Moncheng's Xhaka scrambled for fouls and his opponents were given possession of the ball."}, {"id": "8", "s1": "1", "s2": "0", "s": "", "t": "7'", "m": "Stendra won a free kick for Eintracht Frankfurt."}, {"id": "7", "s1": "1", "s2": "0", "s": "", "t": "5'", "m": "Goal!!! Borussia Borussia Norte West fired a left-footed shot from outside the penalty area, the ball flew from the bottom left corner into the goal, and the ball went in! Assisted by Xhaka. Borussia Möncheng 1-0 Frankfurt."}, {"id": "6", "s1": "0", "s2": "0", "s": "", "t": "5'", "m": "Widwald handled the ball out of the bottom line and Borussia Moncheng won a corner."}, {"id": "5", "s1": "0", "s2": "0", "s": "", "t": "5'", "m": "Shot!!! Borussia Moncheng's raphael's right-footed shot from outside the penalty area was saved by the opposing goalkeeper. It was Herman who gave him the pass."}, {"id": "4", "s1": "0", "s2": "0", "s": "", "t": "4'", "m": "Raphael won a free kick for Borussia Moncheng."}, {"id": "3", "s1": "0", "s2": "0", "s": "", "t": "4'", "m": "Frankfurt player Ochipka scrambled for a foul and the opponent was given possession of the ball."}, {"id": "2", "s1": "0", "s2": "0", "s": "", "t": "2'", "m": "Eintracht Frankfurter Makoto Hasebe shoved the ball straight into Aigner, but the referee raised a flag to show that the latter was offside."}, {"id": "1", "s1": "0", "s2": "0", "s": "", "t": "", "m": "With a whistle from the referee, the first half of the game began."}]