[{"id": "135", "s1": "3", "s2": "2", "s": "", "t": "", "m": "The match ended with Freiburg 3-2 Nuremberg, thank you for watching the Sina Football Live."}, {"id": "134", "s1": "3", "s2": "2", "s": "", "t": "90'+5'", "m": "At the end of the second half, Freiburg 3-2 Nuremberg"}, {"id": "133", "s1": "3", "s2": "2", "s": "", "t": "90'+4'", "m": "Nuremberg player Bogatz was shown a second yellow card by the referee for a malicious foul."}, {"id": "132", "s1": "3", "s2": "2", "s": "", "t": "90'+3'", "m": "Ginter won a free kick for Freiburg."}, {"id": "131", "s1": "3", "s2": "2", "s": "", "t": "90'+3'", "m": "Nuremberg player Bogatz scrambled for a foul and his opponent was given possession of the ball."}, {"id": "130", "s1": "3", "s2": "2", "s": "", "t": "90'+2'", "m": "Freiburg was replaced, krek replaced Schmid"}, {"id": "129", "s1": "3", "s2": "2", "s": "", "t": "90'", "m": "Kermash won a free kick for Freiburg."}, {"id": "128", "s1": "3", "s2": "2", "s": "", "t": "90'", "m": "Nuremberg player Peckerhardt scrambled for a foul and the opponent was given possession of the ball."}, {"id": "127", "s1": "3", "s2": "2", "s": "", "t": "89'", "m": "Freiburg player Philipp Zulechner tried his right-footed shot just outside the box, but the ball was deflected slightly off the right goal. It was Schmid who gave him the ball."}, {"id": "126", "s1": "3", "s2": "2", "s": "", "t": "89'", "m": "Freiburg replaced and Philipp Zulechner replaced Muhammady"}, {"id": "125", "s1": "3", "s2": "2", "s": "", "t": "87'", "m": "Freiburg player Zorg made a dangerous move and the opponent gained possession of the ball."}, {"id": "124", "s1": "3", "s2": "2", "s": "", "t": "87'", "m": "Hlosek won a free kick for Nuremberg."}, {"id": "123", "s1": "3", "s2": "2", "s": "", "t": "85'", "m": "Freiburg player C. Gent scrambled for a foul and the opponent was given possession."}, {"id": "122", "s1": "3", "s2": "2", "s": "", "t": "85'", "m": "Campana won a free kick for Nuremberg."}, {"id": "121", "s1": "3", "s2": "2", "s": "", "t": "83'", "m": "Ginter won a free kick for Freiburg."}, {"id": "120", "s1": "3", "s2": "2", "s": "", "t": "83'", "m": "Nuremberg player Delmić scrambled for a foul and his opponent was given possession of the ball."}, {"id": "119", "s1": "3", "s2": "2", "s": "", "t": "82'", "m": "Shot!!! Freiburg player Muhammadi's right-footed shot from the centre of the penalty area was saved by the opposing goalkeeper. It was Schmid who gave him the ball."}, {"id": "118", "s1": "3", "s2": "2", "s": "", "t": "82'", "m": "Pinola handled the ball out of the bottom line and Freiburg won the corner."}, {"id": "117", "s1": "3", "s2": "2", "s": "", "t": "82'", "m": "Freiburg player Klaus's right-footed shot from the centre of the penalty area was blocked by a defender. It was Schmid who gave him the ball."}, {"id": "116", "s1": "3", "s2": "2", "s": "", "t": "81'", "m": "Freiburg made a substitution and Fernandez replaced Gad"}, {"id": "115", "s1": "3", "s2": "2", "s": "", "t": "80'", "m": "Yellow! Freiburg player Schuster was shown a yellow card by the referee for a malicious foul."}, {"id": "114", "s1": "3", "s2": "2", "s": "", "t": "80'", "m": "Freiburg player Schuster scrambled for a foul and the opponent gained possession of the ball."}, {"id": "113", "s1": "3", "s2": "2", "s": "", "t": "80'", "m": "Kiyotake Hiroshi won a free kick for Nuremberg on the right side."}, {"id": "112", "s1": "3", "s2": "2", "s": "", "t": "77'", "m": "Freiburg player Mohammed fought for a foul and the opponent gained possession of the ball."}, {"id": "111", "s1": "3", "s2": "2", "s": "", "t": "77'", "m": "Foyner won a free kick for Nuremberg."}, {"id": "110", "s1": "3", "s2": "2", "s": "", "t": "76'", "m": "Nuremberg player Foyrna's right-footed shot was blocked by a defender. It was Pinola who gave him the ball."}, {"id": "109", "s1": "3", "s2": "2", "s": "", "t": "75'", "m": "Nuremberg made a substitution, and Pinola replaced Ondrej Petrák"}, {"id": "108", "s1": "3", "s2": "2", "s": "", "t": "74'", "m": "Mohammeddy won a free kick for Freiburg at the opposing half."}, {"id": "107", "s1": "3", "s2": "2", "s": "", "t": "74'", "m": "Nuremberg player Ondrej Petrák scrambled for a foul and the opponent was given possession of the ball."}, {"id": "106", "s1": "3", "s2": "2", "s": "", "t": "72'", "m": "Pogattz handled the ball out of the line and Freiburg won the corner."}, {"id": "105", "s1": "3", "s2": "2", "s": "", "t": "71'", "m": "Nuremberg made substitutions, Peckerhardt went on, Franz went off with an injury."}, {"id": "104", "s1": "3", "s2": "2", "s": "", "t": "71'", "m": "Schmid won a free kick for Freiburg."}, {"id": "103", "s1": "3", "s2": "2", "s": "", "t": "71'", "m": "Nuremberg player Anga scrambled for a foul and his opponent gained possession of the ball."}, {"id": "102", "s1": "3", "s2": "2", "s": "", "t": "71'", "m": "The suspension ended and the players resumed playing."}, {"id": "101", "s1": "3", "s2": "2", "s": "", "t": "70'", "m": "Nuremberg Franz fell to the ground injured and the game was suspended"}, {"id": "100", "s1": "3", "s2": "2", "s": "", "t": "69'", "m": "Shot!!! Freiburg player Darida's right-footed shot from outside the penalty area was saved by the opposing goalkeeper."}, {"id": "99", "s1": "3", "s2": "2", "s": "", "t": "68'", "m": "The suspension ended and the players resumed playing."}, {"id": "98", "s1": "3", "s2": "2", "s": "", "t": "67'", "m": "Nuremberg Ondrej Petrák fell to the ground injured and the game was suspended"}, {"id": "97", "s1": "3", "s2": "2", "s": "", "t": "67'", "m": "Foyrna handled the ball out of the bottom line and Freiburg won a corner kick."}, {"id": "96", "s1": "3", "s2": "2", "s": "", "t": "65'", "m": "Goal!!! Freiburg player Klaus fired a left-footed shot from the right side of the penalty area, the ball flew from the top left corner into the goal, and the ball went in! Freiburg 3-2 Nuremberg."}, {"id": "95", "s1": "2", "s2": "2", "s": "", "t": "63'", "m": "Freiburg player Darida scrambled for a foul and the opponent was given possession of the ball."}, {"id": "94", "s1": "2", "s2": "2", "s": "", "t": "63'", "m": "Hlovšek won a free kick for Nuremberg at the opposing half."}, {"id": "93", "s1": "2", "s2": "2", "s": "", "t": "62'", "m": "Kermash won a free kick for Freiburg."}, {"id": "92", "s1": "2", "s2": "2", "s": "", "t": "62'", "m": "Nuremberg player Foyrna scrambled for a foul and the opponent was given possession of the ball."}, {"id": "91", "s1": "2", "s2": "2", "s": "", "t": "61'", "m": "Nuremberg player Franz was fouled for handball and the opponent was given the ball."}, {"id": "90", "s1": "2", "s2": "2", "s": "", "t": "57'", "m": "Nuremberg player Hiroshi Kiyotake's right-footed shot from outside the penalty area was blocked by a defender."}, {"id": "89", "s1": "2", "s2": "2", "s": "", "t": "57'", "m": "Freiburg player Mohammed fought for a foul and the opponent gained possession of the ball."}, {"id": "88", "s1": "2", "s2": "2", "s": "", "t": "57'", "m": "Ondrej Petrák won a free kick for Nuremberg at the opposing half."}, {"id": "87", "s1": "2", "s2": "2", "s": "", "t": "56'", "m": "Freiburg player Gad scrambled for a foul and the opponent was given possession of the ball."}, {"id": "86", "s1": "2", "s2": "2", "s": "", "t": "56'", "m": "Pogatts won a free kick for Nuremberg."}, {"id": "85", "s1": "2", "s2": "2", "s": "", "t": "55'", "m": "Freiburg player C. Güntel made a dangerous move and the opponent gained possession of the ball."}, {"id": "84", "s1": "2", "s2": "2", "s": "", "t": "55'", "m": "Foyner won a free kick for Nuremberg at the opposing half."}, {"id": "83", "s1": "2", "s2": "2", "s": "", "t": "53'", "m": "Zorg won a free kick for Freiburg."}, {"id": "82", "s1": "2", "s2": "2", "s": "", "t": "53'", "m": "Nuremberg player Delmić scrambled for a foul and his opponent was given possession of the ball."}, {"id": "81", "s1": "2", "s2": "2", "s": "", "t": "53'", "m": "Goal!!! Freiburg player Mohammedi shot with his right foot, the ball flew from the bottom left corner into the goal, the ball went in! Freiburg 2-2 Nuremberg."}, {"id": "80", "s1": "1", "s2": "2", "s": "", "t": "52'", "m": "Penalty, Klaus was violated inside the penalty area and Freiburg received a penalty."}, {"id": "79", "s1": "1", "s2": "2", "s": "", "t": "52'", "m": "Nuremberg player Bogatz committed a foul that resulted in the opponent winning a penalty."}, {"id": "78", "s1": "1", "s2": "2", "s": "", "t": "51'", "m": "Campana handled the ball out of the bottom line and Freiburg won a corner kick."}, {"id": "77", "s1": "1", "s2": "2", "s": "", "t": "51'", "m": "Muhammady won a free kick for Freiburg."}, {"id": "76", "s1": "1", "s2": "2", "s": "", "t": "51'", "m": "Nuremberg player Ondrej Petrák scrambled for a foul and the opponent was given possession of the ball."}, {"id": "75", "s1": "1", "s2": "2", "s": "", "t": "49'", "m": "Freiburg player Schmid scrambled for a foul and the opponent was given possession of the ball."}, {"id": "74", "s1": "1", "s2": "2", "s": "", "t": "49'", "m": "Ondrej Petrák won a free kick for Nuremberg."}, {"id": "73", "s1": "1", "s2": "2", "s": "", "t": "47'", "m": "Freiburg player Sorge kicked the ball straight into Darida, but the referee raised a flag to show that the latter was offside."}, {"id": "72", "s1": "1", "s2": "2", "s": "", "t": "46'", "m": "Klaus won a free kick for Freiburg."}, {"id": "71", "s1": "1", "s2": "2", "s": "", "t": "46'", "m": "Nuremberg player Hloszek scrambled for a foul and his opponent was given possession of the ball."}, {"id": "70", "s1": "1", "s2": "2", "s": "", "t": "", "m": "The second half began with Freiburg 1-2 Nuremberg"}, {"id": "69", "s1": "1", "s2": "2", "s": "", "t": "45'", "m": "Nuremberg was replaced, with Ondrej Petrák replacing Stark"}, {"id": "68", "s1": "1", "s2": "2", "s": "", "t": "45'+2'", "m": "At the end of the first half, Freiburg 1-2 Nuremberg, with a short break, we will take a look at the performance of the two teams in the second half."}, {"id": "67", "s1": "1", "s2": "2", "s": "", "t": "45'+2'", "m": "Freiburg player Mohammeddy threw the ball straight into Darida, but the referee raised a flag to show that the latter was offside."}, {"id": "66", "s1": "1", "s2": "2", "s": "", "t": "45'+2'", "m": "Shot!!! Freiburg player Mohammed's right-footed shot from the left side of the penalty area was saved by the opposing goalkeeper. It was Sorge who gave him the pass."}, {"id": "65", "s1": "1", "s2": "2", "s": "", "t": "45'", "m": "Goal!!! Nuremberg player Delmić shot with his right foot, the ball flew from the top left corner into the goal, the ball went in! Freiburg 1-2 Nuremberg."}, {"id": "64", "s1": "1", "s2": "1", "s": "", "t": "44'", "m": "Yellow! Freiburg player Kermash was shown a yellow card by the referee for a malicious foul."}, {"id": "63", "s1": "1", "s2": "1", "s": "", "t": "44'", "m": "Freiburg player Kermash was fouled and caused the opponent to receive a penalty."}, {"id": "62", "s1": "1", "s2": "1", "s": "", "t": "44'", "m": "Penalty, Pogatts was violated inside the penalty area and Nuremberg received a penalty."}, {"id": "61", "s1": "1", "s2": "1", "s": "", "t": "43'", "m": "Schmid handled the ball out of the bottom line and Nuremberg won a corner kick."}, {"id": "60", "s1": "1", "s2": "1", "s": "", "t": "43'", "m": "Nuremberg player Campana's right-footed shot from outside the penalty area was blocked by a defender."}, {"id": "59", "s1": "1", "s2": "1", "s": "", "t": "42'", "m": "Freiburg player Darida scrambled for a foul and the opponent was given possession of the ball."}, {"id": "58", "s1": "1", "s2": "1", "s": "", "t": "42'", "m": "Kiyotake Hiroshi won a free kick for Nuremberg in the opposing half."}, {"id": "57", "s1": "1", "s2": "1", "s": "", "t": "42'", "m": "Nuremberg player Campana shoved the ball straight into Delmich, but the referee raised a flag to show that the latter was offside."}, {"id": "56", "s1": "1", "s2": "1", "s": "", "t": "39'", "m": "Nuremberg player Anga was shown a yellow card by the referee."}, {"id": "55", "s1": "1", "s2": "1", "s": "", "t": "38'", "m": "Freiburg player Schmid tried a right-footed shot from the centre of the penalty area, but unfortunately the ball went high above goal. It was Gad who gave him the pass."}, {"id": "54", "s1": "1", "s2": "1", "s": "", "t": "37'", "m": "Franz handled the ball out of the bottom line and Freiburg won the corner."}, {"id": "53", "s1": "1", "s2": "1", "s": "", "t": "36'", "m": "Mohammeddy won a free kick for Freiburg on the left side."}, {"id": "52", "s1": "1", "s2": "1", "s": "", "t": "36'", "m": "Nuremberg player Franz scrambled for a foul and the opponent was given possession of the ball."}, {"id": "51", "s1": "1", "s2": "1", "s": "", "t": "34'", "m": "Darida won a free kick for Freiburg."}, {"id": "50", "s1": "1", "s2": "1", "s": "", "t": "34'", "m": "Nuremberg player Franz made a dangerous move where the opponent gained possession of the ball."}, {"id": "49", "s1": "1", "s2": "1", "s": "", "t": "32'", "m": "Freiburg player Schuster scrambled for a foul and the opponent gained possession of the ball."}, {"id": "48", "s1": "1", "s2": "1", "s": "", "t": "32'", "m": "Kiyotake Hiroshi won a free kick for Nuremberg on the left side."}, {"id": "47", "s1": "1", "s2": "1", "s": "", "t": "31'", "m": "Kermash won a free kick for Freiburg."}, {"id": "46", "s1": "1", "s2": "1", "s": "", "t": "31'", "m": "Nuremberg player Foyrna scrambled for a foul and the opponent was given possession of the ball."}, {"id": "45", "s1": "1", "s2": "1", "s": "", "t": "30'", "m": "Zorg won a free kick for Freiburg."}, {"id": "44", "s1": "1", "s2": "1", "s": "", "t": "30'", "m": "Nuremberg player Hloszek scrambled for a foul and his opponent was given possession of the ball."}, {"id": "43", "s1": "1", "s2": "1", "s": "", "t": "28'", "m": "Nuremberg player Foyrna attempted a right-footed shot from outside the penalty area, but unfortunately the ball was slightly offside the right goal. It was Franz who gave him the pass."}, {"id": "42", "s1": "1", "s2": "1", "s": "", "t": "27'", "m": "Nuremberg player Delmić tried to head the ball from a small angle on the left side of the goal, but unfortunately the ball was slightly off the right goal. It was Hiroshi Kiyotake who gave him the pass."}, {"id": "41", "s1": "1", "s2": "1", "s": "", "t": "26'", "m": "Zorg handled the ball out of the bottom line and Nuremberg won a corner kick."}, {"id": "40", "s1": "1", "s2": "1", "s": "", "t": "26'", "m": "Freiburg player Kermash scrambled for a foul and the opponent was given possession of the ball."}, {"id": "39", "s1": "1", "s2": "1", "s": "", "t": "26'", "m": "Delmić won a free kick for Nuremberg at the opposing half."}, {"id": "38", "s1": "1", "s2": "1", "s": "", "t": "25'", "m": "Freiburg player Schmid's right-footed shot from the centre of the penalty area hit the left upright of the goalpost. It was Muhammad who gave him the ball."}, {"id": "37", "s1": "1", "s2": "1", "s": "", "t": "23'", "m": "Goal!!! Freiburg player Kermash's header from the centre of the penalty area flew into the net from the bottom left corner and the ball went in! The assist was Schmid. Freiburg 1-1 Nuremberg."}, {"id": "36", "s1": "0", "s2": "1", "s": "", "t": "23'", "m": "Foyrna handled the ball out of the bottom line and Freiburg won a corner kick."}, {"id": "35", "s1": "0", "s2": "1", "s": "", "t": "22'", "m": "C. Guntel won a free kick for Freiburg in the opposing half."}, {"id": "34", "s1": "0", "s2": "1", "s": "", "t": "22'", "m": "Nuremberg player Foyrna scrambled for a foul and the opponent was given possession of the ball."}, {"id": "33", "s1": "0", "s2": "1", "s": "", "t": "21'", "m": "Shot!!! Freiburg player Klaus fired a right-footed shot from outside the penalty area that was saved by the opposing goalkeeper."}, {"id": "32", "s1": "0", "s2": "1", "s": "", "t": "21'", "m": "Stark handled the ball off the line and Freiburg won a corner kick."}, {"id": "31", "s1": "0", "s2": "1", "s": "", "t": "20'", "m": "Campana won a free kick for Nuremberg."}, {"id": "30", "s1": "0", "s2": "1", "s": "", "t": "20'", "m": "Freiburg player Schuster scrambled for a foul and the opponent gained possession of the ball."}, {"id": "29", "s1": "0", "s2": "1", "s": "", "t": "20'", "m": "Nuremberg player Campana was shown a yellow card by the referee."}, {"id": "28", "s1": "0", "s2": "1", "s": "", "t": "19'", "m": "Nuremberg player Delmić scrambled for a foul and his opponent was given possession of the ball."}, {"id": "27", "s1": "0", "s2": "1", "s": "", "t": "19'", "m": "Ginter won a free kick for Freiburg."}, {"id": "26", "s1": "0", "s2": "1", "s": "", "t": "19'", "m": "Freiburg player Schuster tried his right-footed shot from outside the penalty area, but unfortunately the ball went high above goal."}, {"id": "25", "s1": "0", "s2": "1", "s": "", "t": "18'", "m": "Nuremberg player Hloszek scrambled for a foul and his opponent was given possession of the ball."}, {"id": "24", "s1": "0", "s2": "1", "s": "", "t": "18'", "m": "Klaus won a free kick for Freiburg on the right."}, {"id": "23", "s1": "0", "s2": "1", "s": "", "t": "17'", "m": "Nuremberg player Hiroshi Kiyotake scrambled for a foul and his opponent was given possession of the ball."}, {"id": "22", "s1": "0", "s2": "1", "s": "", "t": "17'", "m": "Darida won a free kick for Freiburg."}, {"id": "21", "s1": "0", "s2": "1", "s": "", "t": "16'", "m": "C. Gent handled the ball out of the bottom line and Nuremberg won the corner."}, {"id": "20", "s1": "0", "s2": "1", "s": "", "t": "15'", "m": "Freiburg player Zorg scrambled for a foul and his opponent was given possession of the ball."}, {"id": "19", "s1": "0", "s2": "1", "s": "", "t": "15'", "m": "Kiyotake won a free kick for Nuremberg."}, {"id": "18", "s1": "0", "s2": "1", "s": "", "t": "15'", "m": "Freiburg player Klaus's right-footed shot from outside the penalty area was blocked by a defender. It was Schmid who gave him the ball."}, {"id": "17", "s1": "0", "s2": "1", "s": "", "t": "14'", "m": "Nuremberg player Franz scrambled for a foul and the opponent was given possession of the ball."}, {"id": "16", "s1": "0", "s2": "1", "s": "", "t": "14'", "m": "Klaus won a free kick for Freiburg in the opposing half."}, {"id": "15", "s1": "0", "s2": "1", "s": "", "t": "12'", "m": "Freiburg player Mohammed di's right-footed shot from the centre of the penalty area hit the left upright of the goalpost."}, {"id": "14", "s1": "0", "s2": "1", "s": "", "t": "11'", "m": "Yellow! Nuremberg player Stark was shown a yellow card by the referee for a malicious foul."}, {"id": "13", "s1": "0", "s2": "1", "s": "", "t": "11'", "m": "Nuremberg player Stark scrambled for a foul and his opponent gained possession of the ball."}, {"id": "12", "s1": "0", "s2": "1", "s": "", "t": "11'", "m": "Gader won a free kick for Freiburg on the left."}, {"id": "11", "s1": "0", "s2": "1", "s": "", "t": "10'", "m": "Nuremberg player Franz scrambled for a foul and the opponent was given possession of the ball."}, {"id": "10", "s1": "0", "s2": "1", "s": "", "t": "10'", "m": "Darida won a free kick for Freiburg on the left side."}, {"id": "9", "s1": "0", "s2": "1", "s": "", "t": "8'", "m": "Nuremberg player Angga attempted a left-footed shot from the right side of the penalty area, but unfortunately the ball was slightly above goal. It was Foyrna who passed the ball to him."}, {"id": "8", "s1": "0", "s2": "1", "s": "", "t": "7'", "m": "Yellow! Nuremberg player Bogattz was shown a yellow card by the referee for stripping away to celebrate after scoring the goal."}, {"id": "7", "s1": "0", "s2": "1", "s": "", "t": "6'", "m": "Goal!!! Nuremberg player Bogattz headed a header in front of the goal line, the ball flew from the top left corner into the goal, the ball was scored! Assisted by Kiyotake Hiroshi. Freiburg 0-1 Nuremberg."}, {"id": "6", "s1": "0", "s2": "0", "s": "", "t": "6'", "m": "Kermash handled the ball out of the bottom line and Nuremberg won a corner kick."}, {"id": "5", "s1": "0", "s2": "0", "s": "", "t": "5'", "m": "Pogattz handled the ball out of the line and Freiburg won the corner."}, {"id": "4", "s1": "0", "s2": "0", "s": "", "t": "4'", "m": "Nuremberg player Hirokashi Kiyotake attempted a left-footed shot just outside the penalty area, but unfortunately the ball deflected off the goal. It was Franz who gave him the pass."}, {"id": "3", "s1": "0", "s2": "0", "s": "", "t": "1'", "m": "Freiburg player Darida scrambled for a foul and the opponent was given possession of the ball."}, {"id": "2", "s1": "0", "s2": "0", "s": "", "t": "1'", "m": "Campana won a free kick for Nuremberg."}, {"id": "1", "s1": "0", "s2": "0", "s": "", "t": "", "m": "With a whistle from the referee, the first half of the game began."}]