[{"id": "133", "s1": "2", "s2": "2", "s": "", "t": "", "m": "The match was over with Stuttgart 2-2 Braunschweig, thank you for watching Sina Football Live."}, {"id": "132", "s1": "2", "s2": "2", "s": "", "t": "90'+3'", "m": "At the end of the second half, Stuttgart 2-2 Brunswick"}, {"id": "131", "s1": "2", "s2": "2", "s": "", "t": "90'+2'", "m": "Stuttgart player Kako scrambled for a foul and the opponent was given possession."}, {"id": "130", "s1": "2", "s2": "2", "s": "", "t": "90'+2'", "m": "Franzic won a free kick for Brunswick."}, {"id": "129", "s1": "2", "s2": "2", "s": "", "t": "90'+2'", "m": "Rudiger won a free kick for Stuttgart."}, {"id": "128", "s1": "2", "s2": "2", "s": "", "t": "90'+2'", "m": "Brunswick player Kumbela scrambled for a foul and the opponent was given possession."}, {"id": "127", "s1": "2", "s2": "2", "s": "", "t": "90'+1'", "m": "Stuttgart player Traore was shown a yellow card by the referee."}, {"id": "126", "s1": "2", "s2": "2", "s": "", "t": "90'+1'", "m": "Brunswick player Kessel was shown a yellow card by the referee."}, {"id": "125", "s1": "2", "s2": "2", "s": "", "t": "89'", "m": "Stuttgart player Niedermeier scrambled for a foul and the opponent was given possession of the ball."}, {"id": "124", "s1": "2", "s2": "2", "s": "", "t": "89'", "m": "Coumbella won a free kick for Brunswick on the right."}, {"id": "123", "s1": "2", "s2": "2", "s": "", "t": "88'", "m": "Gentner won a free kick for Stuttgart."}, {"id": "122", "s1": "2", "s2": "2", "s": "", "t": "88'", "m": "Brunswick player Hochscheit scrambled for a foul and the opponent was given possession of the ball."}, {"id": "121", "s1": "2", "s2": "2", "s": "", "t": "87'", "m": "Toilkaov handled the ball out of the bottom line and Stuttgart won the corner."}, {"id": "120", "s1": "2", "s2": "2", "s": "", "t": "87'", "m": "Stuttgart was replaced, and Kako replaced Kako"}, {"id": "119", "s1": "2", "s2": "2", "s": "", "t": "86'", "m": "Yellow! Brunswick player Hochscheit was shown a yellow card by the referee for a malicious foul."}, {"id": "118", "s1": "2", "s2": "2", "s": "", "t": "86'", "m": "Kako won a free kick for Stuttgart on the left."}, {"id": "117", "s1": "2", "s2": "2", "s": "", "t": "86'", "m": "Brunswick player Hochscheit scrambled for a foul and the opponent was given possession of the ball."}, {"id": "116", "s1": "2", "s2": "2", "s": "", "t": "85'", "m": "R-Khedira won a free kick for Stuttgart."}, {"id": "115", "s1": "2", "s2": "2", "s": "", "t": "85'", "m": "Brunswick player Toyle Kawf scrambled for a foul and the opponent was given possession of the ball."}, {"id": "114", "s1": "2", "s2": "2", "s": "", "t": "84'", "m": "Rudiger handled the ball out of the bottom line and Brunswick won the corner."}, {"id": "113", "s1": "2", "s2": "2", "s": "", "t": "82'", "m": "Brunswick player Kumbela's left-footed shot from the goal line was blocked by a defender. It was Beira Rabi who passed the ball to him."}, {"id": "112", "s1": "2", "s2": "2", "s": "", "t": "82'", "m": "Goal!!! The Brunswick player shot with his left foot in front of the goal line than Chakčić, the ball flew up from the middle of the road and the ball went in! Assisted by Coombela. Stuttgart 2-2 Brunswick."}, {"id": "111", "s1": "2", "s2": "1", "s": "", "t": "82'", "m": "Schwab handled the ball out of the bottom line and Brunswick won a corner kick."}, {"id": "110", "s1": "2", "s2": "1", "s": "", "t": "81'", "m": "Stuttgart was replaced and Traoré replaced Boca"}, {"id": "109", "s1": "2", "s2": "1", "s": "", "t": "80'", "m": "Brunswick player Toir kawf tucked the ball straight into Frankzic, but the referee raised a flag to show the latter was offside."}, {"id": "108", "s1": "2", "s2": "1", "s": "", "t": "80'", "m": "Ulreich handled the ball out of the box and Brunswick won a corner."}, {"id": "107", "s1": "2", "s2": "1", "s": "", "t": "80'", "m": "Shot!!! Brunswick player Kessel's header from the centre of the penalty area was saved by the opposing goalkeeper. It was Hochscheit who gave him the pass."}, {"id": "106", "s1": "2", "s2": "1", "s": "", "t": "79'", "m": "Stuttgart player Niedermeier scrambled for a foul and the opponent was given possession of the ball."}, {"id": "105", "s1": "2", "s2": "1", "s": "", "t": "79'", "m": "Coumbella won a free kick for Brunswick on the right."}, {"id": "104", "s1": "2", "s2": "1", "s": "", "t": "78'", "m": "Leitner won a free kick for Stuttgart on the right."}, {"id": "103", "s1": "2", "s2": "1", "s": "", "t": "78'", "m": "Brunswick player Toyle Kawf scrambled for a foul and the opponent was given possession of the ball."}, {"id": "102", "s1": "2", "s2": "1", "s": "", "t": "78'", "m": "Brunswick was replaced, and Franzic replaced Reicher"}, {"id": "101", "s1": "2", "s2": "1", "s": "", "t": "78'", "m": "Stuttgart player Kako attempted a left-footed shot from outside the penalty area, but unfortunately the ball was slightly offside the right goal."}, {"id": "100", "s1": "2", "s2": "1", "s": "", "t": "77'", "m": "Harnick won a free kick for Stuttgart on the left."}, {"id": "99", "s1": "2", "s2": "1", "s": "", "t": "77'", "m": "Brunswick player Kessel scrambled for a foul and the opponent gained possession."}, {"id": "98", "s1": "2", "s2": "1", "s": "", "t": "76'", "m": "Brunswick player Perttl attempted a left-footed shot from outside the penalty area, but the ball was deflected slightly off the right goal."}, {"id": "97", "s1": "2", "s2": "1", "s": "", "t": "75'", "m": "Stuttgart player Schwab scrambled for a foul and the opponent was given possession of the ball."}, {"id": "96", "s1": "2", "s2": "1", "s": "", "t": "75'", "m": "Coombera won a free kick for Brunswick at the opposing half."}, {"id": "95", "s1": "2", "s2": "1", "s": "", "t": "74'", "m": "Leitner won a free kick for Stuttgart at the opposing half."}, {"id": "94", "s1": "2", "s2": "1", "s": "", "t": "74'", "m": "Brunswick player Toyle Kawf scrambled for a foul and the opponent was given possession of the ball."}, {"id": "93", "s1": "2", "s2": "1", "s": "", "t": "73'", "m": "Stuttgart made a substitution and R-Khedira replaced Maxim"}, {"id": "92", "s1": "2", "s2": "1", "s": "", "t": "72'", "m": "Brunswick player Toilkaugh tucked the ball straight into Koumbella, but the referee raised a flag to show the latter was offside."}, {"id": "91", "s1": "2", "s2": "1", "s": "", "t": "72'", "m": "Stuttgart player Kako scrambled for a foul and the opponent was given possession."}, {"id": "90", "s1": "2", "s2": "1", "s": "", "t": "72'", "m": "Pelter won a free kick for Brunswick."}, {"id": "89", "s1": "2", "s2": "1", "s": "", "t": "69'", "m": "Stuttgart player Hanik scrambled for a foul and the opponent was given possession of the ball."}, {"id": "88", "s1": "2", "s2": "1", "s": "", "t": "69'", "m": "Kessel won a free kick for Brunswick."}, {"id": "87", "s1": "2", "s2": "1", "s": "", "t": "68'", "m": "Brunswick was replaced, and Perttl replaced Pfetzner"}, {"id": "86", "s1": "2", "s2": "1", "s": "", "t": "67'", "m": "Brunswick was replaced, and Admi replaced Nelson"}, {"id": "85", "s1": "2", "s2": "1", "s": "", "t": "65'", "m": "Stuttgart player Boca attempted a left-footed shot from outside the penalty area, but unfortunately the ball deflected off goal. It was Maxim who passed the ball to him."}, {"id": "84", "s1": "2", "s2": "1", "s": "", "t": "65'", "m": "Pfetzna handled the ball out of the bottom line and Stuttgart won a corner kick."}, {"id": "83", "s1": "2", "s2": "1", "s": "", "t": "64'", "m": "Stuttgart player Gentner's header from the left side of the penalty area was blocked by a defender. It was Maxim who passed the ball to him."}, {"id": "82", "s1": "2", "s2": "1", "s": "", "t": "64'", "m": "Bičačic handled the ball out of the bottom line and Stuttgart won the corner."}, {"id": "81", "s1": "2", "s2": "1", "s": "", "t": "62'", "m": "Kessel handled the ball out of the bottom line and Stuttgart won the corner."}, {"id": "80", "s1": "2", "s2": "1", "s": "", "t": "61'", "m": "Leitner won a free kick for Stuttgart on the left."}, {"id": "79", "s1": "2", "s2": "1", "s": "", "t": "61'", "m": "Brunswick player Bella Rabbi made a dangerous move where the opponent gained possession of the ball."}, {"id": "78", "s1": "2", "s2": "1", "s": "", "t": "59'", "m": "The suspension ended and the players resumed playing."}, {"id": "77", "s1": "2", "s2": "1", "s": "", "t": "58'", "m": "Brunswick Reicher fell to the ground injured and the game was suspended"}, {"id": "76", "s1": "2", "s2": "1", "s": "", "t": "57'", "m": "Correa handled the ball out of the bottom line and Stuttgart won the corner."}, {"id": "75", "s1": "2", "s2": "1", "s": "", "t": "57'", "m": "Stuttgart player Niedermeier's header from the centre of the penalty area was blocked by a defender. It was Maxim who passed the ball to him."}, {"id": "74", "s1": "2", "s2": "1", "s": "", "t": "56'", "m": "Correa handled the ball out of the bottom line and Stuttgart won the corner."}, {"id": "73", "s1": "2", "s2": "1", "s": "", "t": "56'", "m": "Stuttgart player Schwab's right-footed shot from outside the penalty area was blocked by a defender."}, {"id": "72", "s1": "2", "s2": "1", "s": "", "t": "56'", "m": "Stuttgart player Kako's right-footed shot from outside the penalty area was blocked by a defender. It was Lausch who gave him the ball."}, {"id": "71", "s1": "2", "s2": "1", "s": "", "t": "55'", "m": "The Brunswick player attempted a header from the centre of the penalty area than Chakcic, but unfortunately the ball was high above goal. It was Hochscheit who gave him the pass."}, {"id": "70", "s1": "2", "s2": "1", "s": "", "t": "54'", "m": "Stuttgart player Maxim scrambled for a foul and the opponent gained possession of the ball."}, {"id": "69", "s1": "2", "s2": "1", "s": "", "t": "54'", "m": "Toilkaugh won a free kick for Brunswick on the right."}, {"id": "68", "s1": "2", "s2": "1", "s": "", "t": "53'", "m": "Stuttgart player Gentner attempted a header on the left side of the penalty area, but unfortunately the ball was slightly offside the left goal. It was Maxim who passed the ball to him."}, {"id": "67", "s1": "2", "s2": "1", "s": "", "t": "53'", "m": "Reicher handled the ball out of the bottom line and Stuttgart won the corner."}, {"id": "66", "s1": "2", "s2": "1", "s": "", "t": "53'", "m": "Stuttgart player Kako's left-footed shot from the left side of the penalty area was blocked by a defender. It was Niedermeier who gave him the pass."}, {"id": "65", "s1": "2", "s2": "1", "s": "", "t": "52'", "m": "Davarry handled the ball out of the bottom line and Stuttgart won the corner."}, {"id": "64", "s1": "2", "s2": "1", "s": "", "t": "52'", "m": "Stuttgart player Gentner's penalty was saved by the opposing goalkeeper. Penalty missed."}, {"id": "63", "s1": "2", "s2": "1", "s": "", "t": "51'", "m": "Penalty, Harnick was violated inside the penalty area and Stuttgart received a penalty."}, {"id": "62", "s1": "2", "s2": "1", "s": "", "t": "51'", "m": "Brunswick player Davarry fouled and caused the opponent to get a penalty."}, {"id": "61", "s1": "2", "s2": "1", "s": "", "t": "51'", "m": "Stuttgart player Boca's left-footed shot from outside the penalty area was blocked by a defender. It was Lausch who gave him the ball."}, {"id": "60", "s1": "2", "s2": "1", "s": "", "t": "50'", "m": "Stuttgart player Gentner was fouled for handball and the opponent was given the ball."}, {"id": "59", "s1": "2", "s2": "1", "s": "", "t": "50'", "m": "Stuttgart player Rausch handball was fouled and the opponent was given the ball."}, {"id": "58", "s1": "2", "s2": "1", "s": "", "t": "46'", "m": "Stuttgart player Rudiger scrambled for a foul and the opponent was given possession of the ball."}, {"id": "57", "s1": "2", "s2": "1", "s": "", "t": "46'", "m": "Coombera won a free kick for Brunswick."}, {"id": "56", "s1": "2", "s2": "1", "s": "", "t": "", "m": "The second half began with Stuttgart 2-1 Brunswick"}, {"id": "55", "s1": "2", "s2": "1", "s": "", "t": "45'+2'", "m": "At the end of the first half, Stuttgart 2-1 Brunswick, a short break, we will take a look at the performance of the two teams in the second half."}, {"id": "54", "s1": "2", "s2": "1", "s": "", "t": "45'+1'", "m": "Brunswick player Pfetchner was shown a yellow card by the referee."}, {"id": "53", "s1": "2", "s2": "1", "s": "", "t": "45'", "m": "Stuttgart player Maxim scrambled for a foul and the opponent gained possession of the ball."}, {"id": "52", "s1": "2", "s2": "1", "s": "", "t": "45'", "m": "Coombera won a free kick for Brunswick at the opposing half."}, {"id": "51", "s1": "2", "s2": "1", "s": "", "t": "44'", "m": "Leitner won a free kick for Stuttgart on the right."}, {"id": "50", "s1": "2", "s2": "1", "s": "", "t": "44'", "m": "Brunswick player Toyle Kawf scrambled for a foul and the opponent was given possession of the ball."}, {"id": "49", "s1": "2", "s2": "1", "s": "", "t": "44'", "m": "Stuttgart player Rausch's right-footed shot from outside the penalty area was blocked by a defender."}, {"id": "48", "s1": "2", "s2": "1", "s": "", "t": "43'", "m": "Correa handled the ball out of the bottom line and Stuttgart won the corner."}, {"id": "47", "s1": "2", "s2": "1", "s": "", "t": "42'", "m": "Brunswick player Kumbella kicked the ball straight into Kessel, but the referee raised a flag to show that the latter was offside."}, {"id": "46", "s1": "2", "s2": "1", "s": "", "t": "41'", "m": "Kako won a free kick for Stuttgart on the left."}, {"id": "45", "s1": "2", "s2": "1", "s": "", "t": "41'", "m": "Brunswick player Kessel scrambled for a foul and the opponent gained possession."}, {"id": "44", "s1": "2", "s2": "1", "s": "", "t": "40'", "m": "Leitner won a free kick for Stuttgart at the opposing half."}, {"id": "43", "s1": "2", "s2": "1", "s": "", "t": "40'", "m": "Brunswick player Bellara competed for a foul and the opponent gained possession."}, {"id": "42", "s1": "2", "s2": "1", "s": "", "t": "37'", "m": "Niedermeier handled the ball out of the bottom line and Brunswick won a corner kick."}, {"id": "41", "s1": "2", "s2": "1", "s": "", "t": "35'", "m": "Goal!!! Stuttgart player Hanik fired a right-footed shot from outside the penalty area and the ball flew into the goal from the bottom left corner and the ball went in! Stuttgart 2-1 Brunswick."}, {"id": "40", "s1": "1", "s2": "1", "s": "", "t": "34'", "m": "Brunswick player Kessel kicked the ball straight into Beira Rabbi, but the referee raised a flag to show that the latter was offside."}, {"id": "39", "s1": "1", "s2": "1", "s": "", "t": "33'", "m": "Stuttgart player Hanik scrambled for a foul and the opponent was given possession of the ball."}, {"id": "38", "s1": "1", "s2": "1", "s": "", "t": "33'", "m": "Hochscheit won a free kick for Brunswick."}, {"id": "37", "s1": "1", "s2": "1", "s": "", "t": "31'", "m": "The suspension ended and the players resumed playing."}, {"id": "36", "s1": "1", "s2": "1", "s": "", "t": "31'", "m": "Maxim Stuttgart fell to the ground injured and the game was suspended"}, {"id": "35", "s1": "1", "s2": "1", "s": "", "t": "30'", "m": "Goal!!! Stuttgart player Maxim shot with his right foot in front of the goal line, the ball flew from the middle of the road into the goal, the ball went in! Stuttgart 1-1 Brunswick."}, {"id": "34", "s1": "0", "s2": "1", "s": "", "t": "24'", "m": "Goal!!! Brunswick player Hochscheit shot with his right foot in the centre of the penalty area, the ball flew from the top right corner into the goal, and the ball went in! Stuttgart 0-1 Brunswick."}, {"id": "33", "s1": "0", "s2": "0", "s": "", "t": "23'", "m": "Stuttgart player Gentner scrambled for a foul and the opponent gained possession of the ball."}, {"id": "32", "s1": "0", "s2": "0", "s": "", "t": "23'", "m": "Coombera won a free kick for Brunswick."}, {"id": "31", "s1": "0", "s2": "0", "s": "", "t": "22'", "m": "The suspension ended and the players resumed playing."}, {"id": "30", "s1": "0", "s2": "0", "s": "", "t": "21'", "m": "Brunswick Reicher fell to the ground injured and the game was suspended"}, {"id": "29", "s1": "0", "s2": "0", "s": "", "t": "21'", "m": "Niedermeier won a free kick for Stuttgart."}, {"id": "28", "s1": "0", "s2": "0", "s": "", "t": "21'", "m": "Brunswick player Nelson scrambled for a foul and the opponent was given possession."}, {"id": "27", "s1": "0", "s2": "0", "s": "", "t": "20'", "m": "Stuttgart player Gentner scrambled for a foul and the opponent gained possession of the ball."}, {"id": "26", "s1": "0", "s2": "0", "s": "", "t": "20'", "m": "Pfeitzner won a free kick for Brunswick on the right."}, {"id": "25", "s1": "0", "s2": "0", "s": "", "t": "17'", "m": "Stuttgart player Schwab tucked the ball straight into Rudiger, but the referee raised a flag to show that the latter was offside."}, {"id": "24", "s1": "0", "s2": "0", "s": "", "t": "17'", "m": "Toilkaov handled the ball out of the bottom line and Stuttgart won the corner."}, {"id": "23", "s1": "0", "s2": "0", "s": "", "t": "15'", "m": "The Brunswick player attempted a header from the centre of the penalty area than Chakcic, but unfortunately the ball was slightly offside the left goal. It was Hochscheit who gave him the pass."}, {"id": "22", "s1": "0", "s2": "0", "s": "", "t": "14'", "m": "Stuttgart player Niedermeier scrambled for a foul and the opponent was given possession of the ball."}, {"id": "21", "s1": "0", "s2": "0", "s": "", "t": "14'", "m": "Coumbella won a free kick for Brunswick on the right."}, {"id": "20", "s1": "0", "s2": "0", "s": "", "t": "13'", "m": "Brunswick player Kessel kicked the ball straight into Hochshait, but the referee raised a flag to show that the latter was offside."}, {"id": "19", "s1": "0", "s2": "0", "s": "", "t": "12'", "m": "Yellow! Stuttgart player Schwab was shown a yellow card by the referee for his dangerous moves."}, {"id": "18", "s1": "0", "s2": "0", "s": "", "t": "11'", "m": "Stuttgart player Schwab made a dangerous move where the opponent gained possession of the ball."}, {"id": "17", "s1": "0", "s2": "0", "s": "", "t": "11'", "m": "Reicher won a free kick for Brunswick."}, {"id": "16", "s1": "0", "s2": "0", "s": "", "t": "10'", "m": "Brunswick player Toylkaugh's left-footed shot from outside the penalty area was blocked by a defender."}, {"id": "15", "s1": "0", "s2": "0", "s": "", "t": "10'", "m": "Brunswick player Bella Rabi's right-footed shot from outside the box was blocked by a defender."}, {"id": "14", "s1": "0", "s2": "0", "s": "", "t": "9'", "m": "Stuttgart player Boca scrambled for a foul and the opponent was given possession of the ball."}, {"id": "13", "s1": "0", "s2": "0", "s": "", "t": "9'", "m": "Pfeitzner won a free kick for Brunswick at the opposing half."}, {"id": "12", "s1": "0", "s2": "0", "s": "", "t": "8'", "m": "Stuttgart player Rausch handball was fouled and the opponent was given the ball."}, {"id": "11", "s1": "0", "s2": "0", "s": "", "t": "7'", "m": "Brunswick player Nelson's right-footed shot from the centre of the penalty area was blocked by a defender. It was Combella who gave him the ball."}, {"id": "10", "s1": "0", "s2": "0", "s": "", "t": "5'", "m": "Leitner won a free kick for Stuttgart at the opposing half."}, {"id": "9", "s1": "0", "s2": "0", "s": "", "t": "5'", "m": "Brunswick player Nelson scrambled for a foul and the opponent was given possession."}, {"id": "8", "s1": "0", "s2": "0", "s": "", "t": "4'", "m": "Stuttgart player Boca tried his left-footed shot from outside the penalty area, but unfortunately the ball was high above goal."}, {"id": "7", "s1": "0", "s2": "0", "s": "", "t": "4'", "m": "Kessel handled the ball out of the bottom line and Stuttgart won the corner."}, {"id": "6", "s1": "0", "s2": "0", "s": "", "t": "2'", "m": "Brunswick player Bellara competed for a foul and the opponent gained possession."}, {"id": "5", "s1": "0", "s2": "0", "s": "", "t": "2'", "m": "Harnick won a free kick for Stuttgart."}, {"id": "4", "s1": "0", "s2": "0", "s": "", "t": "1'", "m": "Ulreich handled the ball out of the box and Brunswick won a corner."}, {"id": "3", "s1": "0", "s2": "0", "s": "", "t": "1'", "m": "Brunswick player Toylkaugh's right-footed shot from outside the penalty area was blocked by a defender."}, {"id": "2", "s1": "0", "s2": "0", "s": "", "t": "1'", "m": "Niedermeier handled the ball out of the bottom line and Brunswick won a corner kick."}, {"id": "1", "s1": "0", "s2": "0", "s": "", "t": "", "m": "With a whistle from the referee, the first half of the game began."}]