[{"id": "93", "s1": "1", "s2": "0", "s": "", "t": "", "m": "The match ended with Borussia Dortmund 1-0 Borussia Moncheng, thank you all for watching the Sina Football Livestream."}, {"id": "92", "s1": "1", "s2": "0", "s": "", "t": "90'+4'", "m": "At the end of the second half, Borussia Dortmund 1-0 Borussia Borussia"}, {"id": "91", "s1": "1", "s2": "0", "s": "", "t": "90'+3'", "m": "Shot!!! Dortmund player Aubameyang's right-footed shot from the right side of the penalty area was saved by the opposing goalkeeper. It was Mkhitaryan who gave him the ball."}, {"id": "90", "s1": "1", "s2": "0", "s": "", "t": "90'+1'", "m": "Borussia Dortmund player Gros Kreuz attempted a right-footed shot from the right side of the penalty area, but the ball was deflected slightly off the left goal. It was Mkhitaryan who gave him the ball."}, {"id": "89", "s1": "1", "s2": "0", "s": "", "t": "90'", "m": "Yellow! The Borussia Dortmund player was shown a yellow card by the referee for a malicious foul on Mobile."}, {"id": "88", "s1": "1", "s2": "0", "s": "", "t": "90'", "m": "The Borussia Dortmund players were given possession of the ball as Mobile scrambled for a foul."}, {"id": "87", "s1": "1", "s2": "0", "s": "", "t": "90'", "m": "Dominguez won a free kick for Borussia Moncheng."}, {"id": "86", "s1": "1", "s2": "0", "s": "", "t": "89'", "m": "Borussia Monchengandre player Stranzl handball was fouled and the opponent was given the ball."}, {"id": "85", "s1": "1", "s2": "0", "s": "", "t": "89'", "m": "Dortmund made a substitution, with Mobile replacing Reuss"}, {"id": "84", "s1": "1", "s2": "0", "s": "", "t": "84'", "m": "Dortmund made substitutions, Ginter on, Papastathopoulos went off with injury."}, {"id": "83", "s1": "1", "s2": "0", "s": "", "t": "83'", "m": "The suspension ended and the players resumed playing."}, {"id": "82", "s1": "1", "s2": "0", "s": "", "t": "83'", "m": "Yellow! Borussia Dortmund player Papastathopoulos was shown a yellow card by the referee for a malicious foul."}, {"id": "81", "s1": "1", "s2": "0", "s": "", "t": "82'", "m": "Borussia Dortmund fell to the ground injured and the game was suspended"}, {"id": "80", "s1": "1", "s2": "0", "s": "", "t": "81'", "m": "Borussia Dortmund player Papastathopoulos scrambled for a foul and the opponent was given possession of the ball."}, {"id": "79", "s1": "1", "s2": "0", "s": "", "t": "81'", "m": "Hahn won a free kick for Borussia Möncheng in the opposing half."}, {"id": "78", "s1": "1", "s2": "0", "s": "", "t": "80'", "m": "Yellow! Dortmund player Durm was shown a yellow card by the referee for a malicious foul."}, {"id": "77", "s1": "1", "s2": "0", "s": "", "t": "80'", "m": "Dortmund player Durm scrambled for a foul and the opponent was given possession of the ball."}, {"id": "76", "s1": "1", "s2": "0", "s": "", "t": "80'", "m": "Traore won a free kick for Borussia Moncheng."}, {"id": "75", "s1": "1", "s2": "0", "s": "", "t": "77'", "m": "Borussia Dortmund player Gros Kreuz sent a straight kick to Reuss, but the referee raised a flag to show that the latter was offside."}, {"id": "74", "s1": "1", "s2": "0", "s": "", "t": "76'", "m": "Mkhitaryan won a free kick for Borussia Dortmund on the right."}, {"id": "73", "s1": "1", "s2": "0", "s": "", "t": "76'", "m": "Borussia Moncheng's Hahn scrambled fouls and the opponent was given possession of the ball."}, {"id": "72", "s1": "1", "s2": "0", "s": "", "t": "75'", "m": "Borussia Moncheng replaced, and Terraore replaced Herman"}, {"id": "71", "s1": "1", "s2": "0", "s": "", "t": "73'", "m": "Borussia Dortmund's Gros Kreuz attempted a right-footed shot from the centre of the penalty area, but the ball was deflected slightly off the right goal. It was Reus who gave him the pass."}, {"id": "70", "s1": "1", "s2": "0", "s": "", "t": "73'", "m": "Dortmund made a substitution, and Groskroyts replaced Shinji Kagawa"}, {"id": "69", "s1": "1", "s2": "0", "s": "", "t": "69'", "m": "Borussia Dortmund's Mkhitaryan's left-footed shot from outside the penalty area was blocked by a defender. It was Aubameyang who gave him the ball."}, {"id": "68", "s1": "1", "s2": "0", "s": "", "t": "66'", "m": "Shot!!! Borussia Dortmund player Reuss fired a right-footed shot from a wide distance on the left and was saved by the opposing goalkeeper."}, {"id": "67", "s1": "1", "s2": "0", "s": "", "t": "66'", "m": "Yellow! Borussia Moncheng's Kramer was shown a yellow card by the referee for a malicious foul."}, {"id": "66", "s1": "1", "s2": "0", "s": "", "t": "66'", "m": "Durm won a free kick for Borussia Dortmund on the left."}, {"id": "65", "s1": "1", "s2": "0", "s": "", "t": "66'", "m": "Borussia Möncheng's Kramer scrambled for a foul and the opponent was given possession of the ball."}, {"id": "64", "s1": "1", "s2": "0", "s": "", "t": "65'", "m": "Borussia Moncheng replaced, and Hazad replaced Raphael"}, {"id": "63", "s1": "1", "s2": "0", "s": "", "t": "64'", "m": "Borussia Moncheng's Hermann attempted a right-footed shot from outside the penalty area, but unfortunately the ball was slightly offside the left goal. It was Kreuzer who gave him the pass."}, {"id": "62", "s1": "1", "s2": "0", "s": "", "t": "63'", "m": "Borussia Dortmund player Papastathopoulos scrambled for a foul and the opponent was given possession of the ball."}, {"id": "61", "s1": "1", "s2": "0", "s": "", "t": "63'", "m": "Kreuzer won a free kick for Borussia Moncheng."}, {"id": "60", "s1": "1", "s2": "0", "s": "", "t": "61'", "m": "Dortmund player Durm scrambled for a foul and the opponent was given possession of the ball."}, {"id": "59", "s1": "1", "s2": "0", "s": "", "t": "61'", "m": "Hahn won a free kick for Borussia Moncheng."}, {"id": "58", "s1": "1", "s2": "0", "s": "", "t": "59'", "m": "Borussia Dortmund player Kyle tucked the ball straight into Reus, but the referee raised a flag to show the latter was offside."}, {"id": "57", "s1": "1", "s2": "0", "s": "", "t": "59'", "m": "Borussia Dortmund player Reuss fired a right-footed shot from outside the penalty area that hit the goalpost crossbar."}, {"id": "56", "s1": "1", "s2": "0", "s": "", "t": "58'", "m": "Borussia Borussia Möncheng was 1-0 Borussia Dortmund 1-0"}, {"id": "55", "s1": "0", "s2": "0", "s": "", "t": "57'", "m": "Borussia Dortmund player Papastathopoulos scrambled for a foul and the opponent was given possession of the ball."}, {"id": "54", "s1": "0", "s2": "0", "s": "", "t": "57'", "m": "Kreuzer won a free kick for Borussia Möncheng on the right."}, {"id": "53", "s1": "0", "s2": "0", "s": "", "t": "55'", "m": "Borussia Borussia Möncheng's Hermann kicked the ball straight into Kruzer, but the referee raised a flag to show that the latter was offside."}, {"id": "52", "s1": "0", "s2": "0", "s": "", "t": "53'", "m": "Kyle won a free kick for Borussia Dortmund."}, {"id": "51", "s1": "0", "s2": "0", "s": "", "t": "53'", "m": "Borussia Möncheng's Kramer scrambled for a foul and the opponent was given possession of the ball."}, {"id": "50", "s1": "0", "s2": "0", "s": "", "t": "49'", "m": "Borussia Dortmund player Reuss' right-footed shot from outside the penalty area was blocked by a defender. It was Kyle who gave him the pass."}, {"id": "49", "s1": "0", "s2": "0", "s": "", "t": "48'", "m": "Hahn handled the ball out of the bottom line and Borussia Dortmund won the corner."}, {"id": "48", "s1": "0", "s2": "0", "s": "", "t": "47'", "m": "Stranzl handled the ball out of the bottom line and Borussia Dortmund won a corner kick."}, {"id": "47", "s1": "0", "s2": "0", "s": "", "t": "", "m": "The second half began with Borussia Dortmund 0-0 Borussia Borussia"}, {"id": "46", "s1": "0", "s2": "0", "s": "", "t": "45'", "m": "Borussia Moncheng replaced, and Vent replaced Norte West"}, {"id": "45", "s1": "0", "s2": "0", "s": "", "t": "45'+1'", "m": "At the end of the first half, Borussia Dortmund 0-0 Borussia Monsing, with a short break, we will take a look at the performance of the two teams in the second half."}, {"id": "44", "s1": "0", "s2": "0", "s": "", "t": "45'+1'", "m": "Borussia Dortmund's Mkhitaryan tried his right-footed shot from the right side of the penalty area, but the ball was deflected slightly off the left goal. It was Reus who gave him the pass."}, {"id": "43", "s1": "0", "s2": "0", "s": "", "t": "45'", "m": "Summer handled the ball out of the bottom line and Borussia Dortmund won a corner kick."}, {"id": "42", "s1": "0", "s2": "0", "s": "", "t": "45'", "m": "Shot!!! Borussia Dortmund player Aubameyang's right-footed shot from outside the penalty area was saved by the opposing goalkeeper."}, {"id": "41", "s1": "0", "s2": "0", "s": "", "t": "45'", "m": "Reuss won a free kick for Borussia Dortmund at the opposing half."}, {"id": "40", "s1": "0", "s2": "0", "s": "", "t": "45'", "m": "Borussia Moncheng's Norte West scrambled fouls and the opponent gained possession."}, {"id": "39", "s1": "0", "s2": "0", "s": "", "t": "43'", "m": "Reuss won a free kick for Borussia Dortmund."}, {"id": "38", "s1": "0", "s2": "0", "s": "", "t": "43'", "m": "Borussia Moncheng's Hermann scrambled for a foul and the opponent gained possession of the ball."}, {"id": "37", "s1": "0", "s2": "0", "s": "", "t": "42'", "m": "Papastathopoulos won a free kick for Borussia Dortmund at the opposing half."}, {"id": "36", "s1": "0", "s2": "0", "s": "", "t": "42'", "m": "Borussia Moncheng's Hahn scrambled fouls and the opponent was given possession of the ball."}, {"id": "35", "s1": "0", "s2": "0", "s": "", "t": "41'", "m": "Janchik handled the ball out of the bottom line and Borussia Dortmund won the corner."}, {"id": "34", "s1": "0", "s2": "0", "s": "", "t": "41'", "m": "Dortmund player Aubameyang's right-footed shot from the left side of the penalty area was blocked by the defender. It was Reus who gave him the pass."}, {"id": "33", "s1": "0", "s2": "0", "s": "", "t": "40'", "m": "Borussia Dortmund player Shinji Kagawa scrambled for a foul and his opponent was given possession of the ball."}, {"id": "32", "s1": "0", "s2": "0", "s": "", "t": "40'", "m": "Norte West won a free kick for Borussia Moncheng."}, {"id": "31", "s1": "0", "s2": "0", "s": "", "t": "37'", "m": "Borussia Dortmund's Mkhitaryan attempted a right-footed shot from the centre of the penalty area, but unfortunately the ball went high above goal. It was Bendel who gave him the pass."}, {"id": "30", "s1": "0", "s2": "0", "s": "", "t": "36'", "m": "Janchik handled the ball out of the bottom line and Borussia Dortmund won the corner."}, {"id": "29", "s1": "0", "s2": "0", "s": "", "t": "35'", "m": "Papastathopoulos won a free kick for Borussia Dortmund."}, {"id": "28", "s1": "0", "s2": "0", "s": "", "t": "35'", "m": "Borussia Möncheng's player Kreuzer scrambled for a foul and the opponent was given possession of the ball."}, {"id": "27", "s1": "0", "s2": "0", "s": "", "t": "35'", "m": "Borussia Dortmund player Weidenfele kicked the ball straight into Reuss, but the referee raised a flag to show that the latter was offside."}, {"id": "26", "s1": "0", "s2": "0", "s": "", "t": "34'", "m": "Dortmund player Reuss' right-footed shot from the centre of the penalty area was blocked by a defender. It was Aubameyang who gave him the ball."}, {"id": "25", "s1": "0", "s2": "0", "s": "", "t": "33'", "m": "Dortmund player Kyle tucked the ball straight into Aubameyang, but the referee raised a flag to show that the latter was offside."}, {"id": "24", "s1": "0", "s2": "0", "s": "", "t": "31'", "m": "Janchik handled the ball out of the bottom line and Borussia Dortmund won the corner."}, {"id": "23", "s1": "0", "s2": "0", "s": "", "t": "29'", "m": "Borussia Dortmund player Piszczek attempted a right-footed shot from the right side of the penalty area, but unfortunately the ball deflected off goal. It was Mkhitaryan who gave him the ball."}, {"id": "22", "s1": "0", "s2": "0", "s": "", "t": "28'", "m": "Borussia Dortmund player Reuss' right-footed shot from outside the penalty area was blocked by a defender."}, {"id": "21", "s1": "0", "s2": "0", "s": "", "t": "28'", "m": "Dortmund player Shinji Kagawa's right-footed shot from outside the penalty area was blocked by a defender. It was Bendel who gave him the pass."}, {"id": "20", "s1": "0", "s2": "0", "s": "", "t": "27'", "m": "Shot!!! Dortmund player Mkhitaryan's right-footed shot from outside the penalty area was saved by the opposing goalkeeper. It was Kyle who gave him the pass."}, {"id": "19", "s1": "0", "s2": "0", "s": "", "t": "23'", "m": "Borussia Dortmund player Shinji Kagawa sent the ball straight to Reus, but the referee raised a flag to show that the latter was offside."}, {"id": "18", "s1": "0", "s2": "0", "s": "", "t": "22'", "m": "Bender won a free kick for Borussia Dortmund."}, {"id": "17", "s1": "0", "s2": "0", "s": "", "t": "22'", "m": "Borussia Moncheng's Hahn scrambled fouls and the opponent was given possession of the ball."}, {"id": "16", "s1": "0", "s2": "0", "s": "", "t": "19'", "m": "Borussia Dortmund's Mkhitaryan attempted a left-footed shot from outside the penalty area, but unfortunately the ball deflected off target. It was Aubameyang who gave him the ball."}, {"id": "15", "s1": "0", "s2": "0", "s": "", "t": "18'", "m": "Borussia Dortmund player Piszczek sent the ball straight to Aubameyang, but the referee raised a flag to show the latter was offside."}, {"id": "14", "s1": "0", "s2": "0", "s": "", "t": "16'", "m": "Borussia Dortmund's Aubameyang attempted a left-footed shot from outside the penalty area, but the ball was deflected slightly off the right goal. It was Kyle who gave him the pass."}, {"id": "13", "s1": "0", "s2": "0", "s": "", "t": "16'", "m": "Borussia Moncheng's Hermann scrambled for a foul and the opponent gained possession of the ball."}, {"id": "12", "s1": "0", "s2": "0", "s": "", "t": "16'", "m": "Mkhitaryan won a free kick for Borussia Dortmund at the opposing half."}, {"id": "11", "s1": "0", "s2": "0", "s": "", "t": "15'", "m": "Shot!!! Borussia Dortmund's right-footed shot from outside the penalty area was saved by the opposing goalkeeper."}, {"id": "10", "s1": "0", "s2": "0", "s": "", "t": "15'", "m": "Yellow! Borussia Moncheng's Norte West player was shown a yellow card by the referee for a malicious foul."}, {"id": "9", "s1": "0", "s2": "0", "s": "", "t": "15'", "m": "Borussia Moncheng's Norte West scrambled fouls and the opponent gained possession."}, {"id": "8", "s1": "0", "s2": "0", "s": "", "t": "15'", "m": "Reuss won a free kick for Borussia Dortmund at the opposing half."}, {"id": "7", "s1": "0", "s2": "0", "s": "", "t": "13'", "m": "Borussia Dortmund player Weidenfele kicked the ball straight into Reuss, but the referee raised a flag to show that the latter was offside."}, {"id": "6", "s1": "0", "s2": "0", "s": "", "t": "9'", "m": "Borussia Dortmund's Mkhitaryan's left-footed shot from outside the penalty area was blocked by a defender."}, {"id": "5", "s1": "0", "s2": "0", "s": "", "t": "9'", "m": "Shot!!! Dortmund player Reuss' right-footed shot from the centre of the penalty area was saved by the opposing goalkeeper. It was Mkhitaryan who gave him the ball."}, {"id": "4", "s1": "0", "s2": "0", "s": "", "t": "7'", "m": "Borussia Dortmund player Piszczek sent the ball straight to Aubameyang, but the referee raised a flag to show the latter was offside."}, {"id": "3", "s1": "0", "s2": "0", "s": "", "t": "5'", "m": "Cobb handled the ball out of the bottom line and Borussia Dortmund won the corner."}, {"id": "2", "s1": "0", "s2": "0", "s": "", "t": "2'", "m": "Borussia Dortmund attempted a left-footed shot from a small angle on the left side of the goal, but unfortunately the ball was slightly offside the right goal. It was Bendel who gave him the pass."}, {"id": "1", "s1": "0", "s2": "0", "s": "", "t": "", "m": "With a whistle from the referee, the first half of the game began."}]