[{"id": "97", "s1": "2", "s2": "0", "s": "", "t": "", "m": "The match was over with Borussia Mondesing 2-0 Dortmund, thank you for watching The Sina Football Live."}, {"id": "96", "s1": "2", "s2": "0", "s": "", "t": "90'+4'", "m": "The second half ended with Borussia Moncheng 2-0 Borussia Dortmund"}, {"id": "95", "s1": "2", "s2": "0", "s": "", "t": "90'+3'", "m": "Yellow! Borussia Moncheng's Kramer was shown a yellow card by the referee for a malicious foul."}, {"id": "94", "s1": "2", "s2": "0", "s": "", "t": "90'+3'", "m": "Durm won a free kick for Borussia Dortmund."}, {"id": "93", "s1": "2", "s2": "0", "s": "", "t": "90'+3'", "m": "Borussia Möncheng's Kramer scrambled for a foul and the opponent was given possession of the ball."}, {"id": "92", "s1": "2", "s2": "0", "s": "", "t": "90'", "m": "Dortmund player Braszczykovsky scrambled for a foul and the opponent gained possession of the ball."}, {"id": "91", "s1": "2", "s2": "0", "s": "", "t": "90'", "m": "Alango won a free kick for Borussia Moncheng."}, {"id": "90", "s1": "2", "s2": "0", "s": "", "t": "90'", "m": "Yellow! Dortmund player Lewandowski was shown a yellow card by the referee for a malicious foul."}, {"id": "89", "s1": "2", "s2": "0", "s": "", "t": "89'", "m": "Dortmund player Lewandowski scrambled for a foul and the opponent was given possession of the ball."}, {"id": "88", "s1": "2", "s2": "0", "s": "", "t": "89'", "m": "Stranzl won a free kick for Borussia Moncheng."}, {"id": "87", "s1": "2", "s2": "0", "s": "", "t": "89'", "m": "Durm won a free kick for Borussia Dortmund."}, {"id": "86", "s1": "2", "s2": "0", "s": "", "t": "89'", "m": "Borussia Moncheng's Janchik scrambled for a foul and the opponent was given possession of the ball."}, {"id": "85", "s1": "2", "s2": "0", "s": "", "t": "89'", "m": "Dortmund made a substitution, and Quintell replaced Shaheen"}, {"id": "84", "s1": "2", "s2": "0", "s": "", "t": "86'", "m": "Goal!!! Borussia Moncheng's Raphael right-footed shot from the right side of the penalty area flew into the goal from the bottom right corner and the ball went in! The assist was Alango. Borussia Moncheng 2-0 Borussia Dortmund."}, {"id": "83", "s1": "1", "s2": "0", "s": "", "t": "85'", "m": "Borussia Dortmund player Reuss fired a right-footed shot from outside the penalty area that hit the goalpost crossbar."}, {"id": "82", "s1": "1", "s2": "0", "s": "", "t": "85'", "m": "Yellow! Borussia Moncheng's Player Stranzl was shown a yellow card by the referee for a malicious foul."}, {"id": "81", "s1": "1", "s2": "0", "s": "", "t": "85'", "m": "Reuss won a free kick for Borussia Dortmund at the opposing half."}, {"id": "80", "s1": "1", "s2": "0", "s": "", "t": "85'", "m": "Borussia Moncheng's Stranzl scrambled fouls and his opponent was given possession."}, {"id": "79", "s1": "1", "s2": "0", "s": "", "t": "84'", "m": "Borussia Dortmund player Shaheen attempted a left-footed shot from outside the penalty area, but unfortunately the ball deflected off goal. The one who gave him the ball was Blaszczykovsky."}, {"id": "78", "s1": "1", "s2": "0", "s": "", "t": "83'", "m": "Borussia Moncheng made substitutions, Cramer went on, norte West went off with injury."}, {"id": "77", "s1": "1", "s2": "0", "s": "", "t": "81'", "m": "Goal!!! Borussia Borussia Möncheng's left-footed shot at goal, the ball flew from the bottom left corner into the goal, and the ball went in! Borussia Moncheng 1-0 Dortmund."}, {"id": "76", "s1": "0", "s2": "0", "s": "", "t": "81'", "m": "The suspension ended and the players resumed playing."}, {"id": "75", "s1": "0", "s2": "0", "s": "", "t": "81'", "m": "Borussia Mönchengh nord West fell to the ground injured and the game was suspended"}, {"id": "74", "s1": "0", "s2": "0", "s": "", "t": "80'", "m": "Dortmund player Hummels was sent off directly by the referee for a malicious foul."}, {"id": "73", "s1": "0", "s2": "0", "s": "", "t": "80'", "m": "Borussia Dortmund player Hummels committed a foul that resulted in the opponent receiving a penalty."}, {"id": "72", "s1": "0", "s2": "0", "s": "", "t": "80'", "m": "Penalty, Norte West was violated inside the penalty area and Borussia Moncheng won the penalty."}, {"id": "71", "s1": "0", "s2": "0", "s": "", "t": "79'", "m": "Dortmund player Shaheen scrambled for a foul and the opponent gained possession."}, {"id": "70", "s1": "0", "s2": "0", "s": "", "t": "79'", "m": "Xhaka won a free kick for Borussia Moncheng."}, {"id": "69", "s1": "0", "s2": "0", "s": "", "t": "79'", "m": "Shot!!! Borussia Dortmund player Braszczykovsky's right-footed shot from the left side of the penalty area was saved by the opposing goalkeeper. It was Lewandowski who gave him the pass."}, {"id": "68", "s1": "0", "s2": "0", "s": "", "t": "77'", "m": "Dortmund made a substitution, and Braszczykovsky replaced Mkhitaryan"}, {"id": "67", "s1": "0", "s2": "0", "s": "", "t": "77'", "m": "Borussia Moncheng replaced, and Hergota replaced Herman"}, {"id": "66", "s1": "0", "s2": "0", "s": "", "t": "73'", "m": "Dortmund player Reuss' right-footed shot from the right side of the penalty area was blocked by a defender. The pass to him was Gros Kreuz."}, {"id": "65", "s1": "0", "s2": "0", "s": "", "t": "72'", "m": "Borussia Dortmund replaced J-Hoffmann with Bender"}, {"id": "64", "s1": "0", "s2": "0", "s": "", "t": "72'", "m": "Borussia Dortmund's Subotic attempted a right-footed shot from outside the penalty area, but unfortunately the ball went high above the top right corner. It was Bendel who gave him the pass."}, {"id": "63", "s1": "0", "s2": "0", "s": "", "t": "66'", "m": "Borussia Dortmund's Hummels attempted a header in the centre of the penalty area, but unfortunately the ball was slightly off the left goal. It was Reus who gave him the pass."}, {"id": "62", "s1": "0", "s2": "0", "s": "", "t": "66'", "m": "Venter handled the ball out of the bottom line and Borussia Dortmund won the corner."}, {"id": "61", "s1": "0", "s2": "0", "s": "", "t": "65'", "m": "Dortmund player Reus scrambled for a foul and the opponent was given possession."}, {"id": "60", "s1": "0", "s2": "0", "s": "", "t": "65'", "m": "Hermann won a free kick for Borussia Moncheng."}, {"id": "59", "s1": "0", "s2": "0", "s": "", "t": "65'", "m": "Stranzl handled the ball out of the bottom line and Borussia Dortmund won a corner kick."}, {"id": "58", "s1": "0", "s2": "0", "s": "", "t": "63'", "m": "Dortmund player Shaheen scrambled for a foul and the opponent gained possession."}, {"id": "57", "s1": "0", "s2": "0", "s": "", "t": "63'", "m": "Norte West won a free kick for Borussia Moncheng."}, {"id": "56", "s1": "0", "s2": "0", "s": "", "t": "62'", "m": "Borussia Dortmund player Pierre-Emerick Aubameyang's right-footed shot from the centre of the penalty area hit the post crossbar. It was Lewandowski who gave him the pass."}, {"id": "55", "s1": "0", "s2": "0", "s": "", "t": "62'", "m": "Ter Stegen handled the ball out of the bottom line and Borussia Dortmund won a corner kick."}, {"id": "54", "s1": "0", "s2": "0", "s": "", "t": "62'", "m": "Shot!!! Borussia Dortmund player Reuss fired a right-footed shot from a wide distance on the left and was saved by the opposing goalkeeper."}, {"id": "53", "s1": "0", "s2": "0", "s": "", "t": "61'", "m": "Lewandowski won a free kick for Borussia Dortmund on the left."}, {"id": "52", "s1": "0", "s2": "0", "s": "", "t": "61'", "m": "Borussia Moncheng's Norte West scrambled fouls and the opponent gained possession."}, {"id": "51", "s1": "0", "s2": "0", "s": "", "t": "60'", "m": "Borussia Moncheng's Wente attempted a right-footed shot from the centre of the penalty area, but unfortunately the ball was slightly offside the right goal. It was Kreuzer who gave him the pass."}, {"id": "50", "s1": "0", "s2": "0", "s": "", "t": "59'", "m": "Stranzl handled the ball out of the bottom line and Borussia Dortmund won a corner kick."}, {"id": "49", "s1": "0", "s2": "0", "s": "", "t": "58'", "m": "Venter handled the ball out of the bottom line and Borussia Dortmund won the corner."}, {"id": "48", "s1": "0", "s2": "0", "s": "", "t": "56'", "m": "The suspension ended and the players resumed playing."}, {"id": "47", "s1": "0", "s2": "0", "s": "", "t": "56'", "m": "Borussia Moncheng made substitutions, Brauvez went on, Dominguez went off with an injury."}, {"id": "46", "s1": "0", "s2": "0", "s": "", "t": "54'", "m": "Borussia Mönchengis fell to the ground injured and the game was suspended"}, {"id": "45", "s1": "0", "s2": "0", "s": "", "t": "54'", "m": "Lewandowski won a free kick for Borussia Dortmund."}, {"id": "44", "s1": "0", "s2": "0", "s": "", "t": "54'", "m": "Borussia Borussia Borussia Mönchengy fought for a foul and the opponent was given possession of the ball."}, {"id": "43", "s1": "0", "s2": "0", "s": "", "t": "51'", "m": "Borussia Dortmund's shaheen shot from outside the penalty area was blocked by a defender. The pass to him was Gros Kreuz."}, {"id": "42", "s1": "0", "s2": "0", "s": "", "t": "49'", "m": "Shot!!! Borussia Borussia Mönchengladsch's header from the centre of the penalty area was saved by the opposing goalkeeper. It was Winter who gave him the pass."}, {"id": "41", "s1": "0", "s2": "0", "s": "", "t": "48'", "m": "Hummels handled the ball out of the bottom line and Borussia Moncheng won a corner kick."}, {"id": "40", "s1": "0", "s2": "0", "s": "", "t": "48'", "m": "Borussia Mönchenghe's left-footed shot from the left side of the penalty area was blocked by a defender. It was Winter who gave him the pass."}, {"id": "39", "s1": "0", "s2": "0", "s": "", "t": "48'", "m": "Shot!!! Dortmund player Lewandowski's right-footed shot from outside the penalty area was saved by the opposing goalkeeper."}, {"id": "38", "s1": "0", "s2": "0", "s": "", "t": "", "m": "The second half began with Borussia Moncheng 0-0 Borussia Dortmund"}, {"id": "37", "s1": "0", "s2": "0", "s": "", "t": "45'+1'", "m": "At the end of the first half, Borussia Borussia Borussia Borussia Dortmund, take a break and we'll take a look at the performance of the two teams in the second half."}, {"id": "36", "s1": "0", "s2": "0", "s": "", "t": "45'", "m": "Dortmund player Lewandowski tried his header in the centre of the penalty area, but unfortunately the ball was slightly offside the left goal. It was Reus who gave him the pass."}, {"id": "35", "s1": "0", "s2": "0", "s": "", "t": "44'", "m": "Venter handled the ball out of the bottom line and Borussia Dortmund won the corner."}, {"id": "34", "s1": "0", "s2": "0", "s": "", "t": "43'", "m": "Borussia Dortmund's Mkhitaryan kicked the ball straight to Lewandowski, but the referee raised a flag to show that the latter was offside."}, {"id": "33", "s1": "0", "s2": "0", "s": "", "t": "42'", "m": "Dortmund player Lewandowski's right-footed shot from outside the penalty area was blocked by a defender. It was Shaheen who gave him the ball."}, {"id": "32", "s1": "0", "s2": "0", "s": "", "t": "40'", "m": "Shot!!! Borussia Dortmund player Shaheen's left-footed shot from outside the penalty area was saved by the opposing goalkeeper. It was Mkhitaryan who gave him the ball."}, {"id": "31", "s1": "0", "s2": "0", "s": "", "t": "38'", "m": "Stranzl handled the ball out of the bottom line and Borussia Dortmund won a corner kick."}, {"id": "30", "s1": "0", "s2": "0", "s": "", "t": "37'", "m": "Bender won a free kick for Borussia Dortmund on the right."}, {"id": "29", "s1": "0", "s2": "0", "s": "", "t": "37'", "m": "Borussia Moncheng's Xhaka scrambled for fouls and his opponents were given possession of the ball."}, {"id": "28", "s1": "0", "s2": "0", "s": "", "t": "36'", "m": "Borussia Dortmund player Groskroytz was shown a yellow card by the referee."}, {"id": "27", "s1": "0", "s2": "0", "s": "", "t": "33'", "m": "Borussia Dortmund player Reuss tried his right-footed shot in the centre of the penalty area, but unfortunately the ball was slightly offside the left goal. It was Hummels who gave him the pass."}, {"id": "26", "s1": "0", "s2": "0", "s": "", "t": "32'", "m": "Borussia Dortmund's Mkhitaryan attempted a right-footed shot from outside the penalty area, but the ball was deflected slightly off the left goal. It was Shaheen who gave him the ball."}, {"id": "25", "s1": "0", "s2": "0", "s": "", "t": "29'", "m": "Borussia Dortmund player Aubameyang tried his left-footed shot from a small angle on the left side of the goal, but unfortunately the ball was slightly offside the right goal. It was Reus who gave him the pass."}, {"id": "24", "s1": "0", "s2": "0", "s": "", "t": "26'", "m": "Shot!!! Dortmund player Gros Kreuz's left-footed shot from the right side of the penalty area was saved by the opposing goalkeeper. It was Mkhitaryan who gave him the ball."}, {"id": "23", "s1": "0", "s2": "0", "s": "", "t": "23'", "m": "Shot!!! Borussia Dortmund player Groskroyts fired a right-footed shot from outside the penalty area that was saved by the opposing goalkeeper. It was Reus who gave him the pass."}, {"id": "22", "s1": "0", "s2": "0", "s": "", "t": "21'", "m": "Durm won a free kick for Borussia Dortmund."}, {"id": "21", "s1": "0", "s2": "0", "s": "", "t": "21'", "m": "Borussia Moncheng's Hermann scrambled for a foul and the opponent gained possession of the ball."}, {"id": "20", "s1": "0", "s2": "0", "s": "", "t": "19'", "m": "Borussia Dortmund's shaheen shot from outside the penalty area was blocked by a defender."}, {"id": "19", "s1": "0", "s2": "0", "s": "", "t": "16'", "m": "Shot!!! Dortmund player Hummels' right-footed shot from the centre of the penalty area was saved by the opposing goalkeeper."}, {"id": "18", "s1": "0", "s2": "0", "s": "", "t": "16'", "m": "Shot!!! Borussia Dortmund's right-footed shot from outside the penalty area was saved by the opposing goalkeeper."}, {"id": "17", "s1": "0", "s2": "0", "s": "", "t": "16'", "m": "Borussia Dortmund player Bender's right-footed shot from the centre of the penalty area was blocked by a defender."}, {"id": "16", "s1": "0", "s2": "0", "s": "", "t": "16'", "m": "Dortmund player Lewandowski's right-footed shot from the centre of the penalty area was blocked by a defender."}, {"id": "15", "s1": "0", "s2": "0", "s": "", "t": "16'", "m": "Xhaka handled the ball off the line and Borussia Dortmund won the corner."}, {"id": "14", "s1": "0", "s2": "0", "s": "", "t": "13'", "m": "Borussia Dortmund's Shaheen attempted a left-footed shot from outside the penalty area, but unfortunately the ball was high above the top right corner."}, {"id": "13", "s1": "0", "s2": "0", "s": "", "t": "12'", "m": "Lewandowski won a free kick for Borussia Dortmund at the opposing half."}, {"id": "12", "s1": "0", "s2": "0", "s": "", "t": "12'", "m": "Borussia Moncheng's Xhaka scrambled for fouls and his opponents were given possession of the ball."}, {"id": "11", "s1": "0", "s2": "0", "s": "", "t": "11'", "m": "Dortmund player Lewandowski scrambled for a foul and the opponent was given possession of the ball."}, {"id": "10", "s1": "0", "s2": "0", "s": "", "t": "11'", "m": "Venter won a free kick for Borussia Moncheng."}, {"id": "9", "s1": "0", "s2": "0", "s": "", "t": "10'", "m": "Borussia Dortmund's shaheen shot from outside the penalty area was blocked by a defender.给他传球的是姆希塔良."}, {"id": "8", "s1": "0", "s2": "0", "s": "", "t": "9'", "m": "Dortmund player Lewandowski was fouled for handball and the opponent was given the ball."}, {"id": "7", "s1": "0", "s2": "0", "s": "", "t": "8'", "m": "Dortmund player Lewandowski scrambled for a foul and the opponent was given possession of the ball."}, {"id": "6", "s1": "0", "s2": "0", "s": "", "t": "8'", "m": "Stranzl won a free kick for Borussia Moncheng."}, {"id": "5", "s1": "0", "s2": "0", "s": "", "t": "6'", "m": "Dortmund player Aubameyang's right-footed shot from the right side of the penalty area was blocked by a defender. It was Shaheen who gave him the ball."}, {"id": "4", "s1": "0", "s2": "0", "s": "", "t": "6'", "m": "Ter Stegen handled the ball out of the bottom line and Borussia Dortmund won a corner kick."}, {"id": "3", "s1": "0", "s2": "0", "s": "", "t": "5'", "m": "Borussia Dortmund player Reuss attempted a right-footed shot from the left side of the penalty area, but unfortunately the ball was high above the top right corner."}, {"id": "2", "s1": "0", "s2": "0", "s": "", "t": "4'", "m": "Borussia Monchengo's Alango attempted a left-footed shot from outside the penalty area, but unfortunately the ball deflected slightly off the left goal."}, {"id": "1", "s1": "0", "s2": "0", "s": "", "t": "", "m": "With a whistle from the referee, the first half of the game began."}]