[{"id": "127", "s1": "2", "s2": "1", "s": "", "t": "", "m": "The match ended with Bayern Munich 2-1 Bayer Leverkusen, thank you for watching Sina Football Live."}, {"id": "126", "s1": "2", "s2": "1", "s": "", "t": "90'+2'", "m": "At the end of the second half, Bayern Munich 2-1 Bayer Leverkusen"}, {"id": "125", "s1": "2", "s2": "1", "s": "", "t": "90'+1'", "m": "Goal!!! Bayer Leverkusen player Kisling's header from the left side of the penalty area flew into the net from the bottom right corner and the ball went in! Assisted by Hilbert. Bayern Munich 2-1 Bayer Leverkusen."}, {"id": "124", "s1": "2", "s2": "0", "s": "", "t": "90'", "m": "Thiago handled the ball out of the bottom line and Bayer Leverkusen won a corner kick."}, {"id": "123", "s1": "2", "s2": "0", "s": "", "t": "90'", "m": "Bayer Leverkusen's Bernishch right-footed shot from outside the penalty area was blocked by a defender. It was Sam who gave him the pass."}, {"id": "122", "s1": "2", "s2": "0", "s": "", "t": "88'", "m": "Bayer Leverkusen player Leno kicked the ball straight into Kieslin, but the referee raised a flag to show that the latter was offside."}, {"id": "121", "s1": "2", "s2": "0", "s": "", "t": "87'", "m": "Bayern Munich player Müller kicked the ball straight into Shaqiri, but the referee raised a flag to show that the latter was offside."}, {"id": "120", "s1": "2", "s2": "0", "s": "", "t": "87'", "m": "Shot!!! Bayern Munich player Müller's right-footed shot from the centre of the penalty area was saved by the opposing goalkeeper."}, {"id": "119", "s1": "2", "s2": "0", "s": "", "t": "87'", "m": "Shot!!! Bayern Munich player Ribery's right-footed shot from outside the penalty area was saved by the opposing goalkeeper. It was Shaqiri who gave him the pass."}, {"id": "118", "s1": "2", "s2": "0", "s": "", "t": "86'", "m": "Yellow! Bayer Leverkusen player Russ Bend was shown a yellow card by the referee for a malicious foul."}, {"id": "117", "s1": "2", "s2": "0", "s": "", "t": "86'", "m": "Ribery won a free kick for Bayern Munich at the opposing half."}, {"id": "116", "s1": "2", "s2": "0", "s": "", "t": "86'", "m": "Bayer Leverkusen player Ras Bender scrambled for a foul and his opponent was given possession."}, {"id": "115", "s1": "2", "s2": "0", "s": "", "t": "86'", "m": "Boateng handled the ball out of the bottom line and Bayer Leverkusen won the corner."}, {"id": "114", "s1": "2", "s2": "0", "s": "", "t": "85'", "m": "Bayern Munich made a substitution and Thiago replaced Kroos"}, {"id": "113", "s1": "2", "s2": "0", "s": "", "t": "85'", "m": "Bayern Munich player Kroos scrambled for a foul and the opponent was given possession."}, {"id": "112", "s1": "2", "s2": "0", "s": "", "t": "85'", "m": "Sam won a free kick for Bayer Leverkusen."}, {"id": "111", "s1": "2", "s2": "0", "s": "", "t": "83'", "m": "Bayern Munich player Götze's right-footed shot from the left side of the penalty area was blocked by a defender."}, {"id": "110", "s1": "2", "s2": "0", "s": "", "t": "82'", "m": "Rolfez handled the ball out of the line and Bayern Munich won a corner kick."}, {"id": "109", "s1": "2", "s2": "0", "s": "", "t": "82'", "m": "Bayern Munich player Shaqiri's left-footed shot from outside the penalty area was blocked by a defender."}, {"id": "108", "s1": "2", "s2": "0", "s": "", "t": "81'", "m": "Yellow! Bayer Leverkusen player Spašić was shown a yellow card by the referee for a malicious foul."}, {"id": "107", "s1": "2", "s2": "0", "s": "", "t": "81'", "m": "Rafinha won a free kick for Bayern Munich at the opposing half."}, {"id": "106", "s1": "2", "s2": "0", "s": "", "t": "81'", "m": "Bayer Leverkusen player Spašić scrambled for a foul and the opponent gained possession of the ball."}, {"id": "105", "s1": "2", "s2": "0", "s": "", "t": "80'", "m": "Bayer Leverkusen made a substitution, with Deldiyuk replacing Emre Can"}, {"id": "104", "s1": "2", "s2": "0", "s": "", "t": "79'", "m": "Bayer Leverkusen player Rollfez kicked the ball straight into Castro, but the referee raised a flag to show that the latter was offside."}, {"id": "103", "s1": "2", "s2": "0", "s": "", "t": "78'", "m": "Yellow! Bayern Munich player Rafinha was shown a yellow card by the referee for a malicious foul."}, {"id": "102", "s1": "2", "s2": "0", "s": "", "t": "78'", "m": "Bayern Munich player Rafinha scrambled for a foul and his opponent was given possession."}, {"id": "101", "s1": "2", "s2": "0", "s": "", "t": "78'", "m": "Emre Jenn won a free kick for Bayer Leverkusen at the opposing half."}, {"id": "100", "s1": "2", "s2": "0", "s": "", "t": "77'", "m": "Bayern Munich player Shaqiri scrambled for a foul and his opponent gained possession of the ball."}, {"id": "99", "s1": "2", "s2": "0", "s": "", "t": "77'", "m": "Hilbert won a free kick for Bayer Leverkusen in the opposing half."}, {"id": "98", "s1": "2", "s2": "0", "s": "", "t": "76'", "m": "Bayern Munich player Shaqiri scrambled for a foul and his opponent gained possession of the ball."}, {"id": "97", "s1": "2", "s2": "0", "s": "", "t": "76'", "m": "Emre Jen won a free kick for Bayer Leverkusen on the right."}, {"id": "96", "s1": "2", "s2": "0", "s": "", "t": "75'", "m": "Bayern Munich made a substitution and Shaqiri replaced Mandzukiczi"}, {"id": "95", "s1": "2", "s2": "0", "s": "", "t": "74'", "m": "Rafinha won a free kick for Bayern Munich."}, {"id": "94", "s1": "2", "s2": "0", "s": "", "t": "74'", "m": "Bayer Leverkusen player Emre Jen scrambled for a foul and the opponent was given possession of the ball."}, {"id": "93", "s1": "2", "s2": "0", "s": "", "t": "72'", "m": "Van Bitten won a free kick for Bayern Munich."}, {"id": "92", "s1": "2", "s2": "0", "s": "", "t": "72'", "m": "Bayer Leverkusen player Kisling scrambled for a foul and the opponent was given possession of the ball."}, {"id": "91", "s1": "2", "s2": "0", "s": "", "t": "71'", "m": "Mandzukiczi won a free kick for Bayern Munich on the right flank."}, {"id": "90", "s1": "2", "s2": "0", "s": "", "t": "71'", "m": "Bayer Leverkusen player Bernie scrambled for a foul and the opponent gained possession of the ball."}, {"id": "89", "s1": "2", "s2": "0", "s": "", "t": "71'", "m": "Leno handled the ball out of the bottom line and Bayern Munich won a corner kick."}, {"id": "88", "s1": "2", "s2": "0", "s": "", "t": "71'", "m": "Shot!!! Bayern Munich player Kroos' right-footed shot from outside the penalty area was saved by the opposing goalkeeper. It was Ribery who gave him the ball."}, {"id": "87", "s1": "2", "s2": "0", "s": "", "t": "70'", "m": "Bayern Munich player Contento's right-footed shot from the centre of the penalty area was blocked by a defender. It was Götze who gave him the ball."}, {"id": "86", "s1": "2", "s2": "0", "s": "", "t": "70'", "m": "Walscheid handled the ball off the line and Bayern Munich won a corner."}, {"id": "85", "s1": "2", "s2": "0", "s": "", "t": "70'", "m": "Bayer Leverkusen player Bernish slammed the ball straight into Kislin but the referee raised a flag to show the latter was offside."}, {"id": "84", "s1": "2", "s2": "0", "s": "", "t": "69'", "m": "Bayern Munich player Kroos scrambled for a foul and the opponent was given possession."}, {"id": "83", "s1": "2", "s2": "0", "s": "", "t": "69'", "m": "Rolfez won a free kick for Bayer Leverkusen."}, {"id": "82", "s1": "2", "s2": "0", "s": "", "t": "68'", "m": "Bayern Munich player Contento attempted a left-footed shot from the left side of the penalty area, but unfortunately the ball was slightly offside the left goal."}, {"id": "81", "s1": "2", "s2": "0", "s": "", "t": "68'", "m": "Walscheid handled the ball off the line and Bayern Munich won a corner."}, {"id": "80", "s1": "2", "s2": "0", "s": "", "t": "66'", "m": "Bayer Leverkusen replaced Sam with Sun Xingmin"}, {"id": "79", "s1": "2", "s2": "0", "s": "", "t": "66'", "m": "Bayern Munich made a substitution and Ribery replaced Robben"}, {"id": "78", "s1": "2", "s2": "0", "s": "", "t": "65'", "m": "Contento won a free kick for Bayern Munich on the left side."}, {"id": "77", "s1": "2", "s2": "0", "s": "", "t": "65'", "m": "Bayer Leverkusen player Ras Bender scrambled for a foul and his opponent was given possession."}, {"id": "76", "s1": "2", "s2": "0", "s": "", "t": "65'", "m": "Bayern Munich player Mandzukizi's right-footed shot from the left side of the penalty area was blocked by a defender. It was Götze who gave him the ball."}, {"id": "75", "s1": "2", "s2": "0", "s": "", "t": "61'", "m": "Bayern Munich player Mandzukizi's right-footed shot from the centre of the penalty area was blocked by a defender. It was Schweinsteiger who passed the ball."}, {"id": "74", "s1": "2", "s2": "0", "s": "", "t": "61'", "m": "Mandzukiczi won a free kick for Bayern Munich on the right flank."}, {"id": "73", "s1": "2", "s2": "0", "s": "", "t": "61'", "m": "Bayer Leverkusen player Emre Jen scrambled for a foul and the opponent was given possession of the ball."}, {"id": "72", "s1": "2", "s2": "0", "s": "", "t": "59'", "m": "Robben won a free kick for Bayern Munich on the right."}, {"id": "71", "s1": "2", "s2": "0", "s": "", "t": "59'", "m": "Bayer Leverkusen player Emre Jen scrambled for a foul and the opponent was given possession of the ball."}, {"id": "70", "s1": "2", "s2": "0", "s": "", "t": "57'", "m": "Yellow! Bayer Leverkusen player Castro was shown a yellow card by the referee for a malicious foul."}, {"id": "69", "s1": "2", "s2": "0", "s": "", "t": "57'", "m": "Contento won a free kick for Bayern Munich on the left side."}, {"id": "68", "s1": "2", "s2": "0", "s": "", "t": "57'", "m": "Bayer Leverkusen player Castro scrambled for a foul and the opponent gained possession of the ball."}, {"id": "67", "s1": "2", "s2": "0", "s": "", "t": "56'", "m": "Shot!!! Bayern Munich player Mandzukizi's header from the left side of the penalty area was saved by the opposing goalkeeper. It was Kroos who gave him the ball."}, {"id": "66", "s1": "2", "s2": "0", "s": "", "t": "55'", "m": "Bayern Munich player Schweinsteiger attempted a right-footed shot from outside the penalty area, but unfortunately the ball went high above goal."}, {"id": "65", "s1": "2", "s2": "0", "s": "", "t": "55'", "m": "Walscheid handled the ball off the line and Bayern Munich won a corner."}, {"id": "64", "s1": "2", "s2": "0", "s": "", "t": "54'", "m": "Bernish handled the ball out of the bottom line and Bayern Munich won a corner kick."}, {"id": "63", "s1": "2", "s2": "0", "s": "", "t": "54'", "m": "Bayern Munich player Götze's right-footed shot from the right side of the penalty area was blocked by a defender. It was Kroos who gave him the ball."}, {"id": "62", "s1": "2", "s2": "0", "s": "", "t": "53'", "m": "Bayer Leverkusen player Rollfez attempted a left-footed shot from the left side of the penalty area, but unfortunately the ball deflected off the goal."}, {"id": "61", "s1": "2", "s2": "0", "s": "", "t": "53'", "m": "Van Beatten handled the ball out of the bottom line and Bayer Leverkusen won the corner."}, {"id": "60", "s1": "2", "s2": "0", "s": "", "t": "52'", "m": "Goal!!! Bayern Munich player Schweinsteiger fired a right-footed shot that flew from the top left corner into the goal and the ball went in! Bayern Munich 2-0 Bayer Leverkusen."}, {"id": "59", "s1": "1", "s2": "0", "s": "", "t": "50'", "m": "Contento won a free kick for Bayern Munich at the opposing half."}, {"id": "58", "s1": "1", "s2": "0", "s": "", "t": "50'", "m": "Bayer Leverkusen player Hilbert scrambled for a foul and the opponent was given possession of the ball."}, {"id": "57", "s1": "1", "s2": "0", "s": "", "t": "47'", "m": "Bayern Munich player Kroos scrambled for a foul and the opponent was given possession."}, {"id": "56", "s1": "1", "s2": "0", "s": "", "t": "47'", "m": "Emre Jenn won a free kick for Bayer Leverkusen."}, {"id": "55", "s1": "1", "s2": "0", "s": "", "t": "46'", "m": "Boateng won a free kick for Bayern Munich."}, {"id": "54", "s1": "1", "s2": "0", "s": "", "t": "46'", "m": "Bayer Leverkusen player Ras Bender scrambled for a foul and his opponent was given possession."}, {"id": "53", "s1": "1", "s2": "0", "s": "", "t": "", "m": "The second half began with Bayern Munich 1-0 Bayer Leverkusen"}, {"id": "52", "s1": "1", "s2": "0", "s": "", "t": "45'+1'", "m": "At the end of the first half, Bayern Munich 1-0 Bayer Leverkusen, with a short break, we will take a look at the performance of the two teams in the second half."}, {"id": "51", "s1": "1", "s2": "0", "s": "", "t": "45'", "m": "Schweinsterge won a free kick for Bayern Munich."}, {"id": "50", "s1": "1", "s2": "0", "s": "", "t": "45'", "m": "Bayer Leverkusen player Castro scrambled for a foul and the opponent gained possession of the ball."}, {"id": "49", "s1": "1", "s2": "0", "s": "", "t": "44'", "m": "Goal!!! Bayern Munich player Mandzukic's header from the centre of the penalty area, the ball flew from the bottom left corner into the goal and the ball went in! The assist was Schweinsteg. Bayern Munich 1-0 Bayer Leverkusen."}, {"id": "48", "s1": "0", "s2": "0", "s": "", "t": "41'", "m": "Neuer handled the ball out of the line and Bayer Leverkusen won a corner kick."}, {"id": "47", "s1": "0", "s2": "0", "s": "", "t": "39'", "m": "Bayern Munich player Müller attempted a right-footed shot from outside the penalty area, but unfortunately the ball was slightly offside the right-hand goal. It was Boateng who gave him the pass."}, {"id": "46", "s1": "0", "s2": "0", "s": "", "t": "37'", "m": "Castro handled the ball out of the bottom line and Bayern Munich won the corner."}, {"id": "45", "s1": "0", "s2": "0", "s": "", "t": "36'", "m": "Rafinha won a free kick for Bayern Munich at the opposing half."}, {"id": "44", "s1": "0", "s2": "0", "s": "", "t": "36'", "m": "Bayer Leverkusen player Sun Heung-min scrambled for a foul and the opponent was given possession of the ball."}, {"id": "43", "s1": "0", "s2": "0", "s": "", "t": "35'", "m": "Boateng handled the ball out of the bottom line and Bayer Leverkusen won the corner."}, {"id": "42", "s1": "0", "s2": "0", "s": "", "t": "34'", "m": "Contento won a free kick for Bayern Munich on the left side."}, {"id": "41", "s1": "0", "s2": "0", "s": "", "t": "34'", "m": "Bayer Leverkusen player Hilbert scrambled for a foul and the opponent was given possession of the ball."}, {"id": "40", "s1": "0", "s2": "0", "s": "", "t": "30'", "m": "Shot!!! Bayer Leverkusen player Kislin's header from the centre of the penalty area was saved by the opposing goalkeeper. It was Castro who gave him the pass."}, {"id": "39", "s1": "0", "s2": "0", "s": "", "t": "29'", "m": "Neuer handled the ball out of the line and Bayer Leverkusen won a corner kick."}, {"id": "38", "s1": "0", "s2": "0", "s": "", "t": "29'", "m": "Shot!!! Bayer Leverkusen's left-footed shot from outside the penalty area was saved by the opposing goalkeeper."}, {"id": "37", "s1": "0", "s2": "0", "s": "", "t": "28'", "m": "Yellow! Bayern Munich player Contento was shown a yellow card by the referee for a malicious foul."}, {"id": "36", "s1": "0", "s2": "0", "s": "", "t": "28'", "m": "Bayern Munich player Contento scrambled for a foul and his opponent was given possession of the ball."}, {"id": "35", "s1": "0", "s2": "0", "s": "", "t": "28'", "m": "Hilbert won a free kick for Bayer Leverkusen on the right."}, {"id": "34", "s1": "0", "s2": "0", "s": "", "t": "28'", "m": "Bayern Munich player Van Birten scrambled for a foul and the opponent was given possession of the ball."}, {"id": "33", "s1": "0", "s2": "0", "s": "", "t": "28'", "m": "Kisling won a free kick for Bayer Leverkusen."}, {"id": "32", "s1": "0", "s2": "0", "s": "", "t": "24'", "m": "Bayern Munich player Kroos kicked the ball straight into Mandzukizi but the referee raised a flag to show the latter was offside."}, {"id": "31", "s1": "0", "s2": "0", "s": "", "t": "24'", "m": "Bayern Munich player Kroos' left-footed shot from outside the penalty area was blocked by a defender."}, {"id": "30", "s1": "0", "s2": "0", "s": "", "t": "22'", "m": "Boateng won a free kick for Bayern Munich on the left."}, {"id": "29", "s1": "0", "s2": "0", "s": "", "t": "22'", "m": "Bayer Leverkusen player Kisling scrambled for a foul and the opponent was given possession of the ball."}, {"id": "28", "s1": "0", "s2": "0", "s": "", "t": "20'", "m": "Bayern Munich player Müller tried a left-footed shot from outside the penalty area, but unfortunately the ball went high above goal."}, {"id": "27", "s1": "0", "s2": "0", "s": "", "t": "20'", "m": "Shot!!! Bayern Munich player Mandzukiczi's header from the centre of the penalty area was saved by the opposing goalkeeper. It was Rafinha who gave him the pass."}, {"id": "26", "s1": "0", "s2": "0", "s": "", "t": "19'", "m": "Bayern Munich player Kroos scrambled for a foul and the opponent was given possession."}, {"id": "25", "s1": "0", "s2": "0", "s": "", "t": "19'", "m": "Kisling won a free kick for Bayer Leverkusen."}, {"id": "24", "s1": "0", "s2": "0", "s": "", "t": "18'", "m": "Bayer Leverkusen's Emre Jen kicked the ball straight into Kisling but the referee raised a flag to show the latter was offside."}, {"id": "23", "s1": "0", "s2": "0", "s": "", "t": "17'", "m": "Van Bitten won a free kick for Bayern Munich."}, {"id": "22", "s1": "0", "s2": "0", "s": "", "t": "17'", "m": "Bayer Leverkusen player Kisling scrambled for a foul and the opponent was given possession of the ball."}, {"id": "21", "s1": "0", "s2": "0", "s": "", "t": "15'", "m": "Bernish handled the ball out of the bottom line and Bayern Munich won a corner kick."}, {"id": "20", "s1": "0", "s2": "0", "s": "", "t": "14'", "m": "Bayer Leverkusen's Rass Bend tucked the ball straight into Kisling, but the referee raised a flag to show the latter was offside."}, {"id": "19", "s1": "0", "s2": "0", "s": "", "t": "13'", "m": "Bayern Munich player Kroos scrambled for a foul and the opponent was given possession."}, {"id": "18", "s1": "0", "s2": "0", "s": "", "t": "13'", "m": "Castro won a free kick for Bayer Leverkusen."}, {"id": "17", "s1": "0", "s2": "0", "s": "", "t": "12'", "m": "Kroos won a free kick for Bayern Munich at the opposing half."}, {"id": "16", "s1": "0", "s2": "0", "s": "", "t": "12'", "m": "Bayer Leverkusen player Kisling scrambled for a foul and the opponent was given possession of the ball."}, {"id": "15", "s1": "0", "s2": "0", "s": "", "t": "11'", "m": "Bayer Leverkusen player Son Heung-min attempted a right-footed shot from the centre of the penalty area, but unfortunately the ball was slightly offside the left goal. It was Kislin who gave him the ball."}, {"id": "14", "s1": "0", "s2": "0", "s": "", "t": "9'", "m": "Rafinha won a free kick for Bayern Munich."}, {"id": "13", "s1": "0", "s2": "0", "s": "", "t": "9'", "m": "Bayer Leverkusen player Kisling scrambled for a foul and the opponent was given possession of the ball."}, {"id": "12", "s1": "0", "s2": "0", "s": "", "t": "9'", "m": "Bayern Munich player Boateng scrambled for a foul and his opponent gained possession of the ball."}, {"id": "11", "s1": "0", "s2": "0", "s": "", "t": "9'", "m": "Hilbert won a free kick for Bayer Leverkusen."}, {"id": "10", "s1": "0", "s2": "0", "s": "", "t": "8'", "m": "Emre Jen handled the ball out of the box and Bayern Munich won a corner kick."}, {"id": "9", "s1": "0", "s2": "0", "s": "", "t": "8'", "m": "Shot!!! Bayern Munich player Arjen Robben's left-footed shot from the right side of the penalty area was saved by the opposing goalkeeper. It was Rafinha who gave him the pass."}, {"id": "8", "s1": "0", "s2": "0", "s": "", "t": "7'", "m": "Spasic handled the ball out of the line and Bayern Munich won a corner kick."}, {"id": "7", "s1": "0", "s2": "0", "s": "", "t": "6'", "m": "Bayern Munich player Schweinsteiger attempted a left-footed shot from outside the penalty area, but unfortunately the ball went high above goal. It was Robben who gave him the ball."}, {"id": "6", "s1": "0", "s2": "0", "s": "", "t": "3'", "m": "Bayern Munich player Kroos' right-footed shot from outside the penalty area was blocked by a defender. It was Van Bitten who gave him the pass."}, {"id": "5", "s1": "0", "s2": "0", "s": "", "t": "2'", "m": "Son Heung-min handled the ball out of the bottom line and Bayern Munich won a corner kick."}, {"id": "4", "s1": "0", "s2": "0", "s": "", "t": "2'", "m": "Ras-Bend handled the ball out of the line and Bayern Munich won a corner."}, {"id": "3", "s1": "0", "s2": "0", "s": "", "t": "2'", "m": "Bayern Munich player Götze's right-footed shot from the centre of the penalty area was blocked by a defender."}, {"id": "2", "s1": "0", "s2": "0", "s": "", "t": "2'", "m": "Bayern Munich player Götze's right-footed shot from outside the penalty area was blocked by a defender. It was Mandzukizi who gave him the ball."}, {"id": "1", "s1": "0", "s2": "0", "s": "", "t": "", "m": "With a whistle from the referee, the first half of the game began."}]