[{"id": "3630812", "s1": "1", "s2": "1", "s": "Finish", "t": "", "m": "Today's game will explain this to you, welcome you to continue to pay attention to the other wonderful event live programs sent to you by Sina Sports, thank you!"}, {"id": "3630809", "s1": "", "s2": "", "s": "", "t": "", "m": "", "lnk": {"title": "【德甲第4轮 弗赖堡 1-1 拜仁慕尼黑】拜仁最后时刻丢球，让联赛四连胜从手中溜走，瓜帅为保欧洲超级杯而进行的阵容轮换，最终收获了自己在德甲赛场上的第一场平局。拜仁的防守问题再次出现失误，新赛季的拜仁在防守这端到底是怎么了？", "href": "http://weibo.com/1653472751/A6KKpthQg", "type": "news", "extra": []}}, {"id": "3630792", "s1": "1", "s2": "1", "s": "Finish", "t": "", "m": "Freiburg's three substitutions also paid off, and it was Heffler who helped the team equalize in the final moments"}, {"id": "3630790", "s1": "1", "s2": "1", "s": "Finish", "t": "", "m": "In the second half, both teams were dispatched, but Bayern wanted to stabilize the situation"}, {"id": "3630787", "s1": "1", "s2": "1", "s": "Finish", "t": "", "m": "Bayern's four-game winning streak was also shattered in the last minute"}, {"id": "3630783", "s1": "1", "s2": "1", "s": "Finish", "t": "", "m": "In the end, Freiburg stubbornly drew 1-1 at home with Bayern"}, {"id": "3630782", "s1": "1", "s2": "1", "s": "Finish", "t": "", "m": "The whole game is over!"}, {"id": "3630780", "s1": "1", "s2": "1", "s": "Next", "t": "49'", "m": "Bayern started at the back and Freiburg took the first point"}, {"id": "3630778", "s1": "1", "s2": "1", "s": "Next", "t": "48'", "m": "Hank received the ball in front of him and was offside"}, {"id": "3630774", "s1": "1", "s2": "1", "s": "Next", "t": "48'", "m": "Ribery broke through with the ball on the left and didn't pass"}, {"id": "3630773", "s1": "1", "s2": "1", "s": "Next", "t": "48'", "m": "Teammates were doing the ball, and as a result, Ribery had a close contact with the referee when he picked up again"}, {"id": "3630772", "s1": "1", "s2": "1", "s": "Next", "t": "47'", "m": "Ribery scored from the top of the arc of the penalty area"}, {"id": "3630766", "s1": "1", "s2": "1", "s": "Next", "t": "46'", "m": "Freiburg's just goal was an assisted pass from Freis"}, {"id": "3630763", "s1": "1", "s2": "1", "s": "Next", "t": "46'", "m": "3 minutes of second-half stoppage time!"}, {"id": "3630761", "s1": "1", "s2": "1", "s": "Next", "t": "46'", "m": "Ram's long-range shot from the top of the arc of the penalty area was also blocked by the opposing defender"}, {"id": "3630760", "s1": "1", "s2": "1", "s": "Next", "t": "45'", "m": "Bayern are still making their final comeback"}, {"id": "3630757", "s1": "1", "s2": "1", "s": "Next", "t": "45'", "m": "The regular time has reached 89 minutes"}, {"id": "3630755", "s1": "1", "s2": "1", "s": "Next", "t": "44'", "m": "Dante also did not seize the opportunity"}, {"id": "3630754", "s1": "1", "s2": "1", "s": "Next", "t": "44'", "m": "Before that, Ram's shot inside the penalty area, the ball came to Dante's feet after bouncing back several times"}, {"id": "3630752", "s1": "1", "s2": "1", "s": "Next", "t": "44'", "m": "Inside the Dante penalty area, the close-range shot was high"}, {"id": "3630749", "s1": "1", "s2": "1", "s": "Next", "t": "43'", "m": "Bayern substitutions, Pizarro down, Mandzukizi on!"}, {"id": "3630746", "s1": "1", "s2": "1", "s": "Next", "t": "43'", "m": "Bayern's four-game winning streak in the league looks like it's going to be gone"}, {"id": "3630745", "s1": "1", "s2": "1", "s": "Next", "t": "42'", "m": "Freiburg sent a straight tuck into the box on the right, his teammate passed the ball to the back post, and Heffler was very comfortable pushing the ball into the net!"}, {"id": "3630741", "s1": "1", "s2": "1", "s": "Next", "t": "41'", "m": "Heffler!!"}, {"id": "3630739", "s1": "1", "s2": "1", "s": "Next", "t": "41'", "m": "Freiburg scored!!!"}, {"id": "3630736", "s1": "0", "s2": "1", "s": "Next", "t": "40'", "m": "Neuer rushed to the midfield to get the ball"}, {"id": "3630735", "s1": "0", "s2": "1", "s": "Next", "t": "40'", "m": "Freiburg backcourt long pass"}, {"id": "3630733", "s1": "0", "s2": "1", "s": "Next", "t": "39'", "m": "Ribery tried to score the ball on the left, but didn't succeed"}, {"id": "3630731", "s1": "0", "s2": "1", "s": "Next", "t": "39'", "m": "Rafinha midfielder took the ball and knocked the ball back to the goalkeeper"}, {"id": "3630728", "s1": "0", "s2": "1", "s": "Next", "t": "39'", "m": "Müller got the ball and there weren't a lot of chances"}, {"id": "3630727", "s1": "0", "s2": "1", "s": "Next", "t": "39'", "m": "Ram took the ball in midfield and gave it to the right"}, {"id": "3630725", "s1": "0", "s2": "1", "s": "Next", "t": "38'", "m": "Ribery didn't see him much after he came on the pitch"}, {"id": "3630724", "s1": "0", "s2": "1", "s": "Next", "t": "38'", "m": "There is not much time left for Freiburg"}, {"id": "3630723", "s1": "0", "s2": "1", "s": "Next", "t": "38'", "m": "After 80 minutes of the match, Bayern still had a 1-0 away lead"}, {"id": "3630720", "s1": "0", "s2": "1", "s": "Next", "t": "37'", "m": "The referee was also a man who bent down to dodge the ball"}, {"id": "3630718", "s1": "0", "s2": "1", "s": "Next", "t": "37'", "m": "The referee was also a man who bent down and snatched the ball over"}, {"id": "3630716", "s1": "0", "s2": "1", "s": "Next", "t": "37'", "m": "The ball happens to be on the referee's trajectory"}, {"id": "3630715", "s1": "0", "s2": "1", "s": "Next", "t": "36'", "m": "A barb in bayern's backline unblocked the sideline"}, {"id": "3630713", "s1": "0", "s2": "1", "s": "Next", "t": "36'", "m": "Bayern also had possession of the ball at the back"}, {"id": "3630711", "s1": "0", "s2": "1", "s": "Next", "t": "35'", "m": "Freiburg was topped by Dante on the right side of the road"}, {"id": "3630707", "s1": "0", "s2": "1", "s": "Next", "t": "35'", "m": "After all, there is still a game against Chelsea at the weekend"}, {"id": "3630706", "s1": "0", "s2": "1", "s": "Next", "t": "34'", "m": "Guardiola also came forward to inquire"}, {"id": "3630703", "s1": "0", "s2": "1", "s": "Next", "t": "34'", "m": "Bayern substitutions, Schweinsteg under, Ribery on!"}, {"id": "3630702", "s1": "0", "s2": "1", "s": "Next", "t": "34'", "m": "Ask for the end"}, {"id": "3630701", "s1": "0", "s2": "1", "s": "Next", "t": "34'", "m": "Schweinsteiger's side seemed unable to hold on"}, {"id": "3630699", "s1": "0", "s2": "1", "s": "Next", "t": "33'", "m": "Freiburg looked like it was going to make a final attempt"}, {"id": "3630698", "s1": "0", "s2": "1", "s": "Next", "t": "33'", "m": "Teammates received the ball and were snatched down"}, {"id": "3630697", "s1": "0", "s2": "1", "s": "Next", "t": "33'", "m": "Bayern took the ball up front and sent it into the box"}, {"id": "3630696", "s1": "0", "s2": "1", "s": "Next", "t": "33'", "m": "Freiburg's right-hand pass was sent to the back post and Krk's header into the near corner of the goal was saved by Neuer"}, {"id": "3630693", "s1": "0", "s2": "1", "s": "Next", "t": "32'", "m": "Ribery looked like he was going to get on"}, {"id": "3630692", "s1": "0", "s2": "1", "s": "Next", "t": "32'", "m": "Wonderful review: Dante's pass from the back was sent to the front, the teammate received the ball in the penalty area to form a one-knife opportunity, the push was blocked by Bowman with his legs, and the complementary shot that followed Bayern was blocked"}, {"id": "3630686", "s1": "0", "s2": "1", "s": "Next", "t": "31'", "m": "Freiburg substitutions, gad under, Hank on!"}, {"id": "3630683", "s1": "0", "s2": "1", "s": "Next", "t": "30'", "m": "Bayern failed to score three times in a row!!!"}, {"id": "3630678", "s1": "0", "s2": "1", "s": "Next", "t": "28'", "m": "The Ram midfielder took the ball and knocked it back"}, {"id": "3630677", "s1": "0", "s2": "1", "s": "Next", "t": "28'", "m": "Freiburg was cut off in front of the field"}, {"id": "3630670", "s1": "0", "s2": "1", "s": "Next", "t": "26'", "m": "Van Beatten also got a yellow card!"}, {"id": "3630669", "s1": "0", "s2": "1", "s": "Next", "t": "26'", "m": "Van Beatten's tactical foul brought down Gadder"}, {"id": "3630668", "s1": "0", "s2": "1", "s": "Next", "t": "26'", "m": "Freiburg quickly attacked the front"}, {"id": "3630667", "s1": "0", "s2": "1", "s": "Next", "t": "26'", "m": "The last one was blocked"}, {"id": "3630666", "s1": "0", "s2": "1", "s": "Next", "t": "25'", "m": "Shaqiri scored from the left and cut inside to the bottom line"}, {"id": "3630663", "s1": "0", "s2": "1", "s": "Next", "t": "24'", "m": "Müller knocked the ball back into midfield"}, {"id": "3630662", "s1": "0", "s2": "1", "s": "Next", "t": "24'", "m": "Muller got the ball, and the other side was two people watching"}, {"id": "3630661", "s1": "0", "s2": "1", "s": "Next", "t": "24'", "m": "Ram split the ball on the side"}, {"id": "3630659", "s1": "0", "s2": "1", "s": "Next", "t": "24'", "m": "Ribery began warming up on the sidelines"}, {"id": "3630656", "s1": "0", "s2": "1", "s": "Next", "t": "24'", "m": "The bayern two players grabbed a point again"}, {"id": "3630655", "s1": "0", "s2": "1", "s": "Next", "t": "23'", "m": "Shaqiri's diagonal pass from the left was sent into the penalty area"}, {"id": "3630651", "s1": "0", "s2": "1", "s": "Next", "t": "23'", "m": "Kroos plugged in the goalkeeper's ball deflected"}, {"id": "3630650", "s1": "0", "s2": "1", "s": "Next", "t": "22'", "m": "Müller sent the ball straight inside the penalty area"}, {"id": "3630649", "s1": "0", "s2": "1", "s": "Next", "t": "22'", "m": "Bayern also replaced Ram"}, {"id": "3630646", "s1": "0", "s2": "1", "s": "Next", "t": "22'", "m": "During this time, Freiburg's movements were somewhat large"}, {"id": "3630645", "s1": "0", "s2": "1", "s": "Next", "t": "21'", "m": "Günter yellow cards are indispensable!"}, {"id": "3630644", "s1": "0", "s2": "1", "s": "Next", "t": "21'", "m": "Müller scored in midfield and Gent viciously brought it down"}, {"id": "3630639", "s1": "0", "s2": "1", "s": "Next", "t": "20'", "m": "Pick a pass to the front, and the teammate's header did not land well"}, {"id": "3630638", "s1": "0", "s2": "1", "s": "Next", "t": "20'", "m": "Dante had the ball in possession of the ball at the back and was looking for a gap"}, {"id": "3630632", "s1": "0", "s2": "1", "s": "Next", "t": "19'", "m": "A yellow card for Heffler!"}, {"id": "3630631", "s1": "0", "s2": "1", "s": "Next", "t": "19'", "m": "Kroos midfielder took the ball and was brought down by Heffler"}, {"id": "3630628", "s1": "0", "s2": "1", "s": "Next", "t": "18'", "m": "But his captain's armband was also completed with the help of Bayern players"}, {"id": "3630626", "s1": "0", "s2": "1", "s": "Next", "t": "17'", "m": "Fryes was wearing the captain's armband"}, {"id": "3630624", "s1": "0", "s2": "1", "s": "Next", "t": "17'", "m": "Freiburg is replaced again, Schuster down, Heffler on!"}, {"id": "3630620", "s1": "0", "s2": "1", "s": "Next", "t": "16'", "m": "Freiburg substitutions, LaPrevota down, Krk on!"}, {"id": "3630619", "s1": "0", "s2": "1", "s": "Next", "t": "15'", "m": "La Prevota hit the far corner of the penalty area and the ball hit the upright to pop up the bottom line!!"}, {"id": "3630616", "s1": "0", "s2": "1", "s": "Next", "t": "15'", "m": "Shaqiri had a lot of opportunities today, but he has seized one so far"}, {"id": "3630615", "s1": "0", "s2": "1", "s": "Next", "t": "15'", "m": "Shaqiri's unguarded volley inside the penalty area was saved by Bauman!!"}, {"id": "3630613", "s1": "0", "s2": "1", "s": "Next", "t": "14'", "m": "Freiburg's long pass to Bayern was also not successful"}, {"id": "3630612", "s1": "0", "s2": "1", "s": "Next", "t": "14'", "m": "The frontcourt players didn't get it"}, {"id": "3630611", "s1": "0", "s2": "1", "s": "Next", "t": "14'", "m": "Bayern sent a straight plug in midfield"}, {"id": "3630606", "s1": "0", "s2": "1", "s": "Next", "t": "12'", "m": "Bayern's side is again a one-goal lead and is not in a hurry to attack"}, {"id": "3630604", "s1": "0", "s2": "1", "s": "Next", "t": "12'", "m": "Freiburg cannot attack now"}, {"id": "3630602", "s1": "0", "s2": "1", "s": "Next", "t": "12'", "m": "During this time, the scene is slightly flat"}, {"id": "3630600", "s1": "0", "s2": "1", "s": "Next", "t": "12'", "m": "Fortunately, on the second point there is the protection of freiburg players"}, {"id": "3630599", "s1": "0", "s2": "1", "s": "Next", "t": "11'", "m": "Shaqiri's push from the left side of the penalty area again caused Bowman to make a mistake"}, {"id": "3630596", "s1": "0", "s2": "1", "s": "Next", "t": "10'", "m": "Freiburg made another mistake when he received the ball"}, {"id": "3630595", "s1": "0", "s2": "1", "s": "Next", "t": "10'", "m": "La Prevota was violated with the ball near midfield"}, {"id": "3630592", "s1": "0", "s2": "1", "s": "Next", "t": "10'", "m": "Günther defended the ball"}, {"id": "3630591", "s1": "0", "s2": "1", "s": "Next", "t": "10'", "m": "Dante's diagonal pass hit the front"}, {"id": "3630590", "s1": "0", "s2": "1", "s": "Next", "t": "9'", "m": "Van Beatten's ball on the flank was also looking for opportunities"}, {"id": "3630587", "s1": "0", "s2": "1", "s": "Next", "t": "9'", "m": "Bayern are also in no hurry to cross the midfield now"}, {"id": "3630585", "s1": "0", "s2": "1", "s": "Next", "t": "9'", "m": "Dante took the ball in midfield"}, {"id": "3630583", "s1": "0", "s2": "1", "s": "Next", "t": "8'", "m": "Bayern took the ball at the back and they also hoped Freiburg would come out"}, {"id": "3630580", "s1": "0", "s2": "1", "s": "Next", "t": "8'", "m": "But Pizarro was unhappy with Diagne's defense"}, {"id": "3630578", "s1": "0", "s2": "1", "s": "Next", "t": "7'", "m": "Diagne was fouled while defending Pizarro in midfield"}, {"id": "3630576", "s1": "0", "s2": "1", "s": "Next", "t": "7'", "m": "Bayern also have a firm grip on the ball in the backfield"}, {"id": "3630574", "s1": "0", "s2": "1", "s": "Next", "t": "7'", "m": "The lateral shift in the Freiburg frontcourt was again missing"}, {"id": "3630573", "s1": "0", "s2": "1", "s": "Next", "t": "6'", "m": "Pizarro's straight plug at the top of the arc of the penalty area, teammates did not get it"}, {"id": "3630571", "s1": "0", "s2": "1", "s": "Next", "t": "6'", "m": "Bayern broke up front"}, {"id": "3630570", "s1": "0", "s2": "1", "s": "Next", "t": "5'", "m": "Fortunately, the Freiburg players at the back point did not have much awareness"}, {"id": "3630569", "s1": "0", "s2": "1", "s": "Next", "t": "4'", "m": "Van Beatten didn't kick the ball"}, {"id": "3630568", "s1": "0", "s2": "1", "s": "Next", "t": "4'", "m": "Freiburg's pass from the right was sent into the box"}, {"id": "3630567", "s1": "0", "s2": "1", "s": "Next", "t": "4'", "m": "Freiburg took the ball on the right and Bayern were caught between three players"}, {"id": "3630566", "s1": "0", "s2": "1", "s": "Next", "t": "3'", "m": "This ball is not good"}, {"id": "3630564", "s1": "0", "s2": "1", "s": "Next", "t": "3'", "m": "Bayern backcourt long pass"}, {"id": "3630561", "s1": "0", "s2": "1", "s": "Next", "t": "2'", "m": "Bowman also easily got the ball"}, {"id": "3630560", "s1": "0", "s2": "1", "s": "Next", "t": "2'", "m": "Neither player touched"}, {"id": "3630559", "s1": "0", "s2": "1", "s": "Next", "t": "2'", "m": "Bayern corner kicks were given to the front point"}, {"id": "3630558", "s1": "0", "s2": "1", "s": "Next", "t": "2'", "m": "Götze took the ball on the left and was touched off the line by Sorge"}, {"id": "3630557", "s1": "0", "s2": "1", "s": "Next", "t": "1'", "m": "In the second half, Freiburg stepped up the breaks in front"}, {"id": "3630556", "s1": "0", "s2": "1", "s": "Next", "t": "1'", "m": "Rafinha's backcourt was a bit large"}, {"id": "3630555", "s1": "0", "s2": "1", "s": "Next", "t": "1'", "m": "The second half was served by Bayern"}, {"id": "3630554", "s1": "0", "s2": "1", "s": "Next", "t": "1'", "m": "The second half of the game begins!"}, {"id": "3630553", "s1": "0", "s2": "1", "s": "Midfielder", "t": "", "m": "The second half of the match between the two sides will begin immediately"}, {"id": "3630552", "s1": "0", "s2": "1", "s": "Midfielder", "t": "", "m": "Players from both teams have returned to the pitch"}, {"id": "3630551", "s1": "0", "s2": "1", "s": "Midfielder", "t": "", "m": "Let's go back to the game"}, {"id": "3630549", "s1": "", "s2": "", "s": "", "t": "", "m": "", "lnk": {"title": "【德甲第4轮 弗赖堡 VS 拜仁慕尼黑】弗赖堡新赛季开局不利，面对为备战欧洲超级杯，而进行阵容轮换的拜仁，主场出击的他们是否会给拜仁带来威胁？", "href": "http://weibo.com/1653472751/A6JPjcrok", "type": "news", "extra": []}}, {"id": "3630548", "s1": "0", "s2": "1", "s": "Midfielder", "t": "", "m": "Let's take a break and bring you the second half of the game for you"}, {"id": "3630547", "s1": "0", "s2": "1", "s": "Midfielder", "t": "", "m": "Bayern also scored a goal in the first half by catching Freiburg's defensive error"}, {"id": "3630546", "s1": "0", "s2": "1", "s": "Midfielder", "t": "", "m": "A few long-range shots from outside the penalty area also tested the goalkeepers of both sides"}, {"id": "3630545", "s1": "0", "s2": "1", "s": "Midfielder", "t": "", "m": "In the first half, the two teams played slightly dull"}, {"id": "3630544", "s1": "0", "s2": "1", "s": "Midfielder", "t": "", "m": "Shaqiri's goal in the first half was also a mistake by Sorge"}, {"id": "3630543", "s1": "0", "s2": "1", "s": "Midfielder", "t": "", "m": "With Shaqiri's goal, Bayern led Freiburg 1-0 away from home"}, {"id": "3630542", "s1": "0", "s2": "1", "s": "Midfielder", "t": "", "m": "The first half is over!"}, {"id": "3630541", "s1": "0", "s2": "1", "s": "on", "t": "45'", "m": "The cross-knock of a teammate near the bottom line was obtained by Bowman"}, {"id": "3630540", "s1": "0", "s2": "1", "s": "on", "t": "45'", "m": "Müller made a slight adjustment before sending it into the penalty area"}, {"id": "3630539", "s1": "0", "s2": "1", "s": "on", "t": "45'", "m": "The ball from the edge of the penalty area was given to Müller"}, {"id": "3630538", "s1": "0", "s2": "1", "s": "on", "t": "45'", "m": "Shaqiri took the ball in front of him and burst himself"}, {"id": "3630537", "s1": "0", "s2": "1", "s": "on", "t": "44'", "m": "Bayern midfield passes did not pass"}, {"id": "3630536", "s1": "0", "s2": "1", "s": "on", "t": "44'", "m": "Bayern knocked the ball back to Neuer's feet"}, {"id": "3630535", "s1": "0", "s2": "1", "s": "on", "t": "44'", "m": "Freiburg are already in defensive position"}, {"id": "3630534", "s1": "0", "s2": "1", "s": "on", "t": "43'", "m": "Dante took the ball at the back and moved it"}, {"id": "3630533", "s1": "0", "s2": "1", "s": "on", "t": "41'", "m": "I didn't brake the car"}, {"id": "3630532", "s1": "0", "s2": "1", "s": "on", "t": "41'", "m": "Van Beatten midfielder collided with the opposing side, LaPrevota"}, {"id": "3630531", "s1": "0", "s2": "1", "s": "on", "t": "40'", "m": "Freiburg midfielder sent a straight plug without passing"}, {"id": "3630530", "s1": "0", "s2": "1", "s": "on", "t": "39'", "m": "Bayern knocked the ball back into the backfield to reorganize"}, {"id": "3630529", "s1": "0", "s2": "1", "s": "on", "t": "39'", "m": "Götze took the ball in front of him and split the ball aside"}, {"id": "3630528", "s1": "0", "s2": "1", "s": "on", "t": "38'", "m": "Unfortunately, the ball did not go inside the goal"}, {"id": "3630527", "s1": "0", "s2": "1", "s": "on", "t": "38'", "m": "Teammates quickly plugged in and kicked the ball straight to the far end before the goalkeeper"}, {"id": "3630526", "s1": "0", "s2": "1", "s": "on", "t": "37'", "m": "Bayern sent the ball straight into the box"}, {"id": "3630524", "s1": "0", "s2": "1", "s": "on", "t": "36'", "m": "The stopping ball was sent directly to the opponent's feet"}, {"id": "3630523", "s1": "0", "s2": "1", "s": "on", "t": "36'", "m": "Shaqiri scored in midfield"}, {"id": "3630522", "s1": "0", "s2": "1", "s": "on", "t": "34'", "m": "Baumann sent a big foot to the midfield, Bayern directly got the ball and launched a counterattack, Müller sent the bottom down the right to the back point, Shaqiri stopped the ball and directly pumped the near corner to score!"}, {"id": "3630521", "s1": "0", "s2": "1", "s": "on", "t": "33'", "m": "Shakiri!!"}, {"id": "3630520", "s1": "0", "s2": "1", "s": "on", "t": "33'", "m": "Bayern scored!!"}, {"id": "3630519", "s1": "0", "s2": "0", "s": "on", "t": "33'", "m": "Send it further, a little deeper, and the teammates did not run"}, {"id": "3630518", "s1": "0", "s2": "0", "s": "on", "t": "33'", "m": "Bayern handed the ball back to the midfield organisation"}, {"id": "3630517", "s1": "0", "s2": "0", "s": "on", "t": "33'", "m": "But the ball was still at Bayern's feet"}, {"id": "3630516", "s1": "0", "s2": "0", "s": "on", "t": "32'", "m": "Shaqiri's forward yardstick is also not in the past"}, {"id": "3630515", "s1": "0", "s2": "0", "s": "on", "t": "32'", "m": "Gad fouled the ball in front of him"}, {"id": "3630514", "s1": "0", "s2": "0", "s": "on", "t": "32'", "m": "Freiburg sent a straight plug in front of the field, no past"}, {"id": "3630513", "s1": "0", "s2": "0", "s": "on", "t": "31'", "m": "Fortunately, Mueller had already lost his center of gravity when he grabbed the point"}, {"id": "3630512", "s1": "0", "s2": "0", "s": "on", "t": "31'", "m": "But Bowman struck out to catch the ball and collided with Guntel"}, {"id": "3630511", "s1": "0", "s2": "0", "s": "on", "t": "31'", "m": "Müller did not grab the ball when he stepped in"}, {"id": "3630510", "s1": "0", "s2": "0", "s": "on", "t": "30'", "m": "Dante's long pass from the back was sent into the box"}, {"id": "3630509", "s1": "0", "s2": "0", "s": "on", "t": "30'", "m": "Sorge defended Shaqiri on the flank and knocked the ball off the sideline"}, {"id": "3630508", "s1": "0", "s2": "0", "s": "on", "t": "29'", "m": "Bayern's midfield pass was blocked"}, {"id": "3630507", "s1": "0", "s2": "0", "s": "on", "t": "29'", "m": "Guntel defended the ball off the sideline"}, {"id": "3630506", "s1": "0", "s2": "0", "s": "on", "t": "28'", "m": "Dante took the ball at the back and gave it to the middle"}, {"id": "3630505", "s1": "0", "s2": "0", "s": "on", "t": "28'", "m": "Bayern's midfield transfer was blocked"}, {"id": "3630504", "s1": "0", "s2": "0", "s": "on", "t": "27'", "m": "The two men snatched it together"}, {"id": "3630503", "s1": "0", "s2": "0", "s": "on", "t": "27'", "m": "Bayern picked up the ball from the right and sent it into the penalty area"}, {"id": "3630502", "s1": "0", "s2": "0", "s": "on", "t": "27'", "m": "Rafinha midfielder took the ball and was brought down"}, {"id": "3630501", "s1": "0", "s2": "0", "s": "on", "t": "27'", "m": "Shaqiri made a mistake on the side of the field"}, {"id": "3630500", "s1": "0", "s2": "0", "s": "on", "t": "25'", "m": "The Freiburg midfielder passed the ball off the sideline"}, {"id": "3630499", "s1": "0", "s2": "0", "s": "on", "t": "25'", "m": "Bowman got the ball without any threat"}, {"id": "3630498", "s1": "0", "s2": "0", "s": "on", "t": "25'", "m": "Schweinsteiger picked up the ball from the flank and sent it to the back post"}, {"id": "3630497", "s1": "0", "s2": "0", "s": "on", "t": "25'", "m": "Rafinha assisted from the right"}, {"id": "3630496", "s1": "0", "s2": "0", "s": "on", "t": "24'", "m": "The ball was saved by the Freiburg players"}, {"id": "3630495", "s1": "0", "s2": "0", "s": "on", "t": "24'", "m": "Shaqiri instigated the offensive on the left"}, {"id": "3630494", "s1": "0", "s2": "0", "s": "on", "t": "23'", "m": "Schweinsteiger's long pass from the back went straight off the sideline"}, {"id": "3630493", "s1": "0", "s2": "0", "s": "on", "t": "23'", "m": "Freiburg began to press the formation forward"}, {"id": "3630492", "s1": "0", "s2": "0", "s": "on", "t": "23'", "m": "Bayern are also in no hurry to attack now"}, {"id": "3630491", "s1": "0", "s2": "0", "s": "on", "t": "23'", "m": "Schweinsterger picked up the ball on the right side of the field"}, {"id": "3630490", "s1": "0", "s2": "0", "s": "on", "t": "22'", "m": "Fouled Guntel when counter-snatching"}, {"id": "3630489", "s1": "0", "s2": "0", "s": "on", "t": "21'", "m": "Müller made a mistake in receiving the ball in midfield"}, {"id": "3630488", "s1": "0", "s2": "0", "s": "on", "t": "21'", "m": "Bowman came out and got the ball"}, {"id": "3630487", "s1": "0", "s2": "0", "s": "on", "t": "21'", "m": "Bayern picked a pass into the box"}, {"id": "3630486", "s1": "0", "s2": "0", "s": "on", "t": "21'", "m": "Bayern tapped into the front and Gent released the ball off the line"}, {"id": "3630485", "s1": "0", "s2": "0", "s": "on", "t": "20'", "m": "Until now, the score is still 0-0"}, {"id": "3630484", "s1": "0", "s2": "0", "s": "on", "t": "20'", "m": "The first half was played for 20 minutes and the pace on the pitch was not fast"}, {"id": "3630483", "s1": "0", "s2": "0", "s": "on", "t": "20'", "m": "Facing the goalkeeper who attacked, he picked it up lightly, but unfortunately, Muller's follow-up package did not send the ball into the goal"}, {"id": "3630482", "s1": "0", "s2": "0", "s": "on", "t": "19'", "m": "Bayern hit the ball into the penalty area"}, {"id": "3630481", "s1": "0", "s2": "0", "s": "on", "t": "19'", "m": "Guardiola called Contento to his side and said a few words"}, {"id": "3630480", "s1": "0", "s2": "0", "s": "on", "t": "18'", "m": "Rafinha's sliding tackle was carried"}, {"id": "3630479", "s1": "0", "s2": "0", "s": "on", "t": "17'", "m": "The ball was headed out by Freiburg at the front post"}, {"id": "3630478", "s1": "0", "s2": "0", "s": "on", "t": "17'", "m": "Kroos' free-kick was given into the box"}, {"id": "3630477", "s1": "0", "s2": "0", "s": "on", "t": "17'", "m": "Diagne defended Shaqiri from the backfield for a foul"}, {"id": "3630476", "s1": "0", "s2": "0", "s": "on", "t": "16'", "m": "Götze's corner kick was sent into the box and Bowman picked it up"}, {"id": "3630475", "s1": "0", "s2": "0", "s": "on", "t": "16'", "m": "Shaqiri fired a long-range shot from outside the penalty area and Bowman flew in to save the ball"}, {"id": "3630474", "s1": "0", "s2": "0", "s": "on", "t": "15'", "m": "Bayern midfielder diagonal pass shift"}, {"id": "3630473", "s1": "0", "s2": "0", "s": "on", "t": "15'", "m": "Freiburg's counterattack is also simple now"}, {"id": "3630472", "s1": "0", "s2": "0", "s": "on", "t": "15'", "m": "Diagne took the ball through the midfield"}, {"id": "3630471", "s1": "0", "s2": "0", "s": "on", "t": "15'", "m": "Bayern also fired a long-range shot from the top of the penalty area, which was played too well"}, {"id": "3630470", "s1": "0", "s2": "0", "s": "on", "t": "14'", "m": "Bayern's defence is really a bit reassuring"}, {"id": "3630469", "s1": "0", "s2": "0", "s": "on", "t": "14'", "m": "The cross-knock on the edge of the Gad penalty area was prevented"}, {"id": "3630468", "s1": "0", "s2": "0", "s": "on", "t": "14'", "m": "Bayern made a mistake in passing in midfield"}, {"id": "3630467", "s1": "0", "s2": "0", "s": "on", "t": "13'", "m": "The ball is brilliant and the guard is beautiful"}, {"id": "3630466", "s1": "0", "s2": "0", "s": "on", "t": "13'", "m": "Sorge's cold sword was unleashed at the edge of the penalty area, and Neuer flew to save the ball!"}, {"id": "3630465", "s1": "0", "s2": "0", "s": "on", "t": "13'", "m": "Freiburg took the ball on the right side of the field and Kroos defended fouls"}, {"id": "3630464", "s1": "0", "s2": "0", "s": "on", "t": "12'", "m": "Freiburg's corner kick was sent into the box and was released by Bayern in a chaotic battle"}, {"id": "3630463", "s1": "0", "s2": "0", "s": "on", "t": "12'", "m": "Fryes wanted to knock out of the bottom line by Dante again"}, {"id": "3630462", "s1": "0", "s2": "0", "s": "on", "t": "11'", "m": "Gad took the ball in front of him and gave it to the box"}, {"id": "3630461", "s1": "0", "s2": "0", "s": "on", "t": "10'", "m": "Pizarro was offside when he received the ball"}, {"id": "3630460", "s1": "0", "s2": "0", "s": "on", "t": "10'", "m": "Bayern picked a pass in front of Freiburg behind him"}, {"id": "3630459", "s1": "0", "s2": "0", "s": "on", "t": "9'", "m": "Bayern made a mistake when passing the ball again"}, {"id": "3630458", "s1": "0", "s2": "0", "s": "on", "t": "9'", "m": "Schweinsterger took the ball in front of him and knocked it across"}, {"id": "3630457", "s1": "0", "s2": "0", "s": "on", "t": "8'", "m": "Shaqiri plugged in half a beat slower"}, {"id": "3630456", "s1": "0", "s2": "0", "s": "on", "t": "8'", "m": "Pizarro received the ball in midfield and sent it straight"}, {"id": "3630455", "s1": "0", "s2": "0", "s": "on", "t": "8'", "m": "Gad's sideline stopped the ball out of bounds"}, {"id": "3630454", "s1": "0", "s2": "0", "s": "on", "t": "7'", "m": "Dante took the ball at the back and Freiburg was also very tight"}, {"id": "3630453", "s1": "0", "s2": "0", "s": "on", "t": "7'", "m": "Kroos broke the ball at the back and was pushed down"}, {"id": "3630452", "s1": "0", "s2": "0", "s": "on", "t": "6'", "m": "Gad's right-hander was knocked off the sideline"}, {"id": "3630451", "s1": "0", "s2": "0", "s": "on", "t": "6'", "m": "Schmid's corner kick was given to the centre and Bayern's header was headed out of the box"}, {"id": "3630450", "s1": "0", "s2": "0", "s": "on", "t": "6'", "m": "The ball was again touched off the line by the Bayern players"}, {"id": "3630449", "s1": "0", "s2": "0", "s": "on", "t": "6'", "m": "Schmid tactical corner kick out"}, {"id": "3630448", "s1": "0", "s2": "0", "s": "on", "t": "5'", "m": "Contento's defence on the left gave the opposing corner a chance"}, {"id": "3630447", "s1": "0", "s2": "0", "s": "on", "t": "5'", "m": "Inside the penalty area was cleared by Freiburg players"}, {"id": "3630446", "s1": "0", "s2": "0", "s": "on", "t": "5'", "m": "Teammate header ferry back"}, {"id": "3630445", "s1": "0", "s2": "0", "s": "on", "t": "4'", "m": "Contento's diagonal pass was sent to the bottom line at the back post"}, {"id": "3630444", "s1": "0", "s2": "0", "s": "on", "t": "4'", "m": "Bayern tactical corner kicks were fired"}, {"id": "3630443", "s1": "0", "s2": "0", "s": "on", "t": "4'", "m": "A free-kick was sent into the penalty area and the Freiburg player nearly headed into his own goal"}, {"id": "3630442", "s1": "0", "s2": "0", "s": "on", "t": "3'", "m": "Bayern won a free kick on the right side of the field"}, {"id": "3630441", "s1": "0", "s2": "0", "s": "on", "t": "3'", "m": "Bayern's breakthrough on the right was pulled a bit"}, {"id": "3630440", "s1": "0", "s2": "0", "s": "on", "t": "3'", "m": "Schuster's defensive midfield pushed a foul"}, {"id": "3630439", "s1": "0", "s2": "0", "s": "on", "t": "3'", "m": "Freiburg midfielder fouled the ball"}, {"id": "3630438", "s1": "0", "s2": "0", "s": "on", "t": "2'", "m": "The teammate who grabbed the point slipped a little"}, {"id": "3630437", "s1": "0", "s2": "0", "s": "on", "t": "2'", "m": "Freiburg took the ball from the right and sent it into the penalty area"}, {"id": "3630436", "s1": "0", "s2": "0", "s": "on", "t": "2'", "m": "Bayern made a mistake in passing from the sidelines"}, {"id": "3630435", "s1": "0", "s2": "0", "s": "on", "t": "1'", "m": "Bayern had the ball in possession of the ball to the wing"}, {"id": "3630434", "s1": "0", "s2": "0", "s": "on", "t": "1'", "m": "Freiburg's forward ball was blocked on the side"}, {"id": "3630433", "s1": "0", "s2": "0", "s": "on", "t": "1'", "m": "The first to kick off was Freiburg"}, {"id": "3630432", "s1": "0", "s2": "0", "s": "on", "t": "1'", "m": "The first half of the game begins!"}, {"id": "3630431", "s1": "0", "s2": "0", "s": "Not matched", "t": "", "m": "The race starts right away"}, {"id": "3630430", "s1": "0", "s2": "0", "s": "Not matched", "t": "", "m": "The captains of both sides picked the sides"}, {"id": "3630429", "s1": "0", "s2": "0", "s": "Not matched", "t": "", "m": "Bayern wear a dark match jersey"}, {"id": "3630428", "s1": "0", "s2": "0", "s": "Not matched", "t": "", "m": "Freiburg wears a red match shirt"}, {"id": "3630427", "s1": "0", "s2": "0", "s": "Not matched", "t": "", "m": "Players from both teams have entered"}, {"id": "3630426", "s1": "0", "s2": "0", "s": "Not matched", "t": "", "m": "Players from both sides are still in the players' tunnel"}, {"id": "3630425", "s1": "0", "s2": "0", "s": "Not matched", "t": "", "m": "Ribery and Robben sat on the bench today"}, {"id": "3630424", "s1": "0", "s2": "0", "s": "Not matched", "t": "", "m": "Let's come to the game"}, {"id": "3630423", "s1": "", "s2": "", "s": "", "t": "", "m": "", "lnk": {"title": "【德甲第4轮 弗赖堡 VS 拜仁慕尼黑】弗赖堡新赛季开局不利，面对为备战欧洲超级杯，而进行阵容轮换的拜仁，主场出击的他们是否会给拜仁带来威胁？", "href": "http://weibo.com/1653472751/A6JPjcrok", "type": "news", "extra": []}}, {"id": "3630422", "s1": "", "s2": "", "s": "", "t": "", "m": "", "lnk": {"title": "【德甲第4轮 弗赖堡 VS 拜仁慕尼黑 收视指南】00：30 电视直播：无！新浪图文直播室http://t.cn/zQnDxEi", "href": "http://weibo.com/1653472751/A6JNPzKhO", "type": "news", "extra": []}}, {"id": "3630421", "s1": "0", "s2": "0", "s": "Not matched", "t": "", "m": "Bayern starters: 1- Neuer; 26-Contento, 5-Van Bitten, 4-Dante, 13-Rafinha; 31- Schweinsteiger, 25-Müller, 19-Götze, 39-Kroos, 11-Shaqiri; 14- Pizarro"}, {"id": "3630420", "s1": "0", "s2": "0", "s": "Not matched", "t": "", "m": "Freiburg starters: 1- Baumann; 30-Gent, 3-Diane, 28-Gent, 25-Sorge; 23- Schuster, 4- Fernandez, 17- Schmid, 32-LaPrevota; 31- Gad, 35 - Fryes"}, {"id": "3630419", "s1": "0", "s2": "0", "s": "Not matched", "t": "", "m": "At present, the starting lineup of the two teams has been announced"}, {"id": "3630294", "s1": "0", "s2": "0", "s": "Not matched", "t": "", "m": "But this season, Freiburg has started badly, and if Freiburg continues in such a bad state, it is very likely that the team will fight for relegation again this season"}, {"id": "3630292", "s1": "0", "s2": "0", "s": "Not matched", "t": "", "m": "Last season, Freiburg performed well in the Bundesliga. Teams that were once thought to be barely relegated eventually finished fifth in the Bundesliga, winning a Europa League spot"}, {"id": "3630290", "s1": "0", "s2": "0", "s": "Not matched", "t": "", "m": "In order to prepare for the European Super Cup in advance and better reserve the physical fitness of the players, Bayern manager Guardiola is bound to rotate the main squad of the team in this round of the league"}, {"id": "3630288", "s1": "0", "s2": "0", "s": "Not matched", "t": "", "m": "Starting with last weekend's home league match against Nuremberg, Bayern Munich entered the first Devil's fixture of the new season"}, {"id": "3630286", "s1": "0", "s2": "0", "s": "Not matched", "t": "", "m": "Bayern's home match against Nuremberg saw Spanish midfielder Thiago tear his ligaments and miss for at least seven weeks"}, {"id": "3630284", "s1": "0", "s2": "0", "s": "Not matched", "t": "", "m": "With Bayern v Chelsea's UEFA Super Cup clash this weekend, Bayern's Bundesliga round 4 has to be advanced to the week"}, {"id": "3630282", "s1": "0", "s2": "0", "s": "Not matched", "t": "", "m": "At present, the team has only won 1 point in the first 3 rounds of 1 draw and 2 losses"}, {"id": "3630280", "s1": "0", "s2": "0", "s": "Not matched", "t": "", "m": "Last season's Bundesliga black Ma freiburg, the performance at the beginning of the season was disappointing"}, {"id": "3630278", "s1": "0", "s2": "0", "s": "Not matched", "t": "", "m": "In the first three rounds of the Bundesliga, Bayern achieved an excellent record of three consecutive league wins, and last weekend won 2-0 at home to Bavaria derby rivals Nuremberg"}, {"id": "3630276", "s1": "0", "s2": "0", "s": "Not matched", "t": "", "m": "Hello everyone, welcome to the Bundesliga Round 4 brought to you by Sina Sports Freiburg vs Bayern Munich"}]