[{"id": "98", "s1": "1", "s2": "4", "s": "", "t": "", "m": "The match ended with Mainz 1-4 Bayer Leverkusen, thank you for watching Sina Football Live."}, {"id": "97", "s1": "1", "s2": "4", "s": "", "t": "90'+1'", "m": "At the end of the second half, Mainz 1-4 Bayer Leverkusen"}, {"id": "96", "s1": "1", "s2": "4", "s": "", "t": "90'", "m": "Bayer Leverkusen player Toplak scrambled for a foul and the opponent was given possession of the ball."}, {"id": "95", "s1": "1", "s2": "4", "s": "", "t": "90'", "m": "Poulter won a free kick for Mainz at the opposing half."}, {"id": "94", "s1": "1", "s2": "4", "s": "", "t": "89'", "m": "Sam won a free kick for Bayer Leverkusen."}, {"id": "93", "s1": "1", "s2": "4", "s": "", "t": "89'", "m": "Mainz player Bospierch scrambled for a foul and the opponent gained possession."}, {"id": "92", "s1": "1", "s2": "4", "s": "", "t": "88'", "m": "Walscheid won a free kick for Bayer Leverkusen."}, {"id": "91", "s1": "1", "s2": "4", "s": "", "t": "88'", "m": "Mainz player Porter scrambled for a foul and the opponent gained possession."}, {"id": "90", "s1": "1", "s2": "4", "s": "", "t": "84'", "m": "Yellow! Bayer Leverkusen player Del Diyoc was shown a yellow card by the referee for a malicious foul."}, {"id": "89", "s1": "1", "s2": "4", "s": "", "t": "84'", "m": "Bayer Leverkusen player Del Dijyok scrambled for a foul and the opponent gained possession of the ball."}, {"id": "88", "s1": "1", "s2": "4", "s": "", "t": "84'", "m": "Persia Piech won a free kick for Mainz."}, {"id": "87", "s1": "1", "s2": "4", "s": "", "t": "83'", "m": "Yellow! Mainz player Moritz was shown a yellow card by the referee for a malicious foul."}, {"id": "86", "s1": "1", "s2": "4", "s": "", "t": "83'", "m": "Emre Jenn won a free kick for Bayer Leverkusen at the opposing half."}, {"id": "85", "s1": "1", "s2": "4", "s": "", "t": "83'", "m": "Mainz player Moritz scrambles for a foul and the opponent gains possession."}, {"id": "84", "s1": "1", "s2": "4", "s": "", "t": "82'", "m": "Goal!!! Mainz player Marley shot with a left foot in the centre of the penalty area, the ball flew into the goal from the top right corner and the ball went in! Mainz 1-4 Bayer Leverkusen."}, {"id": "83", "s1": "0", "s2": "4", "s": "", "t": "81'", "m": "Hilbert handled the ball out of the bottom line and Mainz won a corner kick."}, {"id": "82", "s1": "0", "s2": "4", "s": "", "t": "81'", "m": "Mainz player Shinji Okazaki's header from a tight angle on the left side of the goal was blocked by a defender. The one who gave him the ball was Perspierikh."}, {"id": "81", "s1": "0", "s2": "4", "s": "", "t": "76'", "m": "Mainz player Gass attempted a right-footed shot from outside the penalty area, but unfortunately the ball was slightly offside the left goal."}, {"id": "80", "s1": "0", "s2": "4", "s": "", "t": "76'", "m": "Bayer Leverkusen player Emre Jen scrambled for a foul and the opponent was given possession of the ball."}, {"id": "79", "s1": "0", "s2": "4", "s": "", "t": "76'", "m": "Shinji Okazaki won a free kick for Mainz on the left side."}, {"id": "78", "s1": "0", "s2": "4", "s": "", "t": "75'", "m": "Bayer Leverkusen made a substitution, and Oztunal replaced Cruise"}, {"id": "77", "s1": "0", "s2": "4", "s": "", "t": "74'", "m": "Mainz player Porter tried his left-footed shot from the centre of the penalty area, but unfortunately the ball was slightly offside the left goal. It was Marley who gave him the pass."}, {"id": "76", "s1": "0", "s2": "4", "s": "", "t": "74'", "m": "Bayer Leverkusen player Renats scrambled for a foul and the opponent was given possession of the ball."}, {"id": "75", "s1": "0", "s2": "4", "s": "", "t": "74'", "m": "Shinji Okazaki won a free kick for Mainz."}, {"id": "74", "s1": "0", "s2": "4", "s": "", "t": "71'", "m": "Mainz made a substitution, and Poulter replaced D. Shaheen"}, {"id": "73", "s1": "0", "s2": "4", "s": "", "t": "70'", "m": "Bayer Leverkusen player Cruise scrambled for a foul and the opponent was given possession of the ball."}, {"id": "72", "s1": "0", "s2": "4", "s": "", "t": "70'", "m": "Nikola Müller won a free kick for Mainz."}, {"id": "71", "s1": "0", "s2": "4", "s": "", "t": "69'", "m": "Bayer Leverkusen made a substitution, and Deldiyuk replaced Kieslin"}, {"id": "70", "s1": "0", "s2": "4", "s": "", "t": "66'", "m": "Mainz player Shinji Okazaki was fouled for handball and the opponent was given the ball."}, {"id": "69", "s1": "0", "s2": "4", "s": "", "t": "65'", "m": "Kiesling won a free kick for Bayer Leverkusen on the left."}, {"id": "68", "s1": "0", "s2": "4", "s": "", "t": "65'", "m": "Mainz player Nikola Müller scrambled for a foul and the opponent was given possession of the ball."}, {"id": "67", "s1": "0", "s2": "4", "s": "", "t": "64'", "m": "Mainz was replaced, and Shinji Okazaki replaced Shubo-Motin"}, {"id": "66", "s1": "0", "s2": "4", "s": "", "t": "64'", "m": "Sam won a free kick for Bayer Leverkusen in the opposing half."}, {"id": "65", "s1": "0", "s2": "4", "s": "", "t": "64'", "m": "Mainz player Svensson scrambled for a foul and the opponent was given possession of the ball."}, {"id": "64", "s1": "0", "s2": "4", "s": "", "t": "63'", "m": "Bayer Leverkusen made a substitution, with Emre Can replacing Ras Bend"}, {"id": "63", "s1": "0", "s2": "4", "s": "", "t": "61'", "m": "Leno handled the ball out of the bottom line and Mainz won a corner kick."}, {"id": "62", "s1": "0", "s2": "4", "s": "", "t": "61'", "m": "Shot!!! Mainz player Novyski's header from the left side of the penalty area was saved by the opposing goalkeeper."}, {"id": "61", "s1": "0", "s2": "4", "s": "", "t": "61'", "m": "Mainz player Gass' right-footed shot from outside the penalty area was blocked by a defender."}, {"id": "60", "s1": "0", "s2": "4", "s": "", "t": "60'", "m": "Bayer Leverkusen player Ras Bender scrambled for a foul and his opponent was given possession."}, {"id": "59", "s1": "0", "s2": "4", "s": "", "t": "60'", "m": "D. Shaheen won a free kick for Mainz at the opposing half."}, {"id": "58", "s1": "0", "s2": "4", "s": "", "t": "59'", "m": "Goal!!! Bayer Leverkusen player Kislin's header from the centre of the penalty area, the ball flew from the bottom right corner into the goal and the ball went in! The assist was Rolfez. Mainz 0-4 Bayer Leverkusen."}, {"id": "57", "s1": "0", "s2": "3", "s": "", "t": "58'", "m": "Svensson handled the ball out of the bottom line and Bayer Leverkusen won a corner kick."}, {"id": "56", "s1": "0", "s2": "3", "s": "", "t": "56'", "m": "Mainz player Marley tried a right-footed shot from the right side of the penalty area, but unfortunately the ball went high above goal. It was Nicolas Müller who passed the ball to him."}, {"id": "55", "s1": "0", "s2": "3", "s": "", "t": "55'", "m": "Russ Bend handled the ball out of the line and Mainz won a corner kick."}, {"id": "54", "s1": "0", "s2": "3", "s": "", "t": "55'", "m": "Mainz player Marley's right-footed shot from outside the penalty area was blocked by a defender. Passing the ball to him was D. Shaheen."}, {"id": "53", "s1": "0", "s2": "3", "s": "", "t": "52'", "m": "Mainz player Shubo Motin attempted a right-footed shot from outside the penalty area, but the ball deflected off target."}, {"id": "52", "s1": "0", "s2": "3", "s": "", "t": "51'", "m": "Bayer Leverkusen player Walscheid scrambled for a foul and the opponent was given possession of the ball."}, {"id": "51", "s1": "0", "s2": "3", "s": "", "t": "51'", "m": "D. Shaheen won a free kick for Mainz."}, {"id": "50", "s1": "0", "s2": "3", "s": "", "t": "50'", "m": "Bayer Leverkusen player Hilbert scrambled for a foul and the opponent was given possession of the ball."}, {"id": "49", "s1": "0", "s2": "3", "s": "", "t": "50'", "m": "Shubo Motin won a free kick for Mainz."}, {"id": "48", "s1": "0", "s2": "3", "s": "", "t": "50'", "m": "Bayer Leverkusen's Bernishch right-footed shot from outside the penalty area was blocked by a defender. It was Rolfez who gave him the pass."}, {"id": "47", "s1": "0", "s2": "3", "s": "", "t": "48'", "m": "Bayer Leverkusen player Sam tried his left-footed shot from outside the penalty area, but unfortunately the ball deflected off target."}, {"id": "46", "s1": "0", "s2": "3", "s": "", "t": "47'", "m": "Russ Bend won a free kick for Bayer Leverkusen at the opposing half."}, {"id": "45", "s1": "0", "s2": "3", "s": "", "t": "47'", "m": "Mainz player Moritz scrambles for a foul and the opponent gains possession."}, {"id": "44", "s1": "0", "s2": "3", "s": "", "t": "46'", "m": "Mainz player Gass attempted a right-footed shot from outside the penalty area, but unfortunately the ball was slightly offside the left goal."}, {"id": "43", "s1": "0", "s2": "3", "s": "", "t": "", "m": "The second half began with Mainz 0-3 Bayer Leverkusen"}, {"id": "42", "s1": "0", "s2": "3", "s": "", "t": "45'", "m": "Mainz made a substitution and Marley replaced Soto"}, {"id": "41", "s1": "0", "s2": "3", "s": "", "t": "45'+1'", "m": "At the end of the first half, Mainz 0-3 Bayer Leverkusen, with a short break, we will take a look at the performance of the two teams in the second half."}, {"id": "40", "s1": "0", "s2": "3", "s": "", "t": "45'", "m": "Goal!!! Bayer Leverkusen player Cruise shot with a left foot in the centre of the penalty area, the ball flew from the bottom right corner into the goal, and the ball went in! The assist was Rolfez. Mainz 0-3 Bayer Leverkusen."}, {"id": "39", "s1": "0", "s2": "2", "s": "", "t": "44'", "m": "H-Müller handled the ball out of the bottom line and Bayer Leverkusen won a corner kick."}, {"id": "38", "s1": "0", "s2": "2", "s": "", "t": "44'", "m": "Shot!!! Bayer Leverkusen's Russ Bend's left-footed shot from outside the box was saved by the opposing goalkeeper."}, {"id": "37", "s1": "0", "s2": "2", "s": "", "t": "43'", "m": "Bayer Leverkusen player Rollfez attempted a right-footed shot from the centre of the penalty area, but unfortunately the ball went high above goal. It was Kislin who gave him the ball."}, {"id": "36", "s1": "0", "s2": "2", "s": "", "t": "42'", "m": "Sam won a free kick for Bayer Leverkusen in the opposing half."}, {"id": "35", "s1": "0", "s2": "2", "s": "", "t": "42'", "m": "Mainz player Novyski scrambled for a foul and his opponent was given possession of the ball."}, {"id": "34", "s1": "0", "s2": "2", "s": "", "t": "40'", "m": "Bayer Leverkusen's Renats attempted a right-footed shot from outside the penalty area, but unfortunately the ball was slightly above goal."}, {"id": "33", "s1": "0", "s2": "2", "s": "", "t": "39'", "m": "Cruise won a free kick for Bayer Leverkusen."}, {"id": "32", "s1": "0", "s2": "2", "s": "", "t": "39'", "m": "Mainz player Gas scrambled for a foul and the opponent gained possession."}, {"id": "31", "s1": "0", "s2": "2", "s": "", "t": "38'", "m": "Goal!!! Bayer Leverkusen's Ras Bend shot with a right foot from outside the penalty area and the ball flew into the net from the bottom right corner and the ball went in! The assist was Cruise. Mainz 0-2 Bayer Leverkusen."}, {"id": "30", "s1": "0", "s2": "1", "s": "", "t": "37'", "m": "Bayer Leverkusen player Bernish slammed the ball straight into Kislin but the referee raised a flag to show the latter was offside."}, {"id": "29", "s1": "0", "s2": "1", "s": "", "t": "37'", "m": "Mainz player D. Shaheen's right-footed shot from outside the penalty area was blocked by a defender. The one who passed the ball to him was Shubo Motin."}, {"id": "28", "s1": "0", "s2": "1", "s": "", "t": "37'", "m": "Bayer Leverkusen player Cruise was fouled for handball and the opponent was given the ball."}, {"id": "27", "s1": "0", "s2": "1", "s": "", "t": "36'", "m": "Bayer Leverkusen player Hilbert tried a right-footed shot from the right side of the penalty area, but unfortunately the ball went high above goal. It was Bernish who gave him the pass."}, {"id": "26", "s1": "0", "s2": "1", "s": "", "t": "35'", "m": "Sam won a free kick for Bayer Leverkusen in the opposing half."}, {"id": "25", "s1": "0", "s2": "1", "s": "", "t": "35'", "m": "Mainz player Gas scrambled for a foul and the opponent gained possession."}, {"id": "24", "s1": "0", "s2": "1", "s": "", "t": "35'", "m": "Mainz player Gass tried his left-footed shot from outside the penalty area, but unfortunately the ball went high above goal. The one who gave him the ball was Perspierikh."}, {"id": "23", "s1": "0", "s2": "1", "s": "", "t": "30'", "m": "Bayer Leverkusen player Hilbert tried his header on the right side of the penalty area, but unfortunately the ball was slightly over the goal. It was Kislin who gave him the ball."}, {"id": "22", "s1": "0", "s2": "1", "s": "", "t": "25'", "m": "Bayer Leverkusen's Russ Bend attempted a right-footed shot from outside the penalty area, but the ball was deflected slightly off the right goal. It was Reinatc who gave him the pass."}, {"id": "21", "s1": "0", "s2": "1", "s": "", "t": "22'", "m": "Mainz player Gass kicked the ball straight into D. Shaheen, but the referee raised a flag to show that the latter was offside."}, {"id": "20", "s1": "0", "s2": "1", "s": "", "t": "21'", "m": "Mainz player Soto attempted a left-footed shot from outside the penalty area, but unfortunately the ball went high above goal."}, {"id": "19", "s1": "0", "s2": "1", "s": "", "t": "20'", "m": "Walscheid handled the ball out of the line and Mainz won the corner."}, {"id": "18", "s1": "0", "s2": "1", "s": "", "t": "19'", "m": "Goal!!! Bayer Leverkusen player Cruise fired a right-footed shot from the centre of the penalty area, the ball flew from the bottom left corner into the goal and the ball went in! Assisted by Sam. Mainz 0-1 Bayer Leverkusen."}, {"id": "17", "s1": "0", "s2": "0", "s": "", "t": "17'", "m": "Hilbert won a free kick for Bayer Leverkusen."}, {"id": "16", "s1": "0", "s2": "0", "s": "", "t": "17'", "m": "Mainz player Shubo Motin scrambled for a foul and his opponent was given possession of the ball."}, {"id": "15", "s1": "0", "s2": "0", "s": "", "t": "15'", "m": "Mainz player Shubo Motin attempted a right-footed shot from outside the penalty area, but unfortunately the ball was slightly offside the right goal. The one who gave him the ball was Perspierikh."}, {"id": "14", "s1": "0", "s2": "0", "s": "", "t": "15'", "m": "Kiesling won a free kick for Bayer Leverkusen at the opposing half."}, {"id": "13", "s1": "0", "s2": "0", "s": "", "t": "15'", "m": "Mainz player Novyski scrambled for a foul and his opponent was given possession of the ball."}, {"id": "12", "s1": "0", "s2": "0", "s": "", "t": "13'", "m": "Bayer Leverkusen player Renats scrambled for a foul and the opponent was given possession of the ball."}, {"id": "11", "s1": "0", "s2": "0", "s": "", "t": "13'", "m": "D. Shaheen won a free kick for Mainz at the opposing half."}, {"id": "10", "s1": "0", "s2": "0", "s": "", "t": "13'", "m": "Russ Bend won a free kick for Bayer Leverkusen."}, {"id": "9", "s1": "0", "s2": "0", "s": "", "t": "13'", "m": "Mainz player Park Joo-ho scrambled for a foul and his opponent got possession."}, {"id": "8", "s1": "0", "s2": "0", "s": "", "t": "11'", "m": "Bayer Leverkusen player Rollfez attempted a left-footed shot from the left side of the penalty area, but unfortunately the ball deflected off the goal. It was Sam who gave him the pass."}, {"id": "7", "s1": "0", "s2": "0", "s": "", "t": "10'", "m": "D. Shaheen handled the ball out of the bottom line and Bayer Leverkusen won a corner kick."}, {"id": "6", "s1": "0", "s2": "0", "s": "", "t": "10'", "m": "Park Joo-ho handled the ball out of the bottom line and Bayer Leverkusen won a corner kick."}, {"id": "5", "s1": "0", "s2": "0", "s": "", "t": "7'", "m": "Bayer Leverkusen player Renats scrambled for a foul and the opponent was given possession of the ball."}, {"id": "4", "s1": "0", "s2": "0", "s": "", "t": "7'", "m": "D. Shaheen won a free kick for Mainz."}, {"id": "3", "s1": "0", "s2": "0", "s": "", "t": "6'", "m": "Rolfez won a free kick for Bayer Leverkusen."}, {"id": "2", "s1": "0", "s2": "0", "s": "", "t": "6'", "m": "Mainz player Gas scrambled for a foul and the opponent gained possession."}, {"id": "1", "s1": "0", "s2": "0", "s": "", "t": "", "m": "With a whistle from the referee, the first half of the game began."}]