[{"id": "4231017", "s1": "0", "s2": "2", "s": "Finish", "t": "", "m": "The live broadcast of this game ends here, thank you for watching"}, {"id": "4231015", "s1": "0", "s2": "2", "s": "Finish", "t": "", "m": "Bayern took three points to the Champions League"}, {"id": "4231013", "s1": "0", "s2": "2", "s": "Finish", "t": "", "m": "There wasn't much pressure on Bayern's defence"}, {"id": "4231012", "s1": "0", "s2": "2", "s": "Finish", "t": "", "m": "The threats posed are limited"}, {"id": "4231010", "s1": "0", "s2": "2", "s": "Finish", "t": "", "m": "The whole game Cologne was not able to threaten Bayern's dominance"}, {"id": "4231007", "s1": "0", "s2": "2", "s": "Finish", "t": "", "m": "Bayern won as they wished"}, {"id": "4231003", "s1": "0", "s2": "2", "s": "Finish", "t": "", "m": "In the end, Bayern beat Cologne 2-0 away"}, {"id": "4230998", "s1": "0", "s2": "2", "s": "Next", "t": "48'", "m": "The game is over"}, {"id": "4230991", "s1": "0", "s2": "2", "s": "Next", "t": "47'", "m": "Shaqiri's corner kick was sent out, and the first point was for the defenders to clear the line"}, {"id": "4230984", "s1": "0", "s2": "2", "s": "Next", "t": "46'", "m": "Ram's long-range shot from outside the box was blocked out of bounds by defenders"}, {"id": "4230979", "s1": "0", "s2": "2", "s": "Next", "t": "46'", "m": "Levan and Alaba did a match in the penalty area, but did not succeed"}, {"id": "4230974", "s1": "0", "s2": "2", "s": "Next", "t": "45'", "m": "2 minutes of stoppage time in the second half"}, {"id": "4230965", "s1": "0", "s2": "2", "s": "Next", "t": "45'", "m": "Here, When Reese attacked, he was also offside"}, {"id": "4230954", "s1": "0", "s2": "2", "s": "Next", "t": "44'", "m": "Levan's attack was offside"}, {"id": "4230947", "s1": "0", "s2": "2", "s": "Next", "t": "43'", "m": "Finn replaced Uja"}, {"id": "4230943", "s1": "0", "s2": "2", "s": "Next", "t": "43'", "m": "Bayern's defence was not tested enough today"}, {"id": "4230929", "s1": "0", "s2": "2", "s": "Next", "t": "42'", "m": "Dante didn't have much of a problem and got back into the game"}, {"id": "4230916", "s1": "0", "s2": "2", "s": "Next", "t": "41'", "m": "But Dante was injured in defence"}, {"id": "4230912", "s1": "0", "s2": "2", "s": "Next", "t": "40'", "m": "Cologne's cross into the box was cleared by the defenders"}, {"id": "4230907", "s1": "0", "s2": "2", "s": "Next", "t": "40'", "m": "Blake came up on the right side of the assist"}, {"id": "4230901", "s1": "0", "s2": "2", "s": "Next", "t": "40'", "m": "Alonso's long pass went to Shaqiri, and the defenders grabbed the first point"}, {"id": "4230891", "s1": "0", "s2": "2", "s": "Next", "t": "39'", "m": "Bayern quickly returned to the defence and Uja did not get a good chance"}, {"id": "4230887", "s1": "0", "s2": "2", "s": "Next", "t": "38'", "m": "Cologne's midfielder broke the ball to organize a counter-attack"}, {"id": "4230881", "s1": "0", "s2": "2", "s": "Next", "t": "38'", "m": "Shaqiri was offside"}, {"id": "4230879", "s1": "0", "s2": "2", "s": "Next", "t": "38'", "m": "Ram received Alonso's pass and split the side to Shaqiri"}, {"id": "4230861", "s1": "0", "s2": "2", "s": "Next", "t": "36'", "m": "Bernat followed up with a shot that went high"}, {"id": "4230859", "s1": "0", "s2": "2", "s": "Next", "t": "36'", "m": "Götze broke into the penalty area, and the crowd was too dense to form a shot"}, {"id": "4230843", "s1": "0", "s2": "2", "s": "Next", "t": "35'", "m": "Alaba received the ball from Levan, fired a kick, and was saved by Horn"}, {"id": "4230833", "s1": "0", "s2": "2", "s": "Next", "t": "34'", "m": "Shaqiri's side passed back to Ram"}, {"id": "4230822", "s1": "0", "s2": "2", "s": "Next", "t": "33'", "m": "Ram crossed from the right and Horn jumped up to pick the ball off"}, {"id": "4230809", "s1": "0", "s2": "2", "s": "Next", "t": "32'", "m": "Shaqiri doesn't appear to be in game form yet"}, {"id": "4230805", "s1": "0", "s2": "2", "s": "Next", "t": "31'", "m": "Alonso's long pass went to Shaqiri, who made a mistake in stopping the ball"}, {"id": "4230801", "s1": "0", "s2": "2", "s": "Next", "t": "31'", "m": "Vogt replaced Halfa"}, {"id": "4230800", "s1": "0", "s2": "2", "s": "Next", "t": "31'", "m": "Cologne was also replaced"}, {"id": "4230796", "s1": "0", "s2": "2", "s": "Next", "t": "30'", "m": "But it is still very lethal"}, {"id": "4230795", "s1": "0", "s2": "2", "s": "Next", "t": "30'", "m": "Robben is clearly not back to his best"}, {"id": "4230791", "s1": "0", "s2": "2", "s": "Next", "t": "30'", "m": "Shaqiri replaces Robben"}, {"id": "4230789", "s1": "0", "s2": "2", "s": "Next", "t": "30'", "m": "Bayern won another corner kick"}, {"id": "4230786", "s1": "0", "s2": "2", "s": "Next", "t": "30'", "m": "Robben stopped the ball straight to Ram"}, {"id": "4230784", "s1": "0", "s2": "2", "s": "Next", "t": "29'", "m": "Alonso sent a long message to Robben"}, {"id": "4230781", "s1": "0", "s2": "2", "s": "Next", "t": "29'", "m": "Cologne's long-range shot bounced off the defender's body"}, {"id": "4230779", "s1": "0", "s2": "2", "s": "Next", "t": "28'", "m": "Bayern didn't want to boast, and just after saying Alonso, he was cut off"}, {"id": "4230777", "s1": "0", "s2": "2", "s": "Next", "t": "28'", "m": "Bayern first took control of the ball steadily"}, {"id": "4230773", "s1": "0", "s2": "2", "s": "Next", "t": "26'", "m": "Götze crossed from the flank and the attacking player in front of the goal fouled"}, {"id": "4230772", "s1": "0", "s2": "2", "s": "Next", "t": "26'", "m": "Tactical corner kicks are sent out"}, {"id": "4230770", "s1": "0", "s2": "2", "s": "Next", "t": "26'", "m": "Bayern were awarded corner kicks"}, {"id": "4230768", "s1": "0", "s2": "2", "s": "Next", "t": "26'", "m": "Before Robben crossed the box, Alonso followed up with a blast that was saved by Horn"}, {"id": "4230767", "s1": "0", "s2": "2", "s": "Next", "t": "25'", "m": "Bernat's cross was cleared"}, {"id": "4230766", "s1": "0", "s2": "2", "s": "Next", "t": "25'", "m": "Götze advanced with the ball and gave an assist to Bernat"}, {"id": "4230763", "s1": "0", "s2": "2", "s": "Next", "t": "25'", "m": "Cologne also needs to give it a go"}, {"id": "4230757", "s1": "0", "s2": "2", "s": "Next", "t": "24'", "m": "Bayern had two goals in their hands"}, {"id": "4230754", "s1": "0", "s2": "2", "s": "Next", "t": "24'", "m": "Ram scored the ball in front of the penalty area and a long-range shot was blocked by the defender"}, {"id": "4230751", "s1": "0", "s2": "2", "s": "Next", "t": "23'", "m": "Halfa is also unlucky enough"}, {"id": "4230750", "s1": "0", "s2": "2", "s": "Next", "t": "23'", "m": "Goal replay: Götze receives a pass from Robben, crosses the ball in front of goal, and in a panic Halfa touches the ball into his goal under pressure from Alaba"}, {"id": "4230748", "s1": "0", "s2": "2", "s": "Next", "t": "22'", "m": "Own goal!"}, {"id": "4230747", "s1": "0", "s2": "2", "s": "Next", "t": "21'", "m": "Bayern scored another goal"}, {"id": "4230746", "s1": "0", "s2": "1", "s": "Next", "t": "21'", "m": "Fortunately, Cologne returned a passing error"}, {"id": "4230745", "s1": "0", "s2": "1", "s": "Next", "t": "21'", "m": "Bernardia made a pass error"}, {"id": "4230740", "s1": "0", "s2": "1", "s": "Next", "t": "21'", "m": "The free-kick was sent into the box and Neuer confiscated it"}, {"id": "4230737", "s1": "0", "s2": "1", "s": "Next", "t": "20'", "m": "Cologne were awarded a free kick in front"}, {"id": "4230735", "s1": "0", "s2": "1", "s": "Next", "t": "20'", "m": "Alonso defensive foul"}, {"id": "4230725", "s1": "0", "s2": "1", "s": "Next", "t": "19'", "m": "Levan unloaded the ball in the penalty area and turned around, but still did not form a shot under strict defense"}, {"id": "4230720", "s1": "0", "s2": "1", "s": "Next", "t": "19'", "m": "Alonso shifted the ball widely and gave it to Robben on the right"}, {"id": "4230714", "s1": "0", "s2": "1", "s": "Next", "t": "17'", "m": "Robben broke through inside the penalty area and bounced the ball towards goal with the outside of his left foot, but unfortunately no one answered"}, {"id": "4230708", "s1": "0", "s2": "1", "s": "Next", "t": "16'", "m": "Levan took the ball with his back in the penalty area and was stared at by the defenders, who had no chance to turn around and hit the goal"}, {"id": "4230699", "s1": "0", "s2": "1", "s": "Next", "t": "15'", "m": "Today, Ram and Robben echoed a lot on the right"}, {"id": "4230693", "s1": "0", "s2": "1", "s": "Next", "t": "15'", "m": "Ram and Robben on the right side almost succeeded, or the defender made a first kick to destroy"}, {"id": "4230681", "s1": "0", "s2": "1", "s": "Next", "t": "14'", "m": "Hopefully, the offensive will be stepped up"}, {"id": "4230680", "s1": "0", "s2": "1", "s": "Next", "t": "14'", "m": "Cologne has also made substitution adjustments"}, {"id": "4230677", "s1": "0", "s2": "1", "s": "Next", "t": "14'", "m": "Reese replaced Gerhardt"}, {"id": "4230674", "s1": "0", "s2": "1", "s": "Next", "t": "13'", "m": "In front of Robben's corner kick, no one touched the ball"}, {"id": "4230668", "s1": "0", "s2": "1", "s": "Next", "t": "13'", "m": "Bayern get a chance to get a corner kick"}, {"id": "4230665", "s1": "0", "s2": "1", "s": "Next", "t": "13'", "m": "Ram's right-hand under-the-line cross was blocked out of bounds"}, {"id": "4230654", "s1": "0", "s2": "1", "s": "Next", "t": "12'", "m": "After all, Bayern do not have many centre-backs"}, {"id": "4230651", "s1": "0", "s2": "1", "s": "Next", "t": "12'", "m": "See if he can quickly integrate into Bayern"}, {"id": "4230649", "s1": "0", "s2": "1", "s": "Next", "t": "11'", "m": "In recent seasons, he has played steadily and efficiently"}, {"id": "4230645", "s1": "0", "s2": "1", "s": "Next", "t": "11'", "m": "Previously he played for Roma in Serie A"}, {"id": "4230640", "s1": "0", "s2": "1", "s": "Next", "t": "11'", "m": "Benatia also made his Bundesliga debut"}, {"id": "4230638", "s1": "0", "s2": "1", "s": "Next", "t": "11'", "m": "Bayern were suddenly replaced by two centre-backs"}, {"id": "4230635", "s1": "0", "s2": "1", "s": "Next", "t": "10'", "m": "Benatia replaced Mueller"}, {"id": "4230634", "s1": "0", "s2": "1", "s": "Next", "t": "10'", "m": "Dante replaces Boateng"}, {"id": "4230625", "s1": "0", "s2": "1", "s": "Next", "t": "9'", "m": "Fortunately, he stabbed the ball to Boateng behind him in time"}, {"id": "4230623", "s1": "0", "s2": "1", "s": "Next", "t": "9'", "m": "Alonso fell down while in midfield when he had the ball in possession"}, {"id": "4230618", "s1": "0", "s2": "1", "s": "Next", "t": "9'", "m": "Levan crossed the middle to Götze, who unloaded the ball but did not get a chance to shoot"}, {"id": "4230612", "s1": "0", "s2": "1", "s": "Next", "t": "8'", "m": "Alonso's corner kick was sent to the back post and the first point defenders cleared the line"}, {"id": "4230606", "s1": "0", "s2": "1", "s": "Next", "t": "8'", "m": "Bayern get a chance to get a corner kick"}, {"id": "4230602", "s1": "0", "s2": "1", "s": "Next", "t": "8'", "m": "Although one goal behind, the Cologne home fans were still happy"}, {"id": "4230589", "s1": "0", "s2": "1", "s": "Next", "t": "7'", "m": "Cologne was still very dense defensively defending"}, {"id": "4230588", "s1": "0", "s2": "1", "s": "Next", "t": "6'", "m": "The alaba middle road breakthrough was unsuccessful"}, {"id": "4230576", "s1": "0", "s2": "1", "s": "Next", "t": "5'", "m": "Blake's cross from the left was met by the defender at the first point"}, {"id": "4230565", "s1": "0", "s2": "1", "s": "Next", "t": "4'", "m": "Not like the iron barrel formation in the first half"}, {"id": "4230559", "s1": "0", "s2": "1", "s": "Next", "t": "4'", "m": "In just a few minutes after the start of the second half, cologne's formation moved forward"}, {"id": "4230552", "s1": "0", "s2": "1", "s": "Next", "t": "3'", "m": "Matusik's powerful shot was blocked by Neuer"}, {"id": "4230544", "s1": "0", "s2": "1", "s": "Next", "t": "2'", "m": "This kind of long-distance direct pass is relatively risky"}, {"id": "4230540", "s1": "0", "s2": "1", "s": "Next", "t": "2'", "m": "Alonso's direct pass went to Götze and the ball was broken"}, {"id": "4230527", "s1": "0", "s2": "1", "s": "Next", "t": "1'", "m": "The second half began"}, {"id": "4230456", "s1": "0", "s2": "1", "s": "Midfielder", "t": "", "m": "Bayern also want to extend their advantage as soon as possible, and there is also the Champions League next week"}, {"id": "4230440", "s1": "0", "s2": "1", "s": "Midfielder", "t": "", "m": "Instead, cologne almost made a counterattack"}, {"id": "4230436", "s1": "0", "s2": "1", "s": "Midfielder", "t": "", "m": "But it has not been able to expand the score"}, {"id": "4230433", "s1": "0", "s2": "1", "s": "Midfielder", "t": "", "m": "Bayern have easily established an advantage"}, {"id": "4230361", "s1": "0", "s2": "1", "s": "Midfielder", "t": "", "m": "Therefore, there is no time"}, {"id": "4230359", "s1": "0", "s2": "1", "s": "Midfielder", "t": "", "m": "There were few interruptions in the first half"}, {"id": "4230356", "s1": "0", "s2": "1", "s": "Midfielder", "t": "", "m": "The first half of the game is over"}, {"id": "4230348", "s1": "0", "s2": "1", "s": "on", "t": "45'", "m": "Cologne was not allowed to fight back"}, {"id": "4230347", "s1": "0", "s2": "1", "s": "on", "t": "45'", "m": "The Bayern midfielder organized the pressing in time"}, {"id": "4230344", "s1": "0", "s2": "1", "s": "on", "t": "45'", "m": "Boateng's pass was missing"}, {"id": "4230331", "s1": "0", "s2": "1", "s": "on", "t": "43'", "m": "This long-range shot is very powerful, but slightly offside"}, {"id": "4230328", "s1": "0", "s2": "1", "s": "on", "t": "43'", "m": "Cictor's long-range shot was deflected"}, {"id": "4230325", "s1": "0", "s2": "1", "s": "on", "t": "43'", "m": "Cologne attacked again in front of the Bayern penalty area"}, {"id": "4230316", "s1": "0", "s2": "1", "s": "on", "t": "42'", "m": "Towards the end of the first half, Bayern still led 1-0"}, {"id": "4230303", "s1": "0", "s2": "1", "s": "on", "t": "41'", "m": "Robben cut inside, crossed the line, and the defenders released the ball"}, {"id": "4230297", "s1": "0", "s2": "1", "s": "on", "t": "40'", "m": "Alonso passed on to Robben"}, {"id": "4230287", "s1": "0", "s2": "1", "s": "on", "t": "39'", "m": "Götze tried a long-range shot from outside the penalty area and deflected it"}, {"id": "4230281", "s1": "0", "s2": "1", "s": "on", "t": "39'", "m": "In front of Robben's cross, Götze's shot was blocked by Horn"}, {"id": "4230269", "s1": "0", "s2": "1", "s": "on", "t": "39'", "m": "Alonso launched another offensive, and Ram stepped forward to respond"}, {"id": "4230265", "s1": "0", "s2": "1", "s": "on", "t": "38'", "m": "Robben handed the ball to Alonso again"}, {"id": "4230261", "s1": "0", "s2": "1", "s": "on", "t": "38'", "m": "Ram advanced in the middle and gave it to Robben on the right"}, {"id": "4230253", "s1": "0", "s2": "1", "s": "on", "t": "37'", "m": "A goal is clearly not safe"}, {"id": "4230247", "s1": "0", "s2": "1", "s": "on", "t": "37'", "m": "Levan hit the ribs of the Cologne line and stabbed high"}, {"id": "4230241", "s1": "0", "s2": "1", "s": "on", "t": "37'", "m": "Bayern attacked from the left"}, {"id": "4230225", "s1": "0", "s2": "1", "s": "on", "t": "35'", "m": "It may be that Cologne has not attacked for a long time, and Bayern's defense seems to be a bit paralyzed"}, {"id": "4230218", "s1": "0", "s2": "1", "s": "on", "t": "35'", "m": "Cologne almost equalised"}, {"id": "4230215", "s1": "0", "s2": "1", "s": "on", "t": "35'", "m": "Followed by Uja's re-shot and was blocked by Neuer"}, {"id": "4230212", "s1": "0", "s2": "1", "s": "on", "t": "34'", "m": "Gerhart's cross from the left was met by Matusik's shot at the first point, which was blocked by Neuer"}, {"id": "4230205", "s1": "0", "s2": "1", "s": "on", "t": "34'", "m": "Cologne counter-attacked, with Gerhard on the flank defending the ball"}, {"id": "4230194", "s1": "0", "s2": "1", "s": "on", "t": "33'", "m": "Robben's personal abilities are still outstanding"}, {"id": "4230191", "s1": "0", "s2": "1", "s": "on", "t": "33'", "m": "Robben flashed out of the box and hit the far corner with his left foot, and Horn saved the ball"}, {"id": "4230187", "s1": "0", "s2": "1", "s": "on", "t": "32'", "m": "Ramsey ball to Robben"}, {"id": "4230178", "s1": "0", "s2": "1", "s": "on", "t": "32'", "m": "Robben crossed from the right and Horn knocked the ball out of the box"}, {"id": "4230174", "s1": "0", "s2": "1", "s": "on", "t": "32'", "m": "Alonso's long biography found Robben"}, {"id": "4230169", "s1": "0", "s2": "1", "s": "on", "t": "31'", "m": "Horn was very busy today"}, {"id": "4230164", "s1": "0", "s2": "1", "s": "on", "t": "31'", "m": "Alaba crossed and Horn plucked the ball off"}, {"id": "4230162", "s1": "0", "s2": "1", "s": "on", "t": "31'", "m": "Robben took the ball from the flank and tapped it in front of the penalty area"}, {"id": "4230158", "s1": "0", "s2": "1", "s": "on", "t": "30'", "m": "The high ball went to Uja, the first point the two sides fought, and the second point Neuer controlled"}, {"id": "4230156", "s1": "0", "s2": "1", "s": "on", "t": "30'", "m": "The Cologne team organized a counterattack"}, {"id": "4230151", "s1": "0", "s2": "1", "s": "on", "t": "29'", "m": "Bayern went into the box in a row, but did not get a chance to shoot"}, {"id": "4230145", "s1": "0", "s2": "1", "s": "on", "t": "28'", "m": "Alaba fired furiously with his left foot and Horn knocked the ball out of the box"}, {"id": "4230143", "s1": "0", "s2": "1", "s": "on", "t": "28'", "m": "Ram crossed the ball to Alaba"}, {"id": "4230140", "s1": "0", "s2": "1", "s": "on", "t": "27'", "m": "There are already Bayern players warming up on the sidelines"}, {"id": "4230139", "s1": "0", "s2": "1", "s": "on", "t": "27'", "m": "They are about to enter the Champions League"}, {"id": "4230138", "s1": "0", "s2": "1", "s": "on", "t": "27'", "m": "Establishing a lead early is also of great significance to Bayern"}, {"id": "4230135", "s1": "0", "s2": "1", "s": "on", "t": "26'", "m": "Indeed, for them, playing out may concede more goals"}, {"id": "4230133", "s1": "0", "s2": "1", "s": "on", "t": "26'", "m": "Cologne remained defensive"}, {"id": "4230130", "s1": "0", "s2": "1", "s": "on", "t": "24'", "m": "Robben's corner kick was sent out, but it was still released"}, {"id": "4230129", "s1": "0", "s2": "1", "s": "on", "t": "24'", "m": "Bayern were awarded corner kicks"}, {"id": "4230128", "s1": "0", "s2": "1", "s": "on", "t": "24'", "m": "Horn sealed Mueller's shot"}, {"id": "4230126", "s1": "0", "s2": "1", "s": "on", "t": "24'", "m": "Bayern's attack is back"}, {"id": "4230124", "s1": "0", "s2": "1", "s": "on", "t": "23'", "m": "Ram scored the ball in front of the penalty area, pushed forward and fired high from a distance"}, {"id": "4230122", "s1": "0", "s2": "1", "s": "on", "t": "22'", "m": "Bayern maintained their attacking pressure after scoring the goal"}, {"id": "4230120", "s1": "0", "s2": "1", "s": "on", "t": "22'", "m": "Bayern successfully established a leading edge"}, {"id": "4230118", "s1": "0", "s2": "1", "s": "on", "t": "21'", "m": "This also reflects Guardiola's tactical thinking of high-level pressing"}, {"id": "4230117", "s1": "0", "s2": "1", "s": "on", "t": "21'", "m": "A large part of the credit for this goal is due to Rafinha and Robben, who are actively pressing on the wing"}, {"id": "4230116", "s1": "0", "s2": "1", "s": "on", "t": "21'", "m": "Goal replay: Rafinha and Robben forced the ball on the flank, before Robben knocked on the door, Müller received the ball and passed, the first point Levan did not kick, and the latter point Götzen hit the empty goal"}, {"id": "4230115", "s1": "0", "s2": "1", "s": "on", "t": "20'", "m": "The goal scorer is Götze!"}, {"id": "4230114", "s1": "0", "s2": "1", "s": "on", "t": "19'", "m": "Bayern scored!"}, {"id": "4230113", "s1": "0", "s2": "1", "s": "on", "t": "19'", "m": "The ball is in!"}, {"id": "4230111", "s1": "0", "s2": "0", "s": "on", "t": "19'", "m": "And Guardiola's trust in him"}, {"id": "4230110", "s1": "0", "s2": "0", "s": "on", "t": "19'", "m": "This also proves Alonso's superior strength"}, {"id": "4230109", "s1": "0", "s2": "0", "s": "on", "t": "18'", "m": "Alonso came to Bayern for a short time but quickly became a midfield commander"}, {"id": "4230108", "s1": "0", "s2": "0", "s": "on", "t": "18'", "m": "Ram may have thought Alonso was passing Robben's goal"}, {"id": "4230107", "s1": "0", "s2": "0", "s": "on", "t": "18'", "m": "Alonso took the ball in midfield, scored Ram, and Ram did not receive it"}, {"id": "4230105", "s1": "0", "s2": "0", "s": "on", "t": "17'", "m": "Robben came again, cutting inside with the ball and blocking the pass"}, {"id": "4230102", "s1": "0", "s2": "0", "s": "on", "t": "16'", "m": "Alonso passed behind robben, slightly older"}, {"id": "4230101", "s1": "0", "s2": "0", "s": "on", "t": "16'", "m": "Robben's corner kick was sent forward and was cleared by the defenders"}, {"id": "4230099", "s1": "0", "s2": "0", "s": "on", "t": "15'", "m": "Robben took a corner kick"}, {"id": "4230098", "s1": "0", "s2": "0", "s": "on", "t": "15'", "m": "Bayern were awarded corner kicks"}, {"id": "4230097", "s1": "0", "s2": "0", "s": "on", "t": "15'", "m": "Maybe Götze was also shaken by Alonso's superiority"}, {"id": "4230096", "s1": "0", "s2": "0", "s": "on", "t": "15'", "m": "Alonso turned the gyro in place, passed the gynaec, and did not receive it"}, {"id": "4230094", "s1": "0", "s2": "0", "s": "on", "t": "14'", "m": "Bayern still have a big advantage in possession time"}, {"id": "4230090", "s1": "0", "s2": "0", "s": "on", "t": "13'", "m": "Robben and Ram worked a lot together on the right today"}, {"id": "4230087", "s1": "0", "s2": "0", "s": "on", "t": "13'", "m": "Robben picked up the ball on the right and Ram's cross was blocked"}, {"id": "4230085", "s1": "0", "s2": "0", "s": "on", "t": "12'", "m": "Bayern are also patiently looking for opportunities"}, {"id": "4230083", "s1": "0", "s2": "0", "s": "on", "t": "12'", "m": "Ram crossed from the flank and Mueller grabbed the spot and was confiscated by Horn"}, {"id": "4230082", "s1": "0", "s2": "0", "s": "on", "t": "12'", "m": "Boateng assisted and split the ball on the flanks"}, {"id": "4230081", "s1": "0", "s2": "0", "s": "on", "t": "11'", "m": "Cologne's defensive organization is still good at the moment"}, {"id": "4230074", "s1": "0", "s2": "0", "s": "on", "t": "9'", "m": "Alonso's long pass, Muller's first point ferry, the second point defender control"}, {"id": "4230069", "s1": "0", "s2": "0", "s": "on", "t": "8'", "m": "However, it was not enlarged, and it was pulled apart separately"}, {"id": "4230067", "s1": "0", "s2": "0", "s": "on", "t": "8'", "m": "Brechko and Mueller had some arguments"}, {"id": "4230064", "s1": "0", "s2": "0", "s": "on", "t": "7'", "m": "Müller got out of the middle and his left-footed shot was deflected"}, {"id": "4230063", "s1": "0", "s2": "0", "s": "on", "t": "7'", "m": "After the opening, Bayern still controlled the situation on the pitch"}, {"id": "4230059", "s1": "0", "s2": "0", "s": "on", "t": "6'", "m": "Alonso's corner kick was sent to the goal and was released by the defenders"}, {"id": "4230057", "s1": "0", "s2": "0", "s": "on", "t": "6'", "m": "Levan created a corner kick opportunity on the left"}, {"id": "4230055", "s1": "0", "s2": "0", "s": "on", "t": "5'", "m": "Watching the defender in slow motion really knocked out Robben"}, {"id": "4230053", "s1": "0", "s2": "0", "s": "on", "t": "5'", "m": "Robben burst into the penalty area with the ball and fell down, and the referee did not blow the penalty"}, {"id": "4230051", "s1": "0", "s2": "0", "s": "on", "t": "5'", "m": "It was Robben who controlled the ball on the perimeter"}, {"id": "4230050", "s1": "0", "s2": "0", "s": "on", "t": "4'", "m": "Robben's cross was blocked by a defender"}, {"id": "4230046", "s1": "0", "s2": "0", "s": "on", "t": "4'", "m": "Robben la side received the ball"}, {"id": "4230045", "s1": "0", "s2": "0", "s": "on", "t": "4'", "m": "Götze's attack in the middle was blocked"}, {"id": "4230042", "s1": "0", "s2": "0", "s": "on", "t": "3'", "m": "Uja crossed and Neuer plucked the ball off"}, {"id": "4230039", "s1": "0", "s2": "0", "s": "on", "t": "2'", "m": "Cologne's defenders were also pressing against Robben"}, {"id": "4230034", "s1": "0", "s2": "0", "s": "on", "t": "2'", "m": "Robben picked up the ball on the flank and transferred it to the opposite side"}, {"id": "4230028", "s1": "0", "s2": "0", "s": "on", "t": "1'", "m": "Bayern also discharged a strong attacking line today"}, {"id": "4230023", "s1": "0", "s2": "0", "s": "on", "t": "1'", "m": "Bayern wore a black shirt today"}, {"id": "4230021", "s1": "0", "s2": "0", "s": "on", "t": "1'", "m": "The race begins"}, {"id": "4229959", "s1": "0", "s2": "0", "s": "Not matched", "t": "", "m": "Cologne starters: Horn/Brechko, Maro, Wimer, Hector/Matusik, M. Lehmann, Gehalt/Olkovsky, D. Halfa/Uja "}, {"id": "4229956", "s1": "0", "s2": "0", "s": "Not matched", "t": "", "m": "Bayern starters: Neuer/Rafinha, Alonso, Boateng, Bernat/Ram, Araba/Robben, Müller, Götze/Levan"}, {"id": "4229952", "s1": "0", "s2": "0", "s": "Not matched", "t": "", "m": "Bayern Munich's starting line-up is out"}, {"id": "4229904", "s1": "0", "s2": "0", "s": "Not matched", "t": "", "m": "Welcome to the live broadcast of the match"}, {"id": "4229903", "s1": "0", "s2": "0", "s": "Not matched", "t": "", "m": "Hello everyone"}, {"id": "4226425", "s1": "0", "s2": "0", "s": "Not matched", "t": "", "m": "Bayern will also have a consecutive week of double-match clashes in recent weeks, and the holidays will also help the players rest"}, {"id": "4226424", "s1": "0", "s2": "0", "s": "Not matched", "t": "", "m": "After the big victory, the manager Guardiola, who was in a good mood, also gave the players a small vacation, and the original training day became an autograph event for the fans."}, {"id": "4226415", "s1": "0", "s2": "0", "s": "Not matched", "t": "", "m": "In the first half, goals by Götze and Lewandowski set bayern a two-goal lead early. In the second half, goals from Götze and Müller extended the scoreline."}, {"id": "4226414", "s1": "0", "s2": "0", "s": "Not matched", "t": "", "m": "In the last round of the league, Bayern won 4-0 Paderborn with a big win"}, {"id": "4226413", "s1": "0", "s2": "0", "s": "Not matched", "t": "", "m": "Cologne are currently ninth in the table with 6 points with 3 wins and 3 draws and one loss"}, {"id": "4226412", "s1": "0", "s2": "0", "s": "Not matched", "t": "", "m": "Bayern Munich are currently three wins and two draws, topping the table"}, {"id": "4226411", "s1": "0", "s2": "0", "s": "Not matched", "t": "", "m": "The match was played by Cologne against Bayern Munich"}, {"id": "4226410", "s1": "0", "s2": "0", "s": "Not matched", "t": "", "m": "Welcome to Sina Sports' live bundesliga"}, {"id": "4226409", "s1": "0", "s2": "0", "s": "Not matched", "t": "", "m": "Hello everyone"}]