[{"id": "104", "s1": "4", "s2": "0", "s": "", "t": " ", "m": "The match ended with Borussia Dortmund 4-0 Borussia Moncheng, thank you all for watching The Sina Football Live."}, {"id": "103", "s1": "4", "s2": "0", "s": "", "t": "90'+1'", "m": "At the end of the second half, Borussia Dortmund 4-0 Borussia Borussia"}, {"id": "102", "s1": "4", "s2": "0", "s": "", "t": "90'", "m": "Christensen handled the ball out of the bottom line and Borussia Dortmund won a corner kick."}, {"id": "101", "s1": "4", "s2": "0", "s": "", "t": "87'", "m": "Shot!!! Dortmund player Gundogan's right-footed shot from outside the penalty area was saved by the opposing goalkeeper. It was Julian Weigl who gave him the pass."}, {"id": "100", "s1": "4", "s2": "0", "s": "", "t": "85'", "m": "Borussia Dortmund replaced him, and Bender replaced Shinji Kagawa"}, {"id": "99", "s1": "4", "s2": "0", "s": "", "t": "84'", "m": "Borussia Dortmund player Julian Weigl attempted a right-footed shot from outside the penalty area, but unfortunately the ball was high above the top right corner goal."}, {"id": "98", "s1": "4", "s2": "0", "s": "", "t": "83'", "m": "Shinji Kagawa won a free kick for Borussia Dortmund in the opposing half."}, {"id": "97", "s1": "4", "s2": "0", "s": "", "t": "83'", "m": "Borussia Borussia Moncheng's Mohammed Dahoud scrambled for a foul and his opponent was given possession of the ball."}, {"id": "96", "s1": "4", "s2": "0", "s": "", "t": "82'", "m": "Borussia Dortmund player Julian Weigl scrambled for a foul and the opponent was given possession of the ball."}, {"id": "95", "s1": "4", "s2": "0", "s": "", "t": "82'", "m": "Hermann won a free kick for Borussia Monsing at the opposing half."}, {"id": "94", "s1": "4", "s2": "0", "s": "", "t": "81'", "m": "Borussia Dortmund player Shinji Kagawa sent the ball straight to Adrian Ramos, but the referee raised a flag to show that the latter was offside."}, {"id": "93", "s1": "4", "s2": "0", "s": "", "t": "80'", "m": "Borussia Moncheng's Steyndall handball was fouled and the opponent was given the ball."}, {"id": "92", "s1": "4", "s2": "0", "s": "", "t": "79'", "m": "Borussia Moncheng replaced, with Mohammed Dahoud replacing Xhaka"}, {"id": "91", "s1": "4", "s2": "0", "s": "", "t": "78'", "m": "Borki, a Borki player, threw the ball straight into Mkhitaryan, but the referee raised a flag to show that the latter was offside."}, {"id": "90", "s1": "4", "s2": "0", "s": "", "t": "78'", "m": "Borussia Dortmund made a substitution and Kemper replaced Reuss"}, {"id": "89", "s1": "4", "s2": "0", "s": "", "t": "78'", "m": "Dortmund made a substitution, with Adrian Ramos replacing Aubameyang"}, {"id": "88", "s1": "4", "s2": "0", "s": "", "t": "77'", "m": "Yellow! Borussia Moncheng's player Xhaka was shown a yellow card by the referee for a malicious foul."}, {"id": "87", "s1": "4", "s2": "0", "s": "", "t": "77'", "m": "Julian Weigl won a free kick for Borussia Dortmund at the opposing half."}, {"id": "86", "s1": "4", "s2": "0", "s": "", "t": "77'", "m": "Borussia Moncheng's Xhaka scrambled for fouls and his opponents were given possession of the ball."}, {"id": "85", "s1": "4", "s2": "0", "s": "", "t": "76'", "m": "Borussia Dortmund player Shinji Kagawa sent the ball straight to Reus, but the referee raised a flag to show that the latter was offside."}, {"id": "84", "s1": "4", "s2": "0", "s": "", "t": "74'", "m": "Borussia Dortmund player Pierre-Emerick Aubameyang scrambled for a foul and his opponent gained possession of the ball."}, {"id": "83", "s1": "4", "s2": "0", "s": "", "t": "74'", "m": "Janchik won a free kick for Borussia Moncheng."}, {"id": "82", "s1": "4", "s2": "0", "s": "", "t": "74'", "m": "Borussia Dortmund's Mkhitaryan tried his right-footed shot from the right side of the penalty area, but the ball was deflected slightly off the left goal. It was Shinji Kagawa who gave him the ball."}, {"id": "81", "s1": "4", "s2": "0", "s": "", "t": "71'", "m": "Mkhitaryan won a free kick for Borussia Dortmund on the left."}, {"id": "80", "s1": "4", "s2": "0", "s": "", "t": "71'", "m": "Borussia Borussia Mönchenglader scrambled for a foul and the opponent gained possession of the ball."}, {"id": "79", "s1": "4", "s2": "0", "s": "", "t": "70'", "m": "Aubameyang won a free kick for Borussia Dortmund at half."}, {"id": "78", "s1": "4", "s2": "0", "s": "", "t": "70'", "m": "Borussia Borussia Mönchenglader scrambled for a foul and the opponent gained possession of the ball."}, {"id": "77", "s1": "4", "s2": "0", "s": "", "t": "68'", "m": "Mkhitaryan won a free kick for Borussia Dortmund on the left."}, {"id": "76", "s1": "4", "s2": "0", "s": "", "t": "68'", "m": "Borussia Moncheng's Janchik scrambled for a foul and the opponent was given possession of the ball."}, {"id": "75", "s1": "4", "s2": "0", "s": "", "t": "67'", "m": "Mkhitaryan won a free kick for Borussia Dortmund."}, {"id": "74", "s1": "4", "s2": "0", "s": "", "t": "67'", "m": "Borussia Moncheng's Hermann scrambled for a foul and the opponent gained possession of the ball."}, {"id": "73", "s1": "4", "s2": "0", "s": "", "t": "67'", "m": "Dortmund player Hummels scrambled for a foul and the opponent gained possession of the ball."}, {"id": "72", "s1": "4", "s2": "0", "s": "", "t": "67'", "m": "Hazard won a free kick for Borussia Moncheng in the opposing half."}, {"id": "71", "s1": "4", "s2": "0", "s": "", "t": "66'", "m": "Borussia Moncheng replaced, and Hazard replaced Delmić"}, {"id": "70", "s1": "4", "s2": "0", "s": "", "t": "66'", "m": "Borussia Dortmund's Shinji Kagawa attempted a left-footed shot from the centre of the penalty area, but unfortunately the ball was slightly offside the left goal. It was Aubameyang who gave him the ball."}, {"id": "69", "s1": "4", "s2": "0", "s": "", "t": "65'", "m": "Borussia Borussia made a substitution, and Hermann replaced Traoré"}, {"id": "68", "s1": "4", "s2": "0", "s": "", "t": "65'", "m": "Borussia Dortmund player Julian Weigl scrambled for a foul and the opponent was given possession of the ball."}, {"id": "67", "s1": "4", "s2": "0", "s": "", "t": "65'", "m": "Xhaka won a free kick for Borussia Moncheng."}, {"id": "66", "s1": "4", "s2": "0", "s": "", "t": "61'", "m": "Piszczek handled the ball out of the bottom line and Borussia Moncheng won a corner kick."}, {"id": "65", "s1": "4", "s2": "0", "s": "", "t": "59'", "m": "The suspension ended and the players resumed playing."}, {"id": "64", "s1": "4", "s2": "0", "s": "", "t": "59'", "m": "Borussia Dortmund Mkhitaryan fell to the ground injured and the game was suspended"}, {"id": "63", "s1": "4", "s2": "0", "s": "", "t": "59'", "m": "Borussia Monchengyanchik fell to the ground injured and the game was suspended"}, {"id": "62", "s1": "4", "s2": "0", "s": "", "t": "59'", "m": "Borussia Dortmund player Mkhitaryan scrambled for a foul and his opponent was given possession of the ball."}, {"id": "61", "s1": "4", "s2": "0", "s": "", "t": "59'", "m": "Janchik won a free kick for Borussia Moncheng."}, {"id": "60", "s1": "4", "s2": "0", "s": "", "t": "57'", "m": "Shot!!! Borussia Möncheng's Xhaka header from the centre of the penalty area was saved by the opposing goalkeeper. It was Traore who gave him the ball."}, {"id": "59", "s1": "4", "s2": "0", "s": "", "t": "57'", "m": "Hummels handled the ball out of the bottom line and Borussia Moncheng won a corner kick."}, {"id": "58", "s1": "4", "s2": "0", "s": "", "t": "56'", "m": "Borussia Dortmund player Schmelzer scrambled for a foul and his opponent gained possession of the ball."}, {"id": "57", "s1": "4", "s2": "0", "s": "", "t": "56'", "m": "Traore won a free kick for Borussia Möncheng on the right."}, {"id": "56", "s1": "4", "s2": "0", "s": "", "t": "55'", "m": "Borussia Dortmund player Julian Weigl scrambled for a foul and the opponent was given possession of the ball."}, {"id": "55", "s1": "4", "s2": "0", "s": "", "t": "55'", "m": "Raphael won a free kick for Borussia Moncheng."}, {"id": "54", "s1": "4", "s2": "0", "s": "", "t": "54'", "m": "Mkhitaryan won a free kick for Borussia Dortmund."}, {"id": "53", "s1": "4", "s2": "0", "s": "", "t": "54'", "m": "Borussia Borussia Moncheng's Traoré scrambled for a foul and the opponent was given possession of the ball."}, {"id": "52", "s1": "4", "s2": "0", "s": "", "t": "53'", "m": "Dortmund player Reus scrambled for a foul and the opponent was given possession."}, {"id": "51", "s1": "4", "s2": "0", "s": "", "t": "53'", "m": "Traore won a free kick for Borussia Moncheng."}, {"id": "50", "s1": "4", "s2": "0", "s": "", "t": "50'", "m": "Goal!!! Dortmund player Mkhitaryan fired a right-footed shot from the centre of the penalty area, the ball flew from the bottom left corner into the goal and the ball went in! Assisted by Reuss. Dortmund 4-0 Borussia Moncheng."}, {"id": "49", "s1": "3", "s2": "0", "s": "", "t": "49'", "m": "Borussia Borussia Borussia Delmić attempted a right-footed shot from outside the penalty area, but unfortunately the ball deflected off goal. It was Xhaka who gave him the pass."}, {"id": "48", "s1": "3", "s2": "0", "s": "", "t": " ", "m": "The second half began with Borussia Dortmund 3-0 Borussia Borussia Moncheng"}, {"id": "47", "s1": "3", "s2": "0", "s": "", "t": "45'+1'", "m": "At the end of the first half, Borussia Dortmund 3-0 Borussia Borussia Monsing, with a short break, we'll take a look at the performance of the two teams in the second half."}, {"id": "46", "s1": "3", "s2": "0", "s": "", "t": "45'", "m": "Aubameyang won a free kick for Borussia Dortmund on the left."}, {"id": "45", "s1": "3", "s2": "0", "s": "", "t": "45'", "m": "Borussia Moncheng's Janchik scrambled for a foul and the opponent was given possession of the ball."}, {"id": "44", "s1": "3", "s2": "0", "s": "", "t": "44'", "m": "Borussia Dortmund player Piszczek sent the ball straight to Aubameyang, but the referee raised a flag to show the latter was offside."}, {"id": "43", "s1": "3", "s2": "0", "s": "", "t": "42'", "m": "Shot!!! Borussia Dortmund player Papastathopoulos' right-footed shot from outside the penalty area was saved by the opposing goalkeeper. It was Shinji Kagawa who gave him the ball."}, {"id": "42", "s1": "3", "s2": "0", "s": "", "t": "40'", "m": "Julian Weigl won a free kick for Borussia Dortmund at the opposing half."}, {"id": "41", "s1": "3", "s2": "0", "s": "", "t": "40'", "m": "Borussia Moncheng's Xhaka scrambled for fouls and his opponents were given possession of the ball."}, {"id": "40", "s1": "3", "s2": "0", "s": "", "t": "39'", "m": "Borussia Dortmund's Mkhitaryan attempted a left-footed shot from outside the penalty area, but unfortunately the ball was slightly offside the right goal."}, {"id": "39", "s1": "3", "s2": "0", "s": "", "t": "37'", "m": "Hummels won a free kick for Borussia Dortmund."}, {"id": "38", "s1": "3", "s2": "0", "s": "", "t": "37'", "m": "Borussia Borussia Borussia Delmić scrambled for a foul and the opponent was given possession of the ball."}, {"id": "37", "s1": "3", "s2": "0", "s": "", "t": "37'", "m": "Dortmund player Reus scrambled for a foul and the opponent was given possession."}, {"id": "36", "s1": "3", "s2": "0", "s": "", "t": "37'", "m": "Janchik won a free kick for Borussia Moncheng."}, {"id": "35", "s1": "3", "s2": "0", "s": "", "t": "36'", "m": "Borussia Dortmund player Reuss tried his right-footed shot from the left side of the penalty area, but unfortunately the ball was slightly offside the right goal."}, {"id": "34", "s1": "3", "s2": "0", "s": "", "t": "36'", "m": "Borussia Dortmund player Aubameyang's right-footed shot from outside the box was blocked by a defender."}, {"id": "33", "s1": "3", "s2": "0", "s": "", "t": "36'", "m": "Dortmund player Hummels' header from the centre of the penalty area was blocked by a defender. It was Shinji Kagawa who gave him the ball."}, {"id": "32", "s1": "3", "s2": "0", "s": "", "t": "36'", "m": "Schultz handled the ball out of the bottom line and Borussia Dortmund won a corner."}, {"id": "31", "s1": "3", "s2": "0", "s": "", "t": "36'", "m": "Borussia Dortmund player Aubameyang's right-footed shot from the centre of the penalty area was blocked by a defender. It was Piszczek who gave him the ball."}, {"id": "30", "s1": "3", "s2": "0", "s": "", "t": "33'", "m": "Goal!!! Borussia Dortmund's Mkhitaryan shot with his left foot on the front of the goal line, the ball flew into the middle of the net and the ball went in! The assist was Aubameyang. Dortmund 3-0 Borussia Moncheng."}, {"id": "29", "s1": "2", "s2": "0", "s": "", "t": "31'", "m": "Reuss won a free kick for Borussia Dortmund at the opposing half."}, {"id": "28", "s1": "2", "s2": "0", "s": "", "t": "31'", "m": "Borussia Moncheng's Xhaka scrambled for fouls and his opponents were given possession of the ball."}, {"id": "27", "s1": "2", "s2": "0", "s": "", "t": "30'", "m": "Borussia Dortmund's Mkhitaryan attempted a right-footed shot from outside the penalty area, but the ball was deflected slightly off the left goal. It was Julian Weigl who gave him the pass."}, {"id": "26", "s1": "2", "s2": "0", "s": "", "t": "28'", "m": "Borussia Dortmund player Pierre-Emerick Aubameyang scrambled for a foul and his opponent gained possession of the ball."}, {"id": "25", "s1": "2", "s2": "0", "s": "", "t": "28'", "m": "Christensen won a free kick for Borussia Moncheng."}, {"id": "24", "s1": "2", "s2": "0", "s": "", "t": "27'", "m": "Borussia Dortmund player Shinji Kagawa sent the ball straight to Reus, but the referee raised a flag to show that the latter was offside."}, {"id": "23", "s1": "2", "s2": "0", "s": "", "t": "25'", "m": "Reuss won a free kick for Borussia Dortmund at the opposing half."}, {"id": "22", "s1": "2", "s2": "0", "s": "", "t": "25'", "m": "Borussia Moncheng's Schultz scrambled for fouls and his opponent gained possession of the ball."}, {"id": "21", "s1": "2", "s2": "0", "s": "", "t": "21'", "m": "Goal!!! Dortmund player Pierre-Aubameyang's header from the centre of the penalty area, the ball flew from the bottom right corner into the goal and the ball went in! The assist was Schmeltzer. Borussia Dortmund 2-0 Borussia Moncheng."}, {"id": "20", "s1": "1", "s2": "0", "s": "", "t": "21'", "m": "Dortmund player Gundogan's right-footed shot from outside the penalty area was blocked by a defender."}, {"id": "19", "s1": "1", "s2": "0", "s": "", "t": "20'", "m": "Borussia Borussia Mondsing player Wente scrambled for a foul and the opponent gained possession of the ball."}, {"id": "18", "s1": "1", "s2": "0", "s": "", "t": "20'", "m": "Mkhitaryan won a free kick for Borussia Dortmund at the opposing half."}, {"id": "17", "s1": "1", "s2": "0", "s": "", "t": "17'", "m": "Borussia Dortmund player Papastathopoulos scrambled for a foul and the opponent was given possession of the ball."}, {"id": "16", "s1": "1", "s2": "0", "s": "", "t": "17'", "m": "Stindle won a free kick for Borussia Moncheng."}, {"id": "15", "s1": "1", "s2": "0", "s": "", "t": "15'", "m": "Goal!!! Dortmund player Reuss fired a right-footed shot from the left side of the penalty area, the ball flew from the bottom left corner into the goal, and the ball went in! Assisted by Shinji Kagawa. Borussia Dortmund 1-0 Borussia Moncheng."}, {"id": "14", "s1": "0", "s2": "0", "s": "", "t": "13'", "m": "Dortmund player Papastathopoulos tried his header in the middle of the penalty area but unfortunately the ball went high above goal. It was Mkhitaryan who gave him the ball."}, {"id": "13", "s1": "0", "s2": "0", "s": "", "t": "13'", "m": "Schultz handled the ball out of the bottom line and Borussia Dortmund won a corner."}, {"id": "12", "s1": "0", "s2": "0", "s": "", "t": "11'", "m": "Traore won a free kick for Borussia Moncheng."}, {"id": "11", "s1": "0", "s2": "0", "s": "", "t": "11'", "m": "Borussia Dortmund player Schmelzer scrambled for a foul and his opponent gained possession of the ball."}, {"id": "10", "s1": "0", "s2": "0", "s": "", "t": "10'", "m": "Schmelzer handled the ball out of the bottom line and Borussia Moncheng won a corner."}, {"id": "9", "s1": "0", "s2": "0", "s": "", "t": "8'", "m": "Dortmund player Shinji Kagawa threw the ball straight into Mkhitaryan, but the referee raised a flag to show that the latter was offside."}, {"id": "8", "s1": "0", "s2": "0", "s": "", "t": "7'", "m": "Borussia Dortmund player Piszczek scrambled for a foul and the opponent was given possession of the ball."}, {"id": "7", "s1": "0", "s2": "0", "s": "", "t": "7'", "m": "Traore won a free kick for Borussia Moncheng."}, {"id": "6", "s1": "0", "s2": "0", "s": "", "t": "5'", "m": "Borussia Moncheng's Janchik attempted a header in the centre of the penalty area, but unfortunately the ball was slightly above goal. It was Xhaka who gave him the pass."}, {"id": "5", "s1": "0", "s2": "0", "s": "", "t": "5'", "m": "Borussia Moncheng's Xhaka attempted a left-footed shot from outside the penalty area, but unfortunately the ball was slightly offside the right goal."}, {"id": "4", "s1": "0", "s2": "0", "s": "", "t": "5'", "m": "Borussia Borussia Borussia Delmić's left-footed shot from the left side of the penalty area was blocked by a defender. It was Traore who gave him the ball."}, {"id": "3", "s1": "0", "s2": "0", "s": "", "t": "4'", "m": "Schmelzer handled the ball out of the bottom line and Borussia Moncheng won a corner."}, {"id": "2", "s1": "0", "s2": "0", "s": "", "t": "4'", "m": "Hummels handled the ball out of the bottom line and Borussia Moncheng won a corner kick."}, {"id": "1", "s1": "0", "s2": "0", "s": "", "t": " ", "m": "With a whistle from the referee, the first half of the game began."}]