[{"id": "117", "s1": "1", "s2": "0", "s": "", "t": "", "m": "The match ended with Augsburg 1-0 Bayern Munich, thank you for watching The Sina Football Live."}, {"id": "116", "s1": "1", "s2": "0", "s": "", "t": "90'+5'", "m": "At the end of the second half, Augsburg 1-0 Bayern Munich"}, {"id": "115", "s1": "1", "s2": "0", "s": "", "t": "90'+4'", "m": "Augsburg player Hitz threw the ball straight into Bovadilia, but the referee raised a flag to show that the latter was offside."}, {"id": "114", "s1": "1", "s2": "0", "s": "", "t": "90'+4'", "m": "Bayern Munich player Mandzukizi scrambled for a foul and the opponent gained possession of the ball."}, {"id": "113", "s1": "1", "s2": "0", "s": "", "t": "90'+4'", "m": "Kerr won a free kick for Augsburg."}, {"id": "112", "s1": "1", "s2": "0", "s": "", "t": "90'+3'", "m": "Xavi Martinez won a free kick for Bayern Munich."}, {"id": "111", "s1": "1", "s2": "0", "s": "", "t": "90'+3'", "m": "Augsburg player Bova di Lia scrambled for a foul and the opponent was given possession of the ball."}, {"id": "110", "s1": "1", "s2": "0", "s": "", "t": "90'+3'", "m": "The suspension ended and the players resumed playing."}, {"id": "109", "s1": "1", "s2": "0", "s": "", "t": "90'+3'", "m": "Augsburg Hitts fell to the ground injured and the game was suspended"}, {"id": "108", "s1": "1", "s2": "0", "s": "", "t": "90'+2'", "m": "Bayern Munich player Mandzukizi scrambled for a foul and the opponent gained possession of the ball."}, {"id": "107", "s1": "1", "s2": "0", "s": "", "t": "90'+2'", "m": "Hirtz won a free kick for Augsburg."}, {"id": "106", "s1": "1", "s2": "0", "s": "", "t": "90'", "m": "Bayern Munich player Pierre Emile Höjbjerg's left-footed shot from the centre of the penalty area was blocked by a defender. It was Muller who gave him the pass."}, {"id": "105", "s1": "1", "s2": "0", "s": "", "t": "89'", "m": "Augsburg player Bova dillha's left-footed shot from the right side of the penalty area hit the right upright post. It was Eswein who gave him the pass."}, {"id": "104", "s1": "1", "s2": "0", "s": "", "t": "88'", "m": "Weisser won a free kick for Bayern Munich on the right flank."}, {"id": "103", "s1": "1", "s2": "0", "s": "", "t": "88'", "m": "Augsburg player Eswein scrambled for a foul and his opponent was given possession of the ball."}, {"id": "102", "s1": "1", "s2": "0", "s": "", "t": "87'", "m": "Augsburg player Carlson Brack threw the ball straight into Bovadia, but the referee raised a flag to show the latter was offside."}, {"id": "101", "s1": "1", "s2": "0", "s": "", "t": "87'", "m": "Shot!!! Augsburg player Phelps' right-footed shot from the right side of the penalty area was saved by the opposing goalkeeper. It was Cole who gave him the pass."}, {"id": "100", "s1": "1", "s2": "0", "s": "", "t": "85'", "m": "Yellow! Augsburg player Carlson Brack was shown a yellow card by the referee for a malicious foul."}, {"id": "99", "s1": "1", "s2": "0", "s": "", "t": "85'", "m": "Mandzukizi won a free kick for Bayern Munich at the opposing half."}, {"id": "98", "s1": "1", "s2": "0", "s": "", "t": "85'", "m": "Augsburg player Carlson Brack scrambled for a foul and the opponent was given possession of the ball."}, {"id": "97", "s1": "1", "s2": "0", "s": "", "t": "84'", "m": "Yellow! Bayern Munich player Weisser was shown a yellow card by the referee for a malicious foul."}, {"id": "96", "s1": "1", "s2": "0", "s": "", "t": "84'", "m": "Bayern Munich player Weisser scrambled for a foul and his opponent gained possession of the ball."}, {"id": "95", "s1": "1", "s2": "0", "s": "", "t": "84'", "m": "Eswewe won a free kick because Augsburg was on the left."}, {"id": "94", "s1": "1", "s2": "0", "s": "", "t": "83'", "m": "Augsburg made a substitution, and Bovadilla replaced Merdes"}, {"id": "93", "s1": "1", "s2": "0", "s": "", "t": "82'", "m": "Yellow! Bayern Munich player Van Bierten was shown a yellow card by the referee for a malicious foul."}, {"id": "92", "s1": "1", "s2": "0", "s": "", "t": "82'", "m": "Bayern Munich player Van Birten scrambled for a foul and the opponent was given possession of the ball."}, {"id": "91", "s1": "1", "s2": "0", "s": "", "t": "82'", "m": "Mölders won a free kick for Augsburg."}, {"id": "90", "s1": "1", "s2": "0", "s": "", "t": "81'", "m": "Bayern Munich player Javi Martinez attempted a right-footed shot from the centre of the penalty area, but the ball was deflected slightly off the right goal. It was Mandzukizi who gave him the ball."}, {"id": "89", "s1": "1", "s2": "0", "s": "", "t": "81'", "m": "Pierre-Emile Höjbjerg won a free kick for Bayern Munich on the right."}, {"id": "88", "s1": "1", "s2": "0", "s": "", "t": "81'", "m": "Augsburg player Osterjolek scrambled for a foul and the opponent was given possession of the ball."}, {"id": "87", "s1": "1", "s2": "0", "s": "", "t": "80'", "m": "Bayern Munich player Götze attempted a right-footed shot from outside the penalty area, but unfortunately the ball was slightly offside the left goal. It was Muller who gave him the pass."}, {"id": "86", "s1": "1", "s2": "0", "s": "", "t": "79'", "m": "Bayern Munich player Weisser scrambled for a foul and his opponent gained possession of the ball."}, {"id": "85", "s1": "1", "s2": "0", "s": "", "t": "79'", "m": "Bayer won a free kick for Augsburg."}, {"id": "84", "s1": "1", "s2": "0", "s": "", "t": "77'", "m": "Shot!!! Bayern Munich player Müller's right-footed shot from the left side of the penalty area was saved by the opposing goalkeeper. It was Alaba who gave him the ball."}, {"id": "83", "s1": "1", "s2": "0", "s": "", "t": "76'", "m": "Augsburg was replaced, with Reinhardt replacing Jeong-Ho Hong"}, {"id": "82", "s1": "1", "s2": "0", "s": "", "t": "75'", "m": "Augsburg player Fervhag kicked the ball straight into Phelps, but the referee raised a flag to show that the latter was offside."}, {"id": "81", "s1": "1", "s2": "0", "s": "", "t": "73'", "m": "Bayern Munich player Mandzukic tried to head the ball on the right side of the penalty area, but unfortunately the ball was slightly offside the left goal. It was Kroos who gave him the ball."}, {"id": "80", "s1": "1", "s2": "0", "s": "", "t": "73'", "m": "Jeong-Ho Hong handled the ball off the line and Bayern Munich won a corner kick."}, {"id": "79", "s1": "1", "s2": "0", "s": "", "t": "70'", "m": "Xavi Martinez won a free kick for Bayern Munich."}, {"id": "78", "s1": "1", "s2": "0", "s": "", "t": "70'", "m": "Augsburg player Phelps scrambled for fouls and his opponents were given possession of the ball."}, {"id": "77", "s1": "1", "s2": "0", "s": "", "t": "68'", "m": "Bayern Munich player Alaba's right-footed shot from outside the penalty area hit the left upright of the goalpost. It was Mandzukizi who gave him the ball."}, {"id": "76", "s1": "1", "s2": "0", "s": "", "t": "67'", "m": "The suspension ended and the players resumed playing."}, {"id": "75", "s1": "1", "s2": "0", "s": "", "t": "66'", "m": "Augsburg Jeong-Ho Hong fell to the ground injured and the game was suspended"}, {"id": "74", "s1": "1", "s2": "0", "s": "", "t": "65'", "m": "Bayern Munich player Kroos scrambled for a foul and the opponent was given possession."}, {"id": "73", "s1": "1", "s2": "0", "s": "", "t": "65'", "m": "Phelps won a free kick for Augsburg."}, {"id": "72", "s1": "1", "s2": "0", "s": "", "t": "64'", "m": "Schweinsterge won a free kick for Bayern Munich."}, {"id": "71", "s1": "1", "s2": "0", "s": "", "t": "64'", "m": "Augsburg player Meurdes scrambled for a foul and the opponent gained possession of the ball."}, {"id": "70", "s1": "1", "s2": "0", "s": "", "t": "64'", "m": "Augsburg player Ostjolek was shown a yellow card by the referee."}, {"id": "69", "s1": "1", "s2": "0", "s": "", "t": "64'", "m": "Neuer won a free kick for Bayern Munich."}, {"id": "68", "s1": "1", "s2": "0", "s": "", "t": "64'", "m": "Augsburg player Osterjolek scrambled for a foul and the opponent was given possession of the ball."}, {"id": "67", "s1": "1", "s2": "0", "s": "", "t": "63'", "m": "Bayern Munich made a substitution, Müller replaced Pizarro"}, {"id": "66", "s1": "1", "s2": "0", "s": "", "t": "62'", "m": "Harvey Martinez handled the ball out of the box and Augsburg won the corner."}, {"id": "65", "s1": "1", "s2": "0", "s": "", "t": "60'", "m": "Augsburg player Kerr's right-footed shot from outside the penalty area was blocked by a defender."}, {"id": "64", "s1": "1", "s2": "0", "s": "", "t": "60'", "m": "Augsburg player Kerr's right-footed shot from outside the penalty area was blocked by a defender."}, {"id": "63", "s1": "1", "s2": "0", "s": "", "t": "60'", "m": "Weisser handled the ball out of the bottom line and Augsburg won a corner kick."}, {"id": "62", "s1": "1", "s2": "0", "s": "", "t": "59'", "m": "Bayern Munich player Alaba attempted a left-footed shot from outside the penalty area, but unfortunately the ball deflected off target."}, {"id": "61", "s1": "1", "s2": "0", "s": "", "t": "58'", "m": "Yellow! Augsburg player Jeong-Ho Hong was shown a yellow card by the referee for a malicious foul."}, {"id": "60", "s1": "1", "s2": "0", "s": "", "t": "58'", "m": "Pierre-Emile Höjbjerg won a free kick for Bayern Munich at the opposing half."}, {"id": "59", "s1": "1", "s2": "0", "s": "", "t": "58'", "m": "Augsburg player Jeong-Ho Hong scrambled for a foul and his opponent received possession of the ball."}, {"id": "58", "s1": "1", "s2": "0", "s": "", "t": "54'", "m": "Bayern Munich player Pizarro threw the ball straight into Götze, but the referee raised a flag to show that the latter was offside."}, {"id": "57", "s1": "1", "s2": "0", "s": "", "t": "54'", "m": "Augsburg was replaced, and Phelps replaced Holzhauser"}, {"id": "56", "s1": "1", "s2": "0", "s": "", "t": "53'", "m": "Bayern Munich player Pierre Emile Höjbjerg attempted a left-footed shot from outside the penalty area, but unfortunately the ball went high above goal."}, {"id": "55", "s1": "1", "s2": "0", "s": "", "t": "53'", "m": "Jeong-Ho Hong handled the ball off the line and Bayern Munich won a corner kick."}, {"id": "54", "s1": "1", "s2": "0", "s": "", "t": "53'", "m": "Bayern Munich player Pierre Emile Höjbjerg's right-footed shot from the centre of the penalty area was blocked by a defender. It was Götze who gave him the ball."}, {"id": "53", "s1": "1", "s2": "0", "s": "", "t": "52'", "m": "Schweinsterger won a free kick for Bayern Munich on the left."}, {"id": "52", "s1": "1", "s2": "0", "s": "", "t": "52'", "m": "Augsburg player Kerr scrambled for a foul and the opponent was given possession of the ball."}, {"id": "51", "s1": "1", "s2": "0", "s": "", "t": "52'", "m": "Shot!!! Augsburg player Eswein's left-footed shot from the centre of the penalty area was saved by the opposing goalkeeper. It was Melders who gave him the pass."}, {"id": "50", "s1": "1", "s2": "0", "s": "", "t": "51'", "m": "Bayern Munich made a substitution, alaba replaced Ylli Sallahi"}, {"id": "49", "s1": "1", "s2": "0", "s": "", "t": "50'", "m": "Götze won a free kick for Bayern Munich in the opposing half."}, {"id": "48", "s1": "1", "s2": "0", "s": "", "t": "50'", "m": "Augsburg player Beyer scrambled for a foul and the opponent was given possession."}, {"id": "47", "s1": "1", "s2": "0", "s": "", "t": "50'", "m": "Bayern Munich player Javi Martinez attempted a header in the centre of the penalty area, but unfortunately the ball was slightly above goal. It was Ylli Sallahi who gave him the ball."}, {"id": "46", "s1": "1", "s2": "0", "s": "", "t": "49'", "m": "Carlson Brack handled the ball off the line and Bayern Munich won a corner kick."}, {"id": "45", "s1": "1", "s2": "0", "s": "", "t": "48'", "m": "Pierre-Emile Höjbjerg won a free kick for Bayern Munich on the right."}, {"id": "44", "s1": "1", "s2": "0", "s": "", "t": "48'", "m": "Augsburg player Carlson Brack scrambled for a foul and the opponent was given possession of the ball."}, {"id": "43", "s1": "1", "s2": "0", "s": "", "t": "47'", "m": "Bayern Munich player Mandzukic tried his header in the centre of the penalty area, but unfortunately the ball was slightly offside the right goal. It was Ylli Sallahi who gave him the ball."}, {"id": "42", "s1": "1", "s2": "0", "s": "", "t": "46'", "m": "Götze won a free kick for Bayern Munich in the opposing half."}, {"id": "41", "s1": "1", "s2": "0", "s": "", "t": "46'", "m": "Augsburg player Carlson Brack scrambled for a foul and the opponent was given possession of the ball."}, {"id": "40", "s1": "1", "s2": "0", "s": "", "t": "", "m": "At the start of the second half, Augsburg 1-0 Bayern Munich"}, {"id": "39", "s1": "1", "s2": "0", "s": "", "t": "45'", "m": "Bayern Munich made a substitution and Götze replaced Shakiri"}, {"id": "38", "s1": "1", "s2": "0", "s": "", "t": "45'+1'", "m": "At the end of the first half, Augsburg 1-0 Bayern Munich, a short break, we will take a look at the performance of the two teams in the second half."}, {"id": "37", "s1": "1", "s2": "0", "s": "", "t": "45'", "m": "Schweinsterge won a free kick for Bayern Munich."}, {"id": "36", "s1": "1", "s2": "0", "s": "", "t": "45'", "m": "Augsburg player Kerr scrambled for a foul and the opponent was given possession of the ball."}, {"id": "35", "s1": "1", "s2": "0", "s": "", "t": "41'", "m": "Augsburg player Merdes was fouled for handball and the opponent was given the ball."}, {"id": "34", "s1": "1", "s2": "0", "s": "", "t": "40'", "m": "Bayern Munich player Schweinsteiger scrambled for a foul and his opponent was given possession of the ball."}, {"id": "33", "s1": "1", "s2": "0", "s": "", "t": "40'", "m": "Altentop won a free kick for Augsburg."}, {"id": "32", "s1": "1", "s2": "0", "s": "", "t": "39'", "m": "Shot!!! Bayern Munich player Pierre Emile Höjbjerg's right-footed shot from outside the penalty area was saved by the opposing goalkeeper. It was Pizarro who gave him the pass."}, {"id": "31", "s1": "1", "s2": "0", "s": "", "t": "39'", "m": "Shaqiri won a free kick for Bayern Munich."}, {"id": "30", "s1": "1", "s2": "0", "s": "", "t": "39'", "m": "Augsburg player Osterjolek scrambled for a foul and the opponent was given possession of the ball."}, {"id": "29", "s1": "1", "s2": "0", "s": "", "t": "38'", "m": "Shot!!! Augsburg player Meurdes' right-footed shot from the right side of the penalty area was saved by the opposing goalkeeper. It was Fervág who gave him the ball."}, {"id": "28", "s1": "1", "s2": "0", "s": "", "t": "34'", "m": "Bayern Munich player Schweinsteiger attempted a right-footed shot from outside the penalty area, but unfortunately the ball was high above the top right corner."}, {"id": "27", "s1": "1", "s2": "0", "s": "", "t": "33'", "m": "Mandzukizi won a free kick for Bayern Munich at the opposing half."}, {"id": "26", "s1": "1", "s2": "0", "s": "", "t": "33'", "m": "Augsburg player Carlson Brack scrambled for a foul and the opponent was given possession of the ball."}, {"id": "25", "s1": "1", "s2": "0", "s": "", "t": "31'", "m": "Goal!!! Augsburg player Meurdes fired a left-footed shot from the left side of the penalty area, the ball flew into the goal from the top right corner, and the ball went in! Assisted by Bayer. Augsburg 1-0 Bayern Munich."}, {"id": "24", "s1": "0", "s2": "0", "s": "", "t": "26'", "m": "Shot!!! Augsburg player Altentop's left-footed shot from the centre of the penalty area was saved by the opposing goalkeeper. It was Eswein who gave him the pass."}, {"id": "23", "s1": "0", "s2": "0", "s": "", "t": "24'", "m": "Bayern Munich player Javi Martinez scrambled for a foul and his opponent gained possession of the ball."}, {"id": "22", "s1": "0", "s2": "0", "s": "", "t": "24'", "m": "Meurdes won a free kick for Augsburg on the right."}, {"id": "21", "s1": "0", "s2": "0", "s": "", "t": "21'", "m": "Osterjolek handled the ball out of the line and Bayern Munich won a corner kick."}, {"id": "20", "s1": "0", "s2": "0", "s": "", "t": "20'", "m": "Bayern Munich player Pizarro scrambled for a foul and the opponent was given possession of the ball."}, {"id": "19", "s1": "0", "s2": "0", "s": "", "t": "20'", "m": "Eswei won a free kick for Augsburg."}, {"id": "18", "s1": "0", "s2": "0", "s": "", "t": "20'", "m": "Bayern Munich player Pizarro's right-footed shot from outside the penalty area was blocked by a defender. It was Shaqiri who gave him the pass."}, {"id": "17", "s1": "0", "s2": "0", "s": "", "t": "18'", "m": "Bayern Munich player Kroos attempted a left-footed shot from outside the penalty area, but unfortunately the ball was slightly offside the right goal."}, {"id": "16", "s1": "0", "s2": "0", "s": "", "t": "17'", "m": "Augsburg player Beyer kicked the ball straight into Eswein, but the referee raised a flag to show that the latter was offside."}, {"id": "15", "s1": "0", "s2": "0", "s": "", "t": "16'", "m": "Bayern Munich player Pierre-Emile Höjbjerg scrambled for a foul and the opponent received possession of the ball."}, {"id": "14", "s1": "0", "s2": "0", "s": "", "t": "16'", "m": "Kerr won a free kick for Augsburg in the opposing half."}, {"id": "13", "s1": "0", "s2": "0", "s": "", "t": "11'", "m": "Shot!!! Augsburg player Meurdes' left-footed shot from the centre of the penalty area was saved by the opposing goalkeeper. It was Holtzhauser who gave him the pass."}, {"id": "12", "s1": "0", "s2": "0", "s": "", "t": "10'", "m": "Augsburg player Osterjolek kicked the ball straight into Holtzhauser, but the referee raised a flag to show that the latter was offside."}, {"id": "11", "s1": "0", "s2": "0", "s": "", "t": "10'", "m": "Bayern Munich player Shaqiri attempted a left-footed shot from outside the penalty area, but unfortunately the ball was slightly offside the right goal. It was Weisser who gave him the ball."}, {"id": "10", "s1": "0", "s2": "0", "s": "", "t": "9'", "m": "Bayern Munich player Schweinsteiger scrambled for a foul and his opponent was given possession of the ball."}, {"id": "9", "s1": "0", "s2": "0", "s": "", "t": "9'", "m": "Altentop won a free kick for Augsburg."}, {"id": "8", "s1": "0", "s2": "0", "s": "", "t": "6'", "m": "Augsburg player Holzhauser's left-footed shot from outside the penalty area was blocked by a defender."}, {"id": "7", "s1": "0", "s2": "0", "s": "", "t": "5'", "m": "Bayer won a free kick for Augsburg at the opposing half."}, {"id": "6", "s1": "0", "s2": "0", "s": "", "t": "5'", "m": "Bayern Munich player Schweinsteiger scrambled for a foul and his opponent was given possession of the ball."}, {"id": "5", "s1": "0", "s2": "0", "s": "", "t": "4'", "m": "Bayern Munich player Pierre-Emile Höjbjerg scrambled for a foul and the opponent received possession of the ball."}, {"id": "4", "s1": "0", "s2": "0", "s": "", "t": "4'", "m": "Holzhauser won a free-kick for Augsburg."}, {"id": "3", "s1": "0", "s2": "0", "s": "", "t": "2'", "m": "Neuer handled the ball out of the line and Augsburg won the corner."}, {"id": "2", "s1": "0", "s2": "0", "s": "", "t": "2'", "m": "Shot!!! Augsburg player Ostjolek's left-footed shot from outside the penalty area was saved by the opposing goalkeeper. It was Cole who gave him the pass."}, {"id": "1", "s1": "0", "s2": "0", "s": "", "t": "", "m": "With a whistle from the referee, the first half of the game began."}]