[{"id": "132", "s1": "3", "s2": "0", "s": "", "t": "", "m": "The match ended with Bayern Munich 3-0 Wolfsburg and thank you for watching the Sina Football Live."}, {"id": "131", "s1": "3", "s2": "0", "s": "", "t": "90'+2'", "m": "At the end of the second half, Bayern Munich 3-0 Wolfsburg"}, {"id": "130", "s1": "3", "s2": "0", "s": "", "t": "90'+1'", "m": "Bayern Munich player Kroos attempted a right-footed shot with a direct free-kick, but unfortunately the ball was slightly offside the left goal."}, {"id": "129", "s1": "3", "s2": "0", "s": "", "t": "90'+1'", "m": "Ribery won a free kick for Bayern Munich on the left."}, {"id": "128", "s1": "3", "s2": "0", "s": "", "t": "90'+1'", "m": "Wolfsburg player Fagney scrambled for a foul and his opponent gained possession of the ball."}, {"id": "127", "s1": "3", "s2": "0", "s": "", "t": "90'+1'", "m": "Shot!!! Bayern Munich player Pizarro's right-footed shot from the right side of the penalty area was saved by the opposing goalkeeper. It was Kroos who gave him the ball."}, {"id": "126", "s1": "3", "s2": "0", "s": "", "t": "90'", "m": "Bayern Munich player Pizarro kicked the ball straight into Schweinsteiger, but the referee raised a flag to show that the latter was offside."}, {"id": "125", "s1": "3", "s2": "0", "s": "", "t": "89'", "m": "Bayern Munich player Schweinsterger attempted a right-footed shot from outside the penalty area, but the ball was deflected slightly off the left goal. It was Pizarro who gave him the pass."}, {"id": "124", "s1": "3", "s2": "0", "s": "", "t": "89'", "m": "Shot!!! Bayern Munich player Bad Stuber's right-footed shot from outside the box was saved by the opposing goalkeeper. It was Shakiri who passed the ball to him."}, {"id": "123", "s1": "3", "s2": "0", "s": "", "t": "86'", "m": "Boateng handled the ball out of the bottom line and Wolfsburg won a corner kick."}, {"id": "122", "s1": "3", "s2": "0", "s": "", "t": "85'", "m": "Bayern Munich player Boateng scrambled for a foul and his opponent gained possession of the ball."}, {"id": "121", "s1": "3", "s2": "0", "s": "", "t": "85'", "m": "Vernia won a free kick for Wolfsburg on the left."}, {"id": "120", "s1": "3", "s2": "0", "s": "", "t": "83'", "m": "Bayern Munich player Kroos made a dangerous move and the opponent gained possession of the ball."}, {"id": "119", "s1": "3", "s2": "0", "s": "", "t": "83'", "m": "Diego won a free kick for Wolfsburg."}, {"id": "118", "s1": "3", "s2": "0", "s": "", "t": "83'", "m": "Ribery won a free kick for Bayern Munich on the right."}, {"id": "117", "s1": "3", "s2": "0", "s": "", "t": "83'", "m": "Wolfsburg player Rodriguez scrambled for a foul and the opponent gained possession."}, {"id": "116", "s1": "3", "s2": "0", "s": "", "t": "82'", "m": "Yellow! Bayern Munich player Schweinsteiger was shown a yellow card by the referee for a malicious foul."}, {"id": "115", "s1": "3", "s2": "0", "s": "", "t": "82'", "m": "Bayern Munich player Schweinsteiger scrambled for a foul and his opponent was given possession of the ball."}, {"id": "114", "s1": "3", "s2": "0", "s": "", "t": "82'", "m": "Diego won a free kick for Wolfsburg on the left."}, {"id": "113", "s1": "3", "s2": "0", "s": "", "t": "81'", "m": "Wolfsburg made a substitution and R-Johnson replaced Dost"}, {"id": "112", "s1": "3", "s2": "0", "s": "", "t": "80'", "m": "Bayern Munich player Ribery scrambled for a foul and his opponent was given possession of the ball."}, {"id": "111", "s1": "3", "s2": "0", "s": "", "t": "80'", "m": "Josue won a free kick for Wolfsburg."}, {"id": "110", "s1": "3", "s2": "0", "s": "", "t": "79'", "m": "Bayern Munich substitutions, Pizarro on, Mandzukic due to injury."}, {"id": "109", "s1": "3", "s2": "0", "s": "", "t": "75'", "m": "Shakiri won a free kick for Bayern Munich on the right."}, {"id": "108", "s1": "3", "s2": "0", "s": "", "t": "75'", "m": "Wolfsburg player Rodriguez scrambled for a foul and the opponent gained possession."}, {"id": "107", "s1": "3", "s2": "0", "s": "", "t": "74'", "m": "Wolfsburg player Fagney tucked the ball straight into Oric, but the referee raised a flag to show that the latter was offside."}, {"id": "106", "s1": "3", "s2": "0", "s": "", "t": "72'", "m": "Bayern Munich substitutions, Timoschuk, Xavi Martinez due to injury."}, {"id": "105", "s1": "3", "s2": "0", "s": "", "t": "71'", "m": "Bayern Munich player Shakiri tried his left-footed shot from outside the penalty area, but unfortunately the ball was slightly offside the right goal. The one who passed the ball to him was Xavi Martinez."}, {"id": "104", "s1": "3", "s2": "0", "s": "", "t": "70'", "m": "Bayern Munich player Ribery tried his right-footed shot from the left side of the penalty area, but the ball deflected off the goal. It was Bad Stuber who gave him the pass."}, {"id": "103", "s1": "3", "s2": "0", "s": "", "t": "69'", "m": "Wolfsburg player Orlic attempted a left-footed shot from a small angle on the left side of the goal, but unfortunately the ball was slightly offside the left goal."}, {"id": "102", "s1": "3", "s2": "0", "s": "", "t": "68'", "m": "The suspension ended and the players resumed playing."}, {"id": "101", "s1": "3", "s2": "0", "s": "", "t": "68'", "m": "Bayern Munich Javi Martinez fell to the ground injured and the game was suspended"}, {"id": "100", "s1": "3", "s2": "0", "s": "", "t": "68'", "m": "Bayern Munich made a substitution, kroos replaced Robben"}, {"id": "99", "s1": "3", "s2": "0", "s": "", "t": "67'", "m": "Wolfsburg was replaced and Vernia replaced Thomas Kronborg"}, {"id": "98", "s1": "3", "s2": "0", "s": "", "t": "67'", "m": "Wolfsburg made a substitution and Trasch replaced Nardeau"}, {"id": "97", "s1": "3", "s2": "0", "s": "", "t": "65'", "m": "Goal!!! Bayern Munich player Mandzukic's header from the centre of the penalty area, the ball deflected up from the centre of the box and flew into the net, the ball was scored! Assisted by Ram. Bayern Munich 3-0 Wolfsburg."}, {"id": "96", "s1": "2", "s2": "0", "s": "", "t": "63'", "m": "Wolfsburg player Naldo attempted a right-footed shot from outside the penalty area, but unfortunately the ball went high above goal."}, {"id": "95", "s1": "2", "s2": "0", "s": "", "t": "62'", "m": "Bayern Munich player Schweinsteiger scrambled for a foul and his opponent was given possession of the ball."}, {"id": "94", "s1": "2", "s2": "0", "s": "", "t": "62'", "m": "Dost won a free kick for Wolfsburg in the opposing half."}, {"id": "93", "s1": "2", "s2": "0", "s": "", "t": "61'", "m": "Bayern Munich player Javi Martinez scrambled for a foul and his opponent gained possession of the ball."}, {"id": "92", "s1": "2", "s2": "0", "s": "", "t": "61'", "m": "Thomas Kronborg won a free kick for Wolfsburg."}, {"id": "91", "s1": "2", "s2": "0", "s": "", "t": "61'", "m": "Bad Stuber won a free kick for Bayern Munich."}, {"id": "90", "s1": "2", "s2": "0", "s": "", "t": "61'", "m": "Wolfsburg player Diego scrambled for a foul and his opponent gained possession of the ball."}, {"id": "89", "s1": "2", "s2": "0", "s": "", "t": "59'", "m": "Boateng won a free kick for Bayern Munich."}, {"id": "88", "s1": "2", "s2": "0", "s": "", "t": "59'", "m": "Wolfsburg player Oric scrambled for a foul and the opponent gained possession of the ball."}, {"id": "87", "s1": "2", "s2": "0", "s": "", "t": "59'", "m": "Wolfsburg player Diego kicked the ball straight into Dost, but the referee raised a flag to show that the latter was offside."}, {"id": "86", "s1": "2", "s2": "0", "s": "", "t": "58'", "m": "Bayern Munich player Bad Stuber thrust the ball straight into Mandzukic, but the referee raised a flag to show the latter was offside."}, {"id": "85", "s1": "2", "s2": "0", "s": "", "t": "57'", "m": "Goal!!! Bayern Munich player Mandzukic's header from the centre of the penalty area, the ball flew from the top right corner into the goal and the ball went in! Assisted by Shakiri. Bayern Munich 2-0 Wolfsburg."}, {"id": "84", "s1": "1", "s2": "0", "s": "", "t": "56'", "m": "Rahm handled the ball out of the box and Wolfsburg won the corner."}, {"id": "83", "s1": "1", "s2": "0", "s": "", "t": "54'", "m": "Bayern Munich player Schweinsterge threw the ball straight into Ram, but the referee raised a flag to show that the latter was offside."}, {"id": "82", "s1": "1", "s2": "0", "s": "", "t": "53'", "m": "Boateng won a free kick for Bayern Munich."}, {"id": "81", "s1": "1", "s2": "0", "s": "", "t": "53'", "m": "Wolfsburg player Oric scrambled for a foul and the opponent gained possession of the ball."}, {"id": "80", "s1": "1", "s2": "0", "s": "", "t": "53'", "m": "Shot!!! Wolfsburg player Orlic's left-footed shot from the left side of the penalty area was saved by the opposing goalkeeper. The one who passed the ball to him was Thomas Kronberg."}, {"id": "79", "s1": "1", "s2": "0", "s": "", "t": "51'", "m": "Bayern Munich player Javi Martinez scrambled for a foul and his opponent gained possession of the ball."}, {"id": "78", "s1": "1", "s2": "0", "s": "", "t": "51'", "m": "Diego won a free kick for Wolfsburg."}, {"id": "77", "s1": "1", "s2": "0", "s": "", "t": "50'", "m": "Bayern Munich player Mandzukic tucked the ball straight into Xavi Martinez, but the referee raised a flag to show the latter was offside."}, {"id": "76", "s1": "1", "s2": "0", "s": "", "t": "49'", "m": "Wolfsburg player Diego handball was fouled and the opponent was given the ball."}, {"id": "75", "s1": "1", "s2": "0", "s": "", "t": "47'", "m": "Bayern Munich player Robben threw the ball straight into Ribery, but the referee raised a flag to show that the latter was offside."}, {"id": "74", "s1": "1", "s2": "0", "s": "", "t": "47'", "m": "Shot!!! Bayern Munich player Robben's left-footed shot from the centre of the penalty area was saved by the opposing goalkeeper."}, {"id": "73", "s1": "1", "s2": "0", "s": "", "t": "47'", "m": "Shot!!! Bayern Munich player Mandzukic's right-footed shot from the centre of the penalty area was saved by the opposing goalkeeper. It was Ribery who gave him the ball."}, {"id": "72", "s1": "1", "s2": "0", "s": "", "t": "47'", "m": "Ram won a free kick for Bayern Munich on the right."}, {"id": "71", "s1": "1", "s2": "0", "s": "", "t": "47'", "m": "Wolfsburg player Oric scrambled for a foul and the opponent gained possession of the ball."}, {"id": "70", "s1": "1", "s2": "0", "s": "", "t": "", "m": "The second half began with Bayern Munich 1-0 Wolfsburg"}, {"id": "69", "s1": "1", "s2": "0", "s": "", "t": "45'+3'", "m": "At the end of the first half, Bayern Munich 1-0 Wolfsburg, with a short break, we will take a look at the performance of the two teams in the second half."}, {"id": "68", "s1": "1", "s2": "0", "s": "", "t": "45'+2'", "m": "Shot!!! Bayern Munich player Robben's left-footed shot from the left side of the penalty area was saved by the opposing goalkeeper. It was Ribery who gave him the ball."}, {"id": "67", "s1": "1", "s2": "0", "s": "", "t": "45'+1'", "m": "Pogatts handled the ball out of the line and Bayern Munich won a corner kick."}, {"id": "66", "s1": "1", "s2": "0", "s": "", "t": "45'", "m": "Pogatts handled the ball out of the line and Bayern Munich won a corner kick."}, {"id": "65", "s1": "1", "s2": "0", "s": "", "t": "45'", "m": "Wolfsburg player Rodriguez attempted a left-footed shot from the left side of the penalty area, but unfortunately the ball was slightly offside the left goal. The one who passed the ball to him was Thomas Kronberg."}, {"id": "64", "s1": "1", "s2": "0", "s": "", "t": "44'", "m": "Bayern Munich player Javi Martinez scrambled for a foul and his opponent gained possession of the ball."}, {"id": "63", "s1": "1", "s2": "0", "s": "", "t": "44'", "m": "Thomas Kronborg won a free kick for Wolfsburg."}, {"id": "62", "s1": "1", "s2": "0", "s": "", "t": "42'", "m": "Benagrio handled the ball out of the line and Bayern Munich won a corner kick."}, {"id": "61", "s1": "1", "s2": "0", "s": "", "t": "42'", "m": "Shot!!! Bayern Munich player Robben's right-footed shot from the right side of the penalty area was saved by the opposing goalkeeper. It was Ram who gave him the pass."}, {"id": "60", "s1": "1", "s2": "0", "s": "", "t": "41'", "m": "Bayern Munich player Javi Martinez scrambled for a foul and his opponent gained possession of the ball."}, {"id": "59", "s1": "1", "s2": "0", "s": "", "t": "41'", "m": "Rodriguez won a free kick for Wolfsburg on the left."}, {"id": "58", "s1": "1", "s2": "0", "s": "", "t": "39'", "m": "Shot!!! Bayern Munich player Shakiri's left-footed shot from outside the penalty area was saved by the opposing goalkeeper."}, {"id": "57", "s1": "1", "s2": "0", "s": "", "t": "38'", "m": "Bayern Munich player Javi Martinez scrambled for a foul and his opponent gained possession of the ball."}, {"id": "56", "s1": "1", "s2": "0", "s": "", "t": "38'", "m": "Dost won a free kick for Wolfsburg."}, {"id": "55", "s1": "1", "s2": "0", "s": "", "t": "37'", "m": "Benagrio handled the ball out of the line and Bayern Munich won a corner kick."}, {"id": "54", "s1": "1", "s2": "0", "s": "", "t": "37'", "m": "Shot!!! Bayern Munich player Mandzukic's right-footed shot from the front of the goal line was saved by the opposing goalkeeper. It was Ribery who gave him the ball."}, {"id": "53", "s1": "1", "s2": "0", "s": "", "t": "35'", "m": "Yellow! Wolfsburg player Thomas Kronborg was shown a yellow card by the referee for a malicious foul."}, {"id": "52", "s1": "1", "s2": "0", "s": "", "t": "35'", "m": "Schweinsterger won a free kick for Bayern Munich at the opposing half."}, {"id": "51", "s1": "1", "s2": "0", "s": "", "t": "35'", "m": "Wolfsburg player Thomas Kronborg scrambled for a foul and the opponent was given possession of the ball."}, {"id": "50", "s1": "1", "s2": "0", "s": "", "t": "35'", "m": "Xavi Martinez won a free kick for Bayern Munich."}, {"id": "49", "s1": "1", "s2": "0", "s": "", "t": "35'", "m": "Wolfsburg player Josue scrambled for a foul and the opponent was given possession."}, {"id": "48", "s1": "1", "s2": "0", "s": "", "t": "34'", "m": "Ribery won a free kick for Bayern Munich on the left."}, {"id": "47", "s1": "1", "s2": "0", "s": "", "t": "34'", "m": "Wolfsburg player Fagney scrambled for a foul and his opponent gained possession of the ball."}, {"id": "46", "s1": "1", "s2": "0", "s": "", "t": "34'", "m": "Xavi Martinez won a free kick for Bayern Munich."}, {"id": "45", "s1": "1", "s2": "0", "s": "", "t": "34'", "m": "Wolfsburg player Dost scrambled for a foul and his opponent was given possession."}, {"id": "44", "s1": "1", "s2": "0", "s": "", "t": "33'", "m": "Bayern Munich player Mandzukic attempted a left-footed shot from the left side of the penalty area, but unfortunately the ball was slightly offside the left goal. It was Ribery who gave him the ball."}, {"id": "43", "s1": "1", "s2": "0", "s": "", "t": "33'", "m": "Shakiri won a free kick for Bayern Munich."}, {"id": "42", "s1": "1", "s2": "0", "s": "", "t": "33'", "m": "Wolfsburg player Bogattz scrambled for a foul and his opponent gained possession of the ball."}, {"id": "41", "s1": "1", "s2": "0", "s": "", "t": "32'", "m": "Bayern Munich player Mandzukic scrambled for a foul and the opponent gained possession of the ball."}, {"id": "40", "s1": "1", "s2": "0", "s": "", "t": "32'", "m": "Naldo won a free kick for Wolfsburg in the opposing half."}, {"id": "39", "s1": "1", "s2": "0", "s": "", "t": "26'", "m": "Bayern Munich player Robben's left-footed shot from outside the penalty area was blocked by a defender. It was Ram who gave him the pass."}, {"id": "38", "s1": "1", "s2": "0", "s": "", "t": "25'", "m": "Bayern Munich player Ribery scrambled for a foul and his opponent was given possession of the ball."}, {"id": "37", "s1": "1", "s2": "0", "s": "", "t": "25'", "m": "Diego won a free kick for Wolfsburg in the opposing half."}, {"id": "36", "s1": "1", "s2": "0", "s": "", "t": "24'", "m": "Goal!!! Bayern Munich player Schweinsterger fired a right-footed shot from the right side of the penalty area, the ball flew into the goal from the bottom right corner and the ball went in! Assisted by Ribery. Bayern Munich 1-0 Wolfsburg."}, {"id": "35", "s1": "0", "s2": "0", "s": "", "t": "23'", "m": "Xavi Martinez won a free kick for Bayern Munich at the opposing half."}, {"id": "34", "s1": "0", "s2": "0", "s": "", "t": "23'", "m": "Wolfsburg player Josue scrambled for a foul and the opponent was given possession."}, {"id": "33", "s1": "0", "s2": "0", "s": "", "t": "23'", "m": "Shot!!! Bayern Munich player Ribery's left-footed shot from a tight angle on the left side of the goal was saved by the opposing goalkeeper. It was Mandzukic who gave him the pass."}, {"id": "32", "s1": "0", "s2": "0", "s": "", "t": "22'", "m": "Wolfsburg player Bernaglio shoved the ball straight into Dost, but the referee raised a flag to show that the latter was offside."}, {"id": "31", "s1": "0", "s2": "0", "s": "", "t": "21'", "m": "The suspension ended and the players resumed playing."}, {"id": "30", "s1": "0", "s2": "0", "s": "", "t": "20'", "m": "Wolfsburg fell to the ground injured and the game was suspended"}, {"id": "29", "s1": "0", "s2": "0", "s": "", "t": "19'", "m": "Bayern Munich player Robben scrambled for a foul and his opponent was given possession of the ball."}, {"id": "28", "s1": "0", "s2": "0", "s": "", "t": "19'", "m": "Bernaglio won a free kick for Wolfsburg."}, {"id": "27", "s1": "0", "s2": "0", "s": "", "t": "19'", "m": "Bayern Munich player Javi Martinez scrambled for a foul and his opponent gained possession of the ball."}, {"id": "26", "s1": "0", "s2": "0", "s": "", "t": "19'", "m": "Knozzy won a free kick for Wolfsburg in the opposing half."}, {"id": "25", "s1": "0", "s2": "0", "s": "", "t": "18'", "m": "Bayern Munich player Schweinsterger's right-footed shot from outside the penalty area hit the left upright of the goalpost. It was Bad Stuber who gave him the pass."}, {"id": "24", "s1": "0", "s2": "0", "s": "", "t": "17'", "m": "Rodriguez handled the ball out of the bottom line and Bayern Munich won a corner kick."}, {"id": "23", "s1": "0", "s2": "0", "s": "", "t": "16'", "m": "Shot!!! Bayern Munich player Ram's left-footed shot from outside the penalty area was saved by the opposing goalkeeper. It was Schweinsteiger who passed the ball."}, {"id": "22", "s1": "0", "s2": "0", "s": "", "t": "15'", "m": "Mandzukic won a free kick for Bayern Munich on the right."}, {"id": "21", "s1": "0", "s2": "0", "s": "", "t": "15'", "m": "Wolfsburg player Rodriguez scrambled for a foul and the opponent gained possession."}, {"id": "20", "s1": "0", "s2": "0", "s": "", "t": "11'", "m": "Ribery won a free kick for Bayern Munich."}, {"id": "19", "s1": "0", "s2": "0", "s": "", "t": "11'", "m": "Wolfsburg player Fagney scrambled for a foul and his opponent gained possession of the ball."}, {"id": "18", "s1": "0", "s2": "0", "s": "", "t": "10'", "m": "Bayern Munich player Shakiri scrambled for a foul and his opponent gained possession of the ball."}, {"id": "17", "s1": "0", "s2": "0", "s": "", "t": "10'", "m": "Josue won a free kick for Wolfsburg."}, {"id": "16", "s1": "0", "s2": "0", "s": "", "t": "9'", "m": "Bayern Munich player Xavi Martinez attempted a header in the centre of the penalty area, but unfortunately the ball went high above the top right corner. It was Robben who gave him the ball."}, {"id": "15", "s1": "0", "s2": "0", "s": "", "t": "8'", "m": "Pogatts handled the ball out of the line and Bayern Munich won a corner kick."}, {"id": "14", "s1": "0", "s2": "0", "s": "", "t": "8'", "m": "Fagney handled the ball out of the bottom line and Bayern Munich won a corner kick."}, {"id": "13", "s1": "0", "s2": "0", "s": "", "t": "7'", "m": "Bayern Munich player Dante attempted a header in the centre of the penalty area, but unfortunately the ball went high above goal. It was Shakiri who passed the ball to him."}, {"id": "12", "s1": "0", "s2": "0", "s": "", "t": "7'", "m": "Knozzy handled the ball out of the line and Bayern Munich won a corner kick."}, {"id": "11", "s1": "0", "s2": "0", "s": "", "t": "6'", "m": "Bad Stuber won a free kick for Bayern Munich."}, {"id": "10", "s1": "0", "s2": "0", "s": "", "t": "6'", "m": "Wolfsburg player Dost scrambled for a foul and his opponent was given possession."}, {"id": "9", "s1": "0", "s2": "0", "s": "", "t": "5'", "m": "Bayern Munich player Shakiri threw the ball straight into Mandzukic, but the referee raised a flag to show that the latter was offside."}, {"id": "8", "s1": "0", "s2": "0", "s": "", "t": "4'", "m": "Knozzy handled the ball out of the line and Bayern Munich won a corner kick."}, {"id": "7", "s1": "0", "s2": "0", "s": "", "t": "4'", "m": "Bayern Munich player Shakiri's left-footed shot from outside the penalty area was blocked by a defender."}, {"id": "6", "s1": "0", "s2": "0", "s": "", "t": "4'", "m": "Bayern Munich player Robben's left-footed shot from outside the penalty area was blocked by a defender. It was Ribery who gave him the ball."}, {"id": "5", "s1": "0", "s2": "0", "s": "", "t": "3'", "m": "Ribery won a free kick for Bayern Munich at the opposing half."}, {"id": "4", "s1": "0", "s2": "0", "s": "", "t": "3'", "m": "Wolfsburg player Josue scrambled for a foul and the opponent was given possession."}, {"id": "3", "s1": "0", "s2": "0", "s": "", "t": "3'", "m": "Bayern Munich player Schweinsterger's right-footed shot from the right side of the penalty area hit the right upright post."}, {"id": "2", "s1": "0", "s2": "0", "s": "", "t": "3'", "m": "Naldo handled the ball out of the bottom line and Bayern Munich won a corner kick."}, {"id": "1", "s1": "0", "s2": "0", "s": "", "t": "", "m": "With a whistle from the referee, the first half of the game began."}]