[{"id": "140", "s1": "2", "s2": "1", "s": "", "t": "", "m": "The match ended with Nuremberg 2-1 Brunswick, thank you for watching the Sina Football Livestream."}, {"id": "139", "s1": "2", "s2": "1", "s": "", "t": "90'+4'", "m": "At the end of the second half, Nuremberg 2-1 Brunswick"}, {"id": "138", "s1": "2", "s2": "1", "s": "", "t": "90'+3'", "m": "Foyner won a free kick for Nuremberg."}, {"id": "137", "s1": "2", "s2": "1", "s": "", "t": "90'+3'", "m": "Brunswick player Boland scrambled for a foul and the opponent was given possession of the ball."}, {"id": "136", "s1": "2", "s2": "1", "s": "", "t": "90'+3'", "m": "Nuremberg player Peckerhardt scrambled for a foul and the opponent was given possession of the ball."}, {"id": "135", "s1": "2", "s2": "1", "s": "", "t": "90'+3'", "m": "Reicher won a free kick for Brunswick."}, {"id": "134", "s1": "2", "s2": "1", "s": "", "t": "90'+2'", "m": "Brunswick player Boland kicked the ball straight into Koumbella, but the referee raised a flag to show that the latter was offside."}, {"id": "133", "s1": "2", "s2": "1", "s": "", "t": "90'+2'", "m": "Nuremberg player Delmić scrambled for a foul and his opponent was given possession of the ball."}, {"id": "132", "s1": "2", "s2": "1", "s": "", "t": "90'+2'", "m": "Kessel won a free kick for Brunswick."}, {"id": "131", "s1": "2", "s2": "1", "s": "", "t": "88'", "m": "Peckhart won a free kick for Nuremberg on the right."}, {"id": "130", "s1": "2", "s2": "1", "s": "", "t": "88'", "m": "Brunswick player Reicher scrambled for a foul and the opponent was given possession."}, {"id": "129", "s1": "2", "s2": "1", "s": "", "t": "87'", "m": "Brunswick player Kessel attempted a left-footed shot from the centre of the penalty area, but unfortunately the ball was slightly offside the right goal. It was Ademi who gave him the pass."}, {"id": "128", "s1": "2", "s2": "1", "s": "", "t": "86'", "m": "Nuremberg player Peckhart was fouled for handball and the opponent was given the ball."}, {"id": "127", "s1": "2", "s2": "1", "s": "", "t": "85'", "m": "Brunswick player Kessel attempted a left-footed shot from outside the penalty area, but unfortunately the ball was slightly offside the left goal. It was Boland who gave him the ball."}, {"id": "126", "s1": "2", "s2": "1", "s": "", "t": "84'", "m": "Angga handled the ball out of the bottom line and Brunswick won the corner."}, {"id": "125", "s1": "2", "s2": "1", "s": "", "t": "83'", "m": "Brunswick player Ademi's right-footed shot from the left side of the penalty area was blocked by a defender. The one who gave him the pass was Bičacic."}, {"id": "124", "s1": "2", "s2": "1", "s": "", "t": "82'", "m": "Schaefer won a free kick for Nuremberg."}, {"id": "123", "s1": "2", "s2": "1", "s": "", "t": "82'", "m": "Brunswick player Kessel scrambled for a foul and the opponent gained possession."}, {"id": "122", "s1": "2", "s2": "1", "s": "", "t": "81'", "m": "Nuremberg player Foyrna scrambled for a foul and the opponent was given possession of the ball."}, {"id": "121", "s1": "2", "s2": "1", "s": "", "t": "81'", "m": "Boland won a free kick for Brunswick at the opposing half."}, {"id": "120", "s1": "2", "s2": "1", "s": "", "t": "79'", "m": "Yellow! Nuremberg player Pinola was shown a yellow card by the referee for a malicious foul."}, {"id": "119", "s1": "2", "s2": "1", "s": "", "t": "79'", "m": "Nuremberg player Pinola scrambled for a foul and the opponent was given possession of the ball."}, {"id": "118", "s1": "2", "s2": "1", "s": "", "t": "79'", "m": "Ademi won a free kick for Brunswick on the left."}, {"id": "117", "s1": "2", "s2": "1", "s": "", "t": "78'", "m": "Brunswick was replaced, and Admi replaced Nelson"}, {"id": "116", "s1": "2", "s2": "1", "s": "", "t": "78'", "m": "Brunswick was replaced, and Franzic replaced Pfetzner"}, {"id": "115", "s1": "2", "s2": "1", "s": "", "t": "78'", "m": "Pinola won a free kick for Nuremberg at the opposing half."}, {"id": "114", "s1": "2", "s2": "1", "s": "", "t": "78'", "m": "Brunswick player Kessel scrambled for a foul and the opponent gained possession."}, {"id": "113", "s1": "2", "s2": "1", "s": "", "t": "77'", "m": "Brunswick player Boland's right-footed shot from outside the penalty area was blocked by a defender. It was Nelson who gave him the pass."}, {"id": "112", "s1": "2", "s2": "1", "s": "", "t": "76'", "m": "Nuremberg player Anga scrambled for a foul and his opponent gained possession of the ball."}, {"id": "111", "s1": "2", "s2": "1", "s": "", "t": "76'", "m": "Coumbella won a free kick for Brunswick on the left."}, {"id": "110", "s1": "2", "s2": "1", "s": "", "t": "74'", "m": "Peckhart won a free kick for Nuremberg on the right."}, {"id": "109", "s1": "2", "s2": "1", "s": "", "t": "74'", "m": "Brunswick player Reicher scrambled for a foul and the opponent was given possession."}, {"id": "108", "s1": "2", "s2": "1", "s": "", "t": "73'", "m": "Brunswick player Kumbela attempted a right-footed shot from outside the penalty area, but unfortunately the ball went high above goal. It was Toilkaov who gave him the pass."}, {"id": "107", "s1": "2", "s2": "1", "s": "", "t": "71'", "m": "Nuremberg player Peckhart attempted a header in the centre of the penalty area, but unfortunately the ball was slightly offside the right goal. It was Plattenhardt who gave him the pass."}, {"id": "106", "s1": "2", "s2": "1", "s": "", "t": "71'", "m": "Yellow! Brunswick player Pfetchner was shown a yellow card by the referee for a malicious foul."}, {"id": "105", "s1": "2", "s2": "1", "s": "", "t": "71'", "m": "Platenhardt won a free kick for Nuremberg on the left."}, {"id": "104", "s1": "2", "s2": "1", "s": "", "t": "71'", "m": "Brunswick player Pfetchner scrambled for a foul and the opponent gained possession of the ball."}, {"id": "103", "s1": "2", "s2": "1", "s": "", "t": "70'", "m": "Pinola won a free kick for Nuremberg on the left side."}, {"id": "102", "s1": "2", "s2": "1", "s": "", "t": "70'", "m": "Brunswick player Pfetchner scrambled for a foul and the opponent gained possession of the ball."}, {"id": "101", "s1": "2", "s2": "1", "s": "", "t": "69'", "m": "Nuremberg was replaced, and Bogattz was replaced by Kiyotake Hiroshi"}, {"id": "100", "s1": "2", "s2": "1", "s": "", "t": "68'", "m": "Nuremberg player Delmić scrambled for a foul and his opponent was given possession of the ball."}, {"id": "99", "s1": "2", "s2": "1", "s": "", "t": "68'", "m": "Reicher won a free kick for Brunswick."}, {"id": "98", "s1": "2", "s2": "1", "s": "", "t": "68'", "m": "Nuremberg player Hiroshi Kiyotake's penalty was saved by the opposing goalkeeper. Penalty missed."}, {"id": "97", "s1": "2", "s2": "1", "s": "", "t": "67'", "m": "Yellow! Brunswick player Reicher was shown a yellow card by the referee for a malicious foul."}, {"id": "96", "s1": "2", "s2": "1", "s": "", "t": "67'", "m": "Penalty, Peckerhardt was violated inside the penalty area and Nuremberg received a penalty."}, {"id": "95", "s1": "2", "s2": "1", "s": "", "t": "67'", "m": "Brunswick player Reicher committed a foul that resulted in the opponent receiving a penalty."}, {"id": "94", "s1": "2", "s2": "1", "s": "", "t": "67'", "m": "Brunswick player Kessel's left-footed shot from the right side of the penalty area was blocked by a defender. It was Boland who gave him the ball."}, {"id": "93", "s1": "2", "s2": "1", "s": "", "t": "65'", "m": "Platenhardt handled the ball out of the bottom line and Brunswick won a corner kick."}, {"id": "92", "s1": "2", "s2": "1", "s": "", "t": "64'", "m": "Kessel handled the ball out of the bottom line and Nuremberg won a corner kick."}, {"id": "91", "s1": "2", "s2": "1", "s": "", "t": "63'", "m": "The Brunswick player Boland kicked the ball straight into Hochshait, but the referee raised a flag to show that the latter was offside."}, {"id": "90", "s1": "2", "s2": "1", "s": "", "t": "63'", "m": "Brunswick player Reicher's left-footed shot from outside the penalty area was blocked by a defender."}, {"id": "89", "s1": "2", "s2": "1", "s": "", "t": "63'", "m": "Brunswick player Bizcic's penalty was saved by the opposing goalkeeper. Penalty missed."}, {"id": "88", "s1": "2", "s2": "1", "s": "", "t": "62'", "m": "Nuremberg player Pinola was fouled and caused the opponent to get a penalty."}, {"id": "87", "s1": "2", "s2": "1", "s": "", "t": "62'", "m": "Penalty, Nelson was violated inside the penalty area and Brunswick won the penalty."}, {"id": "86", "s1": "2", "s2": "1", "s": "", "t": "61'", "m": "Delmić won a free kick for Nuremberg on the right."}, {"id": "85", "s1": "2", "s2": "1", "s": "", "t": "61'", "m": "Brunswick player Toyle Kawf scrambled for a foul and the opponent was given possession of the ball."}, {"id": "84", "s1": "2", "s2": "1", "s": "", "t": "60'", "m": "Nuremberg player Pinola scrambled for a foul and the opponent was given possession of the ball."}, {"id": "83", "s1": "2", "s2": "1", "s": "", "t": "60'", "m": "Coombera won a free kick for Brunswick."}, {"id": "82", "s1": "2", "s2": "1", "s": "", "t": "59'", "m": "Brunswick player Nelson attempted a header in the middle of the penalty area, but unfortunately the ball went high above goal. It was Hochscheit who gave him the pass."}, {"id": "81", "s1": "2", "s2": "1", "s": "", "t": "59'", "m": "Franz handled the ball out of the box and Brunswick won the corner."}, {"id": "80", "s1": "2", "s2": "1", "s": "", "t": "59'", "m": "Brunswick player Toylkaugh's left-footed shot from outside the penalty area was blocked by a defender. It was Pfetzna who gave him the pass."}, {"id": "79", "s1": "2", "s2": "1", "s": "", "t": "57'", "m": "Shot!!! Nuremberg player Delmić's header from the goal line was saved by the opposing goalkeeper. The one who gave him the ball was Peckerhart."}, {"id": "78", "s1": "2", "s2": "1", "s": "", "t": "55'", "m": "Brunswick player Nelson attempted a header in the centre of the penalty area, but unfortunately the ball deflected off goal. It was Toilkaov who gave him the pass."}, {"id": "77", "s1": "2", "s2": "1", "s": "", "t": "54'", "m": "Pinola handled the ball out of the bottom line and Brunswick won the corner."}, {"id": "76", "s1": "2", "s2": "1", "s": "", "t": "54'", "m": "Nuremberg player Plattenhardt scrambled for a foul and the opponent gained possession of the ball."}, {"id": "75", "s1": "2", "s2": "1", "s": "", "t": "54'", "m": "Coumbella won a free kick for Brunswick on the right."}, {"id": "74", "s1": "2", "s2": "1", "s": "", "t": "53'", "m": "Shot!!! Brunswick player Hochscheit's left-footed shot from outside the penalty area was saved by the opposing goalkeeper. It was Reicher who gave him the pass."}, {"id": "73", "s1": "2", "s2": "1", "s": "", "t": "52'", "m": "Schaefer handled the ball out of the bottom line and Brunswick won the corner."}, {"id": "72", "s1": "2", "s2": "1", "s": "", "t": "52'", "m": "Shot!!! Brunswick player Kessel's right-footed shot from the right side of the penalty area was saved by the opposing goalkeeper. It was Pfetzna who gave him the pass."}, {"id": "71", "s1": "2", "s2": "1", "s": "", "t": "50'", "m": "Angga handled the ball out of the bottom line and Brunswick won the corner."}, {"id": "70", "s1": "2", "s2": "1", "s": "", "t": "50'", "m": "Brunswick player Reicher's left-footed shot from outside the penalty area was blocked by a defender.给他传球的是博兰德."}, {"id": "69", "s1": "2", "s2": "1", "s": "", "t": "47'", "m": "Goal!!! Nuremberg player Peckhart fired a right-footed shot from the right side of the penalty area, the ball flew from the middle of the road and the ball went in! Assisted by Delmich. Nuremberg 2-1 Brunswick."}, {"id": "68", "s1": "1", "s2": "1", "s": "", "t": "46'", "m": "Goal!!! Nuremberg player Hiroshi Kiyotake shot with his right foot just outside the penalty area, the ball flew into the goal from the top left corner, and the ball went in! Assisted by Delmich. Nuremberg 1-1 Brunswick."}, {"id": "67", "s1": "0", "s2": "1", "s": "", "t": "", "m": "The second half began, Nuremberg 0-1 Brunswick"}, {"id": "66", "s1": "0", "s2": "1", "s": "", "t": "45'", "m": "Nuremberg was replaced, and Peckhart replaced Hlovšek"}, {"id": "65", "s1": "0", "s2": "1", "s": "", "t": "45'+1'", "m": "At the end of the first half, Nuremberg 0-1 Brunswick, with a short break, we will take a look at the performance of the two teams in the second half."}, {"id": "64", "s1": "0", "s2": "1", "s": "", "t": "44'", "m": "The Brunswick player Boland kicked the ball straight into Hochshait, but the referee raised a flag to show that the latter was offside."}, {"id": "63", "s1": "0", "s2": "1", "s": "", "t": "41'", "m": "Nuremberg player Plattenhardt was shown a yellow card by the referee."}, {"id": "62", "s1": "0", "s2": "1", "s": "", "t": "40'", "m": "Brunswick player Kumbela's penalty was saved by the opposing goalkeeper. Penalty missed."}, {"id": "61", "s1": "0", "s2": "1", "s": "", "t": "39'", "m": "Yellow! Nuremberg player Schaefer was shown a yellow card by the referee for a malicious foul."}, {"id": "60", "s1": "0", "s2": "1", "s": "", "t": "39'", "m": "Nuremberg player Schaefer was fouled and caused the opponent to receive a penalty."}, {"id": "59", "s1": "0", "s2": "1", "s": "", "t": "39'", "m": "Penalty, Combella was violated inside the penalty area and Brunswick won the penalty."}, {"id": "58", "s1": "0", "s2": "1", "s": "", "t": "38'", "m": "Franz won a free kick for Nuremberg."}, {"id": "57", "s1": "0", "s2": "1", "s": "", "t": "38'", "m": "Brunswick player Pfetchner scrambled for a foul and the opponent gained possession of the ball."}, {"id": "56", "s1": "0", "s2": "1", "s": "", "t": "36'", "m": "Brunswick player Boland handball was fouled and the opponent was given the ball."}, {"id": "55", "s1": "0", "s2": "1", "s": "", "t": "36'", "m": "Brunswick player Boland's right-footed shot from outside the penalty area was blocked by a defender. It was Pfetzna who gave him the pass."}, {"id": "54", "s1": "0", "s2": "1", "s": "", "t": "36'", "m": "Nuremberg player Franz scrambled for a foul and the opponent was given possession of the ball."}, {"id": "53", "s1": "0", "s2": "1", "s": "", "t": "36'", "m": "Pfeitzner won a free kick for Brunswick on the right."}, {"id": "52", "s1": "0", "s2": "1", "s": "", "t": "34'", "m": "Goal!!! Brunswick player Kumbela headed ahead of the goal line and the ball flew from the bottom left corner into the goal and the ball went in! The assist was Toilkaov. Nuremberg 0-1 Brunswick."}, {"id": "51", "s1": "0", "s2": "0", "s": "", "t": "34'", "m": "Nuremberg made a substitution, with Ondrej Petrák replacing Gebhardt"}, {"id": "50", "s1": "0", "s2": "0", "s": "", "t": "33'", "m": "Kiyotake Hiroshi handled the ball out of the bottom line and Brunswick won a corner kick."}, {"id": "49", "s1": "0", "s2": "0", "s": "", "t": "33'", "m": "Brunswick player Toylkaugh attempted a left-footed shot from outside the penalty area, but unfortunately the ball went high above goal."}, {"id": "48", "s1": "0", "s2": "0", "s": "", "t": "32'", "m": "The referee sent Nuremberg's Nelson a direct red card."}, {"id": "47", "s1": "0", "s2": "0", "s": "", "t": "31'", "m": "Nuremberg player Nelson scrambled for a foul and his opponent gained possession of the ball."}, {"id": "46", "s1": "0", "s2": "0", "s": "", "t": "31'", "m": "Nelson won a free kick for Brunswick at the opposing half."}, {"id": "45", "s1": "0", "s2": "0", "s": "", "t": "30'", "m": "Nuremberg player Delmić scrambled for a foul and his opponent was given possession of the ball."}, {"id": "44", "s1": "0", "s2": "0", "s": "", "t": "30'", "m": "Bichakcic won a free kick for Brunswick."}, {"id": "43", "s1": "0", "s2": "0", "s": "", "t": "30'", "m": "Brunswick player Kumbella attempted a right-footed shot from outside the penalty area, but unfortunately the ball was slightly offside the right goal. It was Boland who gave him the ball."}, {"id": "42", "s1": "0", "s2": "0", "s": "", "t": "29'", "m": "Foyner won a free kick for Nuremberg."}, {"id": "41", "s1": "0", "s2": "0", "s": "", "t": "29'", "m": "Brunswick player Toyle Kawf scrambled for a foul and the opponent was given possession of the ball."}, {"id": "40", "s1": "0", "s2": "0", "s": "", "t": "26'", "m": "Franz won a free kick for Nuremberg at the opposing half."}, {"id": "39", "s1": "0", "s2": "0", "s": "", "t": "26'", "m": "Brunswick player Nelson scrambled for a foul and the opponent was given possession."}, {"id": "38", "s1": "0", "s2": "0", "s": "", "t": "25'", "m": "Hlosek won a free kick for Nuremberg."}, {"id": "37", "s1": "0", "s2": "0", "s": "", "t": "25'", "m": "Brunswick player Kessel scrambled for a foul and the opponent gained possession."}, {"id": "36", "s1": "0", "s2": "0", "s": "", "t": "24'", "m": "Petrokovic handled the ball out of the bottom line and Nuremberg won a corner kick."}, {"id": "35", "s1": "0", "s2": "0", "s": "", "t": "24'", "m": "Shot!!! Nuremberg player Hiroo Kiyotake's left-footed shot from the right side of the penalty area was saved by the opposing goalkeeper. It was Delmić who gave him the pass."}, {"id": "34", "s1": "0", "s2": "0", "s": "", "t": "23'", "m": "Yellow! Nuremberg player Angah was shown a yellow card by the referee for a malicious foul."}, {"id": "33", "s1": "0", "s2": "0", "s": "", "t": "23'", "m": "Nuremberg player Anga scrambled for a foul and his opponent gained possession of the ball."}, {"id": "32", "s1": "0", "s2": "0", "s": "", "t": "23'", "m": "Boland won a free kick for Brunswick on the left."}, {"id": "31", "s1": "0", "s2": "0", "s": "", "t": "18'", "m": "Platenhardt won a free kick for Nuremberg on the right."}, {"id": "30", "s1": "0", "s2": "0", "s": "", "t": "18'", "m": "Brunswick player Kumbela scrambled for a foul and the opponent was given possession."}, {"id": "29", "s1": "0", "s2": "0", "s": "", "t": "18'", "m": "Correa handled the ball out of the bottom line and Nuremberg won a corner kick."}, {"id": "28", "s1": "0", "s2": "0", "s": "", "t": "16'", "m": "Pinola won a free kick for Nuremberg."}, {"id": "27", "s1": "0", "s2": "0", "s": "", "t": "16'", "m": "Brunswick player Pfetchner scrambled for a foul and the opponent gained possession of the ball."}, {"id": "26", "s1": "0", "s2": "0", "s": "", "t": "15'", "m": "Platenhardt handled the ball out of the bottom line and Brunswick won a corner kick."}, {"id": "25", "s1": "0", "s2": "0", "s": "", "t": "15'", "m": "Schaefer handled the ball out of the bottom line and Brunswick won the corner."}, {"id": "24", "s1": "0", "s2": "0", "s": "", "t": "14'", "m": "Brunswick player Pfetchner attempted a right-footed shot from outside the penalty area, but unfortunately the ball was slightly offside the left goal."}, {"id": "23", "s1": "0", "s2": "0", "s": "", "t": "14'", "m": "Foyrna handled the ball out of the bottom line and Brunswick won the corner."}, {"id": "22", "s1": "0", "s2": "0", "s": "", "t": "13'", "m": "Nuremberg player Gebhardt scrambled for a foul and the opponent gained possession of the ball."}, {"id": "21", "s1": "0", "s2": "0", "s": "", "t": "13'", "m": "Reicher won a free kick for Brunswick on the left."}, {"id": "20", "s1": "0", "s2": "0", "s": "", "t": "11'", "m": "Kiyotake Hiroshi won a free kick for Nuremberg in the opposing half."}, {"id": "19", "s1": "0", "s2": "0", "s": "", "t": "11'", "m": "Brunswick player Pfetchner scrambled for a foul and the opponent gained possession of the ball."}, {"id": "18", "s1": "0", "s2": "0", "s": "", "t": "10'", "m": "Gebhardt won a free kick for Nuremberg on the right."}, {"id": "17", "s1": "0", "s2": "0", "s": "", "t": "10'", "m": "Brunswick player Reicher scrambled for a foul and the opponent was given possession."}, {"id": "16", "s1": "0", "s2": "0", "s": "", "t": "7'", "m": "Delmić won a free kick for Nuremberg at the opposing half."}, {"id": "15", "s1": "0", "s2": "0", "s": "", "t": "7'", "m": "Brunswick players compete for fouls than Chakcic and opponents get possession of the ball."}, {"id": "14", "s1": "0", "s2": "0", "s": "", "t": "7'", "m": "Nuremberg player Hloszek scrambled for a foul and his opponent was given possession of the ball."}, {"id": "13", "s1": "0", "s2": "0", "s": "", "t": "7'", "m": "Pfetchner won a free kick for Brunswick."}, {"id": "12", "s1": "0", "s2": "0", "s": "", "t": "6'", "m": "Shot!!! Brunswick player Kumbela's right-footed shot from outside the penalty area was saved by the opposing goalkeeper. The one who gave him the pass was Bičacic."}, {"id": "11", "s1": "0", "s2": "0", "s": "", "t": "5'", "m": "Nuremberg player Hiroshi Kiyotake sent a straight kick to Delmić, but the referee raised a flag to show that the latter was offside."}, {"id": "10", "s1": "0", "s2": "0", "s": "", "t": "4'", "m": "Nuremberg player Franz scrambled for a foul and the opponent was given possession of the ball."}, {"id": "9", "s1": "0", "s2": "0", "s": "", "t": "4'", "m": "Coombera won a free kick for Brunswick."}, {"id": "8", "s1": "0", "s2": "0", "s": "", "t": "2'", "m": "Foyner won a free kick for Nuremberg."}, {"id": "7", "s1": "0", "s2": "0", "s": "", "t": "2'", "m": "Brunswick player Boland scrambled for a foul and the opponent was given possession of the ball."}, {"id": "6", "s1": "0", "s2": "0", "s": "", "t": "2'", "m": "Nielsson won a free kick for Nuremberg."}, {"id": "5", "s1": "0", "s2": "0", "s": "", "t": "2'", "m": "Brunswick player Nelson scrambled for a foul and the opponent was given possession."}, {"id": "4", "s1": "0", "s2": "0", "s": "", "t": "1'", "m": "Brunswick player Toilkaw tried his left-footed shot from outside the penalty area, but the ball deflected off target."}, {"id": "3", "s1": "0", "s2": "0", "s": "", "t": "1'", "m": "Nuremberg player Hloszek scrambled for a foul and his opponent was given possession of the ball."}, {"id": "2", "s1": "0", "s2": "0", "s": "", "t": "1'", "m": "Pfeitzner won a free kick for Brunswick at the opposing half."}, {"id": "1", "s1": "0", "s2": "0", "s": "", "t": "", "m": "With a whistle from the referee, the first half of the game began."}]