[{"id": "112", "s1": "1", "s2": "2", "s": "", "t": "", "m": "The match ended with Eintracht Frankfurt 1-2 Dortmund, thank you for watching The Sina Football Live."}, {"id": "111", "s1": "1", "s2": "2", "s": "", "t": "90'+4'", "m": "End of the second half, Frankfurt 1-2 Borussia Dortmund"}, {"id": "110", "s1": "1", "s2": "2", "s": "", "t": "90'+2'", "m": "Dortmund player Subotic scrambled for a foul and the opponent gained possession of the ball."}, {"id": "109", "s1": "1", "s2": "2", "s": "", "t": "90'+2'", "m": "Vaclav Kadlec won a free kick for Eintracht Frankfurt at the opposing half."}, {"id": "108", "s1": "1", "s2": "2", "s": "", "t": "90'+2'", "m": "Shot!!! Frankfurt player Jose Lu's right-footed shot from a tight angle on the right side of the goal was saved by the opposing goalkeeper. It was Ruth who gave him the pass."}, {"id": "107", "s1": "1", "s2": "2", "s": "", "t": "88'", "m": "Papastathopoulos won a free kick for Borussia Dortmund."}, {"id": "106", "s1": "1", "s2": "2", "s": "", "t": "88'", "m": "Eintracht Frankfurt player Zambrano scrambled for a foul and his opponent was given possession of the ball."}, {"id": "105", "s1": "1", "s2": "2", "s": "", "t": "87'", "m": "Anderson handled the ball out of the bottom line and Borussia Dortmund won the corner."}, {"id": "104", "s1": "1", "s2": "2", "s": "", "t": "86'", "m": "Aubameyang won a free kick for Borussia Dortmund."}, {"id": "103", "s1": "1", "s2": "2", "s": "", "t": "86'", "m": "Frankfurt player Schweigler scrambled for a foul and his opponent was given possession of the ball."}, {"id": "102", "s1": "1", "s2": "2", "s": "", "t": "86'", "m": "Dortmund made a substitution, Kyle replaced Reuss"}, {"id": "101", "s1": "1", "s2": "2", "s": "", "t": "86'", "m": "Dortmund player Shaheen scrambled for a foul and the opponent gained possession."}, {"id": "100", "s1": "1", "s2": "2", "s": "", "t": "86'", "m": "Aigner won a free kick for Eintracht Frankfurt on the right."}, {"id": "99", "s1": "1", "s2": "2", "s": "", "t": "85'", "m": "Frankfurt player Schweigler tried his left-footed shot just outside the penalty area, but unfortunately the ball deflected off goal."}, {"id": "98", "s1": "1", "s2": "2", "s": "", "t": "85'", "m": "Frankfurt's Svegler's left-footed shot from outside the penalty area was blocked by a defender. The pass to him is."}, {"id": "97", "s1": "1", "s2": "2", "s": "", "t": "84'", "m": "Dortmund player Subotic was fouled for handball and the opponent was given the ball."}, {"id": "96", "s1": "1", "s2": "2", "s": "", "t": "83'", "m": "Frankfurt was replaced, Joselu was replaced by a dry nobleman"}, {"id": "95", "s1": "1", "s2": "2", "s": "", "t": "83'", "m": "Frankfurt player Zambrano was shown a yellow card by the referee."}, {"id": "94", "s1": "1", "s2": "2", "s": "", "t": "83'", "m": "Dortmund player Lewandowski scrambled for a foul and the opponent was given possession of the ball."}, {"id": "93", "s1": "1", "s2": "2", "s": "", "t": "83'", "m": "Schlerk won a free kick for Eintracht Frankfurt."}, {"id": "92", "s1": "1", "s2": "2", "s": "", "t": "82'", "m": "Subotic handled the ball out of the bottom line and Eintracht Frankfurt won a corner."}, {"id": "91", "s1": "1", "s2": "2", "s": "", "t": "82'", "m": "Frankfurt's Egenerie's right-footed shot from the centre of the penalty area was blocked by a defender. The one who gave him the ball was Okipka."}, {"id": "90", "s1": "1", "s2": "2", "s": "", "t": "82'", "m": "Weidenfeller handled the ball out of the line and Eintracht Frankfurt won a corner."}, {"id": "89", "s1": "1", "s2": "2", "s": "", "t": "82'", "m": "Eintracht Frankfurt's right-footed shot from the left side of the penalty area was blocked by a defender. It was Schweigler who gave him the ball."}, {"id": "88", "s1": "1", "s2": "2", "s": "", "t": "80'", "m": "Yellow! Borussia Dortmund player Reus was shown a yellow card by the referee for a malicious foul."}, {"id": "87", "s1": "1", "s2": "2", "s": "", "t": "80'", "m": "Dortmund player Reus scrambled for a foul and the opponent was given possession."}, {"id": "86", "s1": "1", "s2": "2", "s": "", "t": "80'", "m": "Schlerk won a free kick for Eintracht Frankfurt."}, {"id": "85", "s1": "1", "s2": "2", "s": "", "t": "79'", "m": "Borussia Dortmund player Papastathopoulos scrambled for a foul and the opponent was given possession of the ball."}, {"id": "84", "s1": "1", "s2": "2", "s": "", "t": "79'", "m": "Vaclav Kadlec won a free kick for Eintracht Frankfurt at the opposing half."}, {"id": "83", "s1": "1", "s2": "2", "s": "", "t": "78'", "m": "Borussia Dortmund player Pierre-Emerick Aubameyang attempted a right-footed shot from outside the penalty area, but unfortunately the ball went high above goal. It was Reus who gave him the pass."}, {"id": "82", "s1": "1", "s2": "2", "s": "", "t": "76'", "m": "Frankfurt player Rosenthal tried his header in the middle of the penalty area, but unfortunately the ball was high above goal. The one who gave him the ball was Okipka."}, {"id": "81", "s1": "1", "s2": "2", "s": "", "t": "75'", "m": "Borussia Dortmund player Pierre-Emerick Aubameyang scrambled for a foul and his opponent gained possession of the ball."}, {"id": "80", "s1": "1", "s2": "2", "s": "", "t": "75'", "m": "Schlerk won a free kick for Eintracht Frankfurt on the right."}, {"id": "79", "s1": "1", "s2": "2", "s": "", "t": "73'", "m": "Frankfurt player Vaclav Kadlec tried his right-footed shot from the right side of the penalty area, but unfortunately the ball was slightly offside the right goal. It was Qian Guishi who gave him the ball."}, {"id": "78", "s1": "1", "s2": "2", "s": "", "t": "72'", "m": "Borussia Dortmund's Mkhitaryan kicked the ball straight to Lewandowski, but the referee raised a flag to show that the latter was offside."}, {"id": "77", "s1": "1", "s2": "2", "s": "", "t": "71'", "m": "Frankfurt was replaced, and Schweigler replaced Froome"}, {"id": "76", "s1": "1", "s2": "2", "s": "", "t": "71'", "m": "Dortmund made a substitution, and Aubameyang replaced Braszczykovsky"}, {"id": "75", "s1": "1", "s2": "2", "s": "", "t": "69'", "m": "Dortmund player Lewandowski scrambled for a foul and the opponent was given possession of the ball."}, {"id": "74", "s1": "1", "s2": "2", "s": "", "t": "69'", "m": "The Drys won a free kick for Eintracht Frankfurt."}, {"id": "73", "s1": "1", "s2": "2", "s": "", "t": "67'", "m": "Lewandowski won a free kick for Borussia Dortmund on the left."}, {"id": "72", "s1": "1", "s2": "2", "s": "", "t": "67'", "m": "Frankfurt player Schlerk scrambled for fouls and his opponents were given possession of the ball."}, {"id": "71", "s1": "1", "s2": "2", "s": "", "t": "67'", "m": "Frankfurt was replaced, and Ochipka replaced Jacpa"}, {"id": "70", "s1": "1", "s2": "2", "s": "", "t": "66'", "m": "Dortmund player Papastathopoulos tried his header in the middle of the penalty area, but unfortunately the ball deflected off the goal. It was Mkhitaryan who gave him the ball."}, {"id": "69", "s1": "1", "s2": "2", "s": "", "t": "66'", "m": "Jacquepa handled the ball out of the bottom line and Borussia Dortmund won a corner kick."}, {"id": "68", "s1": "1", "s2": "2", "s": "", "t": "65'", "m": "Shot!!! Dortmund player Lewandowski's right-footed shot from the centre of the penalty area was saved by the opposing goalkeeper. It was Reus who gave him the pass."}, {"id": "67", "s1": "1", "s2": "2", "s": "", "t": "64'", "m": "Borussia Dortmund player Mkhitaryan was fouled for handball and the opponent was given the ball."}, {"id": "66", "s1": "1", "s2": "2", "s": "", "t": "63'", "m": "Shot!!! Dortmund player Lewandowski's right-footed shot from outside the penalty area was saved by the opposing goalkeeper. It was Schmeltze who gave him the ball."}, {"id": "65", "s1": "1", "s2": "2", "s": "", "t": "62'", "m": "Eintracht Frankfurt's right-footed shot from the left side of the penalty area was blocked by a defender."}, {"id": "64", "s1": "1", "s2": "2", "s": "", "t": "62'", "m": "Shaheen handled the ball out of the bottom line and Frankfurt won a corner kick."}, {"id": "63", "s1": "1", "s2": "2", "s": "", "t": "62'", "m": "Frankfurt player Anderson's header from the centre of the penalty area hit the left upright of the goalpost. It was Jacquepa who gave him the ball."}, {"id": "62", "s1": "1", "s2": "2", "s": "", "t": "61'", "m": "Subotic handled the ball out of the bottom line and Eintracht Frankfurt won a corner."}, {"id": "61", "s1": "1", "s2": "2", "s": "", "t": "60'", "m": "Dortmund player Lewandowski attempted a right-footed shot from the right side of the penalty area, but unfortunately the ball was slightly offside the left goal. It was Shaheen who gave him the ball."}, {"id": "60", "s1": "1", "s2": "2", "s": "", "t": "59'", "m": "Frankfurter Schlerk kicked the ball straight into Vaclav Kadlec, but the referee raised a flag to show the latter was offside."}, {"id": "59", "s1": "1", "s2": "2", "s": "", "t": "56'", "m": "Goal!!! Dortmund player Mkhitaryan's left-footed shot from outside the penalty area flew into the goal from the bottom left corner and the ball went in! The assist was Groskroyts. Frankfurt 1-2 Dortmund."}, {"id": "58", "s1": "1", "s2": "1", "s": "", "t": "53'", "m": "Dortmund player Reus scrambled for a foul and the opponent was given possession."}, {"id": "57", "s1": "1", "s2": "1", "s": "", "t": "53'", "m": "Schlerk won a free kick for Eintracht Frankfurt."}, {"id": "56", "s1": "1", "s2": "1", "s": "", "t": "52'", "m": "Eintracht Frankfurt players fouled the handball and the opponent was given the ball."}, {"id": "55", "s1": "1", "s2": "1", "s": "", "t": "50'", "m": "Papastathopoulos handled the ball out of the bottom line and Eintracht Frankfurt won a corner."}, {"id": "54", "s1": "1", "s2": "1", "s": "", "t": "49'", "m": "Subotic handled the ball out of the bottom line and Eintracht Frankfurt won a corner."}, {"id": "53", "s1": "1", "s2": "1", "s": "", "t": "48'", "m": "Subotic handled the ball out of the bottom line and Eintracht Frankfurt won a corner."}, {"id": "52", "s1": "1", "s2": "1", "s": "", "t": "48'", "m": "Borussia Dortmund player Bender scrambled for a foul and the opponent gained possession of the ball."}, {"id": "51", "s1": "1", "s2": "1", "s": "", "t": "48'", "m": "Zambrano won a free kick for Eintracht Frankfurt on the right."}, {"id": "50", "s1": "1", "s2": "1", "s": "", "t": "", "m": "The second half began, Frankfurt 1-1 Borussia Dortmund"}, {"id": "49", "s1": "1", "s2": "1", "s": "", "t": "45'", "m": "Dortmund made a substitution, Papastathopoulos replaced Hummels"}, {"id": "48", "s1": "1", "s2": "1", "s": "", "t": "45'+2'", "m": "At the end of the first half, Frankfurt 1-1 Borussia Dortmund, with a short break, we will take a look at the performance of the two teams in the second half."}, {"id": "47", "s1": "1", "s2": "1", "s": "", "t": "45'+2'", "m": "Frankfurt player Jakopa tried his left-footed shot from outside the penalty area, but unfortunately the ball was high above goal."}, {"id": "46", "s1": "1", "s2": "1", "s": "", "t": "45'+1'", "m": "Yellow! Dortmund player Hummels was shown a yellow card by the referee for a malicious foul."}, {"id": "45", "s1": "1", "s2": "1", "s": "", "t": "45'+1'", "m": "Dortmund player Hummels scrambled for a foul and the opponent gained possession of the ball."}, {"id": "44", "s1": "1", "s2": "1", "s": "", "t": "45'+1'", "m": "Vaclav Kadlec won a free kick for Eintracht Frankfurt at the opposing half."}, {"id": "43", "s1": "1", "s2": "1", "s": "", "t": "45'", "m": "Borussia Dortmund player Bender scrambled for a foul and the opponent gained possession of the ball."}, {"id": "42", "s1": "1", "s2": "1", "s": "", "t": "45'", "m": "Schlerk won a free kick for Eintracht Frankfurt."}, {"id": "41", "s1": "1", "s2": "1", "s": "", "t": "42'", "m": "Rosenthal handled the ball out of the bottom line and Borussia Dortmund won a corner."}, {"id": "40", "s1": "1", "s2": "1", "s": "", "t": "41'", "m": "Ruth handled the ball out of the bottom line and Borussia Dortmund won a corner kick."}, {"id": "39", "s1": "1", "s2": "1", "s": "", "t": "40'", "m": "Dortmund player Lewandowski scrambled for a foul and the opponent was given possession of the ball."}, {"id": "38", "s1": "1", "s2": "1", "s": "", "t": "40'", "m": "Zambrano won a free kick for Eintracht Frankfurt."}, {"id": "37", "s1": "1", "s2": "1", "s": "", "t": "39'", "m": "Schlerk handled the ball out of the bottom line and Borussia Dortmund won a corner kick."}, {"id": "36", "s1": "1", "s2": "1", "s": "", "t": "38'", "m": "Shot!!! Dortmund player Mkhitaryan's right-footed shot from outside the penalty area was saved by the opposing goalkeeper. The one who gave him the ball was Blaszczykovsky."}, {"id": "35", "s1": "1", "s2": "1", "s": "", "t": "36'", "m": "Goal!!! Frankfurt player Vaclav Kadlec's right-footed shot from the centre of the penalty area flew into the net and the ball went in! Frankfurt 1-1 Dortmund."}, {"id": "34", "s1": "0", "s2": "1", "s": "", "t": "36'", "m": "Frankfurt player Aigner's header from the centre of the penalty area hit the right upright of the goalpost. It was Qian Guishi who gave him the ball."}, {"id": "33", "s1": "0", "s2": "1", "s": "", "t": "35'", "m": "Frankfurt player Aigner attempted a header in the centre of the penalty area, but unfortunately the ball was high above the top right corner. It was Jacquepa who gave him the ball."}, {"id": "32", "s1": "0", "s2": "1", "s": "", "t": "34'", "m": "Shot!!! Dortmund player Lewandowski's header from the centre of the penalty area was saved by the opposing goalkeeper. The pass to him was Gros Kreuz."}, {"id": "31", "s1": "0", "s2": "1", "s": "", "t": "31'", "m": "Dortmund player Reus scrambled for a foul and the opponent was given possession."}, {"id": "30", "s1": "0", "s2": "1", "s": "", "t": "31'", "m": "Jacquepa won a free kick for Eintracht Frankfurt."}, {"id": "29", "s1": "0", "s2": "1", "s": "", "t": "29'", "m": "Dortmund player Lewandowski threw the ball straight into Reus, but the referee raised a flag to show that the latter was offside."}, {"id": "28", "s1": "0", "s2": "1", "s": "", "t": "28'", "m": "Borussia Dortmund player Shaheen tried his left-footed shot, but the ball was deflected slightly off the left goal. It was Subotich who gave him the pass."}, {"id": "27", "s1": "0", "s2": "1", "s": "", "t": "26'", "m": "Borussia Dortmund's Mkhitaryan attempted a right-footed shot from the centre of the penalty area, but unfortunately the ball went high above goal. The one who gave him the ball was Blaszczykovsky."}, {"id": "26", "s1": "0", "s2": "1", "s": "", "t": "26'", "m": "Borussia Dortmund player Bender's right-footed shot from outside the penalty area was blocked by a defender. It was Mkhitaryan who gave him the ball."}, {"id": "25", "s1": "0", "s2": "1", "s": "", "t": "25'", "m": "Hummels won a free kick for Borussia Dortmund."}, {"id": "24", "s1": "0", "s2": "1", "s": "", "t": "25'", "m": "Frankfurt player Vaclav Kadlec scrambled for a foul and the opponent gained possession."}, {"id": "23", "s1": "0", "s2": "1", "s": "", "t": "21'", "m": "Shot!!! Frankfurt player Vaclav Kadlec's right-footed shot from the centre of the penalty area was saved by the opposing goalkeeper. It was Rosenthal who gave him the pass."}, {"id": "22", "s1": "0", "s2": "1", "s": "", "t": "20'", "m": "Dortmund player Lewandowski was fouled for handball and the opponent was given the ball."}, {"id": "21", "s1": "0", "s2": "1", "s": "", "t": "20'", "m": "Shot!!! Dortmund player Lewandowski's right-footed shot from outside the penalty area was saved by the opposing goalkeeper. It was Reus who gave him the pass."}, {"id": "20", "s1": "0", "s2": "1", "s": "", "t": "19'", "m": "Frankfurt player Jakopa tried his right-footed shot from outside the penalty area, but unfortunately the ball was high above the top right corner."}, {"id": "19", "s1": "0", "s2": "1", "s": "", "t": "19'", "m": "Dortmund player Gros Kreuz scrambled for a foul and the opponent gained possession of the ball."}, {"id": "18", "s1": "0", "s2": "1", "s": "", "t": "19'", "m": "Jacquepa won a free kick for Eintracht Frankfurt on the left."}, {"id": "17", "s1": "0", "s2": "1", "s": "", "t": "18'", "m": "Dortmund player Braszczykovsky scrambled for a foul and the opponent gained possession of the ball."}, {"id": "16", "s1": "0", "s2": "1", "s": "", "t": "18'", "m": "Froome won a free kick for Eintracht Frankfurt on the right."}, {"id": "15", "s1": "0", "s2": "1", "s": "", "t": "17'", "m": "Borussia Dortmund player Bender tucked the ball straight into Lewandowski, but the referee raised a flag to show that the latter was offside."}, {"id": "14", "s1": "0", "s2": "1", "s": "", "t": "13'", "m": "Borussia Dortmund player Schmelzer scrambled for a foul and his opponent gained possession of the ball."}, {"id": "13", "s1": "0", "s2": "1", "s": "", "t": "13'", "m": "Aigner won a free kick for Eintracht Frankfurt on the right."}, {"id": "12", "s1": "0", "s2": "1", "s": "", "t": "10'", "m": "Goal!!! Dortmund player Mkhitaryan's left-footed shot from the centre of the penalty area flew into the net from the bottom right corner and the ball went in! Assisted by Braszczykovsky. Frankfurt 0-1 Dortmund."}, {"id": "11", "s1": "0", "s2": "0", "s": "", "t": "9'", "m": "Borussia Dortmund player Reuss tried a right-footed shot at the centre of the penalty area, but unfortunately the ball went high above goal. The pass to him was Gros Kreuz."}, {"id": "10", "s1": "0", "s2": "0", "s": "", "t": "8'", "m": "Mkhitaryan won a free kick for Borussia Dortmund."}, {"id": "9", "s1": "0", "s2": "0", "s": "", "t": "8'", "m": "Frankfurt player Ruth scrambled for a foul and the opponent was given possession of the ball."}, {"id": "8", "s1": "0", "s2": "0", "s": "", "t": "6'", "m": "Dortmund player Hummels attempted a header in the centre of the penalty area, but unfortunately the ball deflected off goal. It was Shaheen who gave him the ball."}, {"id": "7", "s1": "0", "s2": "0", "s": "", "t": "5'", "m": "Trapp handled the ball out of the bottom line and Borussia Dortmund won the corner."}, {"id": "6", "s1": "0", "s2": "0", "s": "", "t": "5'", "m": "Shot!!! Borussia Dortmund player Braszczykovski's right-footed shot from the centre of the penalty area was saved by the opposing goalkeeper. It was Reus who gave him the pass."}, {"id": "5", "s1": "0", "s2": "0", "s": "", "t": "4'", "m": "Frankfurt player Aigner tried his header on the right side of the penalty area, but unfortunately the ball went high above the top right corner. It was Qian Guishi who gave him the ball."}, {"id": "4", "s1": "0", "s2": "0", "s": "", "t": "4'", "m": "Weidenfeller handled the ball out of the line and Eintracht Frankfurt won a corner."}, {"id": "3", "s1": "0", "s2": "0", "s": "", "t": "4'", "m": "Shot!!! Frankfurt's right-footed shot from the centre of the penalty area was saved by the opposing goalkeeper. It was Aigner who gave him the pass."}, {"id": "2", "s1": "0", "s2": "0", "s": "", "t": "1'", "m": "Frankfurt player Rosenthal kicked the ball straight into Vaclav Kadlec, but the referee raised a flag to show that the latter was offside."}, {"id": "1", "s1": "0", "s2": "0", "s": "", "t": "", "m": "With a whistle from the referee, the first half of the game began."}]