[{"id": "118", "s1": "3", "s2": "2", "s": "", "t": "", "m": "The match ended with Bayern Munich 3-2 Düsseldorf, thank you for watching the Sina Football Live."}, {"id": "117", "s1": "3", "s2": "2", "s": "", "t": "90'+2'", "m": "At the end of the second half, Bayern Munich 3-2 Düsseldorf"}, {"id": "116", "s1": "3", "s2": "2", "s": "", "t": "90'+1'", "m": "Ribery won a free kick for Bayern Munich on the left."}, {"id": "115", "s1": "3", "s2": "2", "s": "", "t": "90'+1'", "m": "Düsseldorf player Cruise scrambled for a foul and the opponent gained possession of the ball."}, {"id": "114", "s1": "3", "s2": "2", "s": "", "t": "90'+1'", "m": "Ribery won a free kick for Bayern Munich on the left."}, {"id": "113", "s1": "3", "s2": "2", "s": "", "t": "90'+1'", "m": "Düsseldorf player Fink scrambled for a foul and his opponent was given possession of the ball."}, {"id": "112", "s1": "3", "s2": "2", "s": "", "t": "90'", "m": "Düsseldorf player Tescher's right-footed shot from outside the penalty area was blocked by a defender. It was Cruise who gave him the pass."}, {"id": "111", "s1": "3", "s2": "2", "s": "", "t": "88'", "m": "Yellow! Dusseldorf player Van den Berg was shown a yellow card by the referee for a malicious foul."}, {"id": "110", "s1": "3", "s2": "2", "s": "", "t": "88'", "m": "Lahm won a free kick for Bayern Munich."}, {"id": "109", "s1": "3", "s2": "2", "s": "", "t": "88'", "m": "Düsseldorf player Bellinghausen scrambled for a foul and the opponent was given possession of the ball."}, {"id": "108", "s1": "3", "s2": "2", "s": "", "t": "88'", "m": "Bayern Munich player Gomez scrambled for a foul and the opponent gained possession of the ball."}, {"id": "107", "s1": "3", "s2": "2", "s": "", "t": "88'", "m": "Ratka won a free kick for Dusseldorf."}, {"id": "106", "s1": "3", "s2": "2", "s": "", "t": "87'", "m": "Schweinsterge won a free kick for Bayern Munich."}, {"id": "105", "s1": "3", "s2": "2", "s": "", "t": "87'", "m": "Düsseldorf player Tescher scrambled for a foul and the opponent was given possession of the ball."}, {"id": "104", "s1": "3", "s2": "2", "s": "", "t": "86'", "m": "Goal!!! Bayern Munich player Boateng's header from the centre of the penalty area, the ball flew from the bottom left corner into the goal and the ball went in! Assisted by Ram. Bayern Munich 3-2 Düsseldorf."}, {"id": "103", "s1": "2", "s2": "2", "s": "", "t": "85'", "m": "Shot!!! Bayern Munich player Ribery's right-footed shot from the left side of the penalty area was saved by the opposing goalkeeper. It was Pizarro who gave him the pass."}, {"id": "102", "s1": "2", "s2": "2", "s": "", "t": "84'", "m": "Van den Burg handled the ball out of the bottom line and Bayern Munich won a corner kick."}, {"id": "101", "s1": "2", "s2": "2", "s": "", "t": "83'", "m": "Bayern Munich player Gomez's header from the centre of the penalty area hit the goalpost. It was Schweinsteiger who passed the ball."}, {"id": "100", "s1": "2", "s2": "2", "s": "", "t": "83'", "m": "Pizarro won a free kick for Bayern Munich in the opposing half."}, {"id": "99", "s1": "2", "s2": "2", "s": "", "t": "83'", "m": "Düsseldorf player Ratka scrambled for a foul and the opponent gained possession of the ball."}, {"id": "98", "s1": "2", "s2": "2", "s": "", "t": "82'", "m": "Shot!!! Bayern Munich player Shakiri's left-footed shot from a wide distance on the right was saved by the opposing goalkeeper. It was Ram who gave him the pass."}, {"id": "97", "s1": "2", "s2": "2", "s": "", "t": "81'", "m": "Van den Burg handled the ball out of the bottom line and Bayern Munich won a corner kick."}, {"id": "96", "s1": "2", "s2": "2", "s": "", "t": "80'", "m": "Bayern Munich player Ribery scrambled for a foul and his opponent was given possession of the ball."}, {"id": "95", "s1": "2", "s2": "2", "s": "", "t": "80'", "m": "Barlogon won a free kick for Dusseldorf."}, {"id": "94", "s1": "2", "s2": "2", "s": "", "t": "79'", "m": "Schweinsterge won a free kick for Bayern Munich."}, {"id": "93", "s1": "2", "s2": "2", "s": "", "t": "79'", "m": "Düsseldorf player Fink scrambled for a foul and his opponent was given possession of the ball."}, {"id": "92", "s1": "2", "s2": "2", "s": "", "t": "77'", "m": "Bayern Munich player Schweinsteiger scrambled for a foul and his opponent was given possession of the ball."}, {"id": "91", "s1": "2", "s2": "2", "s": "", "t": "77'", "m": "Tescher won a free kick for Dusseldorf."}, {"id": "90", "s1": "2", "s2": "2", "s": "", "t": "76'", "m": "Gustavo won a free kick for Bayern Munich on the right."}, {"id": "89", "s1": "2", "s2": "2", "s": "", "t": "76'", "m": "Düsseldorf player Bellinghausen scrambled for a foul and the opponent was given possession of the ball."}, {"id": "88", "s1": "2", "s2": "2", "s": "", "t": "75'", "m": "Dusseldorf made a substitution, and Sassin replaced Lamberts"}, {"id": "87", "s1": "2", "s2": "2", "s": "", "t": "73'", "m": "Goal!!! Bayern Munich player Ribery shot with his right foot in the centre of the penalty area and the ball flew into the goal from the top right corner and the ball went in! Assisted by Pizarro. Bayern Munich 2-2 Düsseldorf."}, {"id": "86", "s1": "1", "s2": "2", "s": "", "t": "72'", "m": "Bayern Munich made a substitution and Pizarro replaced Müller"}, {"id": "85", "s1": "1", "s2": "2", "s": "", "t": "71'", "m": "Goal!!! Dusseldorf player Lamberts fired a right-footed shot from the left side of the penalty area, the ball flew into the goal from the bottom left corner, and the ball went in! Assisted by Fink. Bayern Munich 1-2 Düsseldorf."}, {"id": "84", "s1": "1", "s2": "1", "s": "", "t": "70'", "m": "Geefer handled the ball out of the bottom line and Bayern Munich won a corner kick."}, {"id": "83", "s1": "1", "s2": "1", "s": "", "t": "70'", "m": "Shot!!! Bayern Munich player Ram's right-footed shot from outside the penalty area was saved by the opposing goalkeeper."}, {"id": "82", "s1": "1", "s2": "1", "s": "", "t": "70'", "m": "Cruise handled the ball out of the bottom line and Bayern Munich won a corner kick."}, {"id": "81", "s1": "1", "s2": "1", "s": "", "t": "70'", "m": "Gustavo won a free kick for Bayern Munich at the opposing half."}, {"id": "80", "s1": "1", "s2": "1", "s": "", "t": "70'", "m": "Düsseldorf player Lamberts scrambled for a foul and the opponent gained possession of the ball."}, {"id": "79", "s1": "1", "s2": "1", "s": "", "t": "68'", "m": "Bayern Munich made a substitution and Shakiri replaced Kroos"}, {"id": "78", "s1": "1", "s2": "1", "s": "", "t": "68'", "m": "Barogon handled the ball out of the line and Bayern Munich won a corner kick."}, {"id": "77", "s1": "1", "s2": "1", "s": "", "t": "67'", "m": "Bayern Munich player Van Birten scrambled for a foul and the opponent was given possession of the ball."}, {"id": "76", "s1": "1", "s2": "1", "s": "", "t": "67'", "m": "Van den Burg won a free kick for Dusseldorf."}, {"id": "75", "s1": "1", "s2": "1", "s": "", "t": "66'", "m": "Barogon handled the ball out of the line and Bayern Munich won a corner kick."}, {"id": "74", "s1": "1", "s2": "1", "s": "", "t": "64'", "m": "Dusseldorf was replaced, Fink replaced Boley"}, {"id": "73", "s1": "1", "s2": "1", "s": "", "t": "62'", "m": "Bayern Munich player Van Beatten's header from the centre of the penalty area was blocked by a defender. It was Alaba who gave him the ball."}, {"id": "72", "s1": "1", "s2": "1", "s": "", "t": "61'", "m": "Geefer handled the ball out of the bottom line and Bayern Munich won a corner kick."}, {"id": "71", "s1": "1", "s2": "1", "s": "", "t": "61'", "m": "Shot!!! Bayern Munich player Gomez's right-footed shot from the right side of the penalty area was saved by the opposing goalkeeper. It was Ribery who gave him the ball."}, {"id": "70", "s1": "1", "s2": "1", "s": "", "t": "61'", "m": "Bayern Munich made a substitution, and Gomez replaced Mandzukic"}, {"id": "69", "s1": "1", "s2": "1", "s": "", "t": "59'", "m": "Kroos won a free kick for Bayern Munich."}, {"id": "68", "s1": "1", "s2": "1", "s": "", "t": "59'", "m": "Düsseldorf player Bodzek scrambled for fouls and the opponent gained possession of the ball."}, {"id": "67", "s1": "1", "s2": "1", "s": "", "t": "58'", "m": "Yellow! Bayern Munich player Gustavo was shown a yellow card by the referee for a malicious foul."}, {"id": "66", "s1": "1", "s2": "1", "s": "", "t": "58'", "m": "Bayern Munich player Gustavo scrambled for a foul and the opponent was given possession of the ball."}, {"id": "65", "s1": "1", "s2": "1", "s": "", "t": "58'", "m": "Cruise won a free kick for Dusseldorf."}, {"id": "64", "s1": "1", "s2": "1", "s": "", "t": "57'", "m": "Ribery won a free kick for Bayern Munich at the opposing half."}, {"id": "63", "s1": "1", "s2": "1", "s": "", "t": "57'", "m": "Düsseldorf player Bodzek scrambled for fouls and the opponent gained possession of the ball."}, {"id": "62", "s1": "1", "s2": "1", "s": "", "t": "56'", "m": "Düsseldorf player Cruz's right-footed shot from outside the penalty area was blocked by a defender. It was Tescher who gave him the ball."}, {"id": "61", "s1": "1", "s2": "1", "s": "", "t": "56'", "m": "Bayern Munich player Boateng attempted a header in the centre of the penalty area, but unfortunately the ball was slightly offside the right goal. It was Kroos who gave him the ball."}, {"id": "60", "s1": "1", "s2": "1", "s": "", "t": "55'", "m": "Ribery won a free kick for Bayern Munich on the left."}, {"id": "59", "s1": "1", "s2": "1", "s": "", "t": "55'", "m": "Düsseldorf player Bodzek scrambled for fouls and the opponent gained possession of the ball."}, {"id": "58", "s1": "1", "s2": "1", "s": "", "t": "54'", "m": "Bayern Munich player Müller tried his header in the centre of the penalty area, but unfortunately the ball was slightly offside the left goal. It was Ram who gave him the pass."}, {"id": "57", "s1": "1", "s2": "1", "s": "", "t": "54'", "m": "Maress handled the ball out of the bottom line and Bayern Munich won a corner kick."}, {"id": "56", "s1": "1", "s2": "1", "s": "", "t": "53'", "m": "The suspension ended and the players resumed playing."}, {"id": "55", "s1": "1", "s2": "1", "s": "", "t": "53'", "m": "Bayern Munich Ribery fell to the ground injured and the game was suspended"}, {"id": "54", "s1": "1", "s2": "1", "s": "", "t": "52'", "m": "Ribery won a free kick for Bayern Munich on the left."}, {"id": "53", "s1": "1", "s2": "1", "s": "", "t": "52'", "m": "Düsseldorf player Lamberts scrambled for a foul and the opponent gained possession of the ball."}, {"id": "52", "s1": "1", "s2": "1", "s": "", "t": "51'", "m": "Bayern Munich player Schweinsteiger scrambled for a foul and his opponent was given possession of the ball."}, {"id": "51", "s1": "1", "s2": "1", "s": "", "t": "51'", "m": "Bodzek won a free kick for Dusseldorf."}, {"id": "50", "s1": "1", "s2": "1", "s": "", "t": "49'", "m": "Bayern Munich player Müller scrambled for a foul and his opponent gained possession of the ball."}, {"id": "49", "s1": "1", "s2": "1", "s": "", "t": "49'", "m": "Tescher won a free kick for Dusseldorf."}, {"id": "48", "s1": "1", "s2": "1", "s": "", "t": "48'", "m": "Bayern Munich player Mandzukic attempted a header in the centre of the penalty area, but unfortunately the ball was slightly above the goal. It was Kroos who gave him the ball."}, {"id": "47", "s1": "1", "s2": "1", "s": "", "t": "47'", "m": "Kroos won a free kick for Bayern Munich on the right."}, {"id": "46", "s1": "1", "s2": "1", "s": "", "t": "47'", "m": "Düsseldorf player Lamberts scrambled for a foul and the opponent gained possession of the ball."}, {"id": "45", "s1": "1", "s2": "1", "s": "", "t": "46'", "m": "Bayern Munich player Ram's left-footed shot from outside the penalty area was blocked by a defender."}, {"id": "44", "s1": "1", "s2": "1", "s": "", "t": "", "m": "The second half began with Bayern Munich 1-1 Düsseldorf"}, {"id": "43", "s1": "1", "s2": "1", "s": "", "t": "45'+1'", "m": "At the end of the first half, Bayern Munich 1-1 Düsseldorf, with a short break, we will take a look at the performance of the two teams in the second half."}, {"id": "42", "s1": "1", "s2": "1", "s": "", "t": "45'+1'", "m": "Bayern Munich player Schweinsteiger scrambled for a foul and his opponent was given possession of the ball."}, {"id": "41", "s1": "1", "s2": "1", "s": "", "t": "45'+1'", "m": "Lamberts won a free kick for Dusseldorf on the right."}, {"id": "40", "s1": "1", "s2": "1", "s": "", "t": "45'", "m": "Goal!!! Bayern Munich player Müller fired a right-footed shot from the right side of the penalty area and the ball flew into the goal from the bottom left corner and the ball went in! Assisted by Ram. Bayern Munich 1-1 Düsseldorf."}, {"id": "39", "s1": "0", "s2": "1", "s": "", "t": "43'", "m": "Bayern Munich player Van Beatten threw the ball straight into Schweinsterg, but the referee raised a flag to show that the latter was offside."}, {"id": "38", "s1": "0", "s2": "1", "s": "", "t": "43'", "m": "Shot!!! Bayern Munich player Van Beatten's header from the centre of the penalty area was saved by the opposing goalkeeper. It was Ribery who gave him the ball."}, {"id": "37", "s1": "0", "s2": "1", "s": "", "t": "42'", "m": "Ratka handled the ball out of the bottom line and Bayern Munich won a corner kick."}, {"id": "36", "s1": "0", "s2": "1", "s": "", "t": "41'", "m": "Geefer handled the ball out of the bottom line and Bayern Munich won a corner kick."}, {"id": "35", "s1": "0", "s2": "1", "s": "", "t": "40'", "m": "Bayern Munich player Van Beatten's header from the right side of the penalty area was blocked by a defender. It was Ram who gave him the pass."}, {"id": "34", "s1": "0", "s2": "1", "s": "", "t": "40'", "m": "Shot!!! Bayern Munich player Van Beatten's header from the centre of the penalty area was saved by the opposing goalkeeper. It was Kroos who gave him the ball."}, {"id": "33", "s1": "0", "s2": "1", "s": "", "t": "40'", "m": "Ribery won a free kick for Bayern Munich on the left."}, {"id": "32", "s1": "0", "s2": "1", "s": "", "t": "40'", "m": "Düsseldorf player Barogon scrambled for a foul and the opponent gained possession of the ball."}, {"id": "31", "s1": "0", "s2": "1", "s": "", "t": "38'", "m": "Bayern Munich player Van Bietten was fouled for handball and the opponent was given the ball."}, {"id": "30", "s1": "0", "s2": "1", "s": "", "t": "38'", "m": "Yellow! Düsseldorf player Ratka was shown a yellow card by the referee for a malicious foul."}, {"id": "29", "s1": "0", "s2": "1", "s": "", "t": "38'", "m": "Gustavo won a free kick for Bayern Munich at the opposing half."}, {"id": "28", "s1": "0", "s2": "1", "s": "", "t": "38'", "m": "Düsseldorf player Ratka scrambled for a foul and the opponent gained possession of the ball."}, {"id": "27", "s1": "0", "s2": "1", "s": "", "t": "36'", "m": "Bayern Munich player Mandzukic attempted a right-footed shot from the right side of the penalty area, but the ball was deflected slightly off the right goal."}, {"id": "26", "s1": "0", "s2": "1", "s": "", "t": "35'", "m": "Gustavo handled the ball out of the bottom line and Dusseldorf won the corner."}, {"id": "25", "s1": "0", "s2": "1", "s": "", "t": "33'", "m": "Bayern Munich player Mandzukic threw the ball straight into Ribery, but the referee raised a flag to show that the latter was offside."}, {"id": "24", "s1": "0", "s2": "1", "s": "", "t": "29'", "m": "Bayern Munich player Kroos attempted a right-footed shot from the centre of the penalty area, but unfortunately the ball was slightly offside the right goal. It was Ribery who gave him the ball."}, {"id": "23", "s1": "0", "s2": "1", "s": "", "t": "28'", "m": "Alaba won a free kick for Bayern Munich on the left."}, {"id": "22", "s1": "0", "s2": "1", "s": "", "t": "28'", "m": "Düsseldorf player Bodzek scrambled for fouls and the opponent gained possession of the ball."}, {"id": "21", "s1": "0", "s2": "1", "s": "", "t": "28'", "m": "Bayern Munich player Mandzukic scrambled for a foul and the opponent gained possession of the ball."}, {"id": "20", "s1": "0", "s2": "1", "s": "", "t": "28'", "m": "Van den Burg won a free kick for Dusseldorf."}, {"id": "19", "s1": "0", "s2": "1", "s": "", "t": "27'", "m": "Bayern Munich player Müller tried a right-footed shot at the goal line, but unfortunately the ball was slightly higher than the goal."}, {"id": "18", "s1": "0", "s2": "1", "s": "", "t": "27'", "m": "Shot!!! Bayern Munich player Mandzukic's header from the centre of the penalty area was saved by the opposing goalkeeper. It was Ribery who gave him the ball."}, {"id": "17", "s1": "0", "s2": "1", "s": "", "t": "26'", "m": "Dusseldorf player Van Den Burg kicked the ball straight to Boli, but the referee raised a flag to show that the latter was offside."}, {"id": "16", "s1": "0", "s2": "1", "s": "", "t": "21'", "m": "Shot!!! Bayern Munich player Mandzukic's header from the centre of the penalty area was saved by the opposing goalkeeper. It was Kroos who gave him the ball."}, {"id": "15", "s1": "0", "s2": "1", "s": "", "t": "21'", "m": "Ratka handled the ball out of the bottom line and Bayern Munich won a corner kick."}, {"id": "14", "s1": "0", "s2": "1", "s": "", "t": "20'", "m": "Lahm won a free kick for Bayern Munich."}, {"id": "13", "s1": "0", "s2": "1", "s": "", "t": "20'", "m": "Düsseldorf player Cruise scrambled for a foul and the opponent gained possession of the ball."}, {"id": "12", "s1": "0", "s2": "1", "s": "", "t": "18'", "m": "Bayern Munich player Gustavo scrambled for a foul and the opponent was given possession of the ball."}, {"id": "11", "s1": "0", "s2": "1", "s": "", "t": "18'", "m": "Lamberts won a free kick for Dusseldorf."}, {"id": "10", "s1": "0", "s2": "1", "s": "", "t": "16'", "m": "Goal!!! Düsseldorf player Boli shot with his left foot in front of the goal line, the ball flew into the goal from the bottom right corner, and the ball went in! The assist was Lamberts. Bayern Munich 0-1 Düsseldorf."}, {"id": "9", "s1": "0", "s2": "0", "s": "", "t": "4'", "m": "Ribery won a free kick for Bayern Munich on the left."}, {"id": "8", "s1": "0", "s2": "0", "s": "", "t": "4'", "m": "Düsseldorf player Barogon scrambled for a foul and the opponent gained possession of the ball."}, {"id": "7", "s1": "0", "s2": "0", "s": "", "t": "3'", "m": "Maress handled the ball out of the bottom line and Bayern Munich won a corner kick."}, {"id": "6", "s1": "0", "s2": "0", "s": "", "t": "3'", "m": "Bayern Munich player Schweinsterger's left-footed shot from outside the penalty area was blocked by a defender. It was Ram who gave him the pass."}, {"id": "5", "s1": "0", "s2": "0", "s": "", "t": "2'", "m": "Bayern Munich player Müller scrambled for a foul and his opponent gained possession of the ball."}, {"id": "4", "s1": "0", "s2": "0", "s": "", "t": "2'", "m": "Van den Burg won a free kick for Dusseldorf."}, {"id": "3", "s1": "0", "s2": "0", "s": "", "t": "2'", "m": "The suspension ended and the players resumed playing."}, {"id": "2", "s1": "0", "s2": "0", "s": "", "t": "1'", "m": "Van den Burg, Dusseldorf, fell to the ground injured and the game was suspended"}, {"id": "1", "s1": "0", "s2": "0", "s": "", "t": "", "m": "With a whistle from the referee, the first half of the game began."}]