[{"id": "125", "s1": "1", "s2": "1", "s": "", "t": "", "m": "The match ended with Wolfsburg 1-1 Paderborn, thank you for watching the Sina Football Live."}, {"id": "124", "s1": "1", "s2": "1", "s": "", "t": "90'+5'", "m": "End of the second half, Wolfsburg 1-1 Paderborn"}, {"id": "123", "s1": "1", "s2": "1", "s": "", "t": "90'+5'", "m": "Rafa handled the ball out of the bottom line and Wolfsburg won a corner."}, {"id": "122", "s1": "1", "s2": "1", "s": "", "t": "90'+4'", "m": "Wolfsburg player Arnold attempted a left-footed shot from outside the penalty area, but unfortunately the ball was slightly above goal. It was Hunter who gave him the pass."}, {"id": "121", "s1": "1", "s2": "1", "s": "", "t": "90'+3'", "m": "Wolfsburg player Naldo attempted a right-footed shot from outside the penalty area, but unfortunately the ball deflected off goal. It was Bentner who gave him the ball."}, {"id": "120", "s1": "1", "s2": "1", "s": "", "t": "90'+2'", "m": "Lukas Kruse handled the ball out of the bottom line and Wolfsburg won the corner."}, {"id": "119", "s1": "1", "s2": "1", "s": "", "t": "90'+2'", "m": "Shot!!! Wolfsburg player Bentner's right-footed shot from the centre of the penalty area was saved by the opposing goalkeeper. It was Vierenia who gave him the ball."}, {"id": "118", "s1": "1", "s2": "1", "s": "", "t": "90'+1'", "m": "Gustavo won a free kick for Wolfsburg."}, {"id": "117", "s1": "1", "s2": "1", "s": "", "t": "90'+1'", "m": "Paderburn player Kuchik scrambled for fouls and the opponent gained possession of the ball."}, {"id": "116", "s1": "1", "s2": "1", "s": "", "t": "90'", "m": "Wolfsburg player Calijuri scrambled for a foul and his opponent gained possession of the ball."}, {"id": "115", "s1": "1", "s2": "1", "s": "", "t": "90'", "m": "Rupp won a free kick for Paderburn."}, {"id": "114", "s1": "1", "s2": "1", "s": "", "t": "89'", "m": "Wolfsburg player Gustavo attempted a left-footed shot from outside the penalty area, but unfortunately the ball was slightly offside the left goal. It was Hunter who gave him the pass."}, {"id": "113", "s1": "1", "s2": "1", "s": "", "t": "88'", "m": "Calijuri won a free kick for Wolfsburg in the opposing half."}, {"id": "112", "s1": "1", "s2": "1", "s": "", "t": "88'", "m": "Paderburn player Rafa scrambled for a foul and the opponent gained possession of the ball."}, {"id": "111", "s1": "1", "s2": "1", "s": "", "t": "88'", "m": "Wolfsburg player Naldo attempted a header in the middle of the penalty area, but unfortunately the ball went high above goal. It was De Bruyne who passed the ball to him."}, {"id": "110", "s1": "1", "s2": "1", "s": "", "t": "87'", "m": "Calijuri won a free kick for Wolfsburg in the opposing half."}, {"id": "109", "s1": "1", "s2": "1", "s": "", "t": "87'", "m": "Paderburn player Rupp scrambled for a foul and the opponent was given possession of the ball."}, {"id": "108", "s1": "1", "s2": "1", "s": "", "t": "86'", "m": "Bernalio handled the ball off the line and Paderburn won the corner."}, {"id": "107", "s1": "1", "s2": "1", "s": "", "t": "86'", "m": "Shot!!! Paderburn player Bakaloz's right-footed shot from the right side of the penalty area was saved by the opposing goalkeeper."}, {"id": "106", "s1": "1", "s2": "1", "s": "", "t": "85'", "m": "Wolfsburg made a substitution, Bentner replaced Dost"}, {"id": "105", "s1": "1", "s2": "1", "s": "", "t": "84'", "m": "Paderborn was replaced, and Dukesch replaced Kassoonga"}, {"id": "104", "s1": "1", "s2": "1", "s": "", "t": "83'", "m": "Wolfsburg player De Bruyne shoved the ball straight into Vierini, but the referee raised a flag to show that the latter was offside."}, {"id": "103", "s1": "1", "s2": "1", "s": "", "t": "80'", "m": "Wolfsburg player Vierenia scrambled for a foul and the opponent was given possession."}, {"id": "102", "s1": "1", "s2": "1", "s": "", "t": "80'", "m": "Kuchik won a free kick for Paderburn in the opposing half."}, {"id": "101", "s1": "1", "s2": "1", "s": "", "t": "80'", "m": "Wolfsburg player Knoch scrambled for a foul and his opponent gained possession of the ball."}, {"id": "100", "s1": "1", "s2": "1", "s": "", "t": "80'", "m": "Kuchik won a free kick for Paderburn."}, {"id": "99", "s1": "1", "s2": "1", "s": "", "t": "80'", "m": "Wolfsburg player Arnold attempted a right-footed shot from outside the penalty area, but unfortunately the ball was slightly offside the left goal."}, {"id": "98", "s1": "1", "s2": "1", "s": "", "t": "80'", "m": "Christian Strohdiek handled the ball out of the bottom line and Wolfsburg won a corner kick."}, {"id": "97", "s1": "1", "s2": "1", "s": "", "t": "80'", "m": "Wolfsburg player Naldo's central header from the penalty area was blocked by a defender. It was De Bruyne who passed the ball to him."}, {"id": "96", "s1": "1", "s2": "1", "s": "", "t": "79'", "m": "Lukas Kruse handled the ball out of the bottom line and Wolfsburg won the corner."}, {"id": "95", "s1": "1", "s2": "1", "s": "", "t": "79'", "m": "Shot!!! Wolfsburg player Naldo's header from the centre of the penalty area was saved by the opposing goalkeeper. It was Schaefer who gave him the ball."}, {"id": "94", "s1": "1", "s2": "1", "s": "", "t": "79'", "m": "Patrick Ziegler handled the ball out of the bottom line and Wolfsburg won the corner."}, {"id": "93", "s1": "1", "s2": "1", "s": "", "t": "78'", "m": "Wolfsburg player Gustavo's right-footed shot from the right side of the penalty area was blocked by a defender."}, {"id": "92", "s1": "1", "s2": "1", "s": "", "t": "77'", "m": "Jens Wemmer handled the ball out of the bottom line and Wolfsburg won the corner."}, {"id": "91", "s1": "1", "s2": "1", "s": "", "t": "75'", "m": "Wolfsburg player Vierenia scrambled for a foul and the opponent was given possession."}, {"id": "90", "s1": "1", "s2": "1", "s": "", "t": "75'", "m": "Alban Meha won a free kick for Paderborn."}, {"id": "89", "s1": "1", "s2": "1", "s": "", "t": "73'", "m": "Yellow! Wolfsburg player Arnold was shown a yellow card by the referee for a malicious foul."}, {"id": "88", "s1": "1", "s2": "1", "s": "", "t": "73'", "m": "Wolfsburg player Arnold scrambled for a foul and the opponent was given possession of the ball."}, {"id": "87", "s1": "1", "s2": "1", "s": "", "t": "73'", "m": "Patrick Ziegler won a free kick for Paderburn."}, {"id": "86", "s1": "1", "s2": "1", "s": "", "t": "72'", "m": "Arnold won a free kick for Wolfsburg on the left."}, {"id": "85", "s1": "1", "s2": "1", "s": "", "t": "72'", "m": "Paderburn player Rupp scrambled for a foul and the opponent was given possession of the ball."}, {"id": "84", "s1": "1", "s2": "1", "s": "", "t": "72'", "m": "Paderborn made a substitution, with Patrick Ziegler replacing Stobokamp"}, {"id": "83", "s1": "1", "s2": "1", "s": "", "t": "71'", "m": "Schaefer won a free kick for Wolfsburg."}, {"id": "82", "s1": "1", "s2": "1", "s": "", "t": "71'", "m": "Paderburn player Stobokamp scrambled for a foul and the opponent gained possession of the ball."}, {"id": "81", "s1": "1", "s2": "1", "s": "", "t": "70'", "m": "Wolfsburg made a substitution and Hunter replaced Rong"}, {"id": "80", "s1": "1", "s2": "1", "s": "", "t": "70'", "m": "Wolfsburg made a substitution, Calijuri replaced Perisic"}, {"id": "79", "s1": "1", "s2": "1", "s": "", "t": "69'", "m": "Paderburn player Kuchik attempted a right-footed shot from the right side of the penalty area, but unfortunately the ball was high above the top right corner. It was Rupp who gave him the pass."}, {"id": "78", "s1": "1", "s2": "1", "s": "", "t": "67'", "m": "Wolfsburg player De Bruyne tried his right-footed shot from the left side of the penalty area, but the ball was deflected slightly off the right goal. It was Perisic who gave him the ball."}, {"id": "77", "s1": "1", "s2": "1", "s": "", "t": "65'", "m": "Lukas Kruse handled the ball out of the bottom line and Wolfsburg won the corner."}, {"id": "76", "s1": "1", "s2": "1", "s": "", "t": "65'", "m": "Shot!!! Wolfsburg player Arnold's left-footed shot from the centre of the penalty area was saved by the opposing goalkeeper."}, {"id": "75", "s1": "1", "s2": "1", "s": "", "t": "65'", "m": "Shot!!! Wolfsburg player Dost's header from the goal line was saved by the opposing goalkeeper. It was Perisic who gave him the ball."}, {"id": "74", "s1": "1", "s2": "1", "s": "", "t": "64'", "m": "Wolfsburg player Naldo scrambled for a foul and his opponent gained possession of the ball."}, {"id": "73", "s1": "1", "s2": "1", "s": "", "t": "64'", "m": "Kassonga won a free kick for Paderburn."}, {"id": "72", "s1": "1", "s2": "1", "s": "", "t": "62'", "m": "Gustavo won a free kick for Wolfsburg."}, {"id": "71", "s1": "1", "s2": "1", "s": "", "t": "62'", "m": "Paderburn player Bakaloz scrambles for a foul and the opponent gains possession."}, {"id": "70", "s1": "1", "s2": "1", "s": "", "t": "61'", "m": "Knoch won a free kick for Wolfsburg."}, {"id": "69", "s1": "1", "s2": "1", "s": "", "t": "61'", "m": "Paderburn player Kuchik scrambled for fouls and the opponent gained possession of the ball."}, {"id": "68", "s1": "1", "s2": "1", "s": "", "t": "61'", "m": "Paderburn player Kuchik attempted a right-footed shot from outside the penalty area, but unfortunately the ball was slightly offside the left goal. The one who gave him the ball was Kasonga."}, {"id": "67", "s1": "1", "s2": "1", "s": "", "t": "60'", "m": "Schaefer won a free kick for Wolfsburg on the left."}, {"id": "66", "s1": "1", "s2": "1", "s": "", "t": "60'", "m": "Paderburn player Stobokamp scrambled for a foul and the opponent gained possession of the ball."}, {"id": "65", "s1": "1", "s2": "1", "s": "", "t": "59'", "m": "Wolfsburg player De Bruyne's right-footed shot from the right side of the penalty area was blocked by a defender. It was Arnold who gave him the pass."}, {"id": "64", "s1": "1", "s2": "1", "s": "", "t": "57'", "m": "Yellow! Wolfsburg player Gustavo was shown a yellow card by the referee for a malicious foul."}, {"id": "63", "s1": "1", "s2": "1", "s": "", "t": "57'", "m": "Wolfsburg player Gustavo scrambled for a foul and the opponent was given possession of the ball."}, {"id": "62", "s1": "1", "s2": "1", "s": "", "t": "57'", "m": "Barkaloz won a free kick for Paderburn at the opposing half."}, {"id": "61", "s1": "1", "s2": "1", "s": "", "t": "55'", "m": "Vierenia won a free kick for Wolfsburg on the right."}, {"id": "60", "s1": "1", "s2": "1", "s": "", "t": "55'", "m": "Paderburn player Jens Wemmer scrambled for a foul and the opponent was given possession of the ball."}, {"id": "59", "s1": "1", "s2": "1", "s": "", "t": "53'", "m": "Shot!!! Wolfsburg player Dost's header from the right side of the penalty area was saved by the opposing goalkeeper. It was Perisic who gave him the ball."}, {"id": "58", "s1": "1", "s2": "1", "s": "", "t": "51'", "m": "Goal!!! Paderburn player Alban Meha shot with his right foot and the ball flew into the goal from the bottom left corner and the ball went in! Wolfsburg 1-1 Paderborn."}, {"id": "57", "s1": "1", "s2": "0", "s": "", "t": "50'", "m": "Yellow! Wolfsburg player Naldo was shown a yellow card by the referee for a malicious foul."}, {"id": "56", "s1": "1", "s2": "0", "s": "", "t": "50'", "m": "Wolfsburg player Naldo committed a foul that resulted in the opponent receiving a penalty."}, {"id": "55", "s1": "1", "s2": "0", "s": "", "t": "50'", "m": "Penalty, Christian Strohdiek was violated inside the penalty area and Paderborn received the penalty."}, {"id": "54", "s1": "1", "s2": "0", "s": "", "t": "49'", "m": "Wolfsburg player Vierenia scrambled for a foul and the opponent was given possession."}, {"id": "53", "s1": "1", "s2": "0", "s": "", "t": "49'", "m": "Jens Wemmer won a free kick for Paderburn at the opposing half."}, {"id": "52", "s1": "1", "s2": "0", "s": "", "t": "48'", "m": "Arnold won a free kick for Wolfsburg."}, {"id": "51", "s1": "1", "s2": "0", "s": "", "t": "48'", "m": "Paderburn player Alban Meha scrambled for a foul and the opponent gained possession of the ball."}, {"id": "50", "s1": "1", "s2": "0", "s": "", "t": "", "m": "The second half began with Wolfsburg 1-0 Paderborn"}, {"id": "49", "s1": "1", "s2": "0", "s": "", "t": "45'", "m": "Paderborn made a substitution, with Kuchik replacing Daniel Brückner"}, {"id": "48", "s1": "1", "s2": "0", "s": "", "t": "45'+2'", "m": "At the end of the first half, Wolfsburg 1-0 Paderborn, with a short break, we will take a look at the performance of the two teams in the second half."}, {"id": "47", "s1": "1", "s2": "0", "s": "", "t": "45'", "m": "Schaefer won a free kick for Wolfsburg."}, {"id": "46", "s1": "1", "s2": "0", "s": "", "t": "45'", "m": "Paderburn player Stobokamp scrambled for a foul and the opponent gained possession of the ball."}, {"id": "45", "s1": "1", "s2": "0", "s": "", "t": "44'", "m": "Wolfsburg player Dost scrambled for a foul and his opponent was given possession."}, {"id": "44", "s1": "1", "s2": "0", "s": "", "t": "44'", "m": "Christian Strohdiek won a free kick for Paderborn."}, {"id": "43", "s1": "1", "s2": "0", "s": "", "t": "43'", "m": "Wolfsburg player Gustavo scrambled for a foul and the opponent was given possession of the ball."}, {"id": "42", "s1": "1", "s2": "0", "s": "", "t": "43'", "m": "Barkaloz won a free kick for Paderburn at the opposing half."}, {"id": "41", "s1": "1", "s2": "0", "s": "", "t": "41'", "m": "Rafa handled the ball out of the bottom line and Wolfsburg won a corner."}, {"id": "40", "s1": "1", "s2": "0", "s": "", "t": "39'", "m": "Wolfsburg player Arnold tucked the ball straight into Dost, but the referee raised a flag to show that the latter was offside."}, {"id": "39", "s1": "1", "s2": "0", "s": "", "t": "36'", "m": "Shot!!! Paderburn player Stobokamp's right-footed shot from the left side of the penalty area was saved by the opposing goalkeeper."}, {"id": "38", "s1": "1", "s2": "0", "s": "", "t": "35'", "m": "Wolfsburg player De Bruyne tried his left-footed shot from outside the penalty area, but the ball was deflected slightly off the left goal."}, {"id": "37", "s1": "1", "s2": "0", "s": "", "t": "33'", "m": "Wolfsburg player De Bruyne's right-footed shot from outside the penalty area was blocked by a defender."}, {"id": "36", "s1": "1", "s2": "0", "s": "", "t": "33'", "m": "Wolfsburg player Dost shot with his left foot in front of the goal line hit the goalpost crossbar. It was Schaefer who gave him the ball."}, {"id": "35", "s1": "1", "s2": "0", "s": "", "t": "31'", "m": "Perisic won a free kick for Wolfsburg on the left."}, {"id": "34", "s1": "1", "s2": "0", "s": "", "t": "31'", "m": "Paderburn player Kassonga scrambled for a foul and the opponent was given possession of the ball."}, {"id": "33", "s1": "1", "s2": "0", "s": "", "t": "30'", "m": "Christian Strohdiek handled the ball out of the bottom line and Wolfsburg won a corner kick."}, {"id": "32", "s1": "1", "s2": "0", "s": "", "t": "30'", "m": "Wolfsburg player Perisic's penalty was saved by the opposing goalkeeper. Penalty missed."}, {"id": "31", "s1": "1", "s2": "0", "s": "", "t": "29'", "m": "Yellow! Paderburn player Christian Strohdiek was shown a yellow card by the referee for a malicious foul."}, {"id": "30", "s1": "1", "s2": "0", "s": "", "t": "29'", "m": "Penalty, Dost was violated inside the penalty area and Wolfsburg won the penalty."}, {"id": "29", "s1": "1", "s2": "0", "s": "", "t": "29'", "m": "Paderburn player Christian Strohdiek was fouled and caused the opponent to receive a penalty."}, {"id": "28", "s1": "1", "s2": "0", "s": "", "t": "27'", "m": "Bernalio won a free kick for Wolfsburg."}, {"id": "27", "s1": "1", "s2": "0", "s": "", "t": "27'", "m": "Paderburn player Bakaloz scrambles for a foul and the opponent gains possession."}, {"id": "26", "s1": "1", "s2": "0", "s": "", "t": "26'", "m": "Wolfsburg player Schaefer scrambled for a foul and his opponent was given possession of the ball."}, {"id": "25", "s1": "1", "s2": "0", "s": "", "t": "26'", "m": "Kassonga won a free kick for Paderborn on the right."}, {"id": "24", "s1": "1", "s2": "0", "s": "", "t": "25'", "m": "Wolfsburg player De Bruyne attempted a right-footed shot from outside the penalty area, but the ball was deflected slightly off the right goal."}, {"id": "23", "s1": "1", "s2": "0", "s": "", "t": "24'", "m": "Yellow! Paderburn player Hunnemeer was shown a yellow card by the referee for a malicious foul."}, {"id": "22", "s1": "1", "s2": "0", "s": "", "t": "24'", "m": "De Bruyne won a free kick for Wolfsburg in the opposing half."}, {"id": "21", "s1": "1", "s2": "0", "s": "", "t": "24'", "m": "Paderborn player Hunnemeier scrambled for a foul and the opponent was given possession of the ball."}, {"id": "20", "s1": "1", "s2": "0", "s": "", "t": "24'", "m": "Wolfsburg player Dost scrambled for a foul and his opponent was given possession."}, {"id": "19", "s1": "1", "s2": "0", "s": "", "t": "24'", "m": "Alban Meha won a free kick for Paderborn."}, {"id": "18", "s1": "1", "s2": "0", "s": "", "t": "20'", "m": "Yellow! Wolfsburg player Perisic was shown a yellow card by the referee for a malicious foul."}, {"id": "17", "s1": "1", "s2": "0", "s": "", "t": "20'", "m": "Wolfsburg player Perisic scrambled for a foul and the opponent gained possession."}, {"id": "16", "s1": "1", "s2": "0", "s": "", "t": "20'", "m": "Stobokamp won a free kick for Paderburn."}, {"id": "15", "s1": "1", "s2": "0", "s": "", "t": "19'", "m": "Rafa handled the ball out of the bottom line and Wolfsburg won a corner."}, {"id": "14", "s1": "1", "s2": "0", "s": "", "t": "17'", "m": "Paderborn player Rafa swung himself, Wolfsburg 1-0 Paderborn"}, {"id": "13", "s1": "0", "s2": "0", "s": "", "t": "15'", "m": "Shot!!! Wolfsburg player Dost's right-footed shot from the centre of the penalty area was saved by the opposing goalkeeper. It was De Bruyne who passed the ball to him."}, {"id": "12", "s1": "0", "s2": "0", "s": "", "t": "12'", "m": "Shot!!! Wolfsburg player Vierenia's left-footed shot from outside the penalty area was saved by the opposing goalkeeper. It was De Bruyne who passed the ball to him."}, {"id": "11", "s1": "0", "s2": "0", "s": "", "t": "10'", "m": "Perisic won a free kick for Wolfsburg on the left."}, {"id": "10", "s1": "0", "s2": "0", "s": "", "t": "10'", "m": "Paderburn player Jens Wemmer scrambled for a foul and the opponent was given possession of the ball."}, {"id": "9", "s1": "0", "s2": "0", "s": "", "t": "9'", "m": "Paderborn player Alban Meha tried his right-footed shot from outside the penalty area but unfortunately the ball went high above goal."}, {"id": "8", "s1": "0", "s2": "0", "s": "", "t": "9'", "m": "Wolfsburg player Naldo scrambled for a foul and his opponent gained possession of the ball."}, {"id": "7", "s1": "0", "s2": "0", "s": "", "t": "9'", "m": "Stobokamp won a free kick for Paderburn at the opposing half."}, {"id": "6", "s1": "0", "s2": "0", "s": "", "t": "8'", "m": "Wolfsburg player De Bruyne sent the ball straight to Schaefer, but the referee raised a flag to show that the latter was offside."}, {"id": "5", "s1": "0", "s2": "0", "s": "", "t": "6'", "m": "De Bruyne won a free kick for Wolfsburg on the right."}, {"id": "4", "s1": "0", "s2": "0", "s": "", "t": "6'", "m": "Paderburn player Alban Meha scrambled for a foul and the opponent gained possession of the ball."}, {"id": "3", "s1": "0", "s2": "0", "s": "", "t": "5'", "m": "Rafa handled the ball out of the bottom line and Wolfsburg won a corner."}, {"id": "2", "s1": "0", "s2": "0", "s": "", "t": "3'", "m": "Wolfsburg player Naldo kicked the ball straight into Vierinia, but the referee raised a flag to show that the latter was offside."}, {"id": "1", "s1": "0", "s2": "0", "s": "", "t": "", "m": "With a whistle from the referee, the first half of the game began."}]