[{"id": "104", "s1": "0", "s2": "3", "s": "", "t": "", "m": "The match ended with Hannover 96 0-3 Dortmund, thank you for watching The Sina Football Live."}, {"id": "103", "s1": "0", "s2": "3", "s": "", "t": "90'+2'", "m": "At the end of the second half, Hannover 96 0-3 Borussia Dortmund"}, {"id": "102", "s1": "0", "s2": "3", "s": "", "t": "90'+1'", "m": "Goal!!! Borussia Dortmund player Reus shot with his left foot from a tight angle on the left side of the goal, the ball flew into the goal from the bottom right corner and the ball went in! Assisted by Mkhitaryan. Hanover 96 0-3 Dortmund."}, {"id": "101", "s1": "0", "s2": "2", "s": "", "t": "90'", "m": "Borussia Dortmund player Reuss tried a right-footed shot at the centre of the penalty area, but unfortunately the ball went high above goal. It was Sheb who gave him the pass."}, {"id": "100", "s1": "0", "s2": "2", "s": "", "t": "88'", "m": "Shot!!! Hannover's 96 player Steyndall's right-footed shot from the centre of the penalty area was saved by the opposing goalkeeper. The one who gave him the ball was Bidangu."}, {"id": "99", "s1": "0", "s2": "2", "s": "", "t": "88'", "m": "Borussia Dortmund player Gros Kreuz attempted a left-footed shot from outside the penalty area, but unfortunately the ball went high above goal. It was Reus who gave him the pass."}, {"id": "98", "s1": "0", "s2": "2", "s": "", "t": "87'", "m": "Hannover 96 player A-Konan scrambled for a foul and the opponent was given possession."}, {"id": "97", "s1": "0", "s2": "2", "s": "", "t": "87'", "m": "Weidenfehrer won a free kick for Borussia Dortmund."}, {"id": "96", "s1": "0", "s2": "2", "s": "", "t": "86'", "m": "Shot!!! Hannover's 96-player Stender's left-footed shot from outside the penalty area was saved by the opposing goalkeeper. It was Schroudderoff who gave him the pass."}, {"id": "95", "s1": "0", "s2": "2", "s": "", "t": "84'", "m": "Borussia Dortmund player Mkhitaryan tucked the ball straight into Reuss, but the referee raised a flag to show the latter was offside."}, {"id": "94", "s1": "0", "s2": "2", "s": "", "t": "84'", "m": "Hannover's 96 player Beatangu's left-footed shot from outside the penalty area was blocked by a defender. It was Ya-Konan who gave him the pass."}, {"id": "93", "s1": "0", "s2": "2", "s": "", "t": "84'", "m": "Dortmund made a substitution, and Seeb replaced Lewandowski"}, {"id": "92", "s1": "0", "s2": "2", "s": "", "t": "80'", "m": "Hannover 96 player Stender tried a right-footed shot from outside the penalty area, but unfortunately the ball was high above goal. It was Justi who gave him the ball."}, {"id": "91", "s1": "0", "s2": "2", "s": "", "t": "79'", "m": "Borussia Dortmund player Reuss attempted a right-footed shot from outside the penalty area, but unfortunately the ball was high above the top right corner. It was Lewandowski who gave him the pass."}, {"id": "90", "s1": "0", "s2": "2", "s": "", "t": "78'", "m": "Weidenfeller handled the ball out of the bottom line and Hannover 96 won a corner kick."}, {"id": "89", "s1": "0", "s2": "2", "s": "", "t": "78'", "m": "Durm handled the ball out of the bottom line and Hannover 96 won a corner kick."}, {"id": "88", "s1": "0", "s2": "2", "s": "", "t": "76'", "m": "Hannover 96 player Stender tried a right-footed shot from outside the penalty area, but unfortunately the ball was high above goal. It was Justi who gave him the ball."}, {"id": "87", "s1": "0", "s2": "2", "s": "", "t": "74'", "m": "Yellow! Dortmund player Hummels was shown a yellow card by the referee for a malicious foul."}, {"id": "86", "s1": "0", "s2": "2", "s": "", "t": "74'", "m": "Dortmund player Hummels scrambled for a foul and the opponent gained possession of the ball."}, {"id": "85", "s1": "0", "s2": "2", "s": "", "t": "74'", "m": "Schroudderhof won a free kick for the Hanover 96."}, {"id": "84", "s1": "0", "s2": "2", "s": "", "t": "73'", "m": "Hanover made a 96 substitution, with Schroudderf replacing Prieb"}, {"id": "83", "s1": "0", "s2": "2", "s": "", "t": "72'", "m": "Dortmund player Kyle scrambled for a foul and the opponent was given possession."}, {"id": "82", "s1": "0", "s2": "2", "s": "", "t": "72'", "m": "Justi won a free kick for Hannover 96 at the opposing half."}, {"id": "81", "s1": "0", "s2": "2", "s": "", "t": "72'", "m": "Dortmund player Durm tried his right-footed shot from outside the penalty area, but unfortunately the ball was slightly above the goal."}, {"id": "80", "s1": "0", "s2": "2", "s": "", "t": "71'", "m": "Dortmund player Kyle scrambled for a foul and the opponent was given possession."}, {"id": "79", "s1": "0", "s2": "2", "s": "", "t": "71'", "m": "A-Konan won a free kick for Hannover 96 in the opposing half."}, {"id": "78", "s1": "0", "s2": "2", "s": "", "t": "70'", "m": "Hannover 96 player Styndall threw the ball straight into Bidanggu, but the referee raised a flag to show that the latter was offside."}, {"id": "77", "s1": "0", "s2": "2", "s": "", "t": "70'", "m": "Borussia Dortmund player Mkhitaryan scrambled for a foul and his opponent was given possession of the ball."}, {"id": "76", "s1": "0", "s2": "2", "s": "", "t": "70'", "m": "Justi won a free kick for Hannover 96 on the right."}, {"id": "75", "s1": "0", "s2": "2", "s": "", "t": "69'", "m": "Borussia Dortmund player Piszczek threw the ball straight into Mkhitaryan, but the referee raised a flag to show that the latter was offside."}, {"id": "74", "s1": "0", "s2": "2", "s": "", "t": "68'", "m": "Dortmund made a substitution, and Reus replaced J Hoffman"}, {"id": "73", "s1": "0", "s2": "2", "s": "", "t": "67'", "m": "Dortmund player J Hoffmann scrambled for a foul and his opponent was given possession."}, {"id": "72", "s1": "0", "s2": "2", "s": "", "t": "67'", "m": "Hiroki Sakai won a free kick for the Hannover 96."}, {"id": "71", "s1": "0", "s2": "2", "s": "", "t": "66'", "m": "Borussia Dortmund made a substitution and Kyle replaced Shaheen"}, {"id": "70", "s1": "0", "s2": "2", "s": "", "t": "64'", "m": "Borussia Dortmund's Kirsch attempted a left-footed shot from outside the penalty area, but unfortunately the ball went high above goal."}, {"id": "69", "s1": "0", "s2": "2", "s": "", "t": "64'", "m": "Dortmund player Lewandowski's right-footed shot from the centre of the penalty area was blocked by a defender. The pass to him was Gros Kreuz."}, {"id": "68", "s1": "0", "s2": "2", "s": "", "t": "60'", "m": "Dortmund player Durm scrambled for a foul and the opponent was given possession of the ball."}, {"id": "67", "s1": "0", "s2": "2", "s": "", "t": "60'", "m": "Hiroki Sakai won a free kick for Hannover 96 on the right."}, {"id": "66", "s1": "0", "s2": "2", "s": "", "t": "59'", "m": "Hannover made a 96 substitution, with A-Konan replacing Sane"}, {"id": "65", "s1": "0", "s2": "2", "s": "", "t": "57'", "m": "Dortmund player Lewandowski threw the ball straight into Mkhitaryan, but the referee raised a flag to show that the latter was offside."}, {"id": "64", "s1": "0", "s2": "2", "s": "", "t": "56'", "m": "Sane handled the ball out of the line and Borussia Dortmund won a corner kick."}, {"id": "63", "s1": "0", "s2": "2", "s": "", "t": "56'", "m": "Borussia Dortmund's Mkhitaryan's right-footed shot from outside the penalty area was blocked by a defender. The pass to him was Gros Kreuz."}, {"id": "62", "s1": "0", "s2": "2", "s": "", "t": "55'", "m": "Groß Kreuz won a free kick for Borussia Dortmund on the left."}, {"id": "61", "s1": "0", "s2": "2", "s": "", "t": "55'", "m": "Hannover 96 player Schmiedbach scrambled for a foul and the opponent was given possession of the ball."}, {"id": "60", "s1": "0", "s2": "2", "s": "", "t": "52'", "m": "Goal!!! Dortmund player Lewandowski fired a right-footed shot from the centre of the penalty area, the ball flew into the goal from the bottom left corner and the ball went in! Assisted by Mkhitaryan. Hanover 96 0-2 Dortmund."}, {"id": "59", "s1": "0", "s2": "1", "s": "", "t": "51'", "m": "Lewandowski won a free kick for Borussia Dortmund."}, {"id": "58", "s1": "0", "s2": "1", "s": "", "t": "51'", "m": "Hannover 96 player Prib scrambled for a foul and the opponent was given possession."}, {"id": "57", "s1": "0", "s2": "1", "s": "", "t": "49'", "m": "Großkroytz won a free kick for Borussia Dortmund."}, {"id": "56", "s1": "0", "s2": "1", "s": "", "t": "49'", "m": "Hannover 96 player Schmiedbach scrambled for a foul and the opponent was given possession of the ball."}, {"id": "55", "s1": "0", "s2": "1", "s": "", "t": "47'", "m": "Dortmund player Shaheen scrambled for a foul and the opponent gained possession."}, {"id": "54", "s1": "0", "s2": "1", "s": "", "t": "47'", "m": "Justi won a free kick for the Hannover 96."}, {"id": "53", "s1": "0", "s2": "1", "s": "", "t": "", "m": "The second half began with Hannover 96 0-1 Borussia Dortmund"}, {"id": "52", "s1": "0", "s2": "1", "s": "", "t": "45'+1'", "m": "At the end of the first half, Hannover 96 0-1 Dortmund, with a short break, we will take a look at the performance of the two teams in the second half."}, {"id": "51", "s1": "0", "s2": "1", "s": "", "t": "45'", "m": "Dortmund player Shaheen scrambled for a foul and the opponent gained possession."}, {"id": "50", "s1": "0", "s2": "1", "s": "", "t": "45'", "m": "Justi won a free kick for Hannover 96 on the left."}, {"id": "49", "s1": "0", "s2": "1", "s": "", "t": "43'", "m": "Goal!!! Dortmund player Hummels fired a left-footed shot from the centre of the penalty area and the ball flew into the goal from the bottom left corner and the ball went in! Assisted by Papastathopoulos. Hanover 96 0-1 Dortmund."}, {"id": "48", "s1": "0", "s2": "0", "s": "", "t": "43'", "m": "Poconioli handled the ball out of the bottom line and Borussia Dortmund won a corner kick."}, {"id": "47", "s1": "0", "s2": "0", "s": "", "t": "42'", "m": "Hiroki Sakai handled the ball out of the bottom line and Borussia Dortmund won a corner kick."}, {"id": "46", "s1": "0", "s2": "0", "s": "", "t": "39'", "m": "Lewandowski handled the ball out of the bottom line and Hannover 96 won a corner kick."}, {"id": "45", "s1": "0", "s2": "0", "s": "", "t": "39'", "m": "Borussia Dortmund player Piszczek scrambled for a foul and the opponent was given possession of the ball."}, {"id": "44", "s1": "0", "s2": "0", "s": "", "t": "39'", "m": "Bidangu won a free kick for Hannover 96 on the left side."}, {"id": "43", "s1": "0", "s2": "0", "s": "", "t": "37'", "m": "Borussia Dortmund player Papastathopoulos gave Hummels a straight kick but the referee raised a flag to show the latter had been offside."}, {"id": "42", "s1": "0", "s2": "0", "s": "", "t": "36'", "m": "Yellow! Hannover 96 player Hiroki Sakai was shown a yellow card by the referee for deliberate handball."}, {"id": "41", "s1": "0", "s2": "0", "s": "", "t": "36'", "m": "Hannover 96 player Hiroki Sakai was fouled for handball and the opponent was given the ball."}, {"id": "40", "s1": "0", "s2": "0", "s": "", "t": "34'", "m": "Hannover 96 player Thandangu tucked the ball straight into Prieb, but the referee raised a flag to show that the latter was offside."}, {"id": "39", "s1": "0", "s2": "0", "s": "", "t": "32'", "m": "Mkhitaryan won a free kick for Borussia Dortmund at the opposing half."}, {"id": "38", "s1": "0", "s2": "0", "s": "", "t": "32'", "m": "Hannover 96 player Sane scrambled for a foul and the opponent was given possession."}, {"id": "37", "s1": "0", "s2": "0", "s": "", "t": "30'", "m": "Weidenfeller handled the ball out of the bottom line and Hannover 96 won a corner kick."}, {"id": "36", "s1": "0", "s2": "0", "s": "", "t": "30'", "m": "Shot!!! Hannover's 96 player Stindell's right-footed shot from outside the penalty area was saved by the opposing goalkeeper. It was Justi who gave him the ball."}, {"id": "35", "s1": "0", "s2": "0", "s": "", "t": "29'", "m": "Borussia Dortmund player Mkhitaryan scrambled for a foul and his opponent was given possession of the ball."}, {"id": "34", "s1": "0", "s2": "0", "s": "", "t": "29'", "m": "Sane won a free kick for Hannover 96 at the opposing half."}, {"id": "33", "s1": "0", "s2": "0", "s": "", "t": "28'", "m": "Dortmund player Lewandowski scrambled for a foul and the opponent was given possession of the ball."}, {"id": "32", "s1": "0", "s2": "0", "s": "", "t": "28'", "m": "Poconioli won a free kick for hannover 96."}, {"id": "31", "s1": "0", "s2": "0", "s": "", "t": "28'", "m": "Hanover 96 players were fouled in handball and the opponent was given the ball."}, {"id": "30", "s1": "0", "s2": "0", "s": "", "t": "26'", "m": "Hannover 96 player Hoffmann attempted a header in the centre of the penalty area, but unfortunately the ball deflected off goal. It was Styndall who gave him the pass."}, {"id": "29", "s1": "0", "s2": "0", "s": "", "t": "25'", "m": "Durm handled the ball out of the bottom line and Hannover 96 won a corner kick."}, {"id": "28", "s1": "0", "s2": "0", "s": "", "t": "24'", "m": "Borussia Dortmund player Mkhitaryan scrambled for a foul and his opponent was given possession of the ball."}, {"id": "27", "s1": "0", "s2": "0", "s": "", "t": "24'", "m": "Steendel won a free kick for the Hanover 96."}, {"id": "26", "s1": "0", "s2": "0", "s": "", "t": "24'", "m": "Dortmund player J Hoffmann attempted a left-footed shot from the left side of the penalty area, but unfortunately the ball was slightly offside the right goal."}, {"id": "25", "s1": "0", "s2": "0", "s": "", "t": "24'", "m": "Shot!!! Borussia Dortmund player Groskroyts fired a right-footed shot from the left side of the penalty area that was saved by the opposing goalkeeper. It was Durm who gave him the pass."}, {"id": "24", "s1": "0", "s2": "0", "s": "", "t": "23'", "m": "Lewandowski won a free kick for Borussia Dortmund on the left."}, {"id": "23", "s1": "0", "s2": "0", "s": "", "t": "23'", "m": "Hannover 96 player Hoffmann scrambled for a foul and the opponent was given possession of the ball."}, {"id": "22", "s1": "0", "s2": "0", "s": "", "t": "20'", "m": "Borussia Dortmund player Mkhitaryan scrambled for a foul and his opponent was given possession of the ball."}, {"id": "21", "s1": "0", "s2": "0", "s": "", "t": "20'", "m": "Sane won a free kick for Hannover 96 on the left."}, {"id": "20", "s1": "0", "s2": "0", "s": "", "t": "19'", "m": "Groß Kreuz won a free kick for Borussia Dortmund on the left."}, {"id": "19", "s1": "0", "s2": "0", "s": "", "t": "19'", "m": "Hannover 96 players than Danggu scrambled fouls and the opponent gained possession of the ball."}, {"id": "18", "s1": "0", "s2": "0", "s": "", "t": "18'", "m": "Kirsch won a free kick for Borussia Dortmund."}, {"id": "17", "s1": "0", "s2": "0", "s": "", "t": "18'", "m": "Hannover 96 player Sane scrambled for a foul and the opponent was given possession."}, {"id": "16", "s1": "0", "s2": "0", "s": "", "t": "18'", "m": "Hannover 96 player Hoffmann fired a right-footed shot from the right side of the penalty area that hit the right upright post."}, {"id": "15", "s1": "0", "s2": "0", "s": "", "t": "18'", "m": "Borussia Dortmund player Papastathopoulos scrambled for a foul and the opponent was given possession of the ball."}, {"id": "14", "s1": "0", "s2": "0", "s": "", "t": "18'", "m": "Bidangu won a free kick for Hannover 96 on the left side."}, {"id": "13", "s1": "0", "s2": "0", "s": "", "t": "16'", "m": "Borussia Dortmund player Shaheen's right-footed shot from outside the penalty area was blocked by a defender."}, {"id": "12", "s1": "0", "s2": "0", "s": "", "t": "15'", "m": "Kirsch won a free kick for Borussia Dortmund in the opposing half."}, {"id": "11", "s1": "0", "s2": "0", "s": "", "t": "15'", "m": "Hannover 96 player Sane scrambled for a foul and the opponent was given possession."}, {"id": "10", "s1": "0", "s2": "0", "s": "", "t": "14'", "m": "Borussia Dortmund player Groskroits attempted a left-footed shot from the left side of the penalty area, but unfortunately the ball was slightly offside the right goal. The one who passed the ball to him was J-Hoffman."}, {"id": "9", "s1": "0", "s2": "0", "s": "", "t": "13'", "m": "J-Hoffman won a free kick for Borussia Dortmund on the right."}, {"id": "8", "s1": "0", "s2": "0", "s": "", "t": "13'", "m": "Hannover 96 player Prib scrambled for a foul and the opponent was given possession."}, {"id": "7", "s1": "0", "s2": "0", "s": "", "t": "12'", "m": "Hannover's 96er attempted a right-footed shot from the centre of the penalty area, but the ball was deflected slightly off the left goal. It was Styndall who gave him the pass."}, {"id": "6", "s1": "0", "s2": "0", "s": "", "t": "8'", "m": "Dortmund player Hummels scrambled for a foul and the opponent gained possession of the ball."}, {"id": "5", "s1": "0", "s2": "0", "s": "", "t": "8'", "m": "Thanangu won a free kick for Hannover 96 on the right."}, {"id": "4", "s1": "0", "s2": "0", "s": "", "t": "4'", "m": "Dortmund player Hummels scrambled for a foul and the opponent gained possession of the ball."}, {"id": "3", "s1": "0", "s2": "0", "s": "", "t": "4'", "m": "Justi won a free kick for the Hannover 96."}, {"id": "2", "s1": "0", "s2": "0", "s": "", "t": "2'", "m": "Shot!!! Borussia Dortmund player Groskroyts fired a right-footed shot from the left side of the penalty area that was saved by the opposing goalkeeper. The one who gave him the ball was Papastathopoulos."}, {"id": "1", "s1": "0", "s2": "0", "s": "", "t": "", "m": "With a whistle from the referee, the first half of the game began."}]