[{"id": "102", "s1": "4", "s2": "2", "s": "", "t": "", "m": "The match ended with Bayer Leverkusen 4-2 Borussia Moncheng, thank you all for watching The Sina Football Live."}, {"id": "101", "s1": "4", "s2": "2", "s": "", "t": "90'+3'", "m": "At the end of the second half, Bayer Leverkusen 4-2 Borussia Borussia Moncheng"}, {"id": "100", "s1": "4", "s2": "2", "s": "", "t": "90'+1'", "m": "Borussia Moncheng's Helgota scrambled for a foul and the opponent was given possession of the ball."}, {"id": "99", "s1": "4", "s2": "2", "s": "", "t": "90'+1'", "m": "Sam won a free kick for Bayer Leverkusen in the opposing half."}, {"id": "98", "s1": "4", "s2": "2", "s": "", "t": "90'", "m": "Cramer won a free kick for Borussia Möncheng in the opposing half."}, {"id": "97", "s1": "4", "s2": "2", "s": "", "t": "90'", "m": "Bayer Leverkusen player Spašić scrambled for a foul and the opponent gained possession of the ball."}, {"id": "96", "s1": "4", "s2": "2", "s": "", "t": "90'", "m": "Borussia Moncheng's L-De Jong attempted a header in the centre of the penalty area, but unfortunately the ball went high above goal. It was Dames who gave him the ball."}, {"id": "95", "s1": "4", "s2": "2", "s": "", "t": "89'", "m": "Borussia Moncheng's Hergota attempted a right-footed shot from the right side of the penalty area, but unfortunately the ball was slightly offside the right goal. It was Janchik who gave him the ball."}, {"id": "94", "s1": "4", "s2": "2", "s": "", "t": "89'", "m": "Borussia Möncheng's Kreuzer attempted a left-footed shot from the left side of the penalty area, but unfortunately the ball was slightly offside the right goal. It was Stranzl who gave him the ball."}, {"id": "93", "s1": "4", "s2": "2", "s": "", "t": "88'", "m": "Bayer Leverkusen replaced, cruise replaced Sun Xingmin"}, {"id": "92", "s1": "4", "s2": "2", "s": "", "t": "87'", "m": "Borussia Moncheng's Janchik scrambled for a foul and the opponent was given possession of the ball."}, {"id": "91", "s1": "4", "s2": "2", "s": "", "t": "87'", "m": "Bernish was on the left for Bayer Leverkusen and won a free kick."}, {"id": "90", "s1": "4", "s2": "2", "s": "", "t": "87'", "m": "Borussia Borussia Möncheng replaced L-De Jong for Hermann"}, {"id": "89", "s1": "4", "s2": "2", "s": "", "t": "86'", "m": "Borussia Moncheng's Hermann scrambled for a foul and the opponent gained possession of the ball."}, {"id": "88", "s1": "4", "s2": "2", "s": "", "t": "86'", "m": "Bernishch won a free kick for Bayer Leverkusen."}, {"id": "87", "s1": "4", "s2": "2", "s": "", "t": "85'", "m": "Shot!!! Bayer Leverkusen's Jas Hegeler's right-footed shot from outside the penalty area was saved by the opposing goalkeeper. It was Reinatc who gave him the pass."}, {"id": "86", "s1": "4", "s2": "2", "s": "", "t": "83'", "m": "Eunice won a free kick for Borussia Moncheng."}, {"id": "85", "s1": "4", "s2": "2", "s": "", "t": "83'", "m": "Bayer Leverkusen player Ras Bender scrambled for a foul and his opponent was given possession."}, {"id": "84", "s1": "4", "s2": "2", "s": "", "t": "83'", "m": "Bayer Leverkusen made a substitution and Janes Hegel replaced Kiesling"}, {"id": "83", "s1": "4", "s2": "2", "s": "", "t": "80'", "m": "Borussia Monchengen Ter Stegen kicked the ball straight into Kruzer, but the referee raised a flag to show that the latter was offside."}, {"id": "82", "s1": "4", "s2": "2", "s": "", "t": "80'", "m": "Shot!!! Bayer Leverkusen's sam's left-footed shot from outside the penalty area was saved by the opposing goalkeeper. It was Sun Xingmin who passed the ball to him."}, {"id": "81", "s1": "4", "s2": "2", "s": "", "t": "79'", "m": "Borussia Moncheng's Hermann scrambled for a foul and the opponent gained possession of the ball."}, {"id": "80", "s1": "4", "s2": "2", "s": "", "t": "79'", "m": "Son Heung-min won a free kick for Bayer Leverkusen."}, {"id": "79", "s1": "4", "s2": "2", "s": "", "t": "77'", "m": "Dames won a free kick for Borussia Möncheng on the left."}, {"id": "78", "s1": "4", "s2": "2", "s": "", "t": "77'", "m": "Bayer Leverkusen player Donati scrambles for a foul and the opponent gains possession."}, {"id": "77", "s1": "4", "s2": "2", "s": "", "t": "76'", "m": "Shot!!! Bayer Leverkusen player Kislin's header from the centre of the penalty area was saved by the opposing goalkeeper. It was Sam who gave him the pass."}, {"id": "76", "s1": "4", "s2": "2", "s": "", "t": "75'", "m": "Borussia Moncheng was replaced, and Eunice replaced Alango"}, {"id": "75", "s1": "4", "s2": "2", "s": "", "t": "75'", "m": "Borussia Moncheng replaced, and Helgota replaced Xhaka"}, {"id": "74", "s1": "4", "s2": "2", "s": "", "t": "73'", "m": "Borussia Moncheng's Janchik scrambled for a foul and the opponent was given possession of the ball."}, {"id": "73", "s1": "4", "s2": "2", "s": "", "t": "73'", "m": "Son Heung-min won a free kick for Bayer Leverkusen."}, {"id": "72", "s1": "4", "s2": "2", "s": "", "t": "72'", "m": "Goal!!! Bayer Leverkusen player Castro fired a right-footed shot from outside the penalty area and the ball flew into the goal from the top right corner and the ball went in! Assisted by Sam. Bayer Leverkusen 4-2 Borussia Moncheng."}, {"id": "71", "s1": "3", "s2": "2", "s": "", "t": "71'", "m": "Borussia Borussia Mönchengis' left-footed shot from the left side of the penalty area was blocked by a defender. It was Herman who gave him the pass."}, {"id": "70", "s1": "3", "s2": "2", "s": "", "t": "71'", "m": "Castro handled the ball out of the bottom line and Borussia Moncheng won a corner kick."}, {"id": "69", "s1": "3", "s2": "2", "s": "", "t": "68'", "m": "Bayer Leverkusen player Bernishch attempted a header in the centre of the penalty area, but unfortunately the ball went high above goal. It was Sam who gave him the pass."}, {"id": "68", "s1": "3", "s2": "2", "s": "", "t": "68'", "m": "Borussia Borussia Borussia Mönchengy fought for a foul and the opponent was given possession of the ball."}, {"id": "67", "s1": "3", "s2": "2", "s": "", "t": "68'", "m": "Kisling won a free kick for Bayer Leverkusen on the right."}, {"id": "66", "s1": "3", "s2": "2", "s": "", "t": "67'", "m": "Bayer Leverkusen player Sam tried his left-footed shot from outside the penalty area, but unfortunately the ball was slightly offside the right goal."}, {"id": "65", "s1": "3", "s2": "2", "s": "", "t": "67'", "m": "Bayer Leverkusen's Sam's left-footed shot from outside the penalty area was blocked by a defender."}, {"id": "64", "s1": "3", "s2": "2", "s": "", "t": "67'", "m": "Borussia Moncheng's Raphael scrambled for a foul and the opponent gained possession."}, {"id": "63", "s1": "3", "s2": "2", "s": "", "t": "67'", "m": "Russ Bend won a free kick for Bayer Leverkusen at the opposing half."}, {"id": "62", "s1": "3", "s2": "2", "s": "", "t": "66'", "m": "Borussia Moncheng's Hermann scrambled for a foul and the opponent gained possession of the ball."}, {"id": "61", "s1": "3", "s2": "2", "s": "", "t": "66'", "m": "Son Heung-min won a free kick for Bayer Leverkusen at the opposing half."}, {"id": "60", "s1": "3", "s2": "2", "s": "", "t": "66'", "m": "Borussia Möncheng's player Kreuzer scrambled for a foul and the opponent was given possession of the ball."}, {"id": "59", "s1": "3", "s2": "2", "s": "", "t": "66'", "m": "Reinac scored a free kick for Bayer Leverkusen on the left."}, {"id": "58", "s1": "3", "s2": "2", "s": "", "t": "65'", "m": "Bayer Leverkusen's Sun Xingmin's left-footed shot from outside the penalty area was blocked by a defender. It was Kislin who gave him the ball."}, {"id": "57", "s1": "3", "s2": "2", "s": "", "t": "62'", "m": "Kreuzer won a free kick for Borussia Moncheng."}, {"id": "56", "s1": "3", "s2": "2", "s": "", "t": "62'", "m": "Bayer Leverkusen player Ras Bender scrambled for a foul and his opponent was given possession."}, {"id": "55", "s1": "3", "s2": "2", "s": "", "t": "61'", "m": "Bayer Leverkusen made a substitution, and Donati replaced Hilbert"}, {"id": "54", "s1": "3", "s2": "2", "s": "", "t": "60'", "m": "Goal!!! Bayer Leverkusen player Sam fired a left-footed shot from outside the penalty area and the ball flew into the net from the bottom left corner and the ball went in! Assisted by Kislin. Bayer Leverkusen 3-2 Borussia Moncheng."}, {"id": "53", "s1": "2", "s2": "2", "s": "", "t": "59'", "m": "Borussia Monchengo's Alango attempted a left-footed shot from outside the penalty area, but unfortunately the ball deflected slightly off the left goal. It was Raphael who passed the ball to him."}, {"id": "52", "s1": "2", "s2": "2", "s": "", "t": "57'", "m": "Goal!!! Borussia Mönchenghe's left-footed shot from the centre of the penalty area flew into the net from the bottom left corner and the ball went in! Bayer Leverkusen 2-2 Borussia Moncheng."}, {"id": "51", "s1": "2", "s2": "1", "s": "", "t": "54'", "m": "Goal!!! Borussia Moncheng's right-footed shot from the centre of the penalty area flew into the net from the bottom left corner and the ball went in! Assisted by Herman. Bayer Leverkusen 2-1 Borussia Moncheng."}, {"id": "50", "s1": "2", "s2": "0", "s": "", "t": "53'", "m": "Leno handled the ball out of the bottom line and Borussia Moncheng won a corner kick."}, {"id": "49", "s1": "2", "s2": "0", "s": "", "t": "53'", "m": "Shot!!! Borussia Mönchenghe's left-footed shot from the left side of the penalty area was saved by the opposing goalkeeper. It was Xhaka who gave him the pass."}, {"id": "48", "s1": "2", "s2": "0", "s": "", "t": "53'", "m": "Alango won a free kick for Borussia Moncheng."}, {"id": "47", "s1": "2", "s2": "0", "s": "", "t": "53'", "m": "Bayer Leverkusen player Castro scrambled for a foul and the opponent gained possession of the ball."}, {"id": "46", "s1": "2", "s2": "0", "s": "", "t": "52'", "m": "The suspension ended and the players resumed playing."}, {"id": "45", "s1": "2", "s2": "0", "s": "", "t": "51'", "m": "Bayer Leverkusen Spašić fell to the ground injured and the game was suspended"}, {"id": "44", "s1": "2", "s2": "0", "s": "", "t": "50'", "m": "Janchik won a free kick for Borussia Moncheng."}, {"id": "43", "s1": "2", "s2": "0", "s": "", "t": "50'", "m": "Bayer Leverkusen player Bernie scrambled for a foul and the opponent gained possession of the ball."}, {"id": "42", "s1": "2", "s2": "0", "s": "", "t": "49'", "m": "Borussia Möncheng's darms scrambled for a foul and the opponent gained possession of the ball."}, {"id": "41", "s1": "2", "s2": "0", "s": "", "t": "49'", "m": "Son Heung-min won a free kick for Bayer Leverkusen on the left."}, {"id": "40", "s1": "2", "s2": "0", "s": "", "t": "46'", "m": "Xhaka won a free kick for Borussia Moncheng."}, {"id": "39", "s1": "2", "s2": "0", "s": "", "t": "46'", "m": "Bayer Leverkusen player Bernie scrambled for a foul and the opponent gained possession of the ball."}, {"id": "38", "s1": "2", "s2": "0", "s": "", "t": "", "m": "The second half began with Bayer Leverkusen 2-0 Borussia Borussia Moncheng"}, {"id": "37", "s1": "2", "s2": "0", "s": "", "t": "45'+1'", "m": "At the end of the first half, Bayer Leverkusen 2-0 Borussia Moncheng, with a short break, we will take a look at the performance of the two teams in the second half."}, {"id": "36", "s1": "2", "s2": "0", "s": "", "t": "45'", "m": "Borussia Moncheng's Raphael scrambled for a foul and the opponent gained possession."}, {"id": "35", "s1": "2", "s2": "0", "s": "", "t": "45'", "m": "Russ Bend won a free kick for Bayer Leverkusen."}, {"id": "34", "s1": "2", "s2": "0", "s": "", "t": "45'", "m": "Bayer Leverkusen's right-footed shot from the centre of the penalty area was blocked by a defender. It was Sam who gave him the pass."}, {"id": "33", "s1": "2", "s2": "0", "s": "", "t": "44'", "m": "Bayer Leverkusen's Kiesling attempted a header in the centre of the penalty area, but unfortunately the ball was slightly offside the right goal. It was Castro who gave him the pass."}, {"id": "32", "s1": "2", "s2": "0", "s": "", "t": "44'", "m": "Janchik handled the ball out of the bottom line and Bayer Leverkusen won a corner kick."}, {"id": "31", "s1": "2", "s2": "0", "s": "", "t": "42'", "m": "Bayer Leverkusen's Bernishch attempted a right-footed shot from outside the penalty area, but unfortunately the ball went high above goal. It was Sam who gave him the pass."}, {"id": "30", "s1": "2", "s2": "0", "s": "", "t": "39'", "m": "Dames handled the ball out of the bottom line and Bayer Leverkusen won the corner."}, {"id": "29", "s1": "2", "s2": "0", "s": "", "t": "37'", "m": "Dominguez handled the ball out of the bottom line and Bayer Leverkusen won a corner kick."}, {"id": "28", "s1": "2", "s2": "0", "s": "", "t": "37'", "m": "Bayer Leverkusen player Kisling's right-footed shot from the centre of the penalty area hit the left upright of the goalpost. It was Ras-Bend who gave him the pass."}, {"id": "27", "s1": "2", "s2": "0", "s": "", "t": "36'", "m": "Shot!!! Bayer Leverkusen's Bernishch right-footed shot from outside the penalty area was saved by the opposing goalkeeper."}, {"id": "26", "s1": "2", "s2": "0", "s": "", "t": "35'", "m": "Hilbert handled the ball out of the bottom line and Borussia Moncheng won a corner kick."}, {"id": "25", "s1": "2", "s2": "0", "s": "", "t": "33'", "m": "Ter Stegen handled the ball out of the bottom line and Bayer Leverkusen won a corner kick."}, {"id": "24", "s1": "2", "s2": "0", "s": "", "t": "33'", "m": "Shot!!! Bayer Leverkusen's right-footed shot from outside the penalty area was saved by the opposing goalkeeper. It was Sun Xingmin who passed the ball to him."}, {"id": "23", "s1": "2", "s2": "0", "s": "", "t": "30'", "m": "Alango won a free kick for Borussia Möncheng in the opposing half."}, {"id": "22", "s1": "2", "s2": "0", "s": "", "t": "30'", "m": "Bayer Leverkusen player Toplak scrambled for a foul and the opponent was given possession of the ball."}, {"id": "21", "s1": "2", "s2": "0", "s": "", "t": "28'", "m": "Goal!!! Bayer Leverkusen player Sam fired a left-footed shot from the centre of the penalty area, the ball flew into the top left corner and the ball went in! Assisted by Kislin. Bayer Leverkusen 2-0 Borussia Moncheng."}, {"id": "20", "s1": "1", "s2": "0", "s": "", "t": "25'", "m": "Shot!!! Bayer Leverkusen's bernish cast right-footed shot from the left side of the penalty area was saved by the opposing goalkeeper. It was Kislin who gave him the ball."}, {"id": "19", "s1": "1", "s2": "0", "s": "", "t": "23'", "m": "Goal!!! Bayer Leverkusen player Kisling shot with his right foot, the ball flew from the bottom right corner into the goal and the ball went in! Bayer Leverkusen 1-0 Borussia Möncheng."}, {"id": "18", "s1": "0", "s2": "0", "s": "", "t": "22'", "m": "Borussia Monchengo player Alango handballed the other side to receive a penalty."}, {"id": "17", "s1": "0", "s2": "0", "s": "", "t": "22'", "m": "Raphael handled the ball out of the bottom line and Bayer Leverkusen won a corner kick."}, {"id": "16", "s1": "0", "s2": "0", "s": "", "t": "22'", "m": "Bayer Leverkusen's right-footed shot from the left side of the penalty area was blocked by a defender. It was Sam who gave him the pass."}, {"id": "15", "s1": "0", "s2": "0", "s": "", "t": "21'", "m": "Dames handled the ball out of the bottom line and Bayer Leverkusen won the corner."}, {"id": "14", "s1": "0", "s2": "0", "s": "", "t": "21'", "m": "Yellow! Borussia Moncheng's player Xhaka was shown a yellow card by the referee for a malicious foul."}, {"id": "13", "s1": "0", "s2": "0", "s": "", "t": "21'", "m": "Borussia Moncheng's Xhaka scrambled for fouls and his opponents were given possession of the ball."}, {"id": "12", "s1": "0", "s2": "0", "s": "", "t": "21'", "m": "Sam won a free kick for Bayer Leverkusen in the opposing half."}, {"id": "11", "s1": "0", "s2": "0", "s": "", "t": "16'", "m": "Borussia Möncheng's left-footed shot from outside the penalty area was blocked by a defender. It was Janchik who gave him the ball."}, {"id": "10", "s1": "0", "s2": "0", "s": "", "t": "15'", "m": "Ter Stegen won a free kick for Borussia Moncheng."}, {"id": "9", "s1": "0", "s2": "0", "s": "", "t": "15'", "m": "Bayer Leverkusen player Renats scrambled for a foul and the opponent was given possession of the ball."}, {"id": "8", "s1": "0", "s2": "0", "s": "", "t": "14'", "m": "Janchik handled the ball out of the bottom line and Bayer Leverkusen won a corner kick."}, {"id": "7", "s1": "0", "s2": "0", "s": "", "t": "7'", "m": "Bayer Leverkusen player Castro threw the ball straight into Kiesling but the referee raised a flag to show the latter was offside."}, {"id": "6", "s1": "0", "s2": "0", "s": "", "t": "7'", "m": "Borussia Monchengo's Alango attempted a left-footed shot from outside the penalty area, but unfortunately the ball deflected slightly off the left goal."}, {"id": "5", "s1": "0", "s2": "0", "s": "", "t": "6'", "m": "Dames won a free kick for Borussia Möncheng in the opposing half."}, {"id": "4", "s1": "0", "s2": "0", "s": "", "t": "6'", "m": "Bayer Leverkusen player Hilbert scrambled for a foul and the opponent was given possession of the ball."}, {"id": "3", "s1": "0", "s2": "0", "s": "", "t": "5'", "m": "Borussia Moncheng's Janchik scrambled for a foul and the opponent was given possession of the ball."}, {"id": "2", "s1": "0", "s2": "0", "s": "", "t": "5'", "m": "Son Heung-min won a free kick for Bayer Leverkusen."}, {"id": "1", "s1": "0", "s2": "0", "s": "", "t": "", "m": "With a whistle from the referee, the first half of the game began."}]