[{"id": "113", "s1": "0", "s2": "5", "s": "", "t": "", "m": "The match ended with Düsseldorf 0-5 Bayern Munich, thank you for watching the Sina Football Live."}, {"id": "112", "s1": "0", "s2": "5", "s": "", "t": "90'+1'", "m": "At the end of the second half, Dusseldorf 0-5 Bayern Munich"}, {"id": "111", "s1": "0", "s2": "5", "s": "", "t": "90'", "m": "Bad Stuber won a free kick for Bayern Munich on the left side."}, {"id": "110", "s1": "0", "s2": "5", "s": "", "t": "90'", "m": "Dusseldorf player Che Duri scrambled for a foul and the opponent was given possession of the ball."}, {"id": "109", "s1": "0", "s2": "5", "s": "", "t": "90'", "m": "Bayern Munich player Ribery's right-footed shot from the centre of the penalty area was blocked by a defender."}, {"id": "108", "s1": "0", "s2": "5", "s": "", "t": "90'", "m": "Shot!!! Bayern Munich player Bad Stuber's left-footed shot from the left side of the penalty area was saved by the opposing goalkeeper."}, {"id": "107", "s1": "0", "s2": "5", "s": "", "t": "87'", "m": "Goal!!! Bayern Munich player Rafinha's right-footed shot from the centre of the penalty area flew into the net from the bottom left corner and the ball went in! Assisted by Ribery. Dusseldorf 0-5 Bayern Munich."}, {"id": "106", "s1": "0", "s2": "4", "s": "", "t": "86'", "m": "Goal!!! Bayern Munich player Müller fired a right-footed shot from the centre of the penalty area, the ball flew into the goal from the top right corner and the ball went in! The assist was Alaba. Dusseldorf 0-4 Bayern Munich."}, {"id": "105", "s1": "0", "s2": "3", "s": "", "t": "86'", "m": "The Düsseldorf player Lamberts kicked the ball straight into Rafael, but the referee raised a flag to show that the latter was offside."}, {"id": "104", "s1": "0", "s2": "3", "s": "", "t": "85'", "m": "Bayern Munich player Gustavo scrambled for a foul and the opponent was given possession of the ball."}, {"id": "103", "s1": "0", "s2": "3", "s": "", "t": "85'", "m": "Voronin won a free kick for Düsseldorf."}, {"id": "102", "s1": "0", "s2": "3", "s": "", "t": "85'", "m": "Bayern Munich player Bad Stuber's left-footed shot from the left side of the penalty area was blocked by a defender. It was Ram who gave him the pass."}, {"id": "101", "s1": "0", "s2": "3", "s": "", "t": "83'", "m": "Dusseldorf player Rafael tried his right-footed shot in the middle of the penalty area, but unfortunately the ball was high above goal. It was Voronin who gave him the pass."}, {"id": "100", "s1": "0", "s2": "3", "s": "", "t": "82'", "m": "Bayern Munich made a substitution and Rafinha replaced Schweinsteiger"}, {"id": "99", "s1": "0", "s2": "3", "s": "", "t": "82'", "m": "Dusseldorf made a substitution, and Raphael replaced Sassin"}, {"id": "98", "s1": "0", "s2": "3", "s": "", "t": "82'", "m": "Bayern Munich player Dante scrambled for a foul and his opponent was given possession of the ball."}, {"id": "97", "s1": "0", "s2": "3", "s": "", "t": "82'", "m": "Lamberts won a free kick for Dusseldorf on the right."}, {"id": "96", "s1": "0", "s2": "3", "s": "", "t": "78'", "m": "Bayern Munich player Javi Martinez scrambled for a foul and his opponent gained possession of the ball."}, {"id": "95", "s1": "0", "s2": "3", "s": "", "t": "78'", "m": "Lamberts won a free kick for Dusseldorf."}, {"id": "94", "s1": "0", "s2": "3", "s": "", "t": "77'", "m": "Bayern Munich made a substitution, Alaba replaced Mandzukic"}, {"id": "93", "s1": "0", "s2": "3", "s": "", "t": "76'", "m": "Gustavo won a free kick for Bayern Munich."}, {"id": "92", "s1": "0", "s2": "3", "s": "", "t": "76'", "m": "Düsseldorf player Bodzek scrambled for fouls and the opponent gained possession of the ball."}, {"id": "91", "s1": "0", "s2": "3", "s": "", "t": "75'", "m": "Rangennik handled the ball out of the line and Bayern Munich won a corner kick."}, {"id": "90", "s1": "0", "s2": "3", "s": "", "t": "70'", "m": "Rangennik handled the ball out of the line and Bayern Munich won a corner kick."}, {"id": "89", "s1": "0", "s2": "3", "s": "", "t": "70'", "m": "Bayern Munich made a substitution, with Xavi Martinez replacing Kroos"}, {"id": "88", "s1": "0", "s2": "3", "s": "", "t": "69'", "m": "Bayern Munich player Schweinsteiger scrambled for a foul and his opponent was given possession of the ball."}, {"id": "87", "s1": "0", "s2": "3", "s": "", "t": "69'", "m": "Lamberts won a free kick for Dusseldorf."}, {"id": "86", "s1": "0", "s2": "3", "s": "", "t": "67'", "m": "Yellow! Bayern Munich player Dante was shown a yellow card by the referee for a malicious foul."}, {"id": "85", "s1": "0", "s2": "3", "s": "", "t": "67'", "m": "Bayern Munich player Dante scrambled for a foul and his opponent was given possession of the ball."}, {"id": "84", "s1": "0", "s2": "3", "s": "", "t": "67'", "m": "Lamberts won a free kick for Dusseldorf at the opposing half."}, {"id": "83", "s1": "0", "s2": "3", "s": "", "t": "65'", "m": "Rahm handled the ball out of the bottom line and Dusseldorf won a corner kick."}, {"id": "82", "s1": "0", "s2": "3", "s": "", "t": "64'", "m": "Bayern Munich player Mandzukic scrambled for a foul and the opponent gained possession of the ball."}, {"id": "81", "s1": "0", "s2": "3", "s": "", "t": "64'", "m": "Voronin won a free kick for Düsseldorf."}, {"id": "80", "s1": "0", "s2": "3", "s": "", "t": "63'", "m": "Bayern Munich player Dante attempted a header in the centre of the penalty area, but unfortunately the ball went high above goal. It was Kroos who gave him the ball."}, {"id": "79", "s1": "0", "s2": "3", "s": "", "t": "63'", "m": "Bellinghausen handled the ball out of the line and Bayern Munich won a corner kick."}, {"id": "78", "s1": "0", "s2": "3", "s": "", "t": "62'", "m": "Düsseldorf player Cruise was fouled for handball and the opponent was given the ball."}, {"id": "77", "s1": "0", "s2": "3", "s": "", "t": "61'", "m": "Bayern Munich player Neuer kicked the ball straight into Mandzukic, but the referee raised a flag to show that the latter was offside."}, {"id": "76", "s1": "0", "s2": "3", "s": "", "t": "60'", "m": "Shot!!! Bayern Munich player Ribery's right-footed shot from the centre of the penalty area was saved by the opposing goalkeeper. It was Schweinsteiger who passed the ball."}, {"id": "75", "s1": "0", "s2": "3", "s": "", "t": "59'", "m": "Mandzukic won a free kick for Bayern Munich on the left."}, {"id": "74", "s1": "0", "s2": "3", "s": "", "t": "59'", "m": "Düsseldorf player Voronin scrambled for a foul and the opponent was given possession of the ball."}, {"id": "73", "s1": "0", "s2": "3", "s": "", "t": "55'", "m": "Goal!!! Bayern Munich player Müller fired a right-footed shot from the centre of the penalty area, the ball flew into the goal from the top right corner and the ball went in! Assisted by Ribery. Dusseldorf 0-3 Bayern Munich."}, {"id": "72", "s1": "0", "s2": "2", "s": "", "t": "52'", "m": "Schweinsterger won a free kick for Bayern Munich at the opposing half."}, {"id": "71", "s1": "0", "s2": "2", "s": "", "t": "52'", "m": "Düsseldorf player Cruise scrambled for a foul and the opponent gained possession of the ball."}, {"id": "70", "s1": "0", "s2": "2", "s": "", "t": "51'", "m": "Bad Stuber won a free kick for Bayern Munich on the left side."}, {"id": "69", "s1": "0", "s2": "2", "s": "", "t": "51'", "m": "Dusseldorf player Che Duri scrambled for a foul and the opponent was given possession of the ball."}, {"id": "68", "s1": "0", "s2": "2", "s": "", "t": "49'", "m": "Mandzukic handled the ball out of the line and Dusseldorf won a corner kick."}, {"id": "67", "s1": "0", "s2": "2", "s": "", "t": "49'", "m": "Bayern Munich player Müller scrambled for a foul and his opponent gained possession of the ball."}, {"id": "66", "s1": "0", "s2": "2", "s": "", "t": "49'", "m": "Bellinghausen won a free kick for Dusseldorf at the opposing half."}, {"id": "65", "s1": "0", "s2": "2", "s": "", "t": "49'", "m": "Bayern Munich player Ribery attempted a right-footed shot from outside the penalty area, but unfortunately the ball was slightly offside the left goal."}, {"id": "64", "s1": "0", "s2": "2", "s": "", "t": "", "m": "At the start of the second half, Dusseldorf 0-2 Bayern Munich"}, {"id": "63", "s1": "0", "s2": "2", "s": "", "t": "45'", "m": "Düsseldorf made a substitution, and Bellinghausen replaced Lefels"}, {"id": "62", "s1": "0", "s2": "2", "s": "", "t": "45'", "m": "Düsseldorf was replaced, Voronin replaced Irso"}, {"id": "61", "s1": "0", "s2": "2", "s": "", "t": "45'+1'", "m": "At the end of the first half, Dusseldorf 0-2 Bayern Munich, a short break, we will take a look at the performance of the two teams in the second half."}, {"id": "60", "s1": "0", "s2": "2", "s": "", "t": "45'", "m": "Bayern Munich player Müller attempted a header in the centre of the penalty area, but unfortunately the ball went high above goal. It was Bad Stuber who gave him the pass."}, {"id": "59", "s1": "0", "s2": "2", "s": "", "t": "41'", "m": "Yellow! Dusseldorf player Van den Berg was shown a yellow card by the referee for a malicious foul."}, {"id": "58", "s1": "0", "s2": "2", "s": "", "t": "41'", "m": "Müller won a free kick for Bayern Munich on the right."}, {"id": "57", "s1": "0", "s2": "2", "s": "", "t": "41'", "m": "Dusseldorf player Van den Burg scrambled for a foul and the opponent was given possession."}, {"id": "56", "s1": "0", "s2": "2", "s": "", "t": "41'", "m": "Düsseldorf player Lamberts was shown a yellow card by the referee."}, {"id": "55", "s1": "0", "s2": "2", "s": "", "t": "41'", "m": "Gustavo won a free kick for Bayern Munich at the opposing half."}, {"id": "54", "s1": "0", "s2": "2", "s": "", "t": "41'", "m": "Düsseldorf player Lamberts scrambled for a foul and the opponent gained possession of the ball."}, {"id": "53", "s1": "0", "s2": "2", "s": "", "t": "40'", "m": "Schweinsterge won a free kick for Bayern Munich."}, {"id": "52", "s1": "0", "s2": "2", "s": "", "t": "40'", "m": "Dusseldorf player Sassin scrambled for a foul and his opponent was given possession of the ball."}, {"id": "51", "s1": "0", "s2": "2", "s": "", "t": "39'", "m": "Bayern Munich player Dante attempted a header on the right side of the penalty area, but unfortunately the ball was slightly offside the right goal. It was Kroos who gave him the ball."}, {"id": "50", "s1": "0", "s2": "2", "s": "", "t": "38'", "m": "Yellow! Düsseldorf player Lefels was shown a yellow card by the referee for a malicious foul."}, {"id": "49", "s1": "0", "s2": "2", "s": "", "t": "38'", "m": "Schweinsterger won a free kick for Bayern Munich at the opposing half."}, {"id": "48", "s1": "0", "s2": "2", "s": "", "t": "38'", "m": "Düsseldorf player Lefels scrambled for a foul and the opponent was given possession of the ball."}, {"id": "47", "s1": "0", "s2": "2", "s": "", "t": "37'", "m": "Bayern Munich player Kroos scrambled for a foul and the opponent was given possession."}, {"id": "46", "s1": "0", "s2": "2", "s": "", "t": "37'", "m": "Lamberts won a free kick for Dusseldorf."}, {"id": "45", "s1": "0", "s2": "2", "s": "", "t": "36'", "m": "Goal!!! Bayern Munich player Gustavo shot with his right foot in front of the goal line, the ball flew from the bottom left corner into the goal, the ball went in! Düsseldorf 0-2 Bayern Munich."}, {"id": "44", "s1": "0", "s2": "1", "s": "", "t": "36'", "m": "Shot!!! Bayern Munich player Müller's header from the centre of the penalty area was saved by the opposing goalkeeper. It was Kroos who gave him the ball."}, {"id": "43", "s1": "0", "s2": "1", "s": "", "t": "35'", "m": "Mandzukic won a free kick for Bayern Munich on the left."}, {"id": "42", "s1": "0", "s2": "1", "s": "", "t": "35'", "m": "Düsseldorf player Randjenik scrambled for a foul and the opponent gained possession of the ball."}, {"id": "41", "s1": "0", "s2": "1", "s": "", "t": "34'", "m": "Shot!!! Bayern Munich player Mandzukic's header from the centre of the penalty area was saved by the opposing goalkeeper. It was Boateng who gave him the pass."}, {"id": "40", "s1": "0", "s2": "1", "s": "", "t": "34'", "m": "Shot!!! Bayern Munich player Müller's left-footed shot from outside the penalty area was saved by the opposing goalkeeper. It was Kroos who gave him the ball."}, {"id": "39", "s1": "0", "s2": "1", "s": "", "t": "33'", "m": "Shot!!! Bayern Munich player Kroos' right-footed shot from the right side of the penalty area was saved by the opposing goalkeeper. It was Muller who gave him the pass."}, {"id": "38", "s1": "0", "s2": "1", "s": "", "t": "31'", "m": "Kroos won a free kick for Bayern Munich at the opposing half."}, {"id": "37", "s1": "0", "s2": "1", "s": "", "t": "31'", "m": "Düsseldorf player Lamberts scrambled for a foul and the opponent gained possession of the ball."}, {"id": "36", "s1": "0", "s2": "1", "s": "", "t": "31'", "m": "Bayern Munich player Bad Stuber attempted a left-footed shot from outside the penalty area, but unfortunately the ball was slightly above goal."}, {"id": "35", "s1": "0", "s2": "1", "s": "", "t": "30'", "m": "Gustavo won a free kick for Bayern Munich at the opposing half."}, {"id": "34", "s1": "0", "s2": "1", "s": "", "t": "30'", "m": "Düsseldorf player Irso scrambled for a foul and his opponent was given possession of the ball."}, {"id": "33", "s1": "0", "s2": "1", "s": "", "t": "28'", "m": "Goal!!! Bayern Munich player Mandzukic shot with his right foot in front of the goal line, the ball flew into the goal from the bottom right corner, the ball went in! Assisted by Ribery. Düsseldorf 0-1 Bayern Munich."}, {"id": "32", "s1": "0", "s2": "0", "s": "", "t": "25'", "m": "Ribery won a free kick for Bayern Munich on the right."}, {"id": "31", "s1": "0", "s2": "0", "s": "", "t": "25'", "m": "Düsseldorf player Cruise scrambled for a foul and the opponent gained possession of the ball."}, {"id": "30", "s1": "0", "s2": "0", "s": "", "t": "22'", "m": "Shot!!! Bayern Munich player Ram's left-footed shot from the right side of the penalty area was saved by the opposing goalkeeper. It was Ribery who gave him the ball."}, {"id": "29", "s1": "0", "s2": "0", "s": "", "t": "21'", "m": "Rangennik handled the ball out of the line and Bayern Munich won a corner kick."}, {"id": "28", "s1": "0", "s2": "0", "s": "", "t": "20'", "m": "Bayern Munich player Schweinsteiger scrambled for a foul and his opponent was given possession of the ball."}, {"id": "27", "s1": "0", "s2": "0", "s": "", "t": "20'", "m": "Lamberts won a free kick for Dusseldorf at the opposing half."}, {"id": "26", "s1": "0", "s2": "0", "s": "", "t": "19'", "m": "Bayern Munich player Schweinsteiger attempted a header in the centre of the penalty area, but the ball was deflected slightly off the right goal. It was Kroos who gave him the ball."}, {"id": "25", "s1": "0", "s2": "0", "s": "", "t": "18'", "m": "Müller won a free kick for Bayern Munich on the right."}, {"id": "24", "s1": "0", "s2": "0", "s": "", "t": "18'", "m": "Düsseldorf player Cruise scrambled for a foul and the opponent gained possession of the ball."}, {"id": "23", "s1": "0", "s2": "0", "s": "", "t": "17'", "m": "Bayern Munich player Schweinsteiger tucked the ball straight into Müller, but the referee raised a flag to show that the latter was offside."}, {"id": "22", "s1": "0", "s2": "0", "s": "", "t": "16'", "m": "Bayern Munich player Gustavo scrambled for a foul and the opponent was given possession of the ball."}, {"id": "21", "s1": "0", "s2": "0", "s": "", "t": "16'", "m": "Ilso won a free kick for Düsseldorf."}, {"id": "20", "s1": "0", "s2": "0", "s": "", "t": "15'", "m": "Bayern Munich player Gustavo's right-footed shot from outside the penalty area was blocked by a defender. It was Ram who gave him the pass."}, {"id": "19", "s1": "0", "s2": "0", "s": "", "t": "12'", "m": "Bayern Munich player Mandzukic attempted a right-footed shot from the centre of the penalty area, but the ball was deflected slightly off the left goal."}, {"id": "18", "s1": "0", "s2": "0", "s": "", "t": "12'", "m": "Shot!!! Bayern Munich player Kroos' right-footed shot from outside the penalty area was saved by the opposing goalkeeper. It was Ribery who gave him the ball."}, {"id": "17", "s1": "0", "s2": "0", "s": "", "t": "11'", "m": "Shot!!! Düsseldorf player Cheduri's right-footed shot from the right side of the penalty area was saved by the opposing goalkeeper. It was Van den Burg who gave him the ball."}, {"id": "16", "s1": "0", "s2": "0", "s": "", "t": "11'", "m": "Bayern Munich player Gustavo scrambled for a foul and the opponent was given possession of the ball."}, {"id": "15", "s1": "0", "s2": "0", "s": "", "t": "11'", "m": "Cruise won a free kick for Dusseldorf."}, {"id": "14", "s1": "0", "s2": "0", "s": "", "t": "10'", "m": "Geefer handled the ball out of the bottom line and Bayern Munich won a corner kick."}, {"id": "13", "s1": "0", "s2": "0", "s": "", "t": "9'", "m": "Ribery won a free kick for Bayern Munich on the left."}, {"id": "12", "s1": "0", "s2": "0", "s": "", "t": "9'", "m": "Düsseldorf player Lefels scrambled for a foul and the opponent was given possession of the ball."}, {"id": "11", "s1": "0", "s2": "0", "s": "", "t": "7'", "m": "Boateng won a free kick for Bayern Munich."}, {"id": "10", "s1": "0", "s2": "0", "s": "", "t": "7'", "m": "Düsseldorf player Irso scrambled for a foul and his opponent was given possession of the ball."}, {"id": "9", "s1": "0", "s2": "0", "s": "", "t": "6'", "m": "Bayern Munich player Mandzukic scrambled for a foul and the opponent gained possession of the ball."}, {"id": "8", "s1": "0", "s2": "0", "s": "", "t": "6'", "m": "Randjenik won a free kick for Dusseldorf."}, {"id": "7", "s1": "0", "s2": "0", "s": "", "t": "5'", "m": "Geefer handled the ball out of the bottom line and Bayern Munich won a corner kick."}, {"id": "6", "s1": "0", "s2": "0", "s": "", "t": "5'", "m": "Shot!!! Bayern Munich player Kroos' right-footed shot from the right side of the penalty area was saved by the opposing goalkeeper. It was Ram who gave him the pass."}, {"id": "5", "s1": "0", "s2": "0", "s": "", "t": "4'", "m": "Bayern Munich player Schweinsteiger made a dangerous move and the opponent gained possession of the ball."}, {"id": "4", "s1": "0", "s2": "0", "s": "", "t": "4'", "m": "Lamberts won a free kick for Dusseldorf."}, {"id": "3", "s1": "0", "s2": "0", "s": "", "t": "1'", "m": "Schweinsterge won a free kick for Bayern Munich."}, {"id": "2", "s1": "0", "s2": "0", "s": "", "t": "1'", "m": "Düsseldorf player Lamberts scrambled for a foul and the opponent gained possession of the ball."}, {"id": "1", "s1": "0", "s2": "0", "s": "", "t": "", "m": "With a whistle from the referee, the first half of the game began."}]