[{"id": "103", "s1": "5", "s2": "0", "s": "", "t": "", "m": "The match ended with Borussia Dortmund 5-0 Freiburg, thank you for watching the Sina Football Livestream."}, {"id": "102", "s1": "5", "s2": "0", "s": "", "t": "90'+1'", "m": "At the end of the second half, Borussia Dortmund 5-0 Freiburg"}, {"id": "101", "s1": "5", "s2": "0", "s": "", "t": "90'", "m": "Borussia Dortmund player Braszczykovski attempted a right-footed shot from outside the penalty area, but unfortunately the ball was high above goal."}, {"id": "100", "s1": "5", "s2": "0", "s": "", "t": "89'", "m": "Gader handled the ball out of the bottom line and Borussia Dortmund won a corner kick."}, {"id": "99", "s1": "5", "s2": "0", "s": "", "t": "89'", "m": "Borussia Dortmund's J-Hoffmann's right-footed shot from the centre of the penalty area was blocked by a defender. It was Subotich who gave him the pass."}, {"id": "98", "s1": "5", "s2": "0", "s": "", "t": "89'", "m": "Yellow! Freiburg player Sorge was shown a yellow card by the referee for a malicious foul."}, {"id": "97", "s1": "5", "s2": "0", "s": "", "t": "88'", "m": "Aubameyang won a free kick for Borussia Dortmund on the left."}, {"id": "96", "s1": "5", "s2": "0", "s": "", "t": "88'", "m": "Freiburg player Zorg scrambled for a foul and his opponent was given possession of the ball."}, {"id": "95", "s1": "5", "s2": "0", "s": "", "t": "87'", "m": "Shot!!! Freiburg player Muhammadi's left-footed shot from outside the penalty area was saved by the opposing goalkeeper. It was Heffler who gave him the ball."}, {"id": "94", "s1": "5", "s2": "0", "s": "", "t": "85'", "m": "Borussia Dortmund's Kirsch attempted a right-footed shot from outside the penalty area, but unfortunately the ball was slightly above goal. The one who passed the ball to him was J-Hoffman."}, {"id": "93", "s1": "5", "s2": "0", "s": "", "t": "84'", "m": "Dortmund player Shaheen scrambled for a foul and the opponent gained possession."}, {"id": "92", "s1": "5", "s2": "0", "s": "", "t": "84'", "m": "Mohammeddy won a free kick for Freiburg at the opposing half."}, {"id": "91", "s1": "5", "s2": "0", "s": "", "t": "81'", "m": "Dortmund player Hummels attempted a right-footed shot from outside the penalty area, but unfortunately the ball was slightly above goal."}, {"id": "90", "s1": "5", "s2": "0", "s": "", "t": "80'", "m": "Sorge handled the ball out of the bottom line and Borussia Dortmund won a corner kick."}, {"id": "89", "s1": "5", "s2": "0", "s": "", "t": "79'", "m": "Goal!!! Borussia Dortmund player Braszczykovski fired a right-footed shot from a tight angle on the right side of the goal, the ball flew into the goal from the bottom left corner and the ball went in! Dortmund 5-0 Freiburg."}, {"id": "88", "s1": "4", "s2": "0", "s": "", "t": "78'", "m": "Freiburg player Gader was fouled for handball and the opponent was given the ball."}, {"id": "87", "s1": "4", "s2": "0", "s": "", "t": "77'", "m": "Borussia Dortmund player Aubameyang tried his left-footed shot from the centre of the penalty area, but unfortunately the ball deflected off target. It was Hummels who gave him the pass."}, {"id": "86", "s1": "4", "s2": "0", "s": "", "t": "77'", "m": "Shaheen won a free kick for Borussia Dortmund."}, {"id": "85", "s1": "4", "s2": "0", "s": "", "t": "77'", "m": "Freiburg player Fernandez scrambled for a foul and the opponent gained possession."}, {"id": "84", "s1": "4", "s2": "0", "s": "", "t": "76'", "m": "Borussia Dortmund player Gros Kreuz threw the ball straight into Aubameyang, but the referee raised a flag to show that the latter was offside."}, {"id": "83", "s1": "4", "s2": "0", "s": "", "t": "75'", "m": "Borussia Dortmund's Aubameyang attempted a right-footed shot from outside the penalty area, but the ball was deflected slightly off the left goal. It was Lewandowski who gave him the pass."}, {"id": "82", "s1": "4", "s2": "0", "s": "", "t": "74'", "m": "Freiburg replaced and Gad replaced Freis"}, {"id": "81", "s1": "4", "s2": "0", "s": "", "t": "70'", "m": "Goal!!! Dortmund player Lewandowski shot with his left foot in front of the goal line, the ball flew from the top left corner into the goal, the ball went in! Assisted by J-Hoffman. Borussia Dortmund 4-0 Freiburg."}, {"id": "80", "s1": "3", "s2": "0", "s": "", "t": "70'", "m": "Baumann handled the ball out of the bottom line and Borussia Dortmund won a corner kick."}, {"id": "79", "s1": "3", "s2": "0", "s": "", "t": "69'", "m": "Shot!!! Borussia Dortmund player Aubameyang's right-footed shot from the left side of the penalty area was saved by the opposing goalkeeper. It was Hummels who gave him the pass."}, {"id": "78", "s1": "3", "s2": "0", "s": "", "t": "69'", "m": "Dortmund player Shaheen scrambled for a foul and the opponent gained possession."}, {"id": "77", "s1": "3", "s2": "0", "s": "", "t": "69'", "m": "Fernandez won a free kick for Freiburg."}, {"id": "76", "s1": "3", "s2": "0", "s": "", "t": "67'", "m": "Gros Kreuz won a free kick for Borussia Dortmund on the right."}, {"id": "75", "s1": "3", "s2": "0", "s": "", "t": "67'", "m": "Freiburg player C. Gent scrambled for a foul and the opponent was given possession."}, {"id": "74", "s1": "3", "s2": "0", "s": "", "t": "66'", "m": "Shot!!! Borussia Dortmund player Aubameyang's left-footed shot from a wide distance on the left was saved by the opposing goalkeeper. It was Shaheen who gave him the ball."}, {"id": "73", "s1": "3", "s2": "0", "s": "", "t": "66'", "m": "Freiburg made substitutions, Heffler went on, Schuster went off with injury."}, {"id": "72", "s1": "3", "s2": "0", "s": "", "t": "65'", "m": "Borussia Dortmund player Shaheen tucked the ball straight into Lewandowski, but the referee raised a flag to show that the latter was offside."}, {"id": "71", "s1": "3", "s2": "0", "s": "", "t": "63'", "m": "Dortmund player Lewandowski was fouled for handball and the opponent was given the ball."}, {"id": "70", "s1": "3", "s2": "0", "s": "", "t": "62'", "m": "Dortmund made a substitution, with J-Hoffmann replacing Reuss"}, {"id": "69", "s1": "3", "s2": "0", "s": "", "t": "61'", "m": "Dortmund made a substitution, and Braszczykovsky replaced Mkhitaryan"}, {"id": "68", "s1": "3", "s2": "0", "s": "", "t": "60'", "m": "Borussia Dortmund player Mkhitaryan scrambled for a foul and his opponent was given possession of the ball."}, {"id": "67", "s1": "3", "s2": "0", "s": "", "t": "60'", "m": "C. Gent won a free kick for Freiburg."}, {"id": "66", "s1": "3", "s2": "0", "s": "", "t": "58'", "m": "Goal!!! Dortmund player Lewandowski fired a right-footed shot from the centre of the penalty area, the ball flew from the bottom right corner into the goal, and the ball went in! Assisted by Reuss. Dortmund 3-0 Freiburg."}, {"id": "65", "s1": "2", "s2": "0", "s": "", "t": "56'", "m": "Dortmund player Kirsch attempted a header in the centre of the penalty area but unfortunately the ball went high above the top right corner. It was Mkhitaryan who gave him the ball."}, {"id": "64", "s1": "2", "s2": "0", "s": "", "t": "56'", "m": "Ginter handled the ball out of the bottom line and Borussia Dortmund won a corner kick."}, {"id": "63", "s1": "2", "s2": "0", "s": "", "t": "55'", "m": "Hearn handled the ball out of the bottom line and Borussia Dortmund won a corner kick."}, {"id": "62", "s1": "2", "s2": "0", "s": "", "t": "55'", "m": "Dortmund player Durm's right-footed shot from the left side of the penalty area was blocked by a defender."}, {"id": "61", "s1": "2", "s2": "0", "s": "", "t": "53'", "m": "Dortmund player Lewandowski scrambled for a foul and the opponent was given possession of the ball."}, {"id": "60", "s1": "2", "s2": "0", "s": "", "t": "53'", "m": "Ginter won a free kick for Freiburg."}, {"id": "59", "s1": "2", "s2": "0", "s": "", "t": "49'", "m": "Dortmund player Groskroyts' right-footed shot from outside the penalty area was blocked by a defender."}, {"id": "58", "s1": "2", "s2": "0", "s": "", "t": "49'", "m": "Reuss won a free kick for Borussia Dortmund at the opposing half."}, {"id": "57", "s1": "2", "s2": "0", "s": "", "t": "49'", "m": "Freiburg player Fernandez scrambled for a foul and the opponent gained possession."}, {"id": "56", "s1": "2", "s2": "0", "s": "", "t": "48'", "m": "Dortmund player Reus scrambled for a foul and the opponent was given possession."}, {"id": "55", "s1": "2", "s2": "0", "s": "", "t": "48'", "m": "Zorg won a free kick for Freiburg."}, {"id": "54", "s1": "2", "s2": "0", "s": "", "t": "46'", "m": "Borussia Dortmund player Kirsch scrambled for a foul and the opponent was given possession of the ball."}, {"id": "53", "s1": "2", "s2": "0", "s": "", "t": "46'", "m": "Freis won a free kick for Freiburg on the left."}, {"id": "52", "s1": "2", "s2": "0", "s": "", "t": "", "m": "The second half began with Borussia Dortmund 2-0 Freiburg"}, {"id": "51", "s1": "2", "s2": "0", "s": "", "t": "45'", "m": "Dortmund made a substitution, Kirsch replaced Bender"}, {"id": "50", "s1": "2", "s2": "0", "s": "", "t": "45'", "m": "Freiburg made a substitution and Herne replaced Kirkland"}, {"id": "49", "s1": "2", "s2": "0", "s": "", "t": "45'+2'", "m": "At the end of the first half, Borussia Dortmund 2-0 Freiburg, with a short break, we will take a look at the performance of the two teams in the second half."}, {"id": "48", "s1": "2", "s2": "0", "s": "", "t": "45'+2'", "m": "Goal!!! Borussia Dortmund player Reuss fired a right-footed shot that flew into the net from the bottom left corner and the ball went in! Dortmund 2-0 Freiburg."}, {"id": "47", "s1": "1", "s2": "0", "s": "", "t": "45'+1'", "m": "The referee sent Diagne of Freiburg off for a direct red card."}, {"id": "46", "s1": "1", "s2": "0", "s": "", "t": "45'+1'", "m": "Penalty, Lewandowski was violated inside the penalty area and Borussia Dortmund won the penalty."}, {"id": "45", "s1": "1", "s2": "0", "s": "", "t": "45'+1'", "m": "Freiburg player Diagne fouled and caused the opponent to receive a penalty."}, {"id": "44", "s1": "1", "s2": "0", "s": "", "t": "41'", "m": "Dortmund player Durm scrambled for a foul and the opponent was given possession of the ball."}, {"id": "43", "s1": "1", "s2": "0", "s": "", "t": "41'", "m": "Schmid won a free kick for Freiburg."}, {"id": "42", "s1": "1", "s2": "0", "s": "", "t": "40'", "m": "Borussia Dortmund player Reuss attempted a right-footed shot from outside the penalty area, but unfortunately the ball was slightly offside the left goal."}, {"id": "41", "s1": "1", "s2": "0", "s": "", "t": "39'", "m": "Schuster handled the ball out of the bottom line and Borussia Dortmund won a corner kick."}, {"id": "40", "s1": "1", "s2": "0", "s": "", "t": "39'", "m": "Dortmund player Mkhitaryan's right-footed shot from the centre of the penalty area was blocked by a defender."}, {"id": "39", "s1": "1", "s2": "0", "s": "", "t": "38'", "m": "Dortmund player Hummels scrambled for a foul and the opponent gained possession of the ball."}, {"id": "38", "s1": "1", "s2": "0", "s": "", "t": "38'", "m": "Cochrane won a free kick for Freiburg in the opposing half."}, {"id": "37", "s1": "1", "s2": "0", "s": "", "t": "36'", "m": "Shaheen won a free kick for Borussia Dortmund."}, {"id": "36", "s1": "1", "s2": "0", "s": "", "t": "36'", "m": "Freiburg player Mohammed fought for a foul and the opponent gained possession of the ball."}, {"id": "35", "s1": "1", "s2": "0", "s": "", "t": "35'", "m": "Goal!!! Dortmund player Reuss fired a right-footed shot from the centre of the penalty area, the ball flew from the top right corner into the goal and the ball went in! Dortmund 1-0 Freiburg."}, {"id": "34", "s1": "0", "s2": "0", "s": "", "t": "35'", "m": "Shot!!! Dortmund player Lewandowski's right-footed shot from the front of the goal line was saved by the opposing goalkeeper."}, {"id": "33", "s1": "0", "s2": "0", "s": "", "t": "35'", "m": "Shot!!! Borussia Dortmund player Bender's right-footed shot from outside the penalty area was saved by the opposing goalkeeper."}, {"id": "32", "s1": "0", "s2": "0", "s": "", "t": "34'", "m": "Mkhitaryan won a free kick for Borussia Dortmund on the left."}, {"id": "31", "s1": "0", "s2": "0", "s": "", "t": "34'", "m": "Freiburg player Schuster scrambled for a foul and the opponent gained possession of the ball."}, {"id": "30", "s1": "0", "s2": "0", "s": "", "t": "31'", "m": "Baumann handled the ball out of the bottom line and Borussia Dortmund won a corner kick."}, {"id": "29", "s1": "0", "s2": "0", "s": "", "t": "31'", "m": "Shot!!! Borussia Dortmund player Pierre-Emerick Aubameyang's right-footed shot from the right side of the penalty area was saved by the opposing goalkeeper. It was Reus who gave him the pass."}, {"id": "28", "s1": "0", "s2": "0", "s": "", "t": "30'", "m": "Diagne handled the ball off the line and Borussia Dortmund won a corner kick."}, {"id": "27", "s1": "0", "s2": "0", "s": "", "t": "29'", "m": "Shot!!! Borussia Dortmund player Pierre-Emerick Aubameyang's right-footed shot from the right side of the penalty area was saved by the opposing goalkeeper. It was Reus who gave him the pass."}, {"id": "26", "s1": "0", "s2": "0", "s": "", "t": "28'", "m": "Shot!!! Dortmund player Mkhitaryan's right-footed shot from outside the penalty area was saved by the opposing goalkeeper. It was Hummels who gave him the pass."}, {"id": "25", "s1": "0", "s2": "0", "s": "", "t": "25'", "m": "Shot!!! Borussia Dortmund player Aubameyang's header from the centre of the penalty area was saved by the opposing goalkeeper. The pass to him was Gros Kreuz."}, {"id": "24", "s1": "0", "s2": "0", "s": "", "t": "24'", "m": "Borussia Dortmund player Bender scrambled for a foul and the opponent gained possession of the ball."}, {"id": "23", "s1": "0", "s2": "0", "s": "", "t": "24'", "m": "Muhammady won a free kick for Freiburg."}, {"id": "22", "s1": "0", "s2": "0", "s": "", "t": "23'", "m": "Dortmund player Gros Kreuz scrambled for a foul and the opponent gained possession of the ball."}, {"id": "21", "s1": "0", "s2": "0", "s": "", "t": "23'", "m": "C. Gent won a free kick for Freiburg."}, {"id": "20", "s1": "0", "s2": "0", "s": "", "t": "22'", "m": "Aubameyang won a free kick for Borussia Dortmund."}, {"id": "19", "s1": "0", "s2": "0", "s": "", "t": "22'", "m": "Freiburg player C. Gent scrambled for a foul and the opponent was given possession."}, {"id": "18", "s1": "0", "s2": "0", "s": "", "t": "20'", "m": "Borussia Dortmund player Bender scrambled for a foul and the opponent gained possession of the ball."}, {"id": "17", "s1": "0", "s2": "0", "s": "", "t": "20'", "m": "Cochrane won a free kick for Freiburg on the left."}, {"id": "16", "s1": "0", "s2": "0", "s": "", "t": "20'", "m": "Shot!!! Freiburg player Schmid's left-footed shot from the centre of the penalty area was saved by the opposing goalkeeper. It was Cochrane who gave him the pass."}, {"id": "15", "s1": "0", "s2": "0", "s": "", "t": "19'", "m": "Dortmund player Lewandowski tried a right-footed shot from the right side of the penalty area, but unfortunately the ball was higher than the goal. It was Subotich who gave him the pass."}, {"id": "14", "s1": "0", "s2": "0", "s": "", "t": "18'", "m": "Mkhitaryan won a free kick for Borussia Dortmund on the left."}, {"id": "13", "s1": "0", "s2": "0", "s": "", "t": "18'", "m": "Freiburg player Zorg scrambled for a foul and his opponent was given possession of the ball."}, {"id": "12", "s1": "0", "s2": "0", "s": "", "t": "15'", "m": "Ginter handled the ball out of the bottom line and Borussia Dortmund won a corner kick."}, {"id": "11", "s1": "0", "s2": "0", "s": "", "t": "15'", "m": "Borussia Dortmund's Mkhitaryan's left-footed shot from outside the penalty area was blocked by a defender. It was Lewandowski who gave him the pass."}, {"id": "10", "s1": "0", "s2": "0", "s": "", "t": "11'", "m": "Borussia Dortmund player Bender scrambled for a foul and the opponent gained possession of the ball."}, {"id": "9", "s1": "0", "s2": "0", "s": "", "t": "11'", "m": "Fernandez won a free kick for Freiburg."}, {"id": "8", "s1": "0", "s2": "0", "s": "", "t": "8'", "m": "Mkhitaryan won a free kick for Borussia Dortmund."}, {"id": "7", "s1": "0", "s2": "0", "s": "", "t": "8'", "m": "Freiburg player Mohammed fought for a foul and the opponent gained possession of the ball."}, {"id": "6", "s1": "0", "s2": "0", "s": "", "t": "7'", "m": "Borussia Dortmund player Subotic threw the ball straight into Aubameyang, but the referee raised a flag to show that the latter was offside."}, {"id": "5", "s1": "0", "s2": "0", "s": "", "t": "3'", "m": "Borussia Dortmund player Subotic attempted a header in the centre of the penalty area, but unfortunately the ball went high above the top right corner. It was Reus who gave him the pass."}, {"id": "4", "s1": "0", "s2": "0", "s": "", "t": "3'", "m": "Schuster handled the ball out of the bottom line and Borussia Dortmund won a corner kick."}, {"id": "3", "s1": "0", "s2": "0", "s": "", "t": "2'", "m": "The suspension ended and the players resumed playing."}, {"id": "2", "s1": "0", "s2": "0", "s": "", "t": "1'", "m": "Bordel Ofder fell to the ground injured and the game was suspended"}, {"id": "1", "s1": "0", "s2": "0", "s": "", "t": "", "m": "With a whistle from the referee, the first half of the game began."}]