[{"id": "3722265", "s1": "0", "s2": "3", "s": "Finish", "t": "", "m": "Thank you for your company, today's game will be explained here for everyone, welcome to continue to pay attention to the other wonderful event live broadcast programs sent to you by Sina Sports, thank you!"}, {"id": "3722264", "s1": "0", "s2": "3", "s": "Finish", "t": "", "m": " "}, {"id": "3722263", "s1": "0", "s2": "3", "s": "Finish", "t": "", "m": "Bayern led Dortmund by seven points after the game"}, {"id": "3722262", "s1": "0", "s2": "3", "s": "Finish", "t": "", "m": "Borussia Dortmund's broken defence was good enough to concede a goal until the second half"}, {"id": "3722261", "s1": "0", "s2": "3", "s": "Finish", "t": "", "m": "But don't forget Neuer's magical play~ ~ ~ ~ ~ ~ ~ ~ ~ ~ ~ ~ ~ ~ ~ ~ ~ ~ ~ ~ ~ ~ ~ ~ ~ ~ ~ ~ ~ ~"}, {"id": "3722260", "s1": "0", "s2": "3", "s": "Finish", "t": "", "m": "Götze, Robben and Mueller have done so"}, {"id": "3722259", "s1": "0", "s2": "3", "s": "Finish", "t": "", "m": "The focus of this round of the Bundesliga is Bayern's 3-0 victory over Borussia Dortmund"}, {"id": "3722258", "s1": "0", "s2": "3", "s": "Finish", "t": "", "m": "Only one minute was given in stoppage time and the game was over!"}, {"id": "3722257", "s1": "0", "s2": "3", "s": "Next", "t": "45'", "m": "After this game, Bayern can be said to be unstoppable in the Bundesliga"}, {"id": "3722256", "s1": "0", "s2": "3", "s": "Next", "t": "44'", "m": "3 goals ahead of the curve ~ Guardiola finally showed a smile"}, {"id": "3722255", "s1": "0", "s2": "3", "s": "Next", "t": "43'", "m": "Dot collapsed"}, {"id": "3722254", "s1": "0", "s2": "3", "s": "Next", "t": "43'", "m": "Robben dialed the ball to Ram on the right! A penalty kick from Mueller's easy right-footed push broke the goal!"}, {"id": "3722253", "s1": "0", "s2": "3", "s": "Next", "t": "42'", "m": "Muller!!!"}, {"id": "3722252", "s1": "0", "s2": "3", "s": "Next", "t": "42'", "m": "Bayern opened and hung up ~~~~"}, {"id": "3722251", "s1": "0", "s2": "3", "s": "Next", "t": "42'", "m": "Goooooooooooooal~~~"}, {"id": "3722250", "s1": "0", "s2": "2", "s": "Next", "t": "42'", "m": "And the game time is running out"}, {"id": "3722249", "s1": "0", "s2": "2", "s": "Next", "t": "41'", "m": "2-0 ~ Bayern wins"}, {"id": "3722248", "s1": "0", "s2": "2", "s": "Next", "t": "41'", "m": "Dante cut off Reuss at the back and gave Thiago a long pass to accurately find Robben on the left! The Dutch burst into the forbidden zone! Picked up the goalkeeper who attacked ~ ~ ~ and sent the ball into the net"}, {"id": "3722247", "s1": "0", "s2": "2", "s": "Next", "t": "40'", "m": "Robben !!!"}, {"id": "3722246", "s1": "0", "s2": "2", "s": "Next", "t": "40'", "m": "Goooooooal~~~~"}, {"id": "3722245", "s1": "0", "s2": "1", "s": "Next", "t": "40'", "m": "Another ~~~~"}, {"id": "3722244", "s1": "0", "s2": "1", "s": "Next", "t": "40'", "m": "Thiago's long biography Robben ~~"}, {"id": "3722243", "s1": "0", "s2": "1", "s": "Next", "t": "40'", "m": "Reuss' turn failed to overcome Dante Bayern's counterattack"}, {"id": "3722242", "s1": "0", "s2": "1", "s": "Next", "t": "39'", "m": "Bayern just controlled the ball"}, {"id": "3722241", "s1": "0", "s2": "1", "s": "Next", "t": "39'", "m": "Klopp was not excited at this time"}, {"id": "3722240", "s1": "0", "s2": "1", "s": "Next", "t": "37'", "m": "Both teams have run out of substitutions"}, {"id": "3722239", "s1": "0", "s2": "1", "s": "Next", "t": "37'", "m": "The game will be over in about 10 minutes"}, {"id": "3722238", "s1": "0", "s2": "1", "s": "Next", "t": "36'", "m": "Levan ran to the wing and Neche hit the goal and was blocked by Dante"}, {"id": "3722236", "s1": "0", "s2": "1", "s": "Next", "t": "34'", "m": "Piszczek replaced Bender"}, {"id": "3722235", "s1": "0", "s2": "1", "s": "Next", "t": "34'", "m": "Guardiola is going to defend"}, {"id": "3722234", "s1": "0", "s2": "1", "s": "Next", "t": "34'", "m": "Van Beatten replaced Rafinha"}, {"id": "3722233", "s1": "0", "s2": "1", "s": "Next", "t": "34'", "m": "The pace of the game has always been maintained very fast~"}, {"id": "3722232", "s1": "0", "s2": "1", "s": "Next", "t": "33'", "m": "This is Guardiola using him as Messi"}, {"id": "3722231", "s1": "0", "s2": "1", "s": "Next", "t": "32'", "m": "Now Götze is playing in the center position.~"}, {"id": "3722230", "s1": "0", "s2": "1", "s": "Next", "t": "32'", "m": "Götze ~ only hates legs short"}, {"id": "3722229", "s1": "0", "s2": "1", "s": "Next", "t": "32'", "m": "Thiago ~ ~ picked the top of the defender's head!"}, {"id": "3722228", "s1": "0", "s2": "1", "s": "Next", "t": "32'", "m": "Groskroytz's long-range shot from outside the box was too well received by Neuer"}, {"id": "3722227", "s1": "0", "s2": "1", "s": "Next", "t": "31'", "m": "The ball is still under Dortmund's control"}, {"id": "3722226", "s1": "0", "s2": "1", "s": "Next", "t": "31'", "m": "Aubameyang's speed was blocked by Martinez in a low cross"}, {"id": "3722225", "s1": "0", "s2": "1", "s": "Next", "t": "29'", "m": "Robben's cross ~ out of the bottom line"}, {"id": "3722224", "s1": "0", "s2": "1", "s": "Next", "t": "29'", "m": "Bayern won a set-piece up front"}, {"id": "3722223", "s1": "0", "s2": "1", "s": "Next", "t": "29'", "m": "Mueller was shoveled by Durm ~ the referee's men were merciless"}, {"id": "3722222", "s1": "0", "s2": "1", "s": "Next", "t": "28'", "m": "Neuer's reaction was too rapid"}, {"id": "3722221", "s1": "0", "s2": "1", "s": "Next", "t": "28'", "m": "The ball still passed under Dante's block ~ ~ ~ ~ ~ "}, {"id": "3722220", "s1": "0", "s2": "1", "s": "Next", "t": "28'", "m": "Reuss's tricky small angle shot was saved by Neuer's flying body"}, {"id": "3722219", "s1": "0", "s2": "1", "s": "Next", "t": "28'", "m": "Magical save ~~~"}, {"id": "3722218", "s1": "0", "s2": "1", "s": "Next", "t": "28'", "m": "Neuer ~~~"}, {"id": "3722217", "s1": "0", "s2": "1", "s": "Next", "t": "28'", "m": "Alaba's cross was threatening – Papastatoboros released the ball from the box"}, {"id": "3722216", "s1": "0", "s2": "1", "s": "Next", "t": "27'", "m": "Dortmund's corner cross did not pose a threat"}, {"id": "3722215", "s1": "0", "s2": "1", "s": "Next", "t": "27'", "m": "Aubameyang came on"}, {"id": "3722214", "s1": "0", "s2": "1", "s": "Next", "t": "26'", "m": "Dort replaced Mkhitaryan and Braszczykovsky"}, {"id": "3722213", "s1": "0", "s2": "1", "s": "Next", "t": "26'", "m": "Neuer strikes to seal the angle ~ the opponent's shot is blocked out of the bottom line"}, {"id": "3722212", "s1": "0", "s2": "1", "s": "Next", "t": "26'", "m": "Bottom cross ~ ~ ~ ~ Mkhitaryan chest stop the ball and then turn around ~ ~ slowly"}, {"id": "3722211", "s1": "0", "s2": "1", "s": "Next", "t": "26'", "m": "Groß kreuz ~ no offside!"}, {"id": "3722209", "s1": "0", "s2": "1", "s": "Next", "t": "24'", "m": "My future is not a dream 8921802: 51 Lemon Good evening! I haven't seen you live in a long time! Hard work! Dort Bayern cheers! --- so late, everyone is very hard ~ salute"}, {"id": "3722208", "s1": "0", "s2": "1", "s": "Next", "t": "24'", "m": "A learned pig z02:58 Lemon, a while ago I was still asking where you went, it turns out that you are hiding here. ---Hehehe ~~~ Recently, there have been fewer broadcasts"}, {"id": "3722207", "s1": "0", "s2": "1", "s": "Next", "t": "23'", "m": "Bayern's attack, although Thiago did not form an assist, but it was after his steals in the front"}, {"id": "3722206", "s1": "0", "s2": "1", "s": "Next", "t": "23'", "m": "Goetze and Thiago saw the effect immediately after they played"}, {"id": "3722205", "s1": "0", "s2": "1", "s": "Next", "t": "23'", "m": "Guardiola's substitution had to be admired"}, {"id": "3722204", "s1": "0", "s2": "1", "s": "Next", "t": "22'", "m": "The ball hangs straight to the bottom left corner of the goal!"}, {"id": "3722203", "s1": "0", "s2": "1", "s": "Next", "t": "22'", "m": "Ram split the side ~~ Mueller crossed in a low flat ball! After Götze stopped the ball, he stabbed his right foot on the tip of his foot ~ ~ ~ the defender pounced on it late!"}, {"id": "3722202", "s1": "0", "s2": "1", "s": "Next", "t": "22'", "m": "Sure enough, it worked immediately~~~"}, {"id": "3722201", "s1": "0", "s2": "1", "s": "Next", "t": "21'", "m": "Götzel !!!"}, {"id": "3722200", "s1": "0", "s2": "1", "s": "Next", "t": "21'", "m": "Goooooooooooooooal~~~"}, {"id": "3722199", "s1": "0", "s2": "0", "s": "Next", "t": "20'", "m": "Now Bayern are playing centre-back with Martinez"}, {"id": "3722198", "s1": "0", "s2": "0", "s": "Next", "t": "20'", "m": "Crossed Bend Thiago with a kick that deflected the ball"}, {"id": "3722197", "s1": "0", "s2": "0", "s": "Next", "t": "19'", "m": "Thiago hit the door with one kick as soon as he got on the pitch!"}, {"id": "3722196", "s1": "0", "s2": "0", "s": "Next", "t": "19'", "m": "Thiago replaced Boateng"}, {"id": "3722195", "s1": "0", "s2": "0", "s": "Next", "t": "19'", "m": "Bayern also have to make substitutions"}, {"id": "3722193", "s1": "0", "s2": "0", "s": "Next", "t": "17'", "m": "Mueller's straight plug was too correct and was confiscated by the goalkeeper"}, {"id": "3722192", "s1": "0", "s2": "0", "s": "Next", "t": "17'", "m": "Müller ~ ~ ~ Good opportunity for Bayern"}, {"id": "3722191", "s1": "0", "s2": "0", "s": "Next", "t": "17'", "m": "However, this ball is suspected of lifting the foot too high"}, {"id": "3722190", "s1": "0", "s2": "0", "s": "Next", "t": "17'", "m": "Boateng ~~~ took off and rushed in front of Reuss to break the siege"}, {"id": "3722189", "s1": "0", "s2": "0", "s": "Next", "t": "16'", "m": "Levan ~ midfield chest stop ball! Turn around and pass a long pass"}, {"id": "3722188", "s1": "0", "s2": "0", "s": "Next", "t": "15'", "m": "Bayern have not found an opportunity"}, {"id": "3722187", "s1": "0", "s2": "0", "s": "Next", "t": "15'", "m": "Dortmund's midfield defense is tight"}, {"id": "3722186", "s1": "0", "s2": "0", "s": "Next", "t": "14'", "m": "Levan didn't see the returning Muller pass lost"}, {"id": "3722185", "s1": "0", "s2": "0", "s": "Next", "t": "13'", "m": "Dort's counterattack is coming again"}, {"id": "3722184", "s1": "0", "s2": "0", "s": "Next", "t": "13'", "m": "As soon as Götze took the ball, he booed"}, {"id": "3722183", "s1": "0", "s2": "0", "s": "Next", "t": "12'", "m": "Kroos' set-piece cross was headed over by the defender"}, {"id": "3722182", "s1": "0", "s2": "0", "s": "Next", "t": "12'", "m": "Mkhitaryan shoveled Mueller down ~ the referee pulled out a yellow card"}, {"id": "3722181", "s1": "0", "s2": "0", "s": "Next", "t": "11'", "m": "I heard boos all over the place"}, {"id": "3722180", "s1": "0", "s2": "0", "s": "Next", "t": "11'", "m": "Götze came on to replace Mandzukic"}, {"id": "3722179", "s1": "0", "s2": "0", "s": "Next", "t": "11'", "m": "Kroos passed a half-high ball ~ Mueller leaned on the heel of the defender to hit the goal ~ deflected off the upright"}, {"id": "3722178", "s1": "0", "s2": "0", "s": "Next", "t": "10'", "m": "Guardiola was on the sidelines with Götze to get ready to play"}, {"id": "3722177", "s1": "0", "s2": "0", "s": "Next", "t": "10'", "m": "Bayern scored a corner kick"}, {"id": "3722176", "s1": "0", "s2": "0", "s": "Next", "t": "9'", "m": "It is not an exaggeration to give a yellow card for this foul"}, {"id": "3722175", "s1": "0", "s2": "0", "s": "Next", "t": "9'", "m": "The referee came over and verbally warned Reuss"}, {"id": "3722174", "s1": "0", "s2": "0", "s": "Next", "t": "9'", "m": "When Reuss returned to the defense, he shoveled Down Rafinha from behind"}, {"id": "3722173", "s1": "0", "s2": "0", "s": "Next", "t": "9'", "m": "Reuss ~ received the direct plug behind him, offside first"}, {"id": "3722172", "s1": "0", "s2": "0", "s": "Next", "t": "7'", "m": "However, the ball still rolled towards the goal ~ only a little bit to score"}, {"id": "3722171", "s1": "0", "s2": "0", "s": "Next", "t": "7'", "m": "Hey, it looks like Levan didn't top the ball"}, {"id": "3722170", "s1": "0", "s2": "0", "s": "Next", "t": "7'", "m": "Bender rubbed the ball up before Levan headed the ball before Neuer!!!"}, {"id": "3722169", "s1": "0", "s2": "0", "s": "Next", "t": "6'", "m": "Good risk ~~~~"}, {"id": "3722168", "s1": "0", "s2": "0", "s": "Next", "t": "6'", "m": "Dort's counterattack on the right side~"}, {"id": "3722167", "s1": "0", "s2": "0", "s": "Next", "t": "5'", "m": "Without Ribery, Robben would be too lonely today"}, {"id": "3722166", "s1": "0", "s2": "0", "s": "Next", "t": "5'", "m": "Robben received Mueller's pass and was offside"}, {"id": "3722165", "s1": "0", "s2": "0", "s": "Next", "t": "4'", "m": "Reuss chose to cross the ball from Dante to clear the line"}, {"id": "3722164", "s1": "0", "s2": "0", "s": "Next", "t": "4'", "m": "It was within range of Reuss"}, {"id": "3722163", "s1": "0", "s2": "0", "s": "Next", "t": "4'", "m": "Dort got a well-placed set-piece"}, {"id": "3722162", "s1": "0", "s2": "0", "s": "Next", "t": "4'", "m": "Braszczykovsky was tripped by Boateng"}, {"id": "3722161", "s1": "0", "s2": "0", "s": "Next", "t": "3'", "m": "Looks like there is Thiago"}, {"id": "3722160", "s1": "0", "s2": "0", "s": "Next", "t": "3'", "m": "Bayern's bench in the players' tunnel began to warm up"}, {"id": "3722159", "s1": "0", "s2": "0", "s": "Next", "t": "3'", "m": "Alaba got up again and was blocked by a defender! Weidenfeller caught the ball"}, {"id": "3722158", "s1": "0", "s2": "0", "s": "Next", "t": "2'", "m": "Mandzukic did not have the upper hand in a header from the opposing defender"}, {"id": "3722157", "s1": "0", "s2": "0", "s": "Next", "t": "2'", "m": "Rafinha ~ High ball hanging to Mandzukic"}, {"id": "3722156", "s1": "0", "s2": "0", "s": "Next", "t": "1'", "m": "It looks like neither team has made substitutions"}, {"id": "3722155", "s1": "0", "s2": "0", "s": "Next", "t": "1'", "m": "The second half of the game began~"}, {"id": "3722154", "s1": "0", "s2": "0", "s": "Midfielder", "t": "", "m": "Welcome back ~~~."}, {"id": "3722152", "s1": "0", "s2": "0", "s": "Midfielder", "t": "", "m": "Hornets-11: The Bundesliga is also coming up now, Serie A is getting worse and worse--- Serie A is poor ah ~ ~ ~ ~ no money to buy stars"}, {"id": "3722151", "s1": "0", "s2": "0", "s": "Midfielder", "t": "", "m": "Forever fans 02:22 can't watch live TV, no network is really fate ah I --- there are so many fans to accompany you"}, {"id": "3722150", "s1": "0", "s2": "0", "s": "on", "t": "49'", "m": "Crooked Live 02:09 There must be ah ~ broadcast nba is not a field to send a lot of members? --- they have, but I don't"}, {"id": "3722149", "s1": "0", "s2": "0", "s": "on", "t": "49'", "m": "Xiao Xiao osc02:17 Lemon, you broadcast NBA today don't you? --- don't broadcast~"}, {"id": "3722147", "s1": "0", "s2": "0", "s": "on", "t": "47'", "m": "Well, take a break ~ come back again"}, {"id": "3722146", "s1": "0", "s2": "0", "s": "on", "t": "47'", "m": "Mandzukic and Gros Kreuz topped the bulls ~ and both received yellow cards"}, {"id": "3722145", "s1": "0", "s2": "0", "s": "on", "t": "47'", "m": "The smell of gunpowder didn't appear until near the end of the first half"}, {"id": "3722144", "s1": "0", "s2": "0", "s": "on", "t": "47'", "m": "And Neuer's performance on this side is also impeccable"}, {"id": "3722143", "s1": "0", "s2": "0", "s": "on", "t": "46'", "m": "Weidenfeller made two consecutive thrilling shots"}, {"id": "3722142", "s1": "0", "s2": "0", "s": "on", "t": "46'", "m": "Both teams had chances in the first half and the goalkeeper played well"}, {"id": "3722141", "s1": "0", "s2": "0", "s": "on", "t": "46'", "m": "Tourist 2909: Bayern Ribery --- injured in the national team match"}, {"id": "3722140", "s1": "0", "s2": "0", "s": "on", "t": "46'", "m": "The first half was over"}, {"id": "3722139", "s1": "0", "s2": "0", "s": "on", "t": "45'", "m": "One yellow card per person"}, {"id": "3722138", "s1": "0", "s2": "0", "s": "on", "t": "45'", "m": "The referees each play fifty boards"}, {"id": "3722137", "s1": "0", "s2": "0", "s": "on", "t": "45'", "m": "Mandzukic also got into an argument with Gros Kreuz"}, {"id": "3722136", "s1": "0", "s2": "0", "s": "on", "t": "44'", "m": "Bayern have another person who is about to be yellow carded"}, {"id": "3722135", "s1": "0", "s2": "0", "s": "on", "t": "44'", "m": "It is estimated that the first half was 0-0"}, {"id": "3722134", "s1": "0", "s2": "0", "s": "on", "t": "42'", "m": "Großkreutz broke the ball out of the box"}, {"id": "3722133", "s1": "0", "s2": "0", "s": "on", "t": "42'", "m": "Mueller's cross from the right ~ Mandzukic header! Heading to the middle"}, {"id": "3722132", "s1": "0", "s2": "0", "s": "on", "t": "41'", "m": "The referee blew Mandzukic's offside"}, {"id": "3722131", "s1": "0", "s2": "0", "s": "on", "t": "41'", "m": "Cross's long biography ~~~ someone has oversided"}, {"id": "3722130", "s1": "0", "s2": "0", "s": "on", "t": "40'", "m": "This time period is also the most dangerous time"}, {"id": "3722129", "s1": "0", "s2": "0", "s": "on", "t": "40'", "m": "The first half was almost over"}, {"id": "3722128", "s1": "0", "s2": "0", "s": "on", "t": "39'", "m": "Groskroytz ~ Cross from the bottom line was picked up by the attacking Neuer"}, {"id": "3722127", "s1": "0", "s2": "0", "s": "on", "t": "38'", "m": "Shu Tao Tao 02:06 Why hasn't Gundogan played this season? --- injured, and will not come back until next year"}, {"id": "3722126", "s1": "0", "s2": "0", "s": "on", "t": "38'", "m": "The ball was hit, and the result was still out of the bottom line"}, {"id": "3722125", "s1": "0", "s2": "0", "s": "on", "t": "38'", "m": "The location given by Robben is excellent! Unfortunately, Mandzukic's foot was half a beat slower"}, {"id": "3722124", "s1": "0", "s2": "0", "s": "on", "t": "37'", "m": "Sliding shovel in front of the door ~ ~ ~ Mandzukic !!!"}, {"id": "3722123", "s1": "0", "s2": "0", "s": "on", "t": "36'", "m": "Shaheen set-piece cross straight out of the bottom line"}, {"id": "3722122", "s1": "0", "s2": "0", "s": "on", "t": "36'", "m": "The referee is going to draw the cards ~ ~ Boateng! Fouled while defending at the back"}, {"id": "3722121", "s1": "0", "s2": "0", "s": "on", "t": "36'", "m": "Bayern's ball from the sideline came out to Müller again! Weidenfeller leaned over and held the ball"}, {"id": "3722120", "s1": "0", "s2": "0", "s": "on", "t": "35'", "m": "Bayern's cross from the right forced the goalkeeper to make a save"}, {"id": "3722119", "s1": "0", "s2": "0", "s": "on", "t": "35'", "m": "Crooked Live 02:02 Lemon! Debut question! Answer right to a member ~ --- amount, my question is to guess whether I have permission to give members"}, {"id": "3722117", "s1": "0", "s2": "0", "s": "on", "t": "34'", "m": "Robben must have missed Ribery by this time"}, {"id": "3722116", "s1": "0", "s2": "0", "s": "on", "t": "33'", "m": "It's still too slow compared to Dot"}, {"id": "3722115", "s1": "0", "s2": "0", "s": "on", "t": "33'", "m": "And Bayern's counterattack lacks speed"}, {"id": "3722114", "s1": "0", "s2": "0", "s": "on", "t": "33'", "m": "Bayern now have a lot of mistakes in possession in midfield"}, {"id": "3722113", "s1": "0", "s2": "0", "s": "on", "t": "32'", "m": "Reus' cross was pushed out of bounds by Martinez"}, {"id": "3722112", "s1": "0", "s2": "0", "s": "on", "t": "31'", "m": "Dante once again fouled Lewandowski for a header"}, {"id": "3722111", "s1": "0", "s2": "0", "s": "on", "t": "31'", "m": "Robben switched to the right road ~~~"}, {"id": "3722110", "s1": "0", "s2": "0", "s": "on", "t": "30'", "m": "Dortmund has already made three goals on goal, while Bayern have only had one"}, {"id": "3722109", "s1": "0", "s2": "0", "s": "on", "t": "30'", "m": "Royce played too well"}, {"id": "3722108", "s1": "0", "s2": "0", "s": "on", "t": "30'", "m": "Reus's powerful blast was blocked by Neuer standing"}, {"id": "3722107", "s1": "0", "s2": "0", "s": "on", "t": "30'", "m": "Neuer ~~~"}, {"id": "3722106", "s1": "0", "s2": "0", "s": "on", "t": "29'", "m": "Wan Wan did not expect: after watching CCTV get all muted balls--- and then I did it"}, {"id": "3722105", "s1": "0", "s2": "0", "s": "on", "t": "28'", "m": "The ball was broken"}, {"id": "3722104", "s1": "0", "s2": "0", "s": "on", "t": "27'", "m": "Dort actually overwhelmed the half"}, {"id": "3722103", "s1": "0", "s2": "0", "s": "on", "t": "27'", "m": "Reuss on the left ~ bottom line cross! Dante's goalkeeper went out of the line"}, {"id": "3722102", "s1": "0", "s2": "0", "s": "on", "t": "26'", "m": "Shaheen's corner kick opened to the front point ~ Mandzukic's header was cleared"}, {"id": "3722101", "s1": "0", "s2": "0", "s": "on", "t": "26'", "m": "Gros kreuz received a pass from his teammate ~ Alaba chased back at the right time and poked the ball out of the bottom line"}, {"id": "3722100", "s1": "0", "s2": "0", "s": "on", "t": "26'", "m": "Another counterattack ~~~"}, {"id": "3722099", "s1": "0", "s2": "0", "s": "on", "t": "25'", "m": "Compared to Bayern's possession, Dort's counter-attack was much more efficient"}, {"id": "3722098", "s1": "0", "s2": "0", "s": "on", "t": "24'", "m": "Braszczykski's shot was blocked by Alaba"}, {"id": "3722097", "s1": "0", "s2": "0", "s": "on", "t": "24'", "m": "Unfortunately, Dort did not seize the opportunity this time"}, {"id": "3722096", "s1": "0", "s2": "0", "s": "on", "t": "24'", "m": "Dortmund went 3-on-3 up frontcourt"}, {"id": "3722095", "s1": "0", "s2": "0", "s": "on", "t": "24'", "m": "Good chance ~~~"}, {"id": "3722094", "s1": "0", "s2": "0", "s": "on", "t": "24'", "m": "Boateng's pass was broken"}, {"id": "3722093", "s1": "0", "s2": "0", "s": "on", "t": "23'", "m": "Robben ~ burst into the forbidden zone! It is a pity that the people who grabbed the point in the middle of the road have not yet arrived"}, {"id": "3722092", "s1": "0", "s2": "0", "s": "on", "t": "22'", "m": "Mandzukic made a lot of mistakes on the wing today"}, {"id": "3722091", "s1": "0", "s2": "0", "s": "on", "t": "21'", "m": "Dort's cross from the wingers hit Blaszczykski, who snatched up the spot in front of goal, kicked the ball at Neuer, who was on the spot"}, {"id": "3722090", "s1": "0", "s2": "0", "s": "on", "t": "21'", "m": "There was a dangerous situation in front of the door ~ ~ ~ ~ "}, {"id": "3722089", "s1": "0", "s2": "0", "s": "on", "t": "21'", "m": "The strongest offense and the most stable defense"}, {"id": "3722088", "s1": "0", "s2": "0", "s": "on", "t": "20'", "m": "This is also a contradictory battle in the Bundesliga"}, {"id": "3722087", "s1": "0", "s2": "0", "s": "on", "t": "20'", "m": "Two consecutive big moves to press the attack ~ what! Bayern's defence was unusually solid"}, {"id": "3722086", "s1": "0", "s2": "0", "s": "on", "t": "20'", "m": "After being suppressed for more than 10 minutes, Dort couldn't stand the loneliness"}, {"id": "3722085", "s1": "0", "s2": "0", "s": "on", "t": "19'", "m": "Long into the penalty area ~ was released by Bayern defenders with consecutive headers"}, {"id": "3722084", "s1": "0", "s2": "0", "s": "on", "t": "19'", "m": "The referee gave Dort a set-piece up front"}, {"id": "3722083", "s1": "0", "s2": "0", "s": "on", "t": "18'", "m": "Lewandowski was pushed to the back of his head while snatching a header with Dante"}, {"id": "3722082", "s1": "0", "s2": "0", "s": "on", "t": "18'", "m": "Crosse inserted a long-range shot from outside the box!! The ball deflected off the left upright"}, {"id": "3722081", "s1": "0", "s2": "0", "s": "on", "t": "18'", "m": "Martinez's stop was not handled well, but became a pass"}, {"id": "3722080", "s1": "0", "s2": "0", "s": "on", "t": "17'", "m": "Forever Miren 01:46 Dortmund's main defense is completely injured, can not be in the tragic point --- can not find anything more tragic than this"}, {"id": "3722079", "s1": "0", "s2": "0", "s": "on", "t": "16'", "m": "Weidenfehrer picked it up without any pears"}, {"id": "3722078", "s1": "0", "s2": "0", "s": "on", "t": "16'", "m": "Alaba's cross from the wing was too close to the goal!"}, {"id": "3722077", "s1": "0", "s2": "0", "s": "on", "t": "16'", "m": "Cross forward point ~ Reuss head back into midfield"}, {"id": "3722076", "s1": "0", "s2": "0", "s": "on", "t": "15'", "m": "Or leave it to Kroos"}, {"id": "3722075", "s1": "0", "s2": "0", "s": "on", "t": "15'", "m": "Müller made another corner kick for Bayern"}, {"id": "3722074", "s1": "0", "s2": "0", "s": "on", "t": "15'", "m": "Guardiola also couldn't sit still"}, {"id": "3722071", "s1": "0", "s2": "0", "s": "on", "t": "14'", "m": "The camera gives Götze ~ a very quiet sitting on the bench"}, {"id": "3722069", "s1": "0", "s2": "0", "s": "on", "t": "14'", "m": "The referee came over and looked at it ~ and did not give a yellow card"}, {"id": "3722068", "s1": "0", "s2": "0", "s": "on", "t": "14'", "m": "When chasing back, Martinez stumbled and fouled"}, {"id": "3722065", "s1": "0", "s2": "0", "s": "on", "t": "13'", "m": "Martinez pulled to the wing and the pass was blocked"}, {"id": "3722060", "s1": "0", "s2": "0", "s": "on", "t": "12'", "m": "I didn't see a close-up of Guardiola"}, {"id": "3722059", "s1": "0", "s2": "0", "s": "on", "t": "12'", "m": "Klopp had been standing on the sidelines directing the battle"}, {"id": "3722058", "s1": "0", "s2": "0", "s": "on", "t": "12'", "m": "Rafinha's long pass Mandzukic ~ gave a big out of the sideline"}, {"id": "3722056", "s1": "0", "s2": "0", "s": "on", "t": "11'", "m": "Bayern's pressure in midfield is not great ~ everything is smooth in possession and passing"}, {"id": "3722053", "s1": "0", "s2": "0", "s": "on", "t": "11'", "m": "Dort left only Levandowski in the front"}, {"id": "3722051", "s1": "0", "s2": "0", "s": "on", "t": "10'", "m": "I'm the little dragon prince 01:36 lemon I want to drink you, you said Levan turned around I was in a cold sweat --- that ball absolutely startled bayern fans in a cold sweat ~ ~ "}, {"id": "3722049", "s1": "0", "s2": "0", "s": "on", "t": "10'", "m": "It's hard to get a screen name Ah 01:30 Bayern Strong because I didn't meet Luneng ---Well, you won ~ ~ ~ ~ ~ ~ ~ ~ ~ ~ ~ ~ ~ ~ ~ ~ ~ ~ ~ ~ ~ ~ ~ ~ ~ ~ ~ ~ ~ ~ ~ ~ ~ ~ ~ ~ ~ ~ ~ ~ ~ ~ ~ ~ ~ ~ ~ ~ ~ ~ ~ ~ ~ ~ ~ ~ ~ ~ ~ ~ ~ ~ ~ ~ ~"}, {"id": "3722048", "s1": "0", "s2": "0", "s": "on", "t": "10'", "m": "Dortmund's defense on the right was a bit tight"}, {"id": "3722045", "s1": "0", "s2": "0", "s": "on", "t": "9'", "m": "Bayern began to use the ball possession advantage in midfield to launch frequent attacks on the flanks"}, {"id": "3722044", "s1": "0", "s2": "0", "s": "on", "t": "9'", "m": "Well ~ the referee blew Robben to push people"}, {"id": "3722042", "s1": "0", "s2": "0", "s": "on", "t": "9'", "m": "Hanging high ball ~~~ it was actually Robben who was competing with the opponent's tall center-back"}, {"id": "3722039", "s1": "0", "s2": "0", "s": "on", "t": "8'", "m": "Bayern snatched the ball back in midfield"}, {"id": "3722038", "s1": "0", "s2": "0", "s": "on", "t": "8'", "m": "Robben's change of direction breakthrough ~ did not pass groskroytz"}, {"id": "3722036", "s1": "0", "s2": "0", "s": "on", "t": "8'", "m": "Mandzukic's catapult hit the defender's leg and popped up"}, {"id": "3722034", "s1": "0", "s2": "0", "s": "on", "t": "8'", "m": "Müller ~ ~ diagonally passed in the middle of the penalty area"}, {"id": "3722033", "s1": "0", "s2": "0", "s": "on", "t": "7'", "m": "Boateng dribbled the ball past midfield"}, {"id": "3722031", "s1": "0", "s2": "0", "s": "on", "t": "7'", "m": "Bayern began to gradually gain an advantage on the pitch"}, {"id": "3722030", "s1": "0", "s2": "0", "s": "on", "t": "6'", "m": "Shaheen was forced by Arabba to pass the ball over to the sideline"}, {"id": "3722027", "s1": "0", "s2": "0", "s": "on", "t": "6'", "m": "The Dortmund defender in front of goal kicked the ball off the sideline"}, {"id": "3722026", "s1": "0", "s2": "0", "s": "on", "t": "6'", "m": "Robben ~ ~ knock back after the bottom!"}, {"id": "3722025", "s1": "0", "s2": "0", "s": "on", "t": "5'", "m": "Ares Barty: Offside --- that ball is not offside"}, {"id": "3722024", "s1": "0", "s2": "0", "s": "on", "t": "5'", "m": "Lewandowski cut inside until kroos, who was withdrawn, intercepted the ball"}, {"id": "3722023", "s1": "0", "s2": "0", "s": "on", "t": "4'", "m": "Dort's counterattack was fast"}, {"id": "3722022", "s1": "0", "s2": "0", "s": "on", "t": "4'", "m": "Kroos got up the ball and was blocked"}, {"id": "3722020", "s1": "0", "s2": "0", "s": "on", "t": "4'", "m": "Bayern quickly advanced near the opposing penalty area"}, {"id": "3722019", "s1": "0", "s2": "0", "s": "on", "t": "4'", "m": "It's a pity"}, {"id": "3722018", "s1": "0", "s2": "0", "s": "on", "t": "4'", "m": "Excellent opportunity ~ Levan is not offside"}, {"id": "3722016", "s1": "0", "s2": "0", "s": "on", "t": "4'", "m": "Pour to the door ~ ~ ~ Lewandowski!!! Turn around and hit the ball high"}, {"id": "3722013", "s1": "0", "s2": "0", "s": "on", "t": "4'", "m": "Good location in Bend Direct"}, {"id": "3722011", "s1": "0", "s2": "0", "s": "on", "t": "3'", "m": "It was given to the back post and was cleared by a header from Dortmund's defender"}, {"id": "3722010", "s1": "0", "s2": "0", "s": "on", "t": "3'", "m": "Kroos came to punish ."}, {"id": "3722009", "s1": "0", "s2": "0", "s": "on", "t": "3'", "m": "Robben made a corner for Bayern"}, {"id": "3722007", "s1": "0", "s2": "0", "s": "on", "t": "3'", "m": "I haven't seen this in years"}, {"id": "3722005", "s1": "0", "s2": "0", "s": "on", "t": "3'", "m": "Dortmund is also really unfavorable, and the entire back line is absent"}, {"id": "3722004", "s1": "0", "s2": "0", "s": "on", "t": "2'", "m": "In the end, captain Ram came back and gave the header to Neuer"}, {"id": "3722003", "s1": "0", "s2": "0", "s": "on", "t": "2'", "m": "Bayern made a mistake under Dortmund's frontcourt"}, {"id": "3722002", "s1": "0", "s2": "0", "s": "on", "t": "1'", "m": "Mandzukic failed to control the ball ~ Dortmund's goal ball"}, {"id": "3722000", "s1": "0", "s2": "0", "s": "on", "t": "1'", "m": "Dante's big foot in the backfield drove forward ~~~"}, {"id": "3721999", "s1": "0", "s2": "0", "s": "on", "t": "1'", "m": "The first half was kicked off by Bayern, who played away"}, {"id": "3721998", "s1": "0", "s2": "0", "s": "on", "t": "1'", "m": "With the referee's whistle, the first half of the game began~ ~ ~ ~ ~ "}, {"id": "3721996", "s1": "0", "s2": "0", "s": "Not matched", "t": "", "m": "It seems that he also knows that the Devil's home is not easy to play"}, {"id": "3721995", "s1": "0", "s2": "0", "s": "Not matched", "t": "", "m": "Guardiola's face was anxious"}, {"id": "3721992", "s1": "0", "s2": "0", "s": "Not matched", "t": "", "m": "Led by the referee, the players of both teams finally entered"}, {"id": "3721990", "s1": "0", "s2": "0", "s": "Not matched", "t": "", "m": "Pity he's on the bench..."}, {"id": "3721989", "s1": "0", "s2": "0", "s": "Not matched", "t": "", "m": "Today, Götze is undoubtedly a focal point"}, {"id": "3721988", "s1": "0", "s2": "0", "s": "Not matched", "t": "", "m": "It's hard to start a screen name, 01:27 I estimate that Evergrande can play Bayern 5:0 --- even if it is a live game... It's also very difficult"}, {"id": "3721987", "s1": "0", "s2": "0", "s": "Not matched", "t": "", "m": "Bayern fans in the stands on the other side are much quieter"}, {"id": "3721986", "s1": "0", "s2": "0", "s": "Not matched", "t": "", "m": "The scene is really spectacular"}, {"id": "3721983", "s1": "0", "s2": "0", "s": "Not matched", "t": "", "m": "Dortmund's home stadium chorused together ~~~You'll never walk alone"}, {"id": "3721980", "s1": "0", "s2": "0", "s": "Not matched", "t": "", "m": "Jiale 123401: 24 I haven't seen the anchor for a long time --- Yes ~ WAP fans and friends Hello"}, {"id": "3721979", "s1": "0", "s2": "0", "s": "Not matched", "t": "", "m": "Super Hornets: The Bayern didn't play as well as Heynckes before--- but now the team is efficient and the defense is even stronger"}, {"id": "3721978", "s1": "0", "s2": "0", "s": "Not matched", "t": "", "m": "How did Aubameyang replace him today ~ --- what can I say ~ ~ ~ the coach's arrangement"}, {"id": "3721975", "s1": "0", "s2": "0", "s": "Not matched", "t": "", "m": "Canghai Xingyun: Lemon has not watched you live for a long time---haha ~ ~ ~ I have not played football for a long time"}, {"id": "3721974", "s1": "0", "s2": "0", "s": "Not matched", "t": "", "m": "Bayern started: goalkeeper Neuer, defenders Dante, Rafinha, Boateng, Alaba, midfielders Martinez, Robben, Ram, Müller, Kroos, striker Mandzukic"}, {"id": "3721973", "s1": "0", "s2": "0", "s": "Not matched", "t": "", "m": "Holding hands in reincarnation 01:19 Lemon how to explain the Bundesliga, how not to explain Barca --- forehead, I don't know, confused, hehe"}, {"id": "3721972", "s1": "0", "s2": "0", "s": "Not matched", "t": "", "m": "Dortmund started with goalkeeper Weidenfele, defender Friedrich, Gros Kreuz, Papastathopoulos, Durm, midfielderSwende, Mkhitaryan, Braszczykiwski, Reus, Shaheen and striker Lewandowski"}, {"id": "3721969", "s1": "0", "s2": "0", "s": "Not matched", "t": "", "m": "Tourist 1668: The first one came out--- out, sent right away"}, {"id": "3721967", "s1": "0", "s2": "0", "s": "Not matched", "t": "", "m": "Forever fanren 00:47 Bumblebees are not good, there are too many injuries --- Bayern side is not also more"}, {"id": "3721966", "s1": "0", "s2": "0", "s": "Not matched", "t": "", "m": "Coming soon is the focus of this bundesliga round--- Dortmund host Bayern, welcome to watch"}, {"id": "3721965", "s1": "0", "s2": "0", "s": "Not matched", "t": "", "m": "Hello everyone, welcome to the wonderful live event program brought to you by Sina Sports!"}, {"id": "3720552", "s1": "0", "s2": "0", "s": "Not matched", "t": "", "m": "Borussia Dortmund have scored 32 goals so far this season and are the most attacking team in the Bundesliga. Bayern have conceded just seven goals so far this season, making them the most defensively secure team in the Bundesliga"}, {"id": "3720550", "s1": "0", "s2": "0", "s": "Not matched", "t": "", "m": "For Bayern, Schweinsteiger, Shaqiri, Ribery, Pizarro and Bad Stubel are bound to miss the game"}, {"id": "3720549", "s1": "0", "s2": "0", "s": "Not matched", "t": "", "m": "For Borussia Dortmund, the entire main backline of the team was absent due to injury"}, {"id": "3720548", "s1": "0", "s2": "0", "s": "Not matched", "t": "", "m": "In this game, both teams suffered from massive injuries due to the impact of the international matchday in midweek"}, {"id": "3720546", "s1": "0", "s2": "0", "s": "Not matched", "t": "", "m": "It has been three years since Borussia Dortmund beat Bayern 2-0 at home on 3 October 2010"}, {"id": "3720544", "s1": "0", "s2": "0", "s": "Not matched", "t": "", "m": "The two sides have already met in the pre-season German Super Cup, with Borussia Dortmund beating Bayern 4-2. This match is the first official match between the two sides since the beginning of the season"}, {"id": "3720543", "s1": "0", "s2": "0", "s": "Not matched", "t": "", "m": "Borussia Dortmund has had a bad season this season, with the team temporarily trailing Bayern by 4 points with 9 wins, 1 draw and 2 defeats, ranking second in the table and sharing the same points as Bayer Leverkusen"}, {"id": "3720542", "s1": "0", "s2": "0", "s": "Not matched", "t": "", "m": "Bayern have a slightly better record this season, with the team leading the Bundesliga table with an unbeaten record of 10 wins and 2 draws with 32 points"}, {"id": "3720533", "s1": "0", "s2": "0", "s": "Not matched", "t": "", "m": "Coming soon is the focus of this bundesliga round--- Dortmund host Bayern, welcome to watch"}, {"id": "3720529", "s1": "0", "s2": "0", "s": "Not matched", "t": "", "m": "Hello everyone, welcome to the wonderful live event program brought to you by Sina Sports!"}]