[{"id": "139", "s1": "0", "s2": "2", "s": "", "t": "", "m": "The match ended with Borussia Dortmund 0-2 Bayer Leverkusen, thank you for watching The Sina Football Live."}, {"id": "138", "s1": "0", "s2": "2", "s": "", "t": "90'+6'", "m": "At the end of the second half, Borussia Dortmund 0-2 Bayer Leverkusen"}, {"id": "137", "s1": "0", "s2": "2", "s": "", "t": "90'+5'", "m": "Goal!!! Bayer Leverkusen player Kisling shot with a right foot in the centre of the penalty area, the ball flew from the top right corner into the goal and the ball went in! Assisted by Bella Rabi. Dortmund 0-2 Bayer Leverkusen."}, {"id": "136", "s1": "0", "s2": "1", "s": "", "t": "90'+4'", "m": "Borussia Dortmund's Mkhitaryan attempted a right-footed shot from outside the penalty area, but the ball was deflected slightly off the left goal. It was Immobile who gave him the ball."}, {"id": "135", "s1": "0", "s2": "1", "s": "", "t": "90'+3'", "m": "K. Papadopoulos handled the ball out of the line and Borussia Dortmund won a corner."}, {"id": "134", "s1": "0", "s2": "1", "s": "", "t": "90'+3'", "m": "Shot!!! Borussia Dortmund player Aubameyang's right-footed shot from the left side of the penalty area was saved by the opposing goalkeeper. The one who passed the ball to him was J-Hoffman."}, {"id": "133", "s1": "0", "s2": "1", "s": "", "t": "90'+3'", "m": "Kyle won a free kick for Borussia Dortmund on the left."}, {"id": "132", "s1": "0", "s2": "1", "s": "", "t": "90'+3'", "m": "Bayer Leverkusen player Bellala competed for a foul and the opponent gained possession of the ball."}, {"id": "131", "s1": "0", "s2": "1", "s": "", "t": "90'+2'", "m": "Mkhitaryan won a free kick for Borussia Dortmund."}, {"id": "130", "s1": "0", "s2": "1", "s": "", "t": "90'+2'", "m": "Bayer Leverkusen player K. Papadopoulos scrambled for a foul and the opponent was given possession of the ball."}, {"id": "129", "s1": "0", "s2": "1", "s": "", "t": "90'", "m": "The suspension ended and the players resumed playing."}, {"id": "128", "s1": "0", "s2": "1", "s": "", "t": "90'", "m": "Bayer Leverkusen Bernish fell to the ground injured and the game was suspended"}, {"id": "127", "s1": "0", "s2": "1", "s": "", "t": "89'", "m": "Borussia Dortmund player Mkhitaryan scrambled for a foul and his opponent was given possession of the ball."}, {"id": "126", "s1": "0", "s2": "1", "s": "", "t": "89'", "m": "Jedvage won a free kick for Bayer Leverkusen."}, {"id": "125", "s1": "0", "s2": "1", "s": "", "t": "89'", "m": "Shot!!! The Borussia Dortmund player was saved by the opposing goalkeeper for a header from the front of the goal line."}, {"id": "124", "s1": "0", "s2": "1", "s": "", "t": "89'", "m": "Immobile won a free kick for Borussia Dortmund on the left."}, {"id": "123", "s1": "0", "s2": "1", "s": "", "t": "89'", "m": "Bayer Leverkusen player Toplak scrambled for a foul and the opponent was given possession of the ball."}, {"id": "122", "s1": "0", "s2": "1", "s": "", "t": "88'", "m": "Bayer Leverkusen player K. Papadopoulos tucked the ball straight into Kislin but the referee raised a flag to show the latter was offside."}, {"id": "121", "s1": "0", "s2": "1", "s": "", "t": "87'", "m": "Borussia Dortmund player Mkhitaryan scrambled for a foul and his opponent was given possession of the ball."}, {"id": "120", "s1": "0", "s2": "1", "s": "", "t": "87'", "m": "Bella Rabi won a free kick for Bayer Leverkusen at the opposing half."}, {"id": "119", "s1": "0", "s2": "1", "s": "", "t": "87'", "m": "Toprak handled the ball out of the bottom line and Borussia Dortmund won a corner kick."}, {"id": "118", "s1": "0", "s2": "1", "s": "", "t": "86'", "m": "Spasic handled the ball out of the box and Borussia Dortmund won a corner."}, {"id": "117", "s1": "0", "s2": "1", "s": "", "t": "86'", "m": "Mkhitaryan won a free kick for Borussia Dortmund."}, {"id": "116", "s1": "0", "s2": "1", "s": "", "t": "86'", "m": "Bayer Leverkusen player K. Papadopoulos scrambled for a foul and the opponent was given possession of the ball."}, {"id": "115", "s1": "0", "s2": "1", "s": "", "t": "85'", "m": "Mkhitaryan won a free kick for Borussia Dortmund."}, {"id": "114", "s1": "0", "s2": "1", "s": "", "t": "85'", "m": "Bayer Leverkusen player Renats scrambled for a foul and the opponent was given possession of the ball."}, {"id": "113", "s1": "0", "s2": "1", "s": "", "t": "84'", "m": "Leno handled the ball out of the bottom line and Borussia Dortmund won a corner kick."}, {"id": "112", "s1": "0", "s2": "1", "s": "", "t": "84'", "m": "Shot!!! Dortmund player Ginter's header from the centre of the penalty area was saved by the opposing goalkeeper. The one who passed the ball to him was J-Hoffman."}, {"id": "111", "s1": "0", "s2": "1", "s": "", "t": "84'", "m": "Spasic handled the ball out of the box and Borussia Dortmund won a corner."}, {"id": "110", "s1": "0", "s2": "1", "s": "", "t": "84'", "m": "Bayer Leverkusen's Bernishch kicked the ball straight into Brent, but the referee raised a flag to show the latter was offside."}, {"id": "109", "s1": "0", "s2": "1", "s": "", "t": "83'", "m": "Papastathopoulos won a free kick for Borussia Dortmund."}, {"id": "108", "s1": "0", "s2": "1", "s": "", "t": "83'", "m": "Bayer Leverkusen player Castro scrambled for a foul and the opponent gained possession of the ball."}, {"id": "107", "s1": "0", "s2": "1", "s": "", "t": "80'", "m": "Bayer Leverkusen was replaced, with K. Papadopoulos replacing Charhanolu"}, {"id": "106", "s1": "0", "s2": "1", "s": "", "t": "80'", "m": "Ginter won a free kick for Borussia Dortmund."}, {"id": "105", "s1": "0", "s2": "1", "s": "", "t": "80'", "m": "Bayer Leverkusen player Kisling scrambled for a foul and the opponent was given possession of the ball."}, {"id": "104", "s1": "0", "s2": "1", "s": "", "t": "78'", "m": "Dortmund player Kyle scrambled for a foul and the opponent was given possession."}, {"id": "103", "s1": "0", "s2": "1", "s": "", "t": "78'", "m": "Kisling won a free kick for Bayer Leverkusen on the right."}, {"id": "102", "s1": "0", "s2": "1", "s": "", "t": "77'", "m": "The Dortmund player was blocked by a defender for a right-footed shot from the left side of the Penalty Area by Mobile. It was Kyle who gave him the pass."}, {"id": "101", "s1": "0", "s2": "1", "s": "", "t": "76'", "m": "Bayer Leverkusen replaced, and Brent replaced Sun Xingmin"}, {"id": "100", "s1": "0", "s2": "1", "s": "", "t": "75'", "m": "Borussia Dortmund made a substitution, with Gros Kreuz replacing Jokic"}, {"id": "99", "s1": "0", "s2": "1", "s": "", "t": "75'", "m": "Dortmund made a substitution, with J-Hoffmann replacing Reuss"}, {"id": "98", "s1": "0", "s2": "1", "s": "", "t": "72'", "m": "Bayer Leverkusen player Renac shoved the ball straight into Bernishch, but the referee raised a flag to show that the latter was offside."}, {"id": "97", "s1": "0", "s2": "1", "s": "", "t": "72'", "m": "Borussia Dortmund player Jokic scrambled for a foul and the opponent gained possession of the ball."}, {"id": "96", "s1": "0", "s2": "1", "s": "", "t": "72'", "m": "Kisling won a free kick for Bayer Leverkusen."}, {"id": "95", "s1": "0", "s2": "1", "s": "", "t": "70'", "m": "Reuss won a free kick for Borussia Dortmund at the opposing half."}, {"id": "94", "s1": "0", "s2": "1", "s": "", "t": "70'", "m": "Bayer Leverkusen player Yedwaci scrambled for a foul and the opponent was given possession of the ball."}, {"id": "93", "s1": "0", "s2": "1", "s": "", "t": "69'", "m": "Papastathopoulos won a free kick for Borussia Dortmund."}, {"id": "92", "s1": "0", "s2": "1", "s": "", "t": "69'", "m": "Bayer Leverkusen player Kisling scrambled for a foul and the opponent was given possession of the ball."}, {"id": "91", "s1": "0", "s2": "1", "s": "", "t": "68'", "m": "Immobile won a free kick for Borussia Dortmund."}, {"id": "90", "s1": "0", "s2": "1", "s": "", "t": "68'", "m": "Bayer Leverkusen player Spašić scrambled for a foul and the opponent gained possession of the ball."}, {"id": "89", "s1": "0", "s2": "1", "s": "", "t": "67'", "m": "Ginter won a free kick for Borussia Dortmund."}, {"id": "88", "s1": "0", "s2": "1", "s": "", "t": "67'", "m": "Bayer Leverkusen player Sun Heung-min scrambled for a foul and the opponent was given possession of the ball."}, {"id": "87", "s1": "0", "s2": "1", "s": "", "t": "65'", "m": "The suspension ended and the players resumed playing."}, {"id": "86", "s1": "0", "s2": "1", "s": "", "t": "65'", "m": "Bayer Leverkusen Castro fell to the ground injured and the game was suspended"}, {"id": "85", "s1": "0", "s2": "1", "s": "", "t": "64'", "m": "Yellow! Dortmund player Jokic was shown a yellow card by the referee for a malicious foul."}, {"id": "84", "s1": "0", "s2": "1", "s": "", "t": "64'", "m": "Borussia Dortmund player Jokic scrambled for a foul and the opponent gained possession of the ball."}, {"id": "83", "s1": "0", "s2": "1", "s": "", "t": "64'", "m": "Castro won a free kick for Bayer Leverkusen."}, {"id": "82", "s1": "0", "s2": "1", "s": "", "t": "62'", "m": "Bayer Leverkusen made a substitution, with Reinats replacing Rolfez"}, {"id": "81", "s1": "0", "s2": "1", "s": "", "t": "61'", "m": "Borussia Dortmund player Aubameyang tucked the ball straight into Reus, but the referee raised a flag to show the latter was offside."}, {"id": "80", "s1": "0", "s2": "1", "s": "", "t": "61'", "m": "Jokic won a free kick for Borussia Dortmund on the right."}, {"id": "79", "s1": "0", "s2": "1", "s": "", "t": "61'", "m": "Bayer Leverkusen player Kisling scrambled for a foul and the opponent was given possession of the ball."}, {"id": "78", "s1": "0", "s2": "1", "s": "", "t": "59'", "m": "Spasic handled the ball out of the box and Borussia Dortmund won a corner."}, {"id": "77", "s1": "0", "s2": "1", "s": "", "t": "58'", "m": "Durm won a free kick for Borussia Dortmund."}, {"id": "76", "s1": "0", "s2": "1", "s": "", "t": "58'", "m": "Bayer Leverkusen player Kisling scrambled for a foul and the opponent was given possession of the ball."}, {"id": "75", "s1": "0", "s2": "1", "s": "", "t": "56'", "m": "Dortmund player Ginter scrambled for a foul and the opponent gained possession of the ball."}, {"id": "74", "s1": "0", "s2": "1", "s": "", "t": "56'", "m": "Bella Rabi won a free kick for Bayer Leverkusen."}, {"id": "73", "s1": "0", "s2": "1", "s": "", "t": "55'", "m": "Dortmund player Mkhitaryan's left-footed shot from the centre of the penalty area was blocked by a defender."}, {"id": "72", "s1": "0", "s2": "1", "s": "", "t": "54'", "m": "Reus handled the ball out of the bottom line and Bayer Leverkusen won a corner kick."}, {"id": "71", "s1": "0", "s2": "1", "s": "", "t": "54'", "m": "Aubameyang handled the ball out of the line and Bayer Leverkusen won a corner kick."}, {"id": "70", "s1": "0", "s2": "1", "s": "", "t": "54'", "m": "Bayer Leverkusen's Bernishch right-footed shot from outside the penalty area was blocked by a defender."}, {"id": "69", "s1": "0", "s2": "1", "s": "", "t": "54'", "m": "Bayer Leverkusen's Sun Heung-min's left-footed shot from the centre of the penalty area was blocked by a defender. It was Kislin who gave him the ball."}, {"id": "68", "s1": "0", "s2": "1", "s": "", "t": "53'", "m": "Mkhitaryan won a free kick for Borussia Dortmund."}, {"id": "67", "s1": "0", "s2": "1", "s": "", "t": "53'", "m": "Bayer Leverkusen player Castro scrambled for a foul and the opponent gained possession of the ball."}, {"id": "66", "s1": "0", "s2": "1", "s": "", "t": "51'", "m": "Yellow! Bayer Leverkusen player Toplak was shown a yellow card by the referee for a malicious foul."}, {"id": "65", "s1": "0", "s2": "1", "s": "", "t": "50'", "m": "Immobile won a free kick for Borussia Dortmund on the left."}, {"id": "64", "s1": "0", "s2": "1", "s": "", "t": "50'", "m": "Bayer Leverkusen player Toplak scrambled for a foul and the opponent was given possession of the ball."}, {"id": "63", "s1": "0", "s2": "1", "s": "", "t": "48'", "m": "Immobile won a free kick for Borussia Dortmund at the opposing half."}, {"id": "62", "s1": "0", "s2": "1", "s": "", "t": "48'", "m": "Bayer Leverkusen player Toplak scrambled for a foul and the opponent was given possession of the ball."}, {"id": "61", "s1": "0", "s2": "1", "s": "", "t": "", "m": "The second half began with Borussia Dortmund 0-1 Bayer Leverkusen"}, {"id": "60", "s1": "0", "s2": "1", "s": "", "t": "45'+2'", "m": "At the end of the first half, Borussia Dortmund 0-1 Bayer Leverkusen, with a short break, we will take a look at the performance of the two teams in the second half."}, {"id": "59", "s1": "0", "s2": "1", "s": "", "t": "45'+1'", "m": "Papastathopoulos won a free kick for Borussia Dortmund."}, {"id": "58", "s1": "0", "s2": "1", "s": "", "t": "45'+1'", "m": "Bayer Leverkusen player Sun Heung-min scrambled for a foul and the opponent was given possession of the ball."}, {"id": "57", "s1": "0", "s2": "1", "s": "", "t": "45'", "m": "Yellow! Bayer Leverkusen player Jedvage was shown a yellow card by the referee for deliberate handball."}, {"id": "56", "s1": "0", "s2": "1", "s": "", "t": "45'", "m": "Bayer Leverkusen player Jedvage was fouled for handball and the opponent was given the ball."}, {"id": "55", "s1": "0", "s2": "1", "s": "", "t": "41'", "m": "Borussia Dortmund player Jokic tried his right-footed shot from outside the penalty area, but unfortunately the ball was high above the top right corner. It was Durm who gave him the pass."}, {"id": "54", "s1": "0", "s2": "1", "s": "", "t": "41'", "m": "Piszczek won a free kick for Borussia Dortmund."}, {"id": "53", "s1": "0", "s2": "1", "s": "", "t": "41'", "m": "Bayer Leverkusen player Bellala competed for a foul and the opponent gained possession of the ball."}, {"id": "52", "s1": "0", "s2": "1", "s": "", "t": "40'", "m": "Bayer Leverkusen player Sun Heung-min was fouled for handball and the opponent was given the ball."}, {"id": "51", "s1": "0", "s2": "1", "s": "", "t": "38'", "m": "Borussia Dortmund player Jokic's left-footed shot from outside the penalty area was blocked by a defender. It was Reus who gave him the pass."}, {"id": "50", "s1": "0", "s2": "1", "s": "", "t": "37'", "m": "The suspension ended and the players resumed playing."}, {"id": "49", "s1": "0", "s2": "1", "s": "", "t": "36'", "m": "Bayer Rabbi Bayla was injured and fell to the ground injured and the game was suspended"}, {"id": "48", "s1": "0", "s2": "1", "s": "", "t": "36'", "m": "Piszczek won a free kick for Borussia Dortmund on the right."}, {"id": "47", "s1": "0", "s2": "1", "s": "", "t": "36'", "m": "Bayer Leverkusen player Bernie scrambled for a foul and the opponent gained possession of the ball."}, {"id": "46", "s1": "0", "s2": "1", "s": "", "t": "33'", "m": "Bayer Leverkusen's Bernishch attempted a left-footed shot from the centre of the penalty area, but the ball was deflected slightly off the right. It was Kislin who gave him the ball."}, {"id": "45", "s1": "0", "s2": "1", "s": "", "t": "33'", "m": "Durm handled the ball out of the bottom line and Bayer Leverkusen won a corner kick."}, {"id": "44", "s1": "0", "s2": "1", "s": "", "t": "33'", "m": "Bayer Leverkusen's Jedvage right-footed shot from the right side of the penalty area was blocked by a defender. It was Castro who gave him the pass."}, {"id": "43", "s1": "0", "s2": "1", "s": "", "t": "32'", "m": "Dortmund player Kyle tried his left-footed shot from the centre of the penalty area, but unfortunately the ball was slightly offside the left goal."}, {"id": "42", "s1": "0", "s2": "1", "s": "", "t": "31'", "m": "Castro handled the ball out of the bottom line and Borussia Dortmund won the corner."}, {"id": "41", "s1": "0", "s2": "1", "s": "", "t": "31'", "m": "Kyle won a free kick for Borussia Dortmund."}, {"id": "40", "s1": "0", "s2": "1", "s": "", "t": "31'", "m": "Bayer Leverkusen player Bernie scrambled for a foul and the opponent gained possession of the ball."}, {"id": "39", "s1": "0", "s2": "1", "s": "", "t": "30'", "m": "Aubameyang handled the ball out of the line and Bayer Leverkusen won a corner kick."}, {"id": "38", "s1": "0", "s2": "1", "s": "", "t": "29'", "m": "Bayer Leverkusen's Charhanoglu shot from a tight angle on the left side of the goal was blocked by a defender."}, {"id": "37", "s1": "0", "s2": "1", "s": "", "t": "29'", "m": "Borussia Dortmund player Piszczek scrambled for a foul and the opponent was given possession of the ball."}, {"id": "36", "s1": "0", "s2": "1", "s": "", "t": "29'", "m": "Bella Rabi won a free kick for Bayer Leverkusen on the left."}, {"id": "35", "s1": "0", "s2": "1", "s": "", "t": "28'", "m": "Bella Rabi handled the ball out of the bottom line and Borussia Dortmund won a corner kick."}, {"id": "34", "s1": "0", "s2": "1", "s": "", "t": "25'", "m": "Dortmund player Kyle scrambled for a foul and the opponent was given possession."}, {"id": "33", "s1": "0", "s2": "1", "s": "", "t": "25'", "m": "Charhanolu won a free kick for Bayer Leverkusen at the opposing half."}, {"id": "32", "s1": "0", "s2": "1", "s": "", "t": "24'", "m": "Jokic won a free kick for Borussia Dortmund."}, {"id": "31", "s1": "0", "s2": "1", "s": "", "t": "24'", "m": "Bayer Leverkusen player Kisling scrambled for a foul and the opponent was given possession of the ball."}, {"id": "30", "s1": "0", "s2": "1", "s": "", "t": "24'", "m": "Bayer Leverkusen player Bella Rabi attempted a right-footed shot from outside the penalty area, but unfortunately the ball was high above the top right corner."}, {"id": "29", "s1": "0", "s2": "1", "s": "", "t": "23'", "m": "Borussia Dortmund player Jokic scrambled for a foul and the opponent gained possession of the ball."}, {"id": "28", "s1": "0", "s2": "1", "s": "", "t": "23'", "m": "Charhanolu won a free kick for Bayer Leverkusen at the opposing half."}, {"id": "27", "s1": "0", "s2": "1", "s": "", "t": "20'", "m": "Bayer Leverkusen's Charhanoglu attempted a right-footed shot from outside the penalty area, but the ball was deflected slightly off the left goal. It was Rolfez who gave him the pass."}, {"id": "26", "s1": "0", "s2": "1", "s": "", "t": "19'", "m": "Reuss won a free kick for Borussia Dortmund at the opposing half."}, {"id": "25", "s1": "0", "s2": "1", "s": "", "t": "19'", "m": "Bayer Leverkusen player Castro scrambled for a foul and the opponent gained possession of the ball."}, {"id": "24", "s1": "0", "s2": "1", "s": "", "t": "18'", "m": "Bayer Leverkusen's Charhanoglu attempted a right-footed shot from outside the penalty area, but the ball was deflected slightly off the left goal."}, {"id": "23", "s1": "0", "s2": "1", "s": "", "t": "17'", "m": "Borussia Dortmund player Papastathopoulos scrambled for a foul and the opponent was given possession of the ball."}, {"id": "22", "s1": "0", "s2": "1", "s": "", "t": "17'", "m": "Kiesling won a free kick for Bayer Leverkusen at the opposing half."}, {"id": "21", "s1": "0", "s2": "1", "s": "", "t": "14'", "m": "Bayer Leverkusen player Castro threw the ball straight into Charhanoglu but the referee raised a flag to show the latter was offside."}, {"id": "20", "s1": "0", "s2": "1", "s": "", "t": "14'", "m": "Mkhitaryan won a free kick for Borussia Dortmund."}, {"id": "19", "s1": "0", "s2": "1", "s": "", "t": "14'", "m": "Bayer Leverkusen player Kisling scrambled for a foul and the opponent was given possession of the ball."}, {"id": "18", "s1": "0", "s2": "1", "s": "", "t": "12'", "m": "Borussia Dortmund player Jokic scrambled for a foul and the opponent gained possession of the ball."}, {"id": "17", "s1": "0", "s2": "1", "s": "", "t": "12'", "m": "Charhanoglu won a free kick for Bayer Leverkusen."}, {"id": "16", "s1": "0", "s2": "1", "s": "", "t": "11'", "m": "Bayer Leverkusen's Kiesling attempted a header in the centre of the penalty area, but unfortunately the ball was slightly off the left goal. It was Charhanoglu who gave him the ball."}, {"id": "15", "s1": "0", "s2": "1", "s": "", "t": "10'", "m": "Dortmund player Kyle scrambled for a foul and the opponent was given possession."}, {"id": "14", "s1": "0", "s2": "1", "s": "", "t": "10'", "m": "Charhanolu won a free kick for Bayer Leverkusen at the opposing half."}, {"id": "13", "s1": "0", "s2": "1", "s": "", "t": "9'", "m": "Jokic won a free kick for Borussia Dortmund."}, {"id": "12", "s1": "0", "s2": "1", "s": "", "t": "9'", "m": "Bayer Leverkusen player Rollfez scrambles for a foul and the opponent gains possession of the ball."}, {"id": "11", "s1": "0", "s2": "1", "s": "", "t": "9'", "m": "Bayer Leverkusen player Kislin kicked the ball straight into Bella Rabbi but the referee raised a flag to show the latter was offside."}, {"id": "10", "s1": "0", "s2": "1", "s": "", "t": "7'", "m": "Borussia Dortmund's Piszczek's right-footed shot from outside the penalty area was blocked by a defender. It was Aubameyang who gave him the ball."}, {"id": "9", "s1": "0", "s2": "1", "s": "", "t": "4'", "m": "Shot!!! Dortmund player Ginter's header from the centre of the penalty area was saved by the opposing goalkeeper. It was Reus who gave him the pass."}, {"id": "8", "s1": "0", "s2": "1", "s": "", "t": "4'", "m": "Reuss won a free kick for Borussia Dortmund on the left."}, {"id": "7", "s1": "0", "s2": "1", "s": "", "t": "4'", "m": "Bayer Leverkusen player Toplak scrambled for a foul and the opponent was given possession of the ball."}, {"id": "6", "s1": "0", "s2": "1", "s": "", "t": "2'", "m": "Durm won a free kick for Borussia Dortmund."}, {"id": "5", "s1": "0", "s2": "1", "s": "", "t": "2'", "m": "Bayer Leverkusen player Kisling scrambled for a foul and the opponent was given possession of the ball."}, {"id": "4", "s1": "0", "s2": "1", "s": "", "t": "2'", "m": "Dortmund player Reus scrambled for a foul and the opponent was given possession."}, {"id": "3", "s1": "0", "s2": "1", "s": "", "t": "2'", "m": "Toprak won a free kick for Bayer Leverkusen."}, {"id": "2", "s1": "0", "s2": "1", "s": "", "t": "1'", "m": "Goal!!! Bayer Leverkusen player Bella Rabi shot with a right foot from the centre of the penalty area, the ball flew into the goal from the bottom left corner and the ball went in! The assist was Bernishch. Dortmund 0-1 Bayer Leverkusen."}, {"id": "1", "s1": "0", "s2": "0", "s": "", "t": "", "m": "With a whistle from the referee, the first half of the game began."}]