[{"id": "137", "s1": "0", "s2": "1", "s": "", "t": "", "m": "The match ended with Borussia Dortmund 0-1 Bayer Leverkusen, thank you all for watching The Sina Football Live."}, {"id": "136", "s1": "0", "s2": "1", "s": "", "t": "90'+6'", "m": "At the end of the second half, Borussia Dortmund 0-1 Bayer Leverkusen"}, {"id": "135", "s1": "0", "s2": "1", "s": "", "t": "90'+5'", "m": "Durm won a free kick for Borussia Dortmund on the left."}, {"id": "134", "s1": "0", "s2": "1", "s": "", "t": "90'+5'", "m": "Bayer Leverkusen player Donati scrambles for a foul and the opponent gains possession."}, {"id": "133", "s1": "0", "s2": "1", "s": "", "t": "90'+5'", "m": "Shot!!! Dortmund player Reuss' right-footed shot from the centre of the penalty area was saved by the opposing goalkeeper. It was Piszczek who gave him the ball."}, {"id": "132", "s1": "0", "s2": "1", "s": "", "t": "90'+5'", "m": "Durm won a free kick for Borussia Dortmund."}, {"id": "131", "s1": "0", "s2": "1", "s": "", "t": "90'+5'", "m": "Bayer Leverkusen player Cruise scrambled for a foul and the opponent was given possession of the ball."}, {"id": "130", "s1": "0", "s2": "1", "s": "", "t": "90'+4'", "m": "Borussia Dortmund player Pierre-Aubameyang tried a right-footed shot from outside the penalty area, but unfortunately the ball deflected off goal."}, {"id": "129", "s1": "0", "s2": "1", "s": "", "t": "90'+4'", "m": "Lewandowski won a free kick for Borussia Dortmund at the opposing half."}, {"id": "128", "s1": "0", "s2": "1", "s": "", "t": "90'+4'", "m": "Bayer Leverkusen player Toplak scrambled for a foul and the opponent was given possession of the ball."}, {"id": "127", "s1": "0", "s2": "1", "s": "", "t": "90'+3'", "m": "Bayer Leverkusen player Walscheid was shown a yellow card by the referee."}, {"id": "126", "s1": "0", "s2": "1", "s": "", "t": "90'+3'", "m": "Großkroytz won a free kick for Borussia Dortmund."}, {"id": "125", "s1": "0", "s2": "1", "s": "", "t": "90'+3'", "m": "Bayer Leverkusen player Kerr scrambled for a foul and the opponent was given possession."}, {"id": "124", "s1": "0", "s2": "1", "s": "", "t": "90'+2'", "m": "The referee showed a second yellow card to Papastathopoulos in Dortmund."}, {"id": "123", "s1": "0", "s2": "1", "s": "", "t": "90'+2'", "m": "Borussia Dortmund player Papastathopoulos scrambled for a foul and the opponent was given possession of the ball."}, {"id": "122", "s1": "0", "s2": "1", "s": "", "t": "90'+2'", "m": "Kisling won a free kick for Bayer Leverkusen."}, {"id": "121", "s1": "0", "s2": "1", "s": "", "t": "90'+1'", "m": "Shot!!! Bayer Leverkusen's Emre Jenn's right-footed shot from outside the box was saved by the opposing goalkeeper."}, {"id": "120", "s1": "0", "s2": "1", "s": "", "t": "90'", "m": "Borussia Dortmund player Papastathopoulos scrambled for a foul and the opponent was given possession of the ball."}, {"id": "119", "s1": "0", "s2": "1", "s": "", "t": "90'", "m": "Kerr won a free kick for Bayer Leverkusen in the opposing half."}, {"id": "118", "s1": "0", "s2": "1", "s": "", "t": "89'", "m": "Borussia Dortmund player Mkhitaryan tucked the ball straight into Reuss, but the referee raised a flag to show the latter was offside."}, {"id": "117", "s1": "0", "s2": "1", "s": "", "t": "89'", "m": "Bayer Leverkusen made a substitution, and Cole replaced Castro"}, {"id": "116", "s1": "0", "s2": "1", "s": "", "t": "87'", "m": "Borussia Dortmund player Reuss tried a right-footed shot from outside the penalty area, but unfortunately the ball was high above goal."}, {"id": "115", "s1": "0", "s2": "1", "s": "", "t": "87'", "m": "Mkhitaryan won a free kick for Borussia Dortmund."}, {"id": "114", "s1": "0", "s2": "1", "s": "", "t": "87'", "m": "Bayer Leverkusen player Kisling scrambled for a foul and the opponent was given possession of the ball."}, {"id": "113", "s1": "0", "s2": "1", "s": "", "t": "86'", "m": "Shot!!! Dortmund player Lewandowski's left-footed shot from the centre of the penalty area was saved by the opposing goalkeeper."}, {"id": "112", "s1": "0", "s2": "1", "s": "", "t": "84'", "m": "Dortmund player Lewandowski scrambled for a foul and the opponent was given possession of the ball."}, {"id": "111", "s1": "0", "s2": "1", "s": "", "t": "84'", "m": "Walscheid won a free kick for Bayer Leverkusen."}, {"id": "110", "s1": "0", "s2": "1", "s": "", "t": "83'", "m": "Borussia Dortmund attempted a right-footed shot from outside the penalty area, but unfortunately the ball was high above the top right corner."}, {"id": "109", "s1": "0", "s2": "1", "s": "", "t": "82'", "m": "Bayer Leverkusen was replaced, and Walscheid replaced Sun Xingmin"}, {"id": "108", "s1": "0", "s2": "1", "s": "", "t": "82'", "m": "Dortmund made substitutions, Piszczek on, Shaheen went off with injury."}, {"id": "107", "s1": "0", "s2": "1", "s": "", "t": "80'", "m": "Dortmund player Mkhitaryan was shown a yellow card by the referee."}, {"id": "106", "s1": "0", "s2": "1", "s": "", "t": "80'", "m": "Bayer Leverkusen player Spašić was sent off directly by the referee for a fight on the field."}, {"id": "105", "s1": "0", "s2": "1", "s": "", "t": "80'", "m": "Yellow! Bayer Leverkusen player Castro was shown a yellow card by the referee for a malicious foul."}, {"id": "104", "s1": "0", "s2": "1", "s": "", "t": "80'", "m": "Lewandowski won a free kick for Borussia Dortmund at the opposing half."}, {"id": "103", "s1": "0", "s2": "1", "s": "", "t": "80'", "m": "Bayer Leverkusen player Castro scrambled for a foul and the opponent gained possession of the ball."}, {"id": "102", "s1": "0", "s2": "1", "s": "", "t": "80'", "m": "Bayer Leverkusen's right-footed shot from outside the penalty area was blocked by a defender. It was Sun Xingmin who passed the ball to him."}, {"id": "101", "s1": "0", "s2": "1", "s": "", "t": "79'", "m": "The suspension ended and the players resumed playing."}, {"id": "100", "s1": "0", "s2": "1", "s": "", "t": "79'", "m": "Dortmund Shaheen fell to the ground injured and the game was suspended"}, {"id": "99", "s1": "0", "s2": "1", "s": "", "t": "78'", "m": "Bayer Leverkusen made a substitution, and Cruise replaced Jas Hegler"}, {"id": "98", "s1": "0", "s2": "1", "s": "", "t": "75'", "m": "Bayer Leverkusen player Raulfez kicked the ball straight into Kislin but the referee raised a flag to show the latter was offside."}, {"id": "97", "s1": "0", "s2": "1", "s": "", "t": "73'", "m": "Durm won a free kick for Borussia Dortmund."}, {"id": "96", "s1": "0", "s2": "1", "s": "", "t": "73'", "m": "Bayer Leverkusen player Kisling scrambled for a foul and the opponent was given possession of the ball."}, {"id": "95", "s1": "0", "s2": "1", "s": "", "t": "72'", "m": "Dortmund player Lewandowski tried his header in the middle of the penalty area, but unfortunately the ball was high above goal. It was Reus who gave him the pass."}, {"id": "94", "s1": "0", "s2": "1", "s": "", "t": "72'", "m": "Lewandowski won a free kick for Borussia Dortmund at the opposing half."}, {"id": "93", "s1": "0", "s2": "1", "s": "", "t": "72'", "m": "Bayer Leverkusen player Toplak scrambled for a foul and the opponent was given possession of the ball."}, {"id": "92", "s1": "0", "s2": "1", "s": "", "t": "70'", "m": "Dortmund player Gros Kreuz scrambled for a foul and the opponent gained possession of the ball."}, {"id": "91", "s1": "0", "s2": "1", "s": "", "t": "70'", "m": "Russ Bend won a free kick for Bayer Leverkusen on the left."}, {"id": "90", "s1": "0", "s2": "1", "s": "", "t": "69'", "m": "Yellow! Borussia Dortmund player Papastathopoulos was shown a yellow card by the referee for a malicious foul."}, {"id": "89", "s1": "0", "s2": "1", "s": "", "t": "69'", "m": "Borussia Dortmund player Papastathopoulos scrambled for a foul and the opponent was given possession of the ball."}, {"id": "88", "s1": "0", "s2": "1", "s": "", "t": "69'", "m": "Rolfez won a free kick for Bayer Leverkusen at the opposing half."}, {"id": "87", "s1": "0", "s2": "1", "s": "", "t": "67'", "m": "Dortmund made a substitution, with J-Hoffmann replacing Braszczykovsky"}, {"id": "86", "s1": "0", "s2": "1", "s": "", "t": "66'", "m": "Mkhitaryan won a free kick for Borussia Dortmund."}, {"id": "85", "s1": "0", "s2": "1", "s": "", "t": "66'", "m": "Bayer Leverkusen player Kisling scrambled for a foul and the opponent was given possession of the ball."}, {"id": "84", "s1": "0", "s2": "1", "s": "", "t": "66'", "m": "Mkhitaryan won a free kick for Borussia Dortmund."}, {"id": "83", "s1": "0", "s2": "1", "s": "", "t": "66'", "m": "Bayer Leverkusen player Donati scrambles for a foul and the opponent gains possession."}, {"id": "82", "s1": "0", "s2": "1", "s": "", "t": "65'", "m": "Borussia Dortmund player Papastathopoulos scrambled for a foul and the opponent was given possession of the ball."}, {"id": "81", "s1": "0", "s2": "1", "s": "", "t": "65'", "m": "Kiesling won a free kick for Bayer Leverkusen at the opposing half."}, {"id": "80", "s1": "0", "s2": "1", "s": "", "t": "64'", "m": "Weidenfehrer won a free kick for Borussia Dortmund."}, {"id": "79", "s1": "0", "s2": "1", "s": "", "t": "64'", "m": "Bayer Leverkusen player Kisling scrambled for a foul and the opponent was given possession of the ball."}, {"id": "78", "s1": "0", "s2": "1", "s": "", "t": "64'", "m": "Friedrich handled the ball out of the line and Bayer Leverkusen won the corner."}, {"id": "77", "s1": "0", "s2": "1", "s": "", "t": "63'", "m": "Borussia Dortmund player Mkhitaryan scrambled for a foul and his opponent was given possession of the ball."}, {"id": "76", "s1": "0", "s2": "1", "s": "", "t": "63'", "m": "Russ Bend won a free kick for Bayer Leverkusen at the opposing half."}, {"id": "75", "s1": "0", "s2": "1", "s": "", "t": "63'", "m": "Dortmund made substitutions, Reuss went on, Andr went off with an injury."}, {"id": "74", "s1": "0", "s2": "1", "s": "", "t": "61'", "m": "Yellow! Bayer Leverkusen player Emre Can was shown a yellow card by the referee for a malicious foul."}, {"id": "73", "s1": "0", "s2": "1", "s": "", "t": "61'", "m": "Braszczykovski won a free kick for Borussia Dortmund on the right."}, {"id": "72", "s1": "0", "s2": "1", "s": "", "t": "61'", "m": "Bayer Leverkusen player Emre Jen scrambled for a foul and the opponent was given possession of the ball."}, {"id": "71", "s1": "0", "s2": "1", "s": "", "t": "60'", "m": "The suspension ended and the players resumed playing."}, {"id": "70", "s1": "0", "s2": "1", "s": "", "t": "59'", "m": "Bordel Ofder fell to the ground injured and the game was suspended"}, {"id": "69", "s1": "0", "s2": "1", "s": "", "t": "58'", "m": "Yellow! Bayer Leverkusen player Jens Hegeller was shown a yellow card by the referee for a malicious foul."}, {"id": "68", "s1": "0", "s2": "1", "s": "", "t": "58'", "m": "Bender won a free kick for Borussia Dortmund."}, {"id": "67", "s1": "0", "s2": "1", "s": "", "t": "58'", "m": "Bayer Leverkusen player Jens Hegel scrambled for a foul and the opponent was given possession of the ball."}, {"id": "66", "s1": "0", "s2": "1", "s": "", "t": "57'", "m": "Braszczykovsky won a free kick for Borussia Dortmund."}, {"id": "65", "s1": "0", "s2": "1", "s": "", "t": "57'", "m": "Bayer Leverkusen player Donati scrambles for a foul and the opponent gains possession."}, {"id": "64", "s1": "0", "s2": "1", "s": "", "t": "56'", "m": "Braszczykovsky handled the ball out of the line and Bayer Leverkusen won a corner kick."}, {"id": "63", "s1": "0", "s2": "1", "s": "", "t": "55'", "m": "Borussia Dortmund player Friedrich scrambled for a foul and the opponent gained possession of the ball."}, {"id": "62", "s1": "0", "s2": "1", "s": "", "t": "55'", "m": "Rolfez won a free kick for Bayer Leverkusen."}, {"id": "61", "s1": "0", "s2": "1", "s": "", "t": "55'", "m": "Emre Can handled the ball out of the bottom line and Borussia Dortmund won the corner."}, {"id": "60", "s1": "0", "s2": "1", "s": "", "t": "55'", "m": "Dortmund player Groskroyts' right-footed shot from outside the penalty area was blocked by a defender."}, {"id": "59", "s1": "0", "s2": "1", "s": "", "t": "55'", "m": "Donati handled the ball out of the bottom line and Borussia Dortmund won the corner."}, {"id": "58", "s1": "0", "s2": "1", "s": "", "t": "54'", "m": "Bayer Leverkusen player Raulfez kicked the ball straight into Jens Hegeller, but the referee raised a flag to show that the latter was offside."}, {"id": "57", "s1": "0", "s2": "1", "s": "", "t": "52'", "m": "Dortmund player Gros Kreuz scrambled for a foul and the opponent gained possession of the ball."}, {"id": "56", "s1": "0", "s2": "1", "s": "", "t": "52'", "m": "Russ Bend won a free kick for Bayer Leverkusen on the left."}, {"id": "55", "s1": "0", "s2": "1", "s": "", "t": "51'", "m": "Dortmund player Lewandowski scrambled for a foul and the opponent was given possession of the ball."}, {"id": "54", "s1": "0", "s2": "1", "s": "", "t": "51'", "m": "Leno won a free kick for Bayer Leverkusen."}, {"id": "53", "s1": "0", "s2": "1", "s": "", "t": "51'", "m": "Borussia Dortmund player Friedrich attempted a header in the centre of the penalty area, but unfortunately the ball was slightly off the left goal. It was Shaheen who gave him the ball."}, {"id": "52", "s1": "0", "s2": "1", "s": "", "t": "51'", "m": "Bayer Leverkusen player Ras-Bend was fouled for handball and the opponent was given the ball."}, {"id": "51", "s1": "0", "s2": "1", "s": "", "t": "49'", "m": "Mkhitaryan won a free kick for Borussia Dortmund."}, {"id": "50", "s1": "0", "s2": "1", "s": "", "t": "49'", "m": "Bayer Leverkusen player Ras Bender scrambled for a foul and his opponent was given possession."}, {"id": "49", "s1": "0", "s2": "1", "s": "", "t": "", "m": "The second half began with Borussia Dortmund 0-1 Bayer Leverkusen"}, {"id": "48", "s1": "0", "s2": "1", "s": "", "t": "45'+1'", "m": "At the end of the first half, Borussia Dortmund 0-1 Bayer Leverkusen, with a short break, we will take a look at the performance of the two teams in the second half."}, {"id": "47", "s1": "0", "s2": "1", "s": "", "t": "45'", "m": "Borussia Dortmund player Friedrich handball was fouled and the opponent was given the ball."}, {"id": "46", "s1": "0", "s2": "1", "s": "", "t": "43'", "m": "Bayer Leverkusen player Sun Heung-min was fouled for handball and the opponent was given the ball."}, {"id": "45", "s1": "0", "s2": "1", "s": "", "t": "43'", "m": "Borussia Dortmund player Pierre-Emerick Aubameyang scrambled for a foul and his opponent gained possession of the ball."}, {"id": "44", "s1": "0", "s2": "1", "s": "", "t": "43'", "m": "Donati won a free kick for Bayer Leverkusen."}, {"id": "43", "s1": "0", "s2": "1", "s": "", "t": "40'", "m": "Großkroytz won a free kick for Borussia Dortmund."}, {"id": "42", "s1": "0", "s2": "1", "s": "", "t": "40'", "m": "Bayer Leverkusen player Emre Can makes a dangerous move where the opponent gains possession."}, {"id": "41", "s1": "0", "s2": "1", "s": "", "t": "39'", "m": "Bayer Leverkusen player Jens Hegler attempted a right-footed shot from outside the penalty area, but unfortunately the ball was slightly above goal. It was Castro who gave him the pass."}, {"id": "40", "s1": "0", "s2": "1", "s": "", "t": "37'", "m": "Friedrich won a free kick for Borussia Dortmund."}, {"id": "39", "s1": "0", "s2": "1", "s": "", "t": "37'", "m": "Bayer Leverkusen player Kisling scrambled for a foul and the opponent was given possession of the ball."}, {"id": "38", "s1": "0", "s2": "1", "s": "", "t": "36'", "m": "Shot!!! Borussia Dortmund player Shaheen's left-footed shot from outside the penalty area was saved by the opposing goalkeeper."}, {"id": "37", "s1": "0", "s2": "1", "s": "", "t": "33'", "m": "Borussia Dortmund player Papastathopoulos scrambled for a foul and the opponent was given possession of the ball."}, {"id": "36", "s1": "0", "s2": "1", "s": "", "t": "33'", "m": "Kiesling won a free kick for Bayer Leverkusen at the opposing half."}, {"id": "35", "s1": "0", "s2": "1", "s": "", "t": "32'", "m": "Lewandowski won a free kick for Borussia Dortmund."}, {"id": "34", "s1": "0", "s2": "1", "s": "", "t": "32'", "m": "Bayer Leverkusen player Toplak scrambled for a foul and the opponent was given possession of the ball."}, {"id": "33", "s1": "0", "s2": "1", "s": "", "t": "31'", "m": "Weidenfehrer handled the ball out of the bottom line and Bayer Leverkusen won a corner kick."}, {"id": "32", "s1": "0", "s2": "1", "s": "", "t": "31'", "m": "Shot!!! Bayer Leverkusen's sun Heung-min's right-footed shot from the centre of the penalty area was saved by the opposing goalkeeper. It was Jens Hegeller who passed the ball."}, {"id": "31", "s1": "0", "s2": "1", "s": "", "t": "30'", "m": "Shot!!! Dortmund player Lewandowski's right-footed shot from the centre of the penalty area was saved by the opposing goalkeeper. The pass to him was Gros Kreuz."}, {"id": "30", "s1": "0", "s2": "1", "s": "", "t": "29'", "m": "Lewandowski won a free kick for Borussia Dortmund."}, {"id": "29", "s1": "0", "s2": "1", "s": "", "t": "29'", "m": "Bayer Leverkusen player Toplak scrambled for a foul and the opponent was given possession of the ball."}, {"id": "28", "s1": "0", "s2": "1", "s": "", "t": "27'", "m": "Dortmund player Lewandowski scrambled for a foul and the opponent was given possession of the ball."}, {"id": "27", "s1": "0", "s2": "1", "s": "", "t": "27'", "m": "Rolfez won a free kick for Bayer Leverkusen."}, {"id": "26", "s1": "0", "s2": "1", "s": "", "t": "27'", "m": "Lewandowski won a free kick for Borussia Dortmund at the opposing half."}, {"id": "25", "s1": "0", "s2": "1", "s": "", "t": "27'", "m": "Bayer Leverkusen player Rollfez scrambles for a foul and the opponent gains possession of the ball."}, {"id": "24", "s1": "0", "s2": "1", "s": "", "t": "24'", "m": "Durm handled the ball out of the bottom line and Bayer Leverkusen won a corner kick."}, {"id": "23", "s1": "0", "s2": "1", "s": "", "t": "22'", "m": "Bayer Leverkusen player Jens Hegel scrambled for a foul and the opponent was given possession of the ball."}, {"id": "22", "s1": "0", "s2": "1", "s": "", "t": "22'", "m": "Shaheen won a free kick for Borussia Dortmund."}, {"id": "21", "s1": "0", "s2": "1", "s": "", "t": "18'", "m": "Goal!!! Bayer Leverkusen player Sun Heung-min shot with a left foot from a small angle on the left side of the goal, the ball flew from the middle of the goal, the ball was scored! The assist was Castro. Dortmund 0-1 Bayer Leverkusen."}, {"id": "20", "s1": "0", "s2": "0", "s": "", "t": "17'", "m": "Kisling won a free kick for Bayer Leverkusen on the right."}, {"id": "19", "s1": "0", "s2": "0", "s": "", "t": "17'", "m": "Dortmund player Durm scrambled for a foul and the opponent was given possession of the ball."}, {"id": "18", "s1": "0", "s2": "0", "s": "", "t": "17'", "m": "Dortmund player Papastathopoulos tried his header in the middle of the penalty area, but unfortunately the ball was slightly above the goal. It was Friedrich who gave him the pass."}, {"id": "17", "s1": "0", "s2": "0", "s": "", "t": "16'", "m": "Emre Can handled the ball out of the bottom line and Borussia Dortmund won the corner."}, {"id": "16", "s1": "0", "s2": "0", "s": "", "t": "16'", "m": "Dortmund player Mkhitaryan's left-footed shot from the left side of the penalty area was blocked by a defender."}, {"id": "15", "s1": "0", "s2": "0", "s": "", "t": "15'", "m": "Bayer Leverkusen player Emre Jen scrambled for a foul and the opponent was given possession of the ball."}, {"id": "14", "s1": "0", "s2": "0", "s": "", "t": "15'", "m": "Lewandowski won a free kick for Borussia Dortmund on the right."}, {"id": "13", "s1": "0", "s2": "0", "s": "", "t": "14'", "m": "Borussia Dortmund player Shaheen tucked the ball straight into Lewandowski, but the referee raised a flag to show that the latter was offside."}, {"id": "12", "s1": "0", "s2": "0", "s": "", "t": "13'", "m": "Rolfez won a free kick for Bayer Leverkusen."}, {"id": "11", "s1": "0", "s2": "0", "s": "", "t": "13'", "m": "Dortmund player Lewandowski scrambled for a foul and the opponent was given possession of the ball."}, {"id": "10", "s1": "0", "s2": "0", "s": "", "t": "13'", "m": "Bayer Leverkusen's Emre Jenn attempted a right-footed shot from outside the penalty area, but unfortunately the ball was slightly above goal. It was Rolfez who gave him the pass."}, {"id": "9", "s1": "0", "s2": "0", "s": "", "t": "12'", "m": "Russ Bend won a free kick for Bayer Leverkusen at the opposing half."}, {"id": "8", "s1": "0", "s2": "0", "s": "", "t": "12'", "m": "Borussia Dortmund player Mkhitaryan scrambled for a foul and his opponent was given possession of the ball."}, {"id": "7", "s1": "0", "s2": "0", "s": "", "t": "8'", "m": "Shot!!! Bayer Leverkusen's Jas Hegeler's right-footed shot from outside the penalty area was saved by the opposing goalkeeper. It was Sun Xingmin who passed the ball to him."}, {"id": "6", "s1": "0", "s2": "0", "s": "", "t": "4'", "m": "Borussia Dortmund player Papastathopoulos scrambled for a foul and the opponent was given possession of the ball."}, {"id": "5", "s1": "0", "s2": "0", "s": "", "t": "4'", "m": "Kiesling won a free kick for Bayer Leverkusen at the opposing half."}, {"id": "4", "s1": "0", "s2": "0", "s": "", "t": "3'", "m": "Shot!!! Dortmund player Lewandowski's right-footed shot from the left side of the penalty area was saved by the opposing goalkeeper. It was Aubameyang who gave him the ball."}, {"id": "3", "s1": "0", "s2": "0", "s": "", "t": "2'", "m": "Lewandowski won a free kick for Borussia Dortmund on the left."}, {"id": "2", "s1": "0", "s2": "0", "s": "", "t": "2'", "m": "Bayer Leverkusen player Castro scrambled for a foul and the opponent gained possession of the ball."}, {"id": "1", "s1": "0", "s2": "0", "s": "", "t": "", "m": "With a whistle from the referee, the first half of the game began."}]