[{"id": "89", "s1": "4", "s2": "2", "s": "", "t": "", "m": "The match ended with Freiburg 4-2 Borussia Moncheng, thank you for watching the Sina Football Livestream."}, {"id": "88", "s1": "4", "s2": "2", "s": "", "t": "90'+3'", "m": "At the end of the second half, Freiburg 4-2 Borussia Moncheng"}, {"id": "87", "s1": "4", "s2": "2", "s": "", "t": "90'+2'", "m": "Freiburg player Schuster's right-footed shot from outside the penalty area was blocked by a defender."}, {"id": "86", "s1": "4", "s2": "2", "s": "", "t": "90'+2'", "m": "Borussia Borussia Borussia Brawies scrambled for a foul and the opponent was given possession of the ball."}, {"id": "85", "s1": "4", "s2": "2", "s": "", "t": "90'+2'", "m": "Tim Schraml won a free kick for Freiburg on the left."}, {"id": "84", "s1": "4", "s2": "2", "s": "", "t": "90'+1'", "m": "Borussia Monchengen Ter Stegen kicked the ball straight into Kruzer, but the referee raised a flag to show that the latter was offside."}, {"id": "83", "s1": "4", "s2": "2", "s": "", "t": "90'", "m": "Borussia Monchengander Helgota was fouled for handball and the opponent was given the ball."}, {"id": "82", "s1": "4", "s2": "2", "s": "", "t": "90'", "m": "Freiburg made a substitution, Tim Schraml replaced Mohammeddi"}, {"id": "81", "s1": "4", "s2": "2", "s": "", "t": "89'", "m": "Goal!!! Borussia Borussia Norte West shot with his right foot and the ball flew into the goal from the bottom left corner and the ball went in! Freiburg 4-2 Borussia Moncheng."}, {"id": "80", "s1": "4", "s2": "1", "s": "", "t": "89'", "m": "Yellow! Freiburg player Sorge was shown a yellow card by the referee for a malicious foul."}, {"id": "79", "s1": "4", "s2": "1", "s": "", "t": "89'", "m": "Raphael won a free kick for Borussia Möncheng in the opposing half."}, {"id": "78", "s1": "4", "s2": "1", "s": "", "t": "89'", "m": "Freiburg player Zorg scrambled for a foul and his opponent was given possession of the ball."}, {"id": "77", "s1": "4", "s2": "1", "s": "", "t": "87'", "m": "Goal!!! Freiburg player Mohammed scored with his left foot in the centre of the penalty area, the ball flew from the middle of the box and the ball went in! Freiburg 4-1 Borussia Moncheng."}, {"id": "76", "s1": "3", "s2": "1", "s": "", "t": "87'", "m": "Shot!!! Freiburg player Muhammadi's right-footed shot from the centre of the penalty area was saved by the opposing goalkeeper."}, {"id": "75", "s1": "3", "s2": "1", "s": "", "t": "87'", "m": "Freiburg made a substitution, Krk replaced Klaus"}, {"id": "74", "s1": "3", "s2": "1", "s": "", "t": "86'", "m": "Freiburg player Zorg attempted a right-footed shot from outside the penalty area, but unfortunately the ball was slightly offside the left goal."}, {"id": "73", "s1": "3", "s2": "1", "s": "", "t": "85'", "m": "Borussia Borussia Borussia Brawies scrambled for a foul and the opponent was given possession of the ball."}, {"id": "72", "s1": "3", "s2": "1", "s": "", "t": "85'", "m": "Darida won a free kick for Freiburg in the opposing half."}, {"id": "71", "s1": "3", "s2": "1", "s": "", "t": "85'", "m": "Raphael won a free kick for Borussia Möncheng in the opposing half."}, {"id": "70", "s1": "3", "s2": "1", "s": "", "t": "85'", "m": "Freiburg player C. Gent scrambled for a foul and the opponent was given possession."}, {"id": "69", "s1": "3", "s2": "1", "s": "", "t": "84'", "m": "Borussia Moncheng was replaced, and Helgota replaced Alango"}, {"id": "68", "s1": "3", "s2": "1", "s": "", "t": "81'", "m": "Shot!!! Freiburg player Heffler's header from the centre of the penalty area was saved by the opposing goalkeeper. It was Schmid who gave him the ball."}, {"id": "67", "s1": "3", "s2": "1", "s": "", "t": "81'", "m": "Janchik handled the ball off the line and Freiburg won a corner kick."}, {"id": "66", "s1": "3", "s2": "1", "s": "", "t": "81'", "m": "Freiburg player C. Gentel's left-footed shot from the left side of the penalty area was blocked by a defender. It was Schmid who gave him the ball."}, {"id": "65", "s1": "3", "s2": "1", "s": "", "t": "80'", "m": "Ter Stegen handled the ball out of the bottom line and Freiburg won a corner kick."}, {"id": "64", "s1": "3", "s2": "1", "s": "", "t": "80'", "m": "Shot!!! Freiburg player Klaus fired a right-footed shot from outside the penalty area that was saved by the opposing goalkeeper. It was Muhammad who gave him the ball."}, {"id": "63", "s1": "3", "s2": "1", "s": "", "t": "78'", "m": "Borussia Borussia Borussia Dominguez attempted a left-footed shot from outside the penalty area, but unfortunately the ball was slightly offside the right goal."}, {"id": "62", "s1": "3", "s2": "1", "s": "", "t": "75'", "m": "Borussia Moncheng replaced, Cramer replaced Herman"}, {"id": "61", "s1": "3", "s2": "1", "s": "", "t": "74'", "m": "Borussia Monchengen Ter Stegen kicked the ball straight into Kruzer, but the referee raised a flag to show that the latter was offside."}, {"id": "60", "s1": "3", "s2": "1", "s": "", "t": "72'", "m": "Goal!!! Freiburg player Darida shot with his right foot in the centre of the penalty area, the ball flew from the bottom right corner into the goal, the ball went in! Assisted by Klaus. Freiburg 3-1 Borussia Moncheng."}, {"id": "59", "s1": "2", "s2": "1", "s": "", "t": "71'", "m": "Goal!!! Freiburg player Sorge shot with his right foot from just outside the penalty area, the ball flew into the goal from the top right corner and the ball went in! Assisted by Darida. Freiburg 2-1 Borussia Moncheng."}, {"id": "58", "s1": "1", "s2": "1", "s": "", "t": "70'", "m": "Borussia Mönchenglading player Kruzer was shown a yellow card by the referee."}, {"id": "57", "s1": "1", "s2": "1", "s": "", "t": "69'", "m": "Borussia Moncheng's player Xhaka was shown a second yellow card by the referee for a malicious foul."}, {"id": "56", "s1": "1", "s2": "1", "s": "", "t": "69'", "m": "Borussia Moncheng's Xhaka scrambled for fouls and his opponents were given possession of the ball."}, {"id": "55", "s1": "1", "s2": "1", "s": "", "t": "69'", "m": "Klaus won a free kick for Freiburg in the opposing half."}, {"id": "54", "s1": "1", "s2": "1", "s": "", "t": "67'", "m": "Yellow! Freiburg player Klaus was shown a yellow card by the referee for a malicious foul."}, {"id": "53", "s1": "1", "s2": "1", "s": "", "t": "67'", "m": "Hermann won a free kick for Borussia Moncheng."}, {"id": "52", "s1": "1", "s2": "1", "s": "", "t": "67'", "m": "Freiburg player Klaus scrambled for a foul and his opponent was given possession of the ball."}, {"id": "51", "s1": "1", "s2": "1", "s": "", "t": "67'", "m": "Freiburg player Darida's left-footed shot from the centre of the penalty area was blocked by a defender."}, {"id": "50", "s1": "1", "s2": "1", "s": "", "t": "66'", "m": "Brauvis handled the ball out of the bottom line and Freiburg won a corner kick."}, {"id": "49", "s1": "1", "s2": "1", "s": "", "t": "65'", "m": "Baumann handled the ball out of the bottom line and Borussia Moncheng won a corner kick."}, {"id": "48", "s1": "1", "s2": "1", "s": "", "t": "65'", "m": "Borussia Möncheng's demigod was saved by the opposing goalkeeper. Penalty missed."}, {"id": "47", "s1": "1", "s2": "1", "s": "", "t": "63'", "m": "Penalty, Raphael was violated inside the penalty area and Borussia Moncheng won the penalty."}, {"id": "46", "s1": "1", "s2": "1", "s": "", "t": "63'", "m": "Freiburg player Zorg fouled and caused the opponent to receive a penalty."}, {"id": "45", "s1": "1", "s2": "1", "s": "", "t": "63'", "m": "Freiburg player Mohammadi attempted a header on the left side of the penalty area, but unfortunately the ball was deflected off the goal. It was Darida who gave him the pass."}, {"id": "44", "s1": "1", "s2": "1", "s": "", "t": "59'", "m": "Freiburg was replaced, and Heffler replaced Herne"}, {"id": "43", "s1": "1", "s2": "1", "s": "", "t": "57'", "m": "Borussia Moncheng's Xhaka scrambled for fouls and his opponents were given possession of the ball."}, {"id": "42", "s1": "1", "s2": "1", "s": "", "t": "57'", "m": "Mohammadi won a free kick for Freiburg on the right."}, {"id": "41", "s1": "1", "s2": "1", "s": "", "t": "56'", "m": "Borussia Moncheng's Raphael attempted a left-footed shot from the centre of the penalty area, but unfortunately the ball deflected off goal. It was Kreuzer who gave him the pass."}, {"id": "40", "s1": "1", "s2": "1", "s": "", "t": "54'", "m": "Janchik handled the ball off the line and Freiburg won a corner kick."}, {"id": "39", "s1": "1", "s2": "1", "s": "", "t": "53'", "m": "Yellow! Borussia Moncheng's player Xhaka was shown a yellow card by the referee for a malicious foul."}, {"id": "38", "s1": "1", "s2": "1", "s": "", "t": "53'", "m": "Borussia Moncheng's Xhaka scrambled for fouls and his opponents were given possession of the ball."}, {"id": "37", "s1": "1", "s2": "1", "s": "", "t": "53'", "m": "Schuster won a free kick for Freiburg."}, {"id": "36", "s1": "1", "s2": "1", "s": "", "t": "51'", "m": "Goal!!! Freiburg player Muhammadi fired a right-footed shot from the centre of the penalty area, the ball flew into the goal from the top left corner and the ball went in! The assist was Schmid. Freiburg 1-1 Borussia Moncheng."}, {"id": "35", "s1": "0", "s2": "1", "s": "", "t": "50'", "m": "Borussia Moncheng's hermann right-footed shot from the right side of the penalty area was blocked by a defender."}, {"id": "34", "s1": "0", "s2": "1", "s": "", "t": "49'", "m": "Hearn handled the ball out of the bottom line and Borussia Moncheng won a corner kick."}, {"id": "33", "s1": "0", "s2": "1", "s": "", "t": "48'", "m": "Borussia Moncheng's Raphael attempted a right-footed shot from outside the penalty area, but unfortunately the ball deflected off the goal. It was Kreuzer who gave him the pass."}, {"id": "32", "s1": "0", "s2": "1", "s": "", "t": "48'", "m": "Freiburg player C. Gentre kicked the ball straight into Schmid, but the referee raised a flag to show that the latter was offside."}, {"id": "31", "s1": "0", "s2": "1", "s": "", "t": "47'", "m": "Dominguez handled the ball out of the line and Freiburg won a corner kick."}, {"id": "30", "s1": "0", "s2": "1", "s": "", "t": "47'", "m": "Freiburg player Schmid's right-footed shot from outside the penalty area was blocked by a defender. It was Muhammad who gave him the ball."}, {"id": "29", "s1": "0", "s2": "1", "s": "", "t": "", "m": "The second half began with Freiburg 0-1 Borussia Moncheng"}, {"id": "28", "s1": "0", "s2": "1", "s": "", "t": "45'+1'", "m": "At the end of the first half, Freiburg 0-1 Borussia Borussia Moncheng, with a short break, we will take a look at the performance of the two teams in the second half."}, {"id": "27", "s1": "0", "s2": "1", "s": "", "t": "45'", "m": "Borussia Moncheng's Norte West attempted a right-footed shot from outside the penalty area, but unfortunately the ball was high above the top right corner. It was Xhaka who gave him the pass."}, {"id": "26", "s1": "0", "s2": "1", "s": "", "t": "43'", "m": "Borussia Borussia Borussia Mönchengy fought for a foul and the opponent was given possession of the ball."}, {"id": "25", "s1": "0", "s2": "1", "s": "", "t": "43'", "m": "Mohammadi won a free kick for Freiburg on the right."}, {"id": "24", "s1": "0", "s2": "1", "s": "", "t": "41'", "m": "Borussia Möncheng's Xhaka attempted a right-footed shot from outside the penalty area, but unfortunately the ball was slightly above goal. It was Kreuzer who gave him the pass."}, {"id": "23", "s1": "0", "s2": "1", "s": "", "t": "33'", "m": "Freiburg player Gader was fouled for handball and the opponent was given the ball."}, {"id": "22", "s1": "0", "s2": "1", "s": "", "t": "32'", "m": "Borussia Moncheng's Xhaka attempted a left-footed shot from outside the penalty area, but unfortunately the ball was slightly offside the left goal. It was Kreuzer who gave him the pass."}, {"id": "21", "s1": "0", "s2": "1", "s": "", "t": "31'", "m": "Alango won a free kick for Borussia Moncheng."}, {"id": "20", "s1": "0", "s2": "1", "s": "", "t": "31'", "m": "Freiburg player Schuster scrambled for a foul and the opponent gained possession of the ball."}, {"id": "19", "s1": "0", "s2": "1", "s": "", "t": "30'", "m": "Shot!!! Borussia Borussia Borussia Brouves' header from the centre of the penalty area was saved by the opposing goalkeeper. The one who gave him the pass was Norte West."}, {"id": "18", "s1": "0", "s2": "1", "s": "", "t": "30'", "m": "Schuster handled the ball out of the bottom line and Borussia Moncheng won a corner kick."}, {"id": "17", "s1": "0", "s2": "1", "s": "", "t": "30'", "m": "Borussia Moncheng's raphael's right-footed shot from the right side of the penalty area was blocked by a defender."}, {"id": "16", "s1": "0", "s2": "1", "s": "", "t": "29'", "m": "Borussia Mönchenghei tried to shoot with his left foot, but unfortunately the ball went high above goal. It was Xhaka who gave him the pass."}, {"id": "15", "s1": "0", "s2": "1", "s": "", "t": "28'", "m": "C. Gent handled the ball out of the bottom line and Borussia Moncheng won a corner kick."}, {"id": "14", "s1": "0", "s2": "1", "s": "", "t": "27'", "m": "Hearn handled the ball out of the bottom line and Borussia Moncheng won a corner kick."}, {"id": "13", "s1": "0", "s2": "1", "s": "", "t": "26'", "m": "Borussia Moncheng's raphael's right-footed shot from outside the penalty area was blocked by a defender. It was Dames who gave him the ball."}, {"id": "12", "s1": "0", "s2": "1", "s": "", "t": "22'", "m": "Borussia Moncheng's Norte West scrambled fouls and the opponent gained possession."}, {"id": "11", "s1": "0", "s2": "1", "s": "", "t": "22'", "m": "Gader won a free kick for Freiburg at the opposing half."}, {"id": "10", "s1": "0", "s2": "1", "s": "", "t": "19'", "m": "Janchik won a free kick for Borussia Moncheng."}, {"id": "9", "s1": "0", "s2": "1", "s": "", "t": "19'", "m": "Freiburg player Mohammed fought for a foul and the opponent gained possession of the ball."}, {"id": "8", "s1": "0", "s2": "1", "s": "", "t": "16'", "m": "Freiburg player Mohammadi's right-footed shot from outside the penalty area was blocked by a defender."}, {"id": "7", "s1": "0", "s2": "1", "s": "", "t": "16'", "m": "Freiburg player Schuster's right-footed shot from outside the penalty area was blocked by a defender."}, {"id": "6", "s1": "0", "s2": "1", "s": "", "t": "9'", "m": "Goal!!! Borussia Moncheng's Hermann shot with a left foot in the centre of the penalty area, the ball flew into the goal from the bottom right corner, and the ball went in! The assist was Alango. Freiburg 0-1 Borussia Moncheng."}, {"id": "5", "s1": "0", "s2": "0", "s": "", "t": "7'", "m": "Xhaka won a free kick for Borussia Moncheng."}, {"id": "4", "s1": "0", "s2": "0", "s": "", "t": "7'", "m": "Freiburg player Darida scrambled for a foul and the opponent was given possession of the ball."}, {"id": "3", "s1": "0", "s2": "0", "s": "", "t": "4'", "m": "Borussia Moncheng's Norte West scrambled fouls and the opponent gained possession."}, {"id": "2", "s1": "0", "s2": "0", "s": "", "t": "4'", "m": "Darida won a free kick for Freiburg."}, {"id": "1", "s1": "0", "s2": "0", "s": "", "t": "", "m": "With a whistle from the referee, the first half of the game began."}]