[{"id": "128", "s1": "6", "s2": "1", "s": "", "t": "", "m": "The match is over, Hertha Berlin 6-1 Eintracht Frankfurt, thank you all for watching Sina Football Live."}, {"id": "127", "s1": "6", "s2": "1", "s": "", "t": "90'", "m": "At the end of the second half, Hertha Berlin 6-1 Eintracht Frankfurt"}, {"id": "126", "s1": "6", "s2": "1", "s": "", "t": "89'", "m": "Goal!!! Hertha Berlin player Ronnie shot with his left foot in the centre of the penalty area and the ball flew into the net from the bottom right corner and the ball went in! The assist was Kruger. Hertha Berlin 6-1 Frankfurt."}, {"id": "125", "s1": "5", "s2": "1", "s": "", "t": "88'", "m": "Hertha Berlin player Nico Schultz was fouled for handball and the opponent was given the ball."}, {"id": "124", "s1": "5", "s2": "1", "s": "", "t": "87'", "m": "Zambrano won a free kick for Eintracht Frankfurt."}, {"id": "123", "s1": "5", "s2": "1", "s": "", "t": "87'", "m": "Hertha Berlin player Nico Schultz scrambled for a foul and the opponent was given possession of the ball."}, {"id": "122", "s1": "5", "s2": "1", "s": "", "t": "86'", "m": "Frankfurt player Tomohiko Longgan scrambled for a foul and his opponent was given possession."}, {"id": "121", "s1": "5", "s2": "1", "s": "", "t": "86'", "m": "Lustenberg won a free-kick for Hertha Berlin."}, {"id": "120", "s1": "5", "s2": "1", "s": "", "t": "85'", "m": "The suspension ended and the players resumed playing."}, {"id": "119", "s1": "5", "s2": "1", "s": "", "t": "84'", "m": "Svegler Frankfurt fell to the ground injured and the game was suspended"}, {"id": "118", "s1": "5", "s2": "1", "s": "", "t": "84'", "m": "Schweigler won a free kick for Eintracht Frankfurt."}, {"id": "117", "s1": "5", "s2": "1", "s": "", "t": "84'", "m": "Hertha Berlin player Kruger makes a dangerous move where the opponent gains possession."}, {"id": "116", "s1": "5", "s2": "1", "s": "", "t": "83'", "m": "Hertha Berlin made a substitution and Kruger replaced Hawthogay"}, {"id": "115", "s1": "5", "s2": "1", "s": "", "t": "82'", "m": "Frankfurt player Mayer tried his left-footed shot in the centre of the penalty area, but unfortunately the ball was slightly offside the right goal."}, {"id": "114", "s1": "5", "s2": "1", "s": "", "t": "82'", "m": "Frankfurt's Egenerie's right-footed shot from the centre of the penalty area was blocked by a defender. It was Schweigler who gave him the ball."}, {"id": "113", "s1": "5", "s2": "1", "s": "", "t": "81'", "m": "Hertha Berlin player Lustenberg threw the ball straight into Adrian Ramos, but the referee raised a flag to show that the latter was offside."}, {"id": "112", "s1": "5", "s2": "1", "s": "", "t": "81'", "m": "Shot!!! Hertha Berlin player Lustenberg's right-footed shot from outside the penalty area was saved by the opposing goalkeeper."}, {"id": "111", "s1": "5", "s2": "1", "s": "", "t": "81'", "m": "Zambrano handled the ball out of the bottom line and Hertha Berlin won a corner kick."}, {"id": "110", "s1": "5", "s2": "1", "s": "", "t": "80'", "m": "Schweigler won a free kick for Eintracht Frankfurt at the opposing half."}, {"id": "109", "s1": "5", "s2": "1", "s": "", "t": "80'", "m": "Hertha Berlin player Ronnie scrambled for a foul and the opponent was given possession of the ball."}, {"id": "108", "s1": "5", "s2": "1", "s": "", "t": "79'", "m": "Frankfurt player Mayer scrambled for a foul and his opponent was given possession of the ball."}, {"id": "107", "s1": "5", "s2": "1", "s": "", "t": "79'", "m": "Ndiang won a free kick for Hertha Berlin on the right."}, {"id": "106", "s1": "5", "s2": "1", "s": "", "t": "78'", "m": "Russ won a free kick for Eintracht Frankfurt."}, {"id": "105", "s1": "5", "s2": "1", "s": "", "t": "78'", "m": "Hertha Berlin player Nico Schultz scrambled for a foul and the opponent was given possession of the ball."}, {"id": "104", "s1": "5", "s2": "1", "s": "", "t": "76'", "m": "Hertha Berlin was replaced and Ronnie replaced Baum John"}, {"id": "103", "s1": "5", "s2": "1", "s": "", "t": "76'", "m": "Frankfurt player Rod scrambled for a foul and the opponent was given possession of the ball."}, {"id": "102", "s1": "5", "s2": "1", "s": "", "t": "76'", "m": "CampRancamp for Hertha Berlin on the right side and won a free kick."}, {"id": "101", "s1": "5", "s2": "1", "s": "", "t": "73'", "m": "Hertha Berlin was replaced and Nico Schultz replaced Ben Hadilla"}, {"id": "100", "s1": "5", "s2": "1", "s": "", "t": "71'", "m": "Goal!!! Hertha Berlin player Adrian Ramos fired a left-footed shot from the left side of the penalty area, the ball flew into the goal from the bottom left corner and the ball went in! Assisted by Baum John. Hertha Berlin 5-1 Frankfurt."}, {"id": "99", "s1": "4", "s2": "1", "s": "", "t": "67'", "m": "Hertha Berlin player Ndiang attempted a right-footed shot just outside the penalty area, but unfortunately the ball deflected off target. It was Baum John who passed the ball."}, {"id": "98", "s1": "4", "s2": "1", "s": "", "t": "67'", "m": "Zambrano won a free kick for Eintracht Frankfurt on the right."}, {"id": "97", "s1": "4", "s2": "1", "s": "", "t": "67'", "m": "Hertha Berlin player Ben Hadira scrambled for a foul and the opponent was given possession of the ball."}, {"id": "96", "s1": "4", "s2": "1", "s": "", "t": "65'", "m": "Russ won a free kick for Eintracht Frankfurt."}, {"id": "95", "s1": "4", "s2": "1", "s": "", "t": "65'", "m": "Hertha Berlin player Adrian Ramos scrambled for a foul and the opponent was given possession."}, {"id": "94", "s1": "4", "s2": "1", "s": "", "t": "64'", "m": "CampRanjue handled the ball out of the bottom line and Eintracht Frankfurt won a corner kick."}, {"id": "93", "s1": "4", "s2": "1", "s": "", "t": "63'", "m": "Frankfurt player Rod scrambled for a foul and the opponent was given possession of the ball."}, {"id": "92", "s1": "4", "s2": "1", "s": "", "t": "63'", "m": "Ben Hadira won a free kick for Hertha Berlin on the left."}, {"id": "91", "s1": "4", "s2": "1", "s": "", "t": "62'", "m": "Eintracht Frankfurt player Zambrano scrambled for a foul and his opponent was given possession of the ball."}, {"id": "90", "s1": "4", "s2": "1", "s": "", "t": "62'", "m": "Baum John won a free kick for Hertha Berlin at the opposing half."}, {"id": "89", "s1": "4", "s2": "1", "s": "", "t": "60'", "m": "Goal!!! Hertha Berlin player Aragoui fired a right-footed shot from outside the penalty area and the ball flew into the goal from the bottom right corner and the ball went in! The assist was Hossogayi. Hertha Berlin 4-1 Frankfurt."}, {"id": "88", "s1": "3", "s2": "1", "s": "", "t": "59'", "m": "Van den Burg handled the ball out of the bottom line and Eintracht Frankfurt won a corner kick."}, {"id": "87", "s1": "3", "s2": "1", "s": "", "t": "59'", "m": "Shot!!! Frankfurt player Jung's left-footed shot from the centre of the penalty area was saved by the opposing goalkeeper. It was Mayer who gave him the pass."}, {"id": "86", "s1": "3", "s2": "1", "s": "", "t": "58'", "m": "Goal!!! Hertha Berlin player Aragoui shot with his right foot in front of the goal line, the ball flew from the bottom right corner of the goal and the ball went in! Assisted by Baum John. Hertha Berlin 3-1 Frankfurt."}, {"id": "85", "s1": "2", "s2": "1", "s": "", "t": "57'", "m": "Ochipka handled the ball out of the bottom line and Hertha Berlin won the corner."}, {"id": "84", "s1": "2", "s2": "1", "s": "", "t": "56'", "m": "Frankfurt player Schweigler kicked the ball straight into Joserou, but the referee raised a flag to show that the latter was offside."}, {"id": "83", "s1": "2", "s2": "1", "s": "", "t": "56'", "m": "Tomohiko Longgan won a free kick for Eintracht Frankfurt."}, {"id": "82", "s1": "2", "s2": "1", "s": "", "t": "56'", "m": "Hertha Berlin player Ndiang scrambled for a foul and the opponent was given possession."}, {"id": "81", "s1": "2", "s2": "1", "s": "", "t": "55'", "m": "Frankfurt player Ras scrambled for a foul and the opponent was given possession of the ball."}, {"id": "80", "s1": "2", "s2": "1", "s": "", "t": "55'", "m": "CampRancamp won a free kick for Hertha Berlin."}, {"id": "79", "s1": "2", "s2": "1", "s": "", "t": "54'", "m": "Van den Burg handled the ball out of the bottom line and Eintracht Frankfurt won a corner kick."}, {"id": "78", "s1": "2", "s2": "1", "s": "", "t": "54'", "m": "Joseru won a free kick for Eintracht Frankfurt on the left."}, {"id": "77", "s1": "2", "s2": "1", "s": "", "t": "54'", "m": "Hertha Berlin player Camp Lan camp scrambled for a foul and the opponent gained possession of the ball."}, {"id": "76", "s1": "2", "s2": "1", "s": "", "t": "53'", "m": "Eintracht Frankfurt player Joseru kicked the ball straight into Rod, but the referee raised a flag to show that the latter was offside."}, {"id": "75", "s1": "2", "s2": "1", "s": "", "t": "52'", "m": "Jung won a free kick for Eintracht Frankfurt."}, {"id": "74", "s1": "2", "s2": "1", "s": "", "t": "52'", "m": "Hertha Berlin player Ben Hadira scrambled for a foul and the opponent was given possession of the ball."}, {"id": "73", "s1": "2", "s2": "1", "s": "", "t": "51'", "m": "Frankfurt player Rod scrambled for a foul and the opponent was given possession of the ball."}, {"id": "72", "s1": "2", "s2": "1", "s": "", "t": "51'", "m": "Baum John won a free kick for Hertha Berlin at the opposing half."}, {"id": "71", "s1": "2", "s2": "1", "s": "", "t": "49'", "m": "Rod won a free kick for Eintracht Frankfurt on the left."}, {"id": "70", "s1": "2", "s2": "1", "s": "", "t": "49'", "m": "Hertha Berlin player Aragoui scrambled for a foul and the opponent was given possession of the ball."}, {"id": "69", "s1": "2", "s2": "1", "s": "", "t": "49'", "m": "Hertha Berlin player Adrian Ramos kicked the ball straight into Aragoui, but the referee raised a flag to show the latter was offside."}, {"id": "68", "s1": "2", "s2": "1", "s": "", "t": "49'", "m": "Shot!!! Hertha Berlin player Baum John's right-footed shot from outside the box was saved by the opposing goalkeeper. The one who gave him the ball was Ben Hadira."}, {"id": "67", "s1": "2", "s2": "1", "s": "", "t": "46'", "m": "Schweigler won a free kick for Eintracht Frankfurt."}, {"id": "66", "s1": "2", "s2": "1", "s": "", "t": "46'", "m": "Hertha Berlin player Baum John scrambled for a foul and the opponent was given possession of the ball."}, {"id": "65", "s1": "2", "s2": "1", "s": "", "t": "45'", "m": "Frankfurt made a substitution, and Aigner replaced Rosenthal"}, {"id": "64", "s1": "2", "s2": "1", "s": "", "t": "45'", "m": "Frankfurt was replaced, and Tomohiko Longgan replaced Froome"}, {"id": "63", "s1": "2", "s2": "1", "s": "", "t": "", "m": "At the start of the second half, Hertha Berlin 2-1 Eintracht Frankfurt"}, {"id": "62", "s1": "2", "s2": "1", "s": "", "t": "45'+2'", "m": "At the end of the first half, Hertha Berlin 2-1 Eintracht Frankfurt, a short break, we will take a look at the performance of the two teams in the second half."}, {"id": "61", "s1": "2", "s2": "1", "s": "", "t": "44'", "m": "Hertha Berlin player Aragoui's header from the left side of the penalty area hit the goalpost crossbar. The one who passed the ball to him was Adrian Ramos."}, {"id": "60", "s1": "2", "s2": "1", "s": "", "t": "44'", "m": "Fromm handled the ball out of the bottom line and Hertha Berlin won the corner."}, {"id": "59", "s1": "2", "s2": "1", "s": "", "t": "42'", "m": "Frankfurt player Rod scrambled for a foul and the opponent was given possession of the ball."}, {"id": "58", "s1": "2", "s2": "1", "s": "", "t": "42'", "m": "Hossogay won a free kick for Hertha Berlin at the opposing half."}, {"id": "57", "s1": "2", "s2": "1", "s": "", "t": "41'", "m": "Frankfurt player Rod tried his left-footed shot from outside the penalty area, but unfortunately the ball deflected off target."}, {"id": "56", "s1": "2", "s2": "1", "s": "", "t": "41'", "m": "Van den Burg handled the ball out of the bottom line and Eintracht Frankfurt won a corner kick."}, {"id": "55", "s1": "2", "s2": "1", "s": "", "t": "40'", "m": "Frankfurt's Mayer attempted a right-footed shot from outside the penalty area, but unfortunately the ball was slightly offside the right goal. It was Rosenthal who gave him the pass."}, {"id": "54", "s1": "2", "s2": "1", "s": "", "t": "38'", "m": "Eintracht Frankfurt player Joseru scrambled for a foul and the opponent was given possession of the ball."}, {"id": "53", "s1": "2", "s2": "1", "s": "", "t": "38'", "m": "CampRancamp won a free kick for Hertha Berlin."}, {"id": "52", "s1": "2", "s2": "1", "s": "", "t": "37'", "m": "Goal!!! Frankfurt player Mayer shot with his right foot, the ball flew from the bottom left corner into the goal, and the ball went in! Hertha Berlin 2-1 Frankfurt."}, {"id": "51", "s1": "2", "s2": "0", "s": "", "t": "36'", "m": "Penalty, Rosenthal was violated inside the penalty area and Eintracht Frankfurt received a penalty."}, {"id": "50", "s1": "2", "s2": "0", "s": "", "t": "36'", "m": "Hertha Berlin player Adrian Ramos was fouled and caused the opponent to receive a penalty."}, {"id": "49", "s1": "2", "s2": "0", "s": "", "t": "36'", "m": "Frankfurt player Ras's header from the centre of the penalty area hit the right upright post. It was Schweigler who gave him the ball."}, {"id": "48", "s1": "2", "s2": "0", "s": "", "t": "36'", "m": "Froome won a free kick for Eintracht Frankfurt at the opposing half."}, {"id": "47", "s1": "2", "s2": "0", "s": "", "t": "36'", "m": "Hertha Berlin player Aragoui scrambled for a foul and the opponent was given possession of the ball."}, {"id": "46", "s1": "2", "s2": "0", "s": "", "t": "34'", "m": "The suspension ended and the players resumed playing."}, {"id": "45", "s1": "2", "s2": "0", "s": "", "t": "33'", "m": "Frankfurt player Zambrano was shown a yellow card by the referee."}, {"id": "44", "s1": "2", "s2": "0", "s": "", "t": "33'", "m": "Hertha Berlin Baum John fell to the ground injured and the game was suspended"}, {"id": "43", "s1": "2", "s2": "0", "s": "", "t": "32'", "m": "Goal!!! Hertha Berlin player Brooks fired a right-footed shot from the centre of the penalty area, the ball flew into the goal from the bottom right corner and the ball went in! Assisted by Aragui. Hertha Berlin 2-0 Frankfurt."}, {"id": "42", "s1": "1", "s2": "0", "s": "", "t": "32'", "m": "Hertha Berlin player Ben Hadira's left-footed shot from the centre of the penalty area was blocked by a defender. It was Baum John who passed the ball."}, {"id": "41", "s1": "1", "s2": "0", "s": "", "t": "31'", "m": "Schweigler handled the ball out of the bottom line and Hertha Berlin won a corner kick."}, {"id": "40", "s1": "1", "s2": "0", "s": "", "t": "31'", "m": "Frankfurt player Rod scrambled for a foul and the opponent was given possession of the ball."}, {"id": "39", "s1": "1", "s2": "0", "s": "", "t": "31'", "m": "Van den Burg won a free kick for Hertha Berlin on the left."}, {"id": "38", "s1": "1", "s2": "0", "s": "", "t": "30'", "m": "Hertha Berlin player Ben Hadira tried his left-footed shot from a tight angle on the left side of the goal, but unfortunately the ball was slightly off the left goal. It was Baum John who passed the ball."}, {"id": "37", "s1": "1", "s2": "0", "s": "", "t": "29'", "m": "Frankfurt player Mayer scrambled for a foul and his opponent was given possession of the ball."}, {"id": "36", "s1": "1", "s2": "0", "s": "", "t": "29'", "m": "Brooks won a free kick for Hertha Berlin."}, {"id": "35", "s1": "1", "s2": "0", "s": "", "t": "29'", "m": "Froome won a free kick for Eintracht Frankfurt."}, {"id": "34", "s1": "1", "s2": "0", "s": "", "t": "29'", "m": "Hertha Berlin player Adrian Ramos scrambled for a foul and the opponent was given possession."}, {"id": "33", "s1": "1", "s2": "0", "s": "", "t": "28'", "m": "Frankfurt's Rosenthal attempted a right-footed shot from outside the penalty area, but the ball was deflected slightly off the right goal. It was Mayer who gave him the pass."}, {"id": "32", "s1": "1", "s2": "0", "s": "", "t": "27'", "m": "Hertha Berlin player Ben Hadira was fouled for handball and the opponent was given the ball."}, {"id": "31", "s1": "1", "s2": "0", "s": "", "t": "26'", "m": "Hertha Berlin player Adrian Ramos kicked the ball straight into Ben Hadira, but the referee raised a flag to show the latter was offside."}, {"id": "30", "s1": "1", "s2": "0", "s": "", "t": "26'", "m": "Frankfurt player Froome scrambled for a foul and his opponent was given possession of the ball."}, {"id": "29", "s1": "1", "s2": "0", "s": "", "t": "26'", "m": "Baum John won a free kick for Hertha Berlin at the opposing half."}, {"id": "28", "s1": "1", "s2": "0", "s": "", "t": "25'", "m": "Frankfurt player Rod scrambled for a foul and the opponent was given possession of the ball."}, {"id": "27", "s1": "1", "s2": "0", "s": "", "t": "25'", "m": "Hossogay won a free kick for Hertha Berlin on the left."}, {"id": "26", "s1": "1", "s2": "0", "s": "", "t": "24'", "m": "Yellow! Frankfurt player Froome was shown a yellow card by the referee for a malicious foul."}, {"id": "25", "s1": "1", "s2": "0", "s": "", "t": "24'", "m": "Frankfurt player Froome scrambled for a foul and his opponent was given possession of the ball."}, {"id": "24", "s1": "1", "s2": "0", "s": "", "t": "24'", "m": "CampRancamp won a free kick for Hertha Berlin."}, {"id": "23", "s1": "1", "s2": "0", "s": "", "t": "21'", "m": "Schweigler won a free kick for Eintracht Frankfurt."}, {"id": "22", "s1": "1", "s2": "0", "s": "", "t": "21'", "m": "Hertha Berlin player Lustenberg scrambled for a foul and the opponent gained possession of the ball."}, {"id": "21", "s1": "1", "s2": "0", "s": "", "t": "20'", "m": "Trapp handled the ball out of the line and Hertha Berlin won the corner."}, {"id": "20", "s1": "1", "s2": "0", "s": "", "t": "20'", "m": "Shot!!! Hertha Berlin player Baum John's right-footed shot from the right side of the penalty area was saved by the opposing goalkeeper. It was Aragoui who gave him the pass."}, {"id": "19", "s1": "1", "s2": "0", "s": "", "t": "17'", "m": "Goal!!! Hertha Berlin player Adrian Ramos fired a right-footed shot from the centre of the penalty area, the ball flew from the bottom right corner into the goal and the ball went in! Assisted by Ben Hadira. Hertha Berlin 1-0 Frankfurt."}, {"id": "18", "s1": "0", "s2": "0", "s": "", "t": "16'", "m": "Hertha Berlin player Adrian Ramos fired a right-footed shot from outside the penalty area that hit the post crossbar. The one who gave him the ball was Ben Hadira."}, {"id": "17", "s1": "0", "s2": "0", "s": "", "t": "15'", "m": "Hertha Berlin player Ben Hadira attempted a left-footed shot from the centre of the penalty area, but the ball was deflected slightly off the left goal. It was Aragoui who gave him the pass."}, {"id": "16", "s1": "0", "s2": "0", "s": "", "t": "13'", "m": "Hertha Berlin player Ndiang's right-footed shot from outside the penalty area hit the goalpost crossbar."}, {"id": "15", "s1": "0", "s2": "0", "s": "", "t": "13'", "m": "Eintracht Frankfurt player Zambrano scrambled for a foul and his opponent was given possession of the ball."}, {"id": "14", "s1": "0", "s2": "0", "s": "", "t": "13'", "m": "Aragui won a free kick for Hertha Berlin on the right."}, {"id": "13", "s1": "0", "s2": "0", "s": "", "t": "11'", "m": "Jung won a free kick for Eintracht Frankfurt."}, {"id": "12", "s1": "0", "s2": "0", "s": "", "t": "11'", "m": "Hertha Berlin player Ben Hadira scrambled for a foul and the opponent was given possession of the ball."}, {"id": "11", "s1": "0", "s2": "0", "s": "", "t": "10'", "m": "Eintracht Frankfurt player Zambrano scrambled for a foul and his opponent was given possession of the ball."}, {"id": "10", "s1": "0", "s2": "0", "s": "", "t": "10'", "m": "Adrian Ramos won a free kick for Hertha Berlin on the left."}, {"id": "9", "s1": "0", "s2": "0", "s": "", "t": "9'", "m": "Frankfurt player Mayer scrambled for a foul and his opponent was given possession of the ball."}, {"id": "8", "s1": "0", "s2": "0", "s": "", "t": "9'", "m": "Lustenberg won a free kick for Hertha Berlin on the right."}, {"id": "7", "s1": "0", "s2": "0", "s": "", "t": "8'", "m": "Frankfurt player Mayer scrambled for a foul and his opponent was given possession of the ball."}, {"id": "6", "s1": "0", "s2": "0", "s": "", "t": "8'", "m": "Lustenberg won a free kick for Hertha Berlin at the opposing half."}, {"id": "5", "s1": "0", "s2": "0", "s": "", "t": "7'", "m": "Schweigler won a free kick for Eintracht Frankfurt on the left."}, {"id": "4", "s1": "0", "s2": "0", "s": "", "t": "7'", "m": "Hertha Berlin player Baum John scrambled for a foul and the opponent was given possession of the ball."}, {"id": "3", "s1": "0", "s2": "0", "s": "", "t": "6'", "m": "Shot!!! Frankfurt's Froome's right-footed shot from outside the penalty area was saved by the opposing goalkeeper. It was Mayer who gave him the pass."}, {"id": "2", "s1": "0", "s2": "0", "s": "", "t": "4'", "m": "Frankfurt player Joseru's right-footed shot from the centre of the penalty area was blocked by a defender. The one who gave him the ball was Okipka."}, {"id": "1", "s1": "0", "s2": "0", "s": "", "t": "", "m": "With a whistle from the referee, the first half of the game began."}]