[{"id": "127", "s1": "4", "s2": "2", "s": "", "t": "", "m": "The match was over with Borussia Dortmund 4-2 Mainz, thank you for watching The Sina Football Live."}, {"id": "126", "s1": "4", "s2": "2", "s": "", "t": "90'+3'", "m": "At the end of the second half, Borussia Dortmund 4-2 Mainz"}, {"id": "125", "s1": "4", "s2": "2", "s": "", "t": "90'+2'", "m": "Mainz player Kalius kicked the ball straight into Shinji Okazaki, but the referee raised a flag to show that the latter was offside."}, {"id": "124", "s1": "4", "s2": "2", "s": "", "t": "89'", "m": "Mainz player Shubo Motin attempted a left-footed shot from the left side of the penalty area, but the ball was deflected slightly off the right goal. It was Gu Zizhe who gave him the ball."}, {"id": "123", "s1": "4", "s2": "2", "s": "", "t": "88'", "m": "Kalius handled the ball out of the bottom line and Borussia Dortmund won the corner."}, {"id": "122", "s1": "4", "s2": "2", "s": "", "t": "88'", "m": "Shot!!! Borussia Dortmund player Aubameyang's right-footed shot from the left side of the penalty area was saved by the opposing goalkeeper. The one who gave him the ball was Papastathopoulos."}, {"id": "121", "s1": "4", "s2": "2", "s": "", "t": "87'", "m": "Julio Díaz handled the ball out of the bottom line and Borussia Dortmund won a corner kick."}, {"id": "120", "s1": "4", "s2": "2", "s": "", "t": "86'", "m": "Borussia Dortmund's Hummels attempted a header in the centre of the penalty area, but unfortunately the ball was slightly off the left goal. The one who passed the ball to him was J-Hoffman."}, {"id": "119", "s1": "4", "s2": "2", "s": "", "t": "86'", "m": "Novensky handled the ball out of the bottom line and Borussia Dortmund won a corner kick."}, {"id": "118", "s1": "4", "s2": "2", "s": "", "t": "86'", "m": "Shot!!! Borussia Dortmund player Pierre-Emerick Aubameyang's right-footed shot from the right side of the penalty area was saved by the opposing goalkeeper. The pass to him was Gros Kreuz."}, {"id": "117", "s1": "4", "s2": "2", "s": "", "t": "85'", "m": "Mainz player Gass kicked the ball straight into Shinji Okazaki, but the referee raised a flag to show that the latter was offside."}, {"id": "116", "s1": "4", "s2": "2", "s": "", "t": "84'", "m": "Dortmund player Shaheen scrambled for a foul and the opponent gained possession."}, {"id": "115", "s1": "4", "s2": "2", "s": "", "t": "84'", "m": "Persia Piech won a free kick for Mainz."}, {"id": "114", "s1": "4", "s2": "2", "s": "", "t": "84'", "m": "Shaheen won a free kick for Borussia Dortmund at the opposing half."}, {"id": "113", "s1": "4", "s2": "2", "s": "", "t": "84'", "m": "Mainz players were fouled and their opponents were given possession."}, {"id": "112", "s1": "4", "s2": "2", "s": "", "t": "84'", "m": "Dortmund made a substitution, Aubameyang replaced Reuss"}, {"id": "111", "s1": "4", "s2": "2", "s": "", "t": "83'", "m": "Reuss won a free kick for Borussia Dortmund."}, {"id": "110", "s1": "4", "s2": "2", "s": "", "t": "83'", "m": "Mainz player Zale scrambled for a foul and his opponent was given possession of the ball."}, {"id": "109", "s1": "4", "s2": "2", "s": "", "t": "82'", "m": "Mainz player Shubo Motin's left-footed shot from the left side of the penalty area was blocked by a defender. It was Shinji Okazaki who gave him the pass."}, {"id": "108", "s1": "4", "s2": "2", "s": "", "t": "81'", "m": "Dortmund player Papastathopoulos tried his header in the middle of the penalty area, but unfortunately the ball deflected off the goal. It was Reus who gave him the pass."}, {"id": "107", "s1": "4", "s2": "2", "s": "", "t": "81'", "m": "Dortmund made a substitution, with J-Hoffmann replacing Jokic"}, {"id": "106", "s1": "4", "s2": "2", "s": "", "t": "81'", "m": "Novensky handled the ball out of the bottom line and Borussia Dortmund won a corner kick."}, {"id": "105", "s1": "4", "s2": "2", "s": "", "t": "80'", "m": "Dortmund made a substitution, with Groskroytz replacing Mkhitaryan"}, {"id": "104", "s1": "4", "s2": "2", "s": "", "t": "79'", "m": "Goal!!! Borussia Dortmund player Reuss fired a right-footed shot that flew from the top left corner into the net and the ball went in! Dortmund 4-2 Mainz."}, {"id": "103", "s1": "3", "s2": "2", "s": "", "t": "78'", "m": "The referee sent Bunget of Mainz off for a direct red card."}, {"id": "102", "s1": "3", "s2": "2", "s": "", "t": "78'", "m": "Mainz player Bunget handballed the opponent to a penalty."}, {"id": "101", "s1": "3", "s2": "2", "s": "", "t": "78'", "m": "Dortmund player Lewandowski's right-footed shot from a tight angle on the right side of the goal was blocked by a defender. It was Reus who gave him the pass."}, {"id": "100", "s1": "3", "s2": "2", "s": "", "t": "77'", "m": "Borussia Dortmund player Reuss fired a direct free-kick with his right foot and hit the left upright of the goalpost."}, {"id": "99", "s1": "3", "s2": "2", "s": "", "t": "77'", "m": "Kirsch won a free kick for Borussia Dortmund on the right."}, {"id": "98", "s1": "3", "s2": "2", "s": "", "t": "77'", "m": "Mainz players were fouled and their opponents were given possession."}, {"id": "97", "s1": "3", "s2": "2", "s": "", "t": "76'", "m": "Kirsch won a free kick for Borussia Dortmund."}, {"id": "96", "s1": "3", "s2": "2", "s": "", "t": "76'", "m": "Mainz player Zale scrambled for a foul and his opponent was given possession of the ball."}, {"id": "95", "s1": "3", "s2": "2", "s": "", "t": "76'", "m": "Mainz was replaced, and Gu Zizhe replaced Marley"}, {"id": "94", "s1": "3", "s2": "2", "s": "", "t": "75'", "m": "Papastathopoulos won a free kick for Borussia Dortmund."}, {"id": "93", "s1": "3", "s2": "2", "s": "", "t": "75'", "m": "Mainz player Shinji Okazaki scrambled for a foul and his opponent gained possession of the ball."}, {"id": "92", "s1": "3", "s2": "2", "s": "", "t": "71'", "m": "Reuss won a free kick for Borussia Dortmund on the right."}, {"id": "91", "s1": "3", "s2": "2", "s": "", "t": "71'", "m": "Mainz player Novyski scrambled for a foul and his opponent was given possession of the ball."}, {"id": "90", "s1": "3", "s2": "2", "s": "", "t": "69'", "m": "Borussia Dortmund player Mkhitaryan tucked the ball straight into Reuss, but the referee raised a flag to show the latter was offside."}, {"id": "89", "s1": "3", "s2": "2", "s": "", "t": "69'", "m": "Shot!!! Dortmund player Lewandowski's right-footed shot from a wide distance on the left was saved by the opposing goalkeeper. It was Hummels who gave him the pass."}, {"id": "88", "s1": "3", "s2": "2", "s": "", "t": "68'", "m": "Borussia Dortmund player Papastathopoulos made a dangerous move where the opponent gained possession of the ball."}, {"id": "87", "s1": "3", "s2": "2", "s": "", "t": "68'", "m": "Kalius won a free kick for Mainz."}, {"id": "86", "s1": "3", "s2": "2", "s": "", "t": "67'", "m": "Dortmund player Hummels headed ahead of the goal line and was blocked by a defender. It was Reus who gave him the pass."}, {"id": "85", "s1": "3", "s2": "2", "s": "", "t": "67'", "m": "Julio Díaz handled the ball out of the bottom line and Borussia Dortmund won a corner kick."}, {"id": "84", "s1": "3", "s2": "2", "s": "", "t": "67'", "m": "Reuss won a free kick for Borussia Dortmund at the opposing half."}, {"id": "83", "s1": "3", "s2": "2", "s": "", "t": "67'", "m": "Mainz player Gas scrambled for a foul and the opponent gained possession."}, {"id": "82", "s1": "3", "s2": "2", "s": "", "t": "64'", "m": "Papastathopoulos handled the ball out of the bottom line and Mainz won a corner."}, {"id": "81", "s1": "3", "s2": "2", "s": "", "t": "64'", "m": "Shot!!! Dortmund player Lewandowski's header from the centre of the penalty area was saved by the opposing goalkeeper. It was Durm who gave him the pass."}, {"id": "80", "s1": "3", "s2": "2", "s": "", "t": "63'", "m": "Mainz player Shinji Okazaki threw the ball straight into Shubo Motin, but the referee raised a flag to show that the latter was offside."}, {"id": "79", "s1": "3", "s2": "2", "s": "", "t": "63'", "m": "Shot!!! Dortmund player Lewandowski's right-footed shot from the centre of the penalty area was saved by the opposing goalkeeper. It was Reus who gave him the pass."}, {"id": "78", "s1": "3", "s2": "2", "s": "", "t": "59'", "m": "Mainz player Shinji Okazaki's right-footed shot from the center of the penalty area was blocked by a defender. It was Marley who gave him the pass."}, {"id": "77", "s1": "3", "s2": "2", "s": "", "t": "57'", "m": "Dortmund player Piszczek threw the ball straight into Reuss, but the referee raised a flag to show that the latter was offside."}, {"id": "76", "s1": "3", "s2": "2", "s": "", "t": "56'", "m": "Goal!!! Borussia Dortmund player Piszczek's header from the centre of the penalty area, the ball flew into the goal from the bottom right corner and the ball went in! Assisted by Reuss. Dortmund 3-2 Mainz."}, {"id": "75", "s1": "2", "s2": "2", "s": "", "t": "56'", "m": "Lewandowski won a free kick for Borussia Dortmund at the opposing half."}, {"id": "74", "s1": "2", "s2": "2", "s": "", "t": "56'", "m": "Mainz player Gas scrambled for a foul and the opponent gained possession."}, {"id": "73", "s1": "2", "s2": "2", "s": "", "t": "55'", "m": "Borussia Dortmund player Kirsch scrambled for a foul and the opponent was given possession of the ball."}, {"id": "72", "s1": "2", "s2": "2", "s": "", "t": "55'", "m": "Ghaith won a free kick for Mainz at the opposing half."}, {"id": "71", "s1": "2", "s2": "2", "s": "", "t": "54'", "m": "Dortmund player Lewandowski attempted a right-footed shot from the left side of the penalty area, but unfortunately the ball was slightly offside the right goal. It was Durm who gave him the pass."}, {"id": "70", "s1": "2", "s2": "2", "s": "", "t": "53'", "m": "Goal!!! Mainz player Shinji Okazaki shot with a right foot from the right side of the penalty area, the ball flew into the middle of the goal, and the ball went in! Dortmund 2-2 Mainz."}, {"id": "69", "s1": "2", "s2": "1", "s": "", "t": "52'", "m": "Borussia Dortmund player Hummels tried his header in front of the goal line, but unfortunately the ball deflected off goal. It was Shaheen who gave him the ball."}, {"id": "68", "s1": "2", "s2": "1", "s": "", "t": "52'", "m": "Shubo Motin handled the ball out of the line and Borussia Dortmund won the corner."}, {"id": "67", "s1": "2", "s2": "1", "s": "", "t": "52'", "m": "Dortmund player Lewandowski's right-footed shot from the right side of the penalty area was blocked by a defender."}, {"id": "66", "s1": "2", "s2": "1", "s": "", "t": "52'", "m": "Kalius handled the ball out of the bottom line and Borussia Dortmund won the corner."}, {"id": "65", "s1": "2", "s2": "1", "s": "", "t": "51'", "m": "Borussia Dortmund player Reuss attempted a right-footed shot with a direct free-kick, but unfortunately the ball was slightly offside the left goal."}, {"id": "64", "s1": "2", "s2": "1", "s": "", "t": "51'", "m": "Lewandowski won a free kick for Borussia Dortmund at the opposing half."}, {"id": "63", "s1": "2", "s2": "1", "s": "", "t": "51'", "m": "Mainz player Novyski scrambled for a foul and his opponent was given possession of the ball."}, {"id": "62", "s1": "2", "s2": "1", "s": "", "t": "51'", "m": "Borussia Dortmund player Mkhitaryan was fouled for handball and the opponent was given the ball."}, {"id": "61", "s1": "2", "s2": "1", "s": "", "t": "50'", "m": "Mainz player Gass was fouled for handball and the opponent was given the ball."}, {"id": "60", "s1": "2", "s2": "1", "s": "", "t": "49'", "m": "Mainz player Shubo Motin attempted a right-footed shot from outside the penalty area, but the ball deflected off target. It was Shinji Okazaki who gave him the pass."}, {"id": "59", "s1": "2", "s2": "1", "s": "", "t": "48'", "m": "Shot!!! Dortmund player Reuss' right-footed shot from the centre of the penalty area was saved by the opposing goalkeeper. It was Lewandowski who gave him the pass."}, {"id": "58", "s1": "2", "s2": "1", "s": "", "t": "48'", "m": "Dortmund player Reus scrambled for a foul and the opponent was given possession."}, {"id": "57", "s1": "2", "s2": "1", "s": "", "t": "48'", "m": "Shubo Motin won a free kick for Mainz at the opposing half."}, {"id": "56", "s1": "2", "s2": "1", "s": "", "t": "47'", "m": "Dortmund player Papastathopoulos' header from the centre of the penalty area was blocked by a defender. It was Reus who gave him the pass."}, {"id": "55", "s1": "2", "s2": "1", "s": "", "t": "47'", "m": "Julio Díaz handled the ball out of the bottom line and Borussia Dortmund won a corner kick."}, {"id": "54", "s1": "2", "s2": "1", "s": "", "t": "", "m": "The second half began with Borussia Dortmund 2-1 Mainz"}, {"id": "53", "s1": "2", "s2": "1", "s": "", "t": "45'", "m": "Mainz made a substitution, and Parker replaced Bale"}, {"id": "52", "s1": "2", "s2": "1", "s": "", "t": "45'", "m": "Mainz was replaced, Zale replaced Moritz"}, {"id": "51", "s1": "2", "s2": "1", "s": "", "t": "45'+1'", "m": "At the end of the first half, Borussia Dortmund 2-1 Mainz, with a short break, we will take a look at the performance of the two teams in the second half."}, {"id": "50", "s1": "2", "s2": "1", "s": "", "t": "44'", "m": "Reuss won a free kick for Borussia Dortmund."}, {"id": "49", "s1": "2", "s2": "1", "s": "", "t": "44'", "m": "Mainz player Gas scrambled for a foul and the opponent gained possession."}, {"id": "48", "s1": "2", "s2": "1", "s": "", "t": "43'", "m": "Mainz player Shubo Motin threw the ball straight into Julio Díaz, but the referee raised a flag to show that the latter was offside."}, {"id": "47", "s1": "2", "s2": "1", "s": "", "t": "41'", "m": "Dortmund player Lewandowski tried a right-footed shot from the right side of the penalty area, but unfortunately the ball was higher than the goal. It was Jokic who gave him the ball."}, {"id": "46", "s1": "2", "s2": "1", "s": "", "t": "39'", "m": "Yellow! Mainz player Shinji Okazaki was shown a yellow card by the referee for a malicious foul."}, {"id": "45", "s1": "2", "s2": "1", "s": "", "t": "39'", "m": "Papastathopoulos won a free kick for Borussia Dortmund."}, {"id": "44", "s1": "2", "s2": "1", "s": "", "t": "39'", "m": "Mainz player Shinji Okazaki made a dangerous move and the opponent gained possession of the ball."}, {"id": "43", "s1": "2", "s2": "1", "s": "", "t": "38'", "m": "Borussia Dortmund player Papastathopoulos attempted a header in the centre of the penalty area, but unfortunately the ball was slightly offside the right goal. It was Shaheen who gave him the ball."}, {"id": "42", "s1": "2", "s2": "1", "s": "", "t": "38'", "m": "Novensky handled the ball out of the bottom line and Borussia Dortmund won a corner kick."}, {"id": "41", "s1": "2", "s2": "1", "s": "", "t": "36'", "m": "Borussia Dortmund player Reuss tried his right-footed shot in the centre of the penalty area, but unfortunately the ball was slightly offside the left goal. It was Piszczek who gave him the ball."}, {"id": "40", "s1": "2", "s2": "1", "s": "", "t": "35'", "m": "Mainz player Marley attempted a right-footed shot from outside the penalty area, but unfortunately the ball was slightly above goal. It was Bale who passed the ball to him."}, {"id": "39", "s1": "2", "s2": "1", "s": "", "t": "35'", "m": "Mainz player Shinji Okazaki was fouled for handball and the opponent was given the ball."}, {"id": "38", "s1": "2", "s2": "1", "s": "", "t": "34'", "m": "The suspension ended and the players resumed playing."}, {"id": "37", "s1": "2", "s2": "1", "s": "", "t": "33'", "m": "Mainzmali fell to the ground injured and the game was suspended"}, {"id": "36", "s1": "2", "s2": "1", "s": "", "t": "30'", "m": "Borussia Dortmund player Kirsch tucked the ball straight into Reuss, but the referee raised a flag to show the latter was offside."}, {"id": "35", "s1": "2", "s2": "1", "s": "", "t": "26'", "m": "Bale handled the ball out of the bottom line and Borussia Dortmund won a corner kick."}, {"id": "34", "s1": "2", "s2": "1", "s": "", "t": "26'", "m": "Dortmund player Durm's right-footed shot from the left side of the penalty area was blocked by a defender. It was Jokic who gave him the ball."}, {"id": "33", "s1": "2", "s2": "1", "s": "", "t": "25'", "m": "Mainz player Shubo Motin attempted a header on the left side of the penalty area, but unfortunately the ball deflected off the goal. It was Shinji Okazaki who gave him the pass."}, {"id": "32", "s1": "2", "s2": "1", "s": "", "t": "24'", "m": "Hummels won a free kick for Borussia Dortmund."}, {"id": "31", "s1": "2", "s2": "1", "s": "", "t": "24'", "m": "Mainz player Shinji Okazaki scrambled for a foul and his opponent gained possession of the ball."}, {"id": "30", "s1": "2", "s2": "1", "s": "", "t": "19'", "m": "Jokic won a free kick for Borussia Dortmund at the opposing half."}, {"id": "29", "s1": "2", "s2": "1", "s": "", "t": "19'", "m": "Mainz player Gas scrambled for a foul and the opponent gained possession."}, {"id": "28", "s1": "2", "s2": "1", "s": "", "t": "19'", "m": "Shaheen won a free kick for Borussia Dortmund."}, {"id": "27", "s1": "2", "s2": "1", "s": "", "t": "19'", "m": "Mainz player Shinji Okazaki scrambled for a foul and his opponent gained possession of the ball."}, {"id": "26", "s1": "2", "s2": "1", "s": "", "t": "18'", "m": "Goal!!! Dortmund player Lewandowski's right-footed shot from the centre of the penalty area flew into the net and the ball went in! Assisted by Mkhitaryan. Borussia Dortmund 2-1 Mainz."}, {"id": "25", "s1": "1", "s2": "1", "s": "", "t": "17'", "m": "Dortmund player Reus scrambled for a foul and the opponent was given possession."}, {"id": "24", "s1": "1", "s2": "1", "s": "", "t": "17'", "m": "Gass won a free kick for Mainz."}, {"id": "23", "s1": "1", "s2": "1", "s": "", "t": "17'", "m": "Borussia Dortmund's Piszczek attempted a right-footed shot from the right side of the penalty area, but unfortunately the ball was slightly offside the right goal. It was Reus who gave him the pass."}, {"id": "22", "s1": "1", "s2": "1", "s": "", "t": "16'", "m": "Dortmund player Lewandowski scrambled for a foul and the opponent was given possession of the ball."}, {"id": "21", "s1": "1", "s2": "1", "s": "", "t": "16'", "m": "Marley won a free kick for Mainz."}, {"id": "20", "s1": "1", "s2": "1", "s": "", "t": "14'", "m": "Goal!!! Mainz player Shinji Okazaki shot with his right foot just outside the penalty area, the ball flew from the bottom right corner into the goal, and the ball went in! Assisted by Marley. Dortmund 1-1 Mainz."}, {"id": "19", "s1": "1", "s2": "0", "s": "", "t": "13'", "m": "Mainz player Shinji Okazaki tried a right-footed shot on the right side of the penalty area, but unfortunately the ball deflected off the goal. It was Geis who gave him the ball."}, {"id": "18", "s1": "1", "s2": "0", "s": "", "t": "13'", "m": "Borussia Dortmund's Kirsch attempted a right-footed shot from outside the penalty area, but unfortunately the ball went high above goal."}, {"id": "17", "s1": "1", "s2": "0", "s": "", "t": "13'", "m": "Borussia Dortmund player Jokic's right-footed shot from outside the penalty area was blocked by a defender. It was Shaheen who gave him the ball."}, {"id": "16", "s1": "1", "s2": "0", "s": "", "t": "12'", "m": "Bunget handled the ball out of the bottom line and Borussia Dortmund won a corner kick."}, {"id": "15", "s1": "1", "s2": "0", "s": "", "t": "12'", "m": "Borussia Dortmund's Mkhitaryan's right-footed shot from outside the penalty area was blocked by a defender. It was Reus who gave him the pass."}, {"id": "14", "s1": "1", "s2": "0", "s": "", "t": "9'", "m": "Borussia Dortmund player Reuss threw the ball straight into Mkhitaryan, but the referee raised a flag to show that the latter was offside."}, {"id": "13", "s1": "1", "s2": "0", "s": "", "t": "8'", "m": "Borussia Dortmund player Jokic scrambled for a foul and the opponent gained possession of the ball."}, {"id": "12", "s1": "1", "s2": "0", "s": "", "t": "8'", "m": "Julio Díaz won a free kick for Mainz."}, {"id": "11", "s1": "1", "s2": "0", "s": "", "t": "8'", "m": "Yellow! Dortmund player Jokic was shown a yellow card by the referee for a malicious foul."}, {"id": "10", "s1": "1", "s2": "0", "s": "", "t": "8'", "m": "Borussia Dortmund player Jokic scrambled for a foul and the opponent gained possession of the ball."}, {"id": "9", "s1": "1", "s2": "0", "s": "", "t": "8'", "m": "Kalius won a free kick for Mainz."}, {"id": "8", "s1": "1", "s2": "0", "s": "", "t": "6'", "m": "Goal!!! Dortmund player Jokic fired a right-footed shot from outside the penalty area and the ball flew into the goal from the bottom left corner and the ball went in! Dortmund 1-0 Mainz."}, {"id": "7", "s1": "0", "s2": "0", "s": "", "t": "5'", "m": "Bunget handled the ball out of the bottom line and Borussia Dortmund won a corner kick."}, {"id": "6", "s1": "0", "s2": "0", "s": "", "t": "4'", "m": "Papastathopoulos handled the ball out of the bottom line and Mainz won a corner."}, {"id": "5", "s1": "0", "s2": "0", "s": "", "t": "3'", "m": "Borussia Dortmund player Reuss fired a right-footed shot from outside the penalty area that hit the left upright of the goalpost."}, {"id": "4", "s1": "0", "s2": "0", "s": "", "t": "2'", "m": "Shaheen won a free kick for Borussia Dortmund at the opposing half."}, {"id": "3", "s1": "0", "s2": "0", "s": "", "t": "2'", "m": "Mainz player Bunget scrambled for a foul and the opponent was given possession."}, {"id": "2", "s1": "0", "s2": "0", "s": "", "t": "1'", "m": "Borussia Dortmund player Shaheen attempted a left-footed shot from outside the penalty area, but unfortunately the ball deflected off goal. It was Lewandowski who gave him the pass."}, {"id": "1", "s1": "0", "s2": "0", "s": "", "t": "", "m": "With a whistle from the referee, the first half of the game began."}]