[{"id": "132", "s1": "4", "s2": "0", "s": "", "t": "", "m": "The match ended with Eintracht Frankfurt 4-0 Paderborn, thank you all for watching Sina Football Live."}, {"id": "131", "s1": "4", "s2": "0", "s": "", "t": "90'+2'", "m": "At the end of the second half, Frankfurt 4-0 Paderborn"}, {"id": "130", "s1": "4", "s2": "0", "s": "", "t": "90'+1'", "m": "Frankfurt player Froome scrambled for a foul and his opponent was given possession of the ball."}, {"id": "129", "s1": "4", "s2": "0", "s": "", "t": "90'+1'", "m": "Rupp won a free kick for Paderburn."}, {"id": "128", "s1": "4", "s2": "0", "s": "", "t": "90'", "m": "The Drys won a free kick for Eintracht Frankfurt."}, {"id": "127", "s1": "4", "s2": "0", "s": "", "t": "90'", "m": "Paderburn player Kassonga scrambled for a foul and the opponent was given possession of the ball."}, {"id": "126", "s1": "4", "s2": "0", "s": "", "t": "89'", "m": "Frankfurt player Qian Guishi scrambled for fouls and the opponent was given possession of the ball."}, {"id": "125", "s1": "4", "s2": "0", "s": "", "t": "89'", "m": "Rupp won a free kick for Paderburn."}, {"id": "124", "s1": "4", "s2": "0", "s": "", "t": "89'", "m": "Yellow! Paderburn player Kasonga was shown a yellow card by the referee for a malicious foul."}, {"id": "123", "s1": "4", "s2": "0", "s": "", "t": "89'", "m": "Ochipka won a free kick for Eintracht Frankfurt on the left."}, {"id": "122", "s1": "4", "s2": "0", "s": "", "t": "89'", "m": "Paderburn player Kassonga scrambled for a foul and the opponent was given possession of the ball."}, {"id": "121", "s1": "4", "s2": "0", "s": "", "t": "88'", "m": "Froome won a free kick for Eintracht Frankfurt at the opposing half."}, {"id": "120", "s1": "4", "s2": "0", "s": "", "t": "88'", "m": "Paderburn player Alban Meha scrambled for a foul and the opponent gained possession of the ball."}, {"id": "119", "s1": "4", "s2": "0", "s": "", "t": "86'", "m": "The Drys won a free kick for Eintracht Frankfurt at the opposing half."}, {"id": "118", "s1": "4", "s2": "0", "s": "", "t": "86'", "m": "Paderburn player Bakaloz scrambles for a foul and the opponent gains possession."}, {"id": "117", "s1": "4", "s2": "0", "s": "", "t": "85'", "m": "Aigner won a free kick for Eintracht Frankfurt."}, {"id": "116", "s1": "4", "s2": "0", "s": "", "t": "85'", "m": "Paderburn player Hartz scrambles for a foul and the opponent gains possession."}, {"id": "115", "s1": "4", "s2": "0", "s": "", "t": "84'", "m": "Yellow! Paderburn player Rakić was shown a yellow card by the referee for a malicious foul."}, {"id": "114", "s1": "4", "s2": "0", "s": "", "t": "84'", "m": "Trapp won a free kick for Eintracht Frankfurt."}, {"id": "113", "s1": "4", "s2": "0", "s": "", "t": "84'", "m": "Paderburn player Rakić scrambled for a foul and the opponent gained possession of the ball."}, {"id": "112", "s1": "4", "s2": "0", "s": "", "t": "82'", "m": "Yellow! Frankfurt player Valdés was shown a yellow card by the referee for stripping to celebrate after scoring a goal."}, {"id": "111", "s1": "4", "s2": "0", "s": "", "t": "82'", "m": "Goal!!! Frankfurt player Valdés fired a right-footed shot from the right side of the penalty area, the ball flew up from the middle of the box and the ball went in! Assisted by the Qianguishi. Frankfurt 4-0 Paderborn."}, {"id": "110", "s1": "3", "s2": "0", "s": "", "t": "81'", "m": "Paderburn player Hartz tucked the ball straight into Rakić, but the referee raised a flag to show the latter was offside."}, {"id": "109", "s1": "3", "s2": "0", "s": "", "t": "80'", "m": "Frankfurt made substitutions, Anderson on, Zambrano went off with an injury."}, {"id": "108", "s1": "3", "s2": "0", "s": "", "t": "79'", "m": "The suspension ended and the players resumed playing."}, {"id": "107", "s1": "3", "s2": "0", "s": "", "t": "78'", "m": "Eintracht Zambrano fell to the ground injured and the match was suspended"}, {"id": "106", "s1": "3", "s2": "0", "s": "", "t": "78'", "m": "Froome won a free kick for Eintracht Frankfurt."}, {"id": "105", "s1": "3", "s2": "0", "s": "", "t": "78'", "m": "Paderburn player Kassonga scrambled for a foul and the opponent was given possession of the ball."}, {"id": "104", "s1": "3", "s2": "0", "s": "", "t": "78'", "m": "Paderburn player Rupp's left-footed shot from outside the penalty area was blocked by a defender."}, {"id": "103", "s1": "3", "s2": "0", "s": "", "t": "77'", "m": "Makoto Hasebe handled the ball out of the bottom line and Paderborn won a corner kick."}, {"id": "102", "s1": "3", "s2": "0", "s": "", "t": "77'", "m": "Chandler handled the ball out of the bottom line and Paderburn won the corner."}, {"id": "101", "s1": "3", "s2": "0", "s": "", "t": "77'", "m": "Paderburn player Rakić's left-footed shot from the left side of the penalty area was blocked by a defender. The one who gave him the ball was Alban Meha."}, {"id": "100", "s1": "3", "s2": "0", "s": "", "t": "74'", "m": "Frankfurt made a substitution, Valdés replaced Seferović"}, {"id": "99", "s1": "3", "s2": "0", "s": "", "t": "72'", "m": "Paderburn player Alban Meha attempted a right-footed shot from outside the penalty area, but unfortunately the ball deflected off target. It was Mario French who gave him the ball."}, {"id": "98", "s1": "3", "s2": "0", "s": "", "t": "72'", "m": "Eintracht Frankfurt player Zambrano scrambled for a foul and his opponent was given possession of the ball."}, {"id": "97", "s1": "3", "s2": "0", "s": "", "t": "72'", "m": "Rakić won a free kick for Paderburn at the opposing half."}, {"id": "96", "s1": "3", "s2": "0", "s": "", "t": "72'", "m": "Frankfurt player Seferović scrambled for a foul and his opponent was given possession of the ball."}, {"id": "95", "s1": "3", "s2": "0", "s": "", "t": "72'", "m": "Hunnemeier won a free kick for Paderborn."}, {"id": "94", "s1": "3", "s2": "0", "s": "", "t": "70'", "m": "Frankfurt was replaced, and Froome replaced Stendra"}, {"id": "93", "s1": "3", "s2": "0", "s": "", "t": "69'", "m": "Aigner won a free kick for Eintracht Frankfurt on the right."}, {"id": "92", "s1": "3", "s2": "0", "s": "", "t": "69'", "m": "Paderburn player Hartz scrambles for a foul and the opponent gains possession."}, {"id": "91", "s1": "3", "s2": "0", "s": "", "t": "67'", "m": "Shot!!! Paderburn player Alban Meha's right-footed shot from outside the penalty area was saved by the opposing goalkeeper."}, {"id": "90", "s1": "3", "s2": "0", "s": "", "t": "66'", "m": "Eintracht Frankfurt player Stendra scrambled for a foul and his opponent was given possession of the ball."}, {"id": "89", "s1": "3", "s2": "0", "s": "", "t": "66'", "m": "Alban Meha won a free kick for Paderborn at the opposing half."}, {"id": "88", "s1": "3", "s2": "0", "s": "", "t": "64'", "m": "Makoto Hasebe won a free kick for Eintracht Frankfurt."}, {"id": "87", "s1": "3", "s2": "0", "s": "", "t": "64'", "m": "Paderburn player Mario Francic scrambled for a foul and the opponent was given possession of the ball."}, {"id": "86", "s1": "3", "s2": "0", "s": "", "t": "63'", "m": "Stendra won a free kick for Eintracht Frankfurt at the opposing half."}, {"id": "85", "s1": "3", "s2": "0", "s": "", "t": "63'", "m": "Paderburn player Mario Francic scrambled for a foul and the opponent was given possession of the ball."}, {"id": "84", "s1": "3", "s2": "0", "s": "", "t": "59'", "m": "Christian Strohdiek handled the ball out of the line and Frankfurt won a corner."}, {"id": "83", "s1": "3", "s2": "0", "s": "", "t": "58'", "m": "Paderborn was replaced and Rupp replaced Süleyman Koc"}, {"id": "82", "s1": "3", "s2": "0", "s": "", "t": "58'", "m": "Yellow! Paderburn player Hunnemeer was shown a yellow card by the referee for a malicious foul."}, {"id": "81", "s1": "3", "s2": "0", "s": "", "t": "58'", "m": "Mayer won a free kick for Eintracht Frankfurt at the opposing half."}, {"id": "80", "s1": "3", "s2": "0", "s": "", "t": "58'", "m": "Paderborn player Hunnemeier scrambled for a foul and the opponent was given possession of the ball."}, {"id": "79", "s1": "3", "s2": "0", "s": "", "t": "55'", "m": "Goal!!! Frankfurt player Aigner fired a right-footed shot from the centre of the penalty area, the ball flew from the bottom left corner into the goal, and the ball went in! Assisted by the Qianguishi. Frankfurt 3-0 Paderborn."}, {"id": "78", "s1": "2", "s2": "0", "s": "", "t": "54'", "m": "Aigner won a free kick for Eintracht Frankfurt."}, {"id": "77", "s1": "2", "s2": "0", "s": "", "t": "54'", "m": "Paderburn player Hartz scrambles for a foul and the opponent gains possession."}, {"id": "76", "s1": "2", "s2": "0", "s": "", "t": "52'", "m": "Bakaroz handled the ball out of the bottom line and Frankfurt won a corner kick."}, {"id": "75", "s1": "2", "s2": "0", "s": "", "t": "51'", "m": "Hühnemeier handled the ball out of the bottom line and Eintracht Frankfurt won a corner."}, {"id": "74", "s1": "2", "s2": "0", "s": "", "t": "49'", "m": "Eintracht Frankfurt player Zambrano scrambled for a foul and his opponent was given possession of the ball."}, {"id": "73", "s1": "2", "s2": "0", "s": "", "t": "49'", "m": "Mario Francic won a free kick for Paderburn."}, {"id": "72", "s1": "2", "s2": "0", "s": "", "t": "48'", "m": "Aigner won a free kick for Eintracht Frankfurt on the right."}, {"id": "71", "s1": "2", "s2": "0", "s": "", "t": "48'", "m": "Paderburn player Alban Meha scrambled for a foul and the opponent gained possession of the ball."}, {"id": "70", "s1": "2", "s2": "0", "s": "", "t": "47'", "m": "Zambrano won a free kick for Eintracht Frankfurt."}, {"id": "69", "s1": "2", "s2": "0", "s": "", "t": "47'", "m": "Paderburn player Rakić scrambled for a foul and the opponent gained possession of the ball."}, {"id": "68", "s1": "2", "s2": "0", "s": "", "t": "47'", "m": "Eintracht Frankfurt's Stendra threw the ball straight into Seferović, but the referee raised a flag to show that the latter was offside."}, {"id": "67", "s1": "2", "s2": "0", "s": "", "t": "46'", "m": "Eintracht Frankfurt player Chandler was fouled for handball and the opponent was given the ball."}, {"id": "66", "s1": "2", "s2": "0", "s": "", "t": "46'", "m": "Rakić won a free kick for Paderburn."}, {"id": "65", "s1": "2", "s2": "0", "s": "", "t": "", "m": "The second half began, Eintracht Frankfurt 2-0 Paderborn"}, {"id": "64", "s1": "2", "s2": "0", "s": "", "t": "45'", "m": "Paderborn made a substitution, Rakić replaced Kuchik"}, {"id": "63", "s1": "2", "s2": "0", "s": "", "t": "45'", "m": "Paderborn made a substitution, and Kassonga replaced Saglik"}, {"id": "62", "s1": "2", "s2": "0", "s": "", "t": "45'+4'", "m": "At the end of the first half, Eintracht Frankfurt 2-0 Paderborn, with a short break, we will take a look at the performance of the two teams in the second half."}, {"id": "61", "s1": "2", "s2": "0", "s": "", "t": "45'+3'", "m": "Chandler won a free kick for Eintracht Frankfurt at the opposing half."}, {"id": "60", "s1": "2", "s2": "0", "s": "", "t": "45'+3'", "m": "Paderburn player Kuchik scrambled for fouls and the opponent gained possession of the ball."}, {"id": "59", "s1": "2", "s2": "0", "s": "", "t": "45'+2'", "m": "Yellow! Paderburn player Kuchik was shown a yellow card by the referee for a malicious foul."}, {"id": "58", "s1": "2", "s2": "0", "s": "", "t": "45'+2'", "m": "Zambrano won a free kick for Eintracht Frankfurt."}, {"id": "57", "s1": "2", "s2": "0", "s": "", "t": "45'+2'", "m": "Paderburn player Kuchik scrambled for fouls and the opponent gained possession of the ball."}, {"id": "56", "s1": "2", "s2": "0", "s": "", "t": "45'+1'", "m": "Zambrano handled the ball out of the bottom line and Paderburn won the corner."}, {"id": "55", "s1": "2", "s2": "0", "s": "", "t": "45'", "m": "Aigner won a free kick for Eintracht Frankfurt on the right."}, {"id": "54", "s1": "2", "s2": "0", "s": "", "t": "45'", "m": "Paderburn player Hartz scrambles for a foul and the opponent gains possession."}, {"id": "53", "s1": "2", "s2": "0", "s": "", "t": "44'", "m": "Paderburn player Alban Meha attempted a left-footed shot from outside the penalty area, but unfortunately the ball was slightly above goal. It was Mario French who gave him the ball."}, {"id": "52", "s1": "2", "s2": "0", "s": "", "t": "43'", "m": "Aigner won a free kick for Eintracht Frankfurt on the right."}, {"id": "51", "s1": "2", "s2": "0", "s": "", "t": "43'", "m": "Paderburn player Hartz scrambles for a foul and the opponent gains possession."}, {"id": "50", "s1": "2", "s2": "0", "s": "", "t": "42'", "m": "Goal!!! Eintracht Frankfurt player Stendra's right-footed shot from the right side of the penalty area flew into the goal from the bottom left corner and the ball went in! Assisted by Mayer. Frankfurt 2-0 Paderborn."}, {"id": "49", "s1": "1", "s2": "0", "s": "", "t": "41'", "m": "Eintracht Frankfurt player Madeleine scrambled for a foul and the opponent was given possession of the ball."}, {"id": "48", "s1": "1", "s2": "0", "s": "", "t": "41'", "m": "Kuchik won a free kick for Paderburn in the opposing half."}, {"id": "47", "s1": "1", "s2": "0", "s": "", "t": "40'", "m": "Frankfurt player Seferović scrambled for a foul and his opponent was given possession of the ball."}, {"id": "46", "s1": "1", "s2": "0", "s": "", "t": "40'", "m": "Christian Strohdiek won a free kick for Paderborn."}, {"id": "45", "s1": "1", "s2": "0", "s": "", "t": "40'", "m": "Eintracht Frankfurt's Stendra attempted a right-footed shot from outside the penalty area, but unfortunately the ball was slightly offside the left goal."}, {"id": "44", "s1": "1", "s2": "0", "s": "", "t": "39'", "m": "Hühnemeier handled the ball out of the bottom line and Eintracht Frankfurt won a corner."}, {"id": "43", "s1": "1", "s2": "0", "s": "", "t": "38'", "m": "The suspension ended and the players resumed playing."}, {"id": "42", "s1": "1", "s2": "0", "s": "", "t": "35'", "m": "Frankfurt fell to the ground injured and the game was suspended"}, {"id": "41", "s1": "1", "s2": "0", "s": "", "t": "34'", "m": "Frankfurt's Qian Guishi tried his right-footed shot from outside the penalty area, but unfortunately the ball was slightly offside the right goal."}, {"id": "40", "s1": "1", "s2": "0", "s": "", "t": "33'", "m": "Frankfurt player Aigner tried to head the ball forward at the goal line, but unfortunately the ball was deflected out of the goal. It was Chandler who gave him the pass."}, {"id": "39", "s1": "1", "s2": "0", "s": "", "t": "31'", "m": "Christian Strohdiek handled the ball out of the line and Frankfurt won a corner."}, {"id": "38", "s1": "1", "s2": "0", "s": "", "t": "29'", "m": "Shot!!! Frankfurt player Seferović's left-footed shot from the left side of the penalty area was saved by the opposing goalkeeper. It was Mayer who gave him the pass."}, {"id": "37", "s1": "1", "s2": "0", "s": "", "t": "29'", "m": "Zambrano won a free kick for Eintracht Frankfurt."}, {"id": "36", "s1": "1", "s2": "0", "s": "", "t": "29'", "m": "Paderburn player Kuchik scrambled for fouls and the opponent gained possession of the ball."}, {"id": "35", "s1": "1", "s2": "0", "s": "", "t": "27'", "m": "Goal!!! Frankfurt player Mayer's header from the centre of the penalty area, the ball flew from the middle of the road into the goal, the ball was scored! The assist was Steindra. Frankfurt 1-0 Paderborn."}, {"id": "34", "s1": "0", "s2": "0", "s": "", "t": "26'", "m": "Hartz handled the ball out of the bottom line and Eintracht Frankfurt won a corner kick."}, {"id": "33", "s1": "0", "s2": "0", "s": "", "t": "26'", "m": "Mario Francic handled the ball out of the line and Eintracht Frankfurt won a corner."}, {"id": "32", "s1": "0", "s2": "0", "s": "", "t": "26'", "m": "Frankfurt player Mayer's right-footed shot from outside the penalty area hit the upright on the right side of the post."}, {"id": "31", "s1": "0", "s2": "0", "s": "", "t": "25'", "m": "Yellow! Paderburn player Süleyman Koc was shown a yellow card by the referee for deliberate handball."}, {"id": "30", "s1": "0", "s2": "0", "s": "", "t": "25'", "m": "Paderburn player Süleyman Koc was fouled for handball and the opponent was given the ball."}, {"id": "29", "s1": "0", "s2": "0", "s": "", "t": "25'", "m": "Frankfurt's mayer shoot with his right foot from outside the penalty area, blocked by a defender. The one who gave him the ball was Okipka."}, {"id": "28", "s1": "0", "s2": "0", "s": "", "t": "24'", "m": "Yellow! Paderburn player Christian Strohdiek was shown a yellow card by the referee for a malicious foul."}, {"id": "27", "s1": "0", "s2": "0", "s": "", "t": "23'", "m": "The Drys won a free kick for Eintracht Frankfurt at the opposing half."}, {"id": "26", "s1": "0", "s2": "0", "s": "", "t": "23'", "m": "Paderburn player Christian Strohdiek scrambled for a foul and the opponent was given possession of the ball."}, {"id": "25", "s1": "0", "s2": "0", "s": "", "t": "23'", "m": "The Drys won a free kick for Eintracht Frankfurt."}, {"id": "24", "s1": "0", "s2": "0", "s": "", "t": "23'", "m": "Paderburn player Süleyman Koc scrambled for a foul and the opponent gained possession of the ball."}, {"id": "23", "s1": "0", "s2": "0", "s": "", "t": "22'", "m": "Frankfurt player Mayer made a dangerous move and the opponent gained possession of the ball."}, {"id": "22", "s1": "0", "s2": "0", "s": "", "t": "22'", "m": "Christian Strohdiek won a free kick for Paderborn."}, {"id": "21", "s1": "0", "s2": "0", "s": "", "t": "20'", "m": "Christian Strohdiek handled the ball out of the line and Frankfurt won a corner."}, {"id": "20", "s1": "0", "s2": "0", "s": "", "t": "16'", "m": "Paderburn player Sagreek kicked the ball straight into Süleyman Koc, but the referee raised a flag to show that the latter was offside."}, {"id": "19", "s1": "0", "s2": "0", "s": "", "t": "16'", "m": "Shot!!! Paderburn player Saglik's left-footed shot was saved by the opposing goalkeeper. It was Mario French who gave him the ball."}, {"id": "18", "s1": "0", "s2": "0", "s": "", "t": "15'", "m": "Yellow! Eintracht Frankfurt player Stendra was shown a yellow card by the referee for a malicious foul."}, {"id": "17", "s1": "0", "s2": "0", "s": "", "t": "15'", "m": "Eintracht Frankfurt player Stendra scrambled for a foul and his opponent was given possession of the ball."}, {"id": "16", "s1": "0", "s2": "0", "s": "", "t": "15'", "m": "Mario Francic won a free kick for Paderburn."}, {"id": "15", "s1": "0", "s2": "0", "s": "", "t": "14'", "m": "Paderburn player Kuchik attempted a left-footed shot from the left side of the penalty area, but unfortunately the ball was slightly offside the left goal. It was Saglik who gave him the ball."}, {"id": "14", "s1": "0", "s2": "0", "s": "", "t": "13'", "m": "Paderburn player Heinlot threw the ball straight into Zagrik but the referee raised a flag to show the latter was offside."}, {"id": "13", "s1": "0", "s2": "0", "s": "", "t": "12'", "m": "Shot!!! Frankfurt player Zambrano's header from the centre of the penalty area was saved by the opposing goalkeeper. It was Stendra who gave him the ball."}, {"id": "12", "s1": "0", "s2": "0", "s": "", "t": "12'", "m": "Hartz handled the ball out of the bottom line and Eintracht Frankfurt won a corner kick."}, {"id": "11", "s1": "0", "s2": "0", "s": "", "t": "9'", "m": "Eintracht Frankfurt player Stendra scrambled for a foul and his opponent was given possession of the ball."}, {"id": "10", "s1": "0", "s2": "0", "s": "", "t": "9'", "m": "Hein Lott won a free kick for Paderburn."}, {"id": "9", "s1": "0", "s2": "0", "s": "", "t": "8'", "m": "Ochipka won a free kick for Eintracht Frankfurt at the opposing half."}, {"id": "8", "s1": "0", "s2": "0", "s": "", "t": "8'", "m": "Paderburn player Mario Francic scrambled for a foul and the opponent was given possession of the ball."}, {"id": "7", "s1": "0", "s2": "0", "s": "", "t": "7'", "m": "Eintracht Frankfurt player Zambrano kicked the ball straight into the drys, but the referee raised a flag to show that the latter was offside."}, {"id": "6", "s1": "0", "s2": "0", "s": "", "t": "6'", "m": "Makoto Hasebe won a free kick for Eintracht Frankfurt at the opposing half."}, {"id": "5", "s1": "0", "s2": "0", "s": "", "t": "6'", "m": "Paderburn player Süleyman Koc scrambled for a foul and the opponent gained possession of the ball."}, {"id": "4", "s1": "0", "s2": "0", "s": "", "t": "4'", "m": "Paderburn player Süleyman Koc attempted a right-footed shot but unfortunately the ball was slightly off the left goal."}, {"id": "3", "s1": "0", "s2": "0", "s": "", "t": "3'", "m": "Eintracht Frankfurt player Madeleine scrambled for a foul and the opponent was given possession of the ball."}, {"id": "2", "s1": "0", "s2": "0", "s": "", "t": "3'", "m": "Kuchik won a free kick for Paderburn in the opposing half."}, {"id": "1", "s1": "0", "s2": "0", "s": "", "t": "", "m": "With a whistle from the referee, the first half of the game began."}]