[{"id": "117", "s1": "4", "s2": "1", "s": "", "t": "", "m": "The match ended with Bayern Munich 4-1 Mainz, thank you for watching The Sina Football Live."}, {"id": "116", "s1": "4", "s2": "1", "s": "", "t": "90'+1'", "m": "At the end of the second half, Bayern Munich 4-1 Mainz"}, {"id": "115", "s1": "4", "s2": "1", "s": "", "t": "90'", "m": "Schweinsterger won a free kick for Bayern Munich at the opposing half."}, {"id": "114", "s1": "4", "s2": "1", "s": "", "t": "90'", "m": "Mainz player Julio Díaz scrambled for a foul and the opponent was given possession of the ball."}, {"id": "113", "s1": "4", "s2": "1", "s": "", "t": "88'", "m": "Mainz player Nikola Müller tucked the ball straight into Zahler, but the referee raised a flag to show that the latter was offside."}, {"id": "112", "s1": "4", "s2": "1", "s": "", "t": "88'", "m": "Bayern Munich player Kirchhof scrambled for a foul and his opponent gained possession."}, {"id": "111", "s1": "4", "s2": "1", "s": "", "t": "88'", "m": "Nikola Müller won a free kick for Mainz in the opposing half."}, {"id": "110", "s1": "4", "s2": "1", "s": "", "t": "82'", "m": "Goal!!! Bayern Munich player Müller shot with his right foot, the ball flew into the goal from the bottom left corner and the ball went in! Bayern Munich 4-1 Mainz."}, {"id": "109", "s1": "3", "s2": "1", "s": "", "t": "81'", "m": "Penalty, Schweinsteg was violated inside the penalty area and Bayern Munich won the penalty."}, {"id": "108", "s1": "3", "s2": "1", "s": "", "t": "81'", "m": "Mainz player Novyski was fouled and resulted in a penalty."}, {"id": "107", "s1": "3", "s2": "1", "s": "", "t": "79'", "m": "Alaba handled the ball out of the bottom line and Mainz won the corner."}, {"id": "106", "s1": "3", "s2": "1", "s": "", "t": "79'", "m": "Mainz replaced, Zale replaced Parker"}, {"id": "105", "s1": "3", "s2": "1", "s": "", "t": "78'", "m": "Bayern Munich player Kroos scrambled for a foul and the opponent was given possession."}, {"id": "104", "s1": "3", "s2": "1", "s": "", "t": "78'", "m": "Parker won a free kick for Mainz at the opposing half."}, {"id": "103", "s1": "3", "s2": "1", "s": "", "t": "78'", "m": "Shot!!! Mainz player Gass' right-footed shot from outside the penalty area was saved by the opposing goalkeeper."}, {"id": "102", "s1": "3", "s2": "1", "s": "", "t": "77'", "m": "Yellow! Bayern Munich player Kirchhof was shown a yellow card by the referee for a malicious foul."}, {"id": "101", "s1": "3", "s2": "1", "s": "", "t": "77'", "m": "Bayern Munich player Kirchhof scrambled for a foul and his opponent gained possession."}, {"id": "100", "s1": "3", "s2": "1", "s": "", "t": "77'", "m": "Nikola Müller won a free kick for Mainz in the opposing half."}, {"id": "99", "s1": "3", "s2": "1", "s": "", "t": "75'", "m": "Bayern Munich player Müller scrambled for a foul and his opponent gained possession of the ball."}, {"id": "98", "s1": "3", "s2": "1", "s": "", "t": "75'", "m": "Nikola Müller won a free kick for Mainz."}, {"id": "97", "s1": "3", "s2": "1", "s": "", "t": "75'", "m": "Bayern Munich made a substitution and Kirchhof replaced Mandzukiczi"}, {"id": "96", "s1": "3", "s2": "1", "s": "", "t": "74'", "m": "Kroos won a free kick for Bayern Munich."}, {"id": "95", "s1": "3", "s2": "1", "s": "", "t": "74'", "m": "Mainz player Nikola Müller scrambled for a foul and the opponent was given possession of the ball."}, {"id": "94", "s1": "3", "s2": "1", "s": "", "t": "73'", "m": "Bayern Munich player Müller kicked the ball straight into Mandzukiczi but the referee raised a flag to show the latter was offside."}, {"id": "93", "s1": "3", "s2": "1", "s": "", "t": "72'", "m": "Götze won a free kick for Bayern Munich."}, {"id": "92", "s1": "3", "s2": "1", "s": "", "t": "72'", "m": "Mainz player Bell scrambled for a foul and the opponent was given possession of the ball."}, {"id": "91", "s1": "3", "s2": "1", "s": "", "t": "71'", "m": "Bayern Munich player Müller tried a right-footed shot from the centre of the penalty area, but unfortunately the ball went high above goal. It was Kroos who gave him the ball."}, {"id": "90", "s1": "3", "s2": "1", "s": "", "t": "70'", "m": "Waiteklo handled the ball out of the bottom line and Bayern Munich won a corner kick."}, {"id": "89", "s1": "3", "s2": "1", "s": "", "t": "70'", "m": "Shot!!! Bayern Munich player Kroos' right-footed shot from the centre of the penalty area was saved by the opposing goalkeeper. It was Robben who gave him the ball."}, {"id": "88", "s1": "3", "s2": "1", "s": "", "t": "69'", "m": "Goal!!! Bayern Munich player Mandzukizi fired a right-footed shot from the centre of the penalty area and the ball flew into the goal from the bottom left corner and the ball went in! The assist was Götze. Bayern Munich 3-1 Mainz."}, {"id": "87", "s1": "2", "s2": "1", "s": "", "t": "68'", "m": "Mainz player Moritz attempted a right-footed shot from outside the penalty area, but unfortunately the ball was slightly offside the left goal. It was Nicolas Müller who passed the ball to him."}, {"id": "86", "s1": "2", "s2": "1", "s": "", "t": "67'", "m": "Mainz replaced, Moritz replaced Baumgatlinger"}, {"id": "85", "s1": "2", "s2": "1", "s": "", "t": "67'", "m": "Mainz player Shubo Motin attempted a header in the centre of the penalty area, but the ball was deflected slightly off the right goal. It was Geis who gave him the ball."}, {"id": "84", "s1": "2", "s2": "1", "s": "", "t": "66'", "m": "Ram handled the ball out of the bottom line and Mainz won the corner."}, {"id": "83", "s1": "2", "s2": "1", "s": "", "t": "66'", "m": "Shot!!! Mainz player Shubo Motin's right-footed shot from the left side of the penalty area was saved by the opposing goalkeeper. It was Parker who gave him the ball."}, {"id": "82", "s1": "2", "s2": "1", "s": "", "t": "66'", "m": "Alaba handled the ball out of the bottom line and Mainz won the corner."}, {"id": "81", "s1": "2", "s2": "1", "s": "", "t": "66'", "m": "Mainz player Nikola Müller's right-footed shot from the right side of the penalty area was blocked by a defender. It was Geis who gave him the ball."}, {"id": "80", "s1": "2", "s2": "1", "s": "", "t": "65'", "m": "Neuer handled the ball out of the bottom line and Mainz won the corner."}, {"id": "79", "s1": "2", "s2": "1", "s": "", "t": "65'", "m": "Shot!!! Mainz player Nikola Müller's right-footed shot from the right side of the penalty area was saved by the opposing goalkeeper. The one who passed the ball to him was Shubo Motin."}, {"id": "78", "s1": "2", "s2": "1", "s": "", "t": "65'", "m": "Bayern Munich player Müller scrambled for a foul and his opponent gained possession of the ball."}, {"id": "77", "s1": "2", "s2": "1", "s": "", "t": "65'", "m": "Julio Díaz won a free kick for Mainz."}, {"id": "76", "s1": "2", "s2": "1", "s": "", "t": "62'", "m": "Bayern Munich player Alaba tried his left-footed shot from outside the penalty area, but unfortunately the ball went high above goal. It was Ram who gave him the pass."}, {"id": "75", "s1": "2", "s2": "1", "s": "", "t": "62'", "m": "Bayern Munich player Alaba's left-footed shot from outside the penalty area was blocked by a defender."}, {"id": "74", "s1": "2", "s2": "1", "s": "", "t": "62'", "m": "Mandzukizi won a free kick for Bayern Munich at the opposing half."}, {"id": "73", "s1": "2", "s2": "1", "s": "", "t": "62'", "m": "Mainz player Bell scrambled for a foul and the opponent was given possession of the ball."}, {"id": "72", "s1": "2", "s2": "1", "s": "", "t": "59'", "m": "Mainz player Shubo Motin attempted a right-footed shot from outside the penalty area, but the ball was unfortunately higher than the top right corner. It was Geis who gave him the ball."}, {"id": "71", "s1": "2", "s2": "1", "s": "", "t": "59'", "m": "Mainz player Nikola Müller tucked the ball straight into Parker, but the referee raised a flag to show that the latter was offside."}, {"id": "70", "s1": "2", "s2": "1", "s": "", "t": "57'", "m": "Mainz was replaced, and Park Joo-ho replaced Sven-song"}, {"id": "69", "s1": "2", "s2": "1", "s": "", "t": "56'", "m": "Bayern Munich player Müller was fouled for handball and the opponent was given the ball."}, {"id": "68", "s1": "2", "s2": "1", "s": "", "t": "54'", "m": "Novyski handled the ball out of the bottom line and Bayern Munich won a corner kick."}, {"id": "67", "s1": "2", "s2": "1", "s": "", "t": "54'", "m": "Waiteklo handled the ball out of the bottom line and Bayern Munich won a corner kick."}, {"id": "66", "s1": "2", "s2": "1", "s": "", "t": "54'", "m": "Shot!!! Bayern Munich player Ram's right-footed shot from outside the penalty area was saved by the opposing goalkeeper. It was Schweinsteiger who passed the ball."}, {"id": "65", "s1": "2", "s2": "1", "s": "", "t": "52'", "m": "Goal!!! Bayern Munich player Müller fired a right-footed shot from the centre of the penalty area, the ball flew into the goal from the bottom right corner and the ball went in! Assisted by Robben. Bayern Munich 2-1 Mainz."}, {"id": "64", "s1": "1", "s2": "1", "s": "", "t": "51'", "m": "Robben won a free kick for Bayern Munich in the opposing half."}, {"id": "63", "s1": "1", "s2": "1", "s": "", "t": "51'", "m": "Mainz player Gas scrambled for a foul and the opponent gained possession."}, {"id": "62", "s1": "1", "s2": "1", "s": "", "t": "50'", "m": "Goal!!! Bayern Munich player Robben shot with his left foot in the centre of the penalty area and the ball flew into the goal from the bottom left corner and the ball went in! The assist was Götze. Bayern Munich 1-1 Mainz."}, {"id": "61", "s1": "0", "s2": "1", "s": "", "t": "47'", "m": "Bayern Munich player Mandzukic tried his right-footed shot from the centre of the penalty area, but unfortunately the ball was slightly offside the left goal. It was Alaba who gave him the ball."}, {"id": "60", "s1": "0", "s2": "1", "s": "", "t": "", "m": "At the start of the second half, Bayern Munich 0-1 Mainz"}, {"id": "59", "s1": "0", "s2": "1", "s": "", "t": "45'", "m": "Bayern Munich made a substitution and Götze replaced Rafinha"}, {"id": "58", "s1": "0", "s2": "1", "s": "", "t": "45'+3'", "m": "At the end of the first half, Bayern Munich 0-1 Mainz, with a short break, we will take a look at the performance of the two teams in the second half."}, {"id": "57", "s1": "0", "s2": "1", "s": "", "t": "45'+2'", "m": "Mainz player Gass attempted a right-footed shot from outside the penalty area, but unfortunately the ball was high above goal. The one who gave him the ball was Perspierikh."}, {"id": "56", "s1": "0", "s2": "1", "s": "", "t": "45'+2'", "m": "Bayern Munich player Robben's left-footed shot from outside the penalty area was blocked by a defender."}, {"id": "55", "s1": "0", "s2": "1", "s": "", "t": "45'+1'", "m": "Julio Díaz handled the ball out of the line and Bayern Munich won a corner kick."}, {"id": "54", "s1": "0", "s2": "1", "s": "", "t": "45'+1'", "m": "Bayern Munich player Müller's left-footed shot from the centre of the penalty area was blocked by a defender."}, {"id": "53", "s1": "0", "s2": "1", "s": "", "t": "45'+1'", "m": "Robben won a free kick for Bayern Munich on the right."}, {"id": "52", "s1": "0", "s2": "1", "s": "", "t": "45'+1'", "m": "Mainz player Novyski scrambled for a foul and his opponent was given possession of the ball."}, {"id": "51", "s1": "0", "s2": "1", "s": "", "t": "45'", "m": "Bayern Munich player Müller's left-footed shot from the centre of the penalty area was blocked by a defender."}, {"id": "50", "s1": "0", "s2": "1", "s": "", "t": "44'", "m": "Goal!!! Mainz player Parker shot with his right foot in the middle of the penalty area, the ball flew into the middle of the goal, and the ball went in! Bayern Munich 0-1 Mainz."}, {"id": "49", "s1": "0", "s2": "0", "s": "", "t": "43'", "m": "Bayern Munich player Ram tried his header in the centre of the penalty area, but unfortunately the ball was slightly offside the left goal. It was Robben who gave him the ball."}, {"id": "48", "s1": "0", "s2": "0", "s": "", "t": "42'", "m": "Bayern Munich substitution, Alaba on, Dante due to injury."}, {"id": "47", "s1": "0", "s2": "0", "s": "", "t": "42'", "m": "Svensson handled the ball out of the box and Bayern Munich won a corner kick."}, {"id": "46", "s1": "0", "s2": "0", "s": "", "t": "41'", "m": "Bayern Munich player Schweinsteiger scrambled for a foul and his opponent was given possession of the ball."}, {"id": "45", "s1": "0", "s2": "0", "s": "", "t": "41'", "m": "Baumgartlinger won a free kick for Mainz."}, {"id": "44", "s1": "0", "s2": "0", "s": "", "t": "40'", "m": "The suspension ended and the players resumed playing."}, {"id": "43", "s1": "0", "s2": "0", "s": "", "t": "40'", "m": "Bayern Munich Dante fell to the ground injured and the game was suspended"}, {"id": "42", "s1": "0", "s2": "0", "s": "", "t": "39'", "m": "Mainz player Bale kicked the ball straight into Nicola müller, but the referee raised a flag to show that the latter was offside."}, {"id": "41", "s1": "0", "s2": "0", "s": "", "t": "37'", "m": "Mainz player Parker attempted a right-footed shot from outside the penalty area, but unfortunately the ball was high above the top right corner. It was Novyski who gave him the ball."}, {"id": "40", "s1": "0", "s2": "0", "s": "", "t": "35'", "m": "Bayern Munich player Robben attempted a left-footed shot just outside the penalty area, but the ball deflected slightly off the right goal. It was Mandzukizi who gave him the ball."}, {"id": "39", "s1": "0", "s2": "0", "s": "", "t": "35'", "m": "Julio Díaz handled the ball out of the line and Bayern Munich won a corner kick."}, {"id": "38", "s1": "0", "s2": "0", "s": "", "t": "35'", "m": "Bayern Munich player Mandzukizi's right-footed shot from the centre of the penalty area was blocked by a defender."}, {"id": "37", "s1": "0", "s2": "0", "s": "", "t": "34'", "m": "Mainz player Parker attempted a right-footed shot from outside the penalty area, but unfortunately the ball was high above the top right corner. It was Geis who gave him the ball."}, {"id": "36", "s1": "0", "s2": "0", "s": "", "t": "34'", "m": "Bayern Munich player Boateng scrambled for a foul and his opponent gained possession of the ball."}, {"id": "35", "s1": "0", "s2": "0", "s": "", "t": "34'", "m": "Parker won a free kick for Mainz."}, {"id": "34", "s1": "0", "s2": "0", "s": "", "t": "33'", "m": "Bayern Munich player Dante scrambled for a foul and his opponent was given possession of the ball."}, {"id": "33", "s1": "0", "s2": "0", "s": "", "t": "33'", "m": "Baumgartlinger won a free kick for Mainz."}, {"id": "32", "s1": "0", "s2": "0", "s": "", "t": "32'", "m": "Novyski handled the ball out of the bottom line and Bayern Munich won a corner kick."}, {"id": "31", "s1": "0", "s2": "0", "s": "", "t": "31'", "m": "Bayern Munich player Schweinsterger's left-footed shot from outside the penalty area was blocked by a defender. It was Rafinha who gave him the pass."}, {"id": "30", "s1": "0", "s2": "0", "s": "", "t": "26'", "m": "Müller won a free kick for Bayern Munich in the opposing half."}, {"id": "29", "s1": "0", "s2": "0", "s": "", "t": "26'", "m": "Mainz player Bell scrambled for a foul and the opponent was given possession of the ball."}, {"id": "28", "s1": "0", "s2": "0", "s": "", "t": "24'", "m": "Bayern Munich player Boateng scrambled for a foul and his opponent gained possession of the ball."}, {"id": "27", "s1": "0", "s2": "0", "s": "", "t": "24'", "m": "Parker won a free kick for Mainz."}, {"id": "26", "s1": "0", "s2": "0", "s": "", "t": "22'", "m": "Bayern Munich player Dante attempted a header in the centre of the penalty area, but unfortunately the ball was slightly offside the left goal. It was Kroos who gave him the ball."}, {"id": "25", "s1": "0", "s2": "0", "s": "", "t": "21'", "m": "Robben won a free kick for Bayern Munich on the right."}, {"id": "24", "s1": "0", "s2": "0", "s": "", "t": "21'", "m": "Mainz player Julio Díaz scrambled for a foul and the opponent was given possession of the ball."}, {"id": "23", "s1": "0", "s2": "0", "s": "", "t": "21'", "m": "Mainz player Bale tucked the ball straight into Parker, but the referee raised a flag to show that the latter was offside."}, {"id": "22", "s1": "0", "s2": "0", "s": "", "t": "20'", "m": "Neuer won a free kick for Bayern Munich."}, {"id": "21", "s1": "0", "s2": "0", "s": "", "t": "20'", "m": "Mainz player Nikola Müller scrambled for a foul and the opponent was given possession of the ball."}, {"id": "20", "s1": "0", "s2": "0", "s": "", "t": "19'", "m": "Boateng handled the ball out of the bottom line and Mainz won the corner."}, {"id": "19", "s1": "0", "s2": "0", "s": "", "t": "16'", "m": "Mainz player Bale kicked the ball straight into Shubo Motin, but the referee raised a flag to show that the latter was offside."}, {"id": "18", "s1": "0", "s2": "0", "s": "", "t": "16'", "m": "Contento won a free kick for Bayern Munich."}, {"id": "17", "s1": "0", "s2": "0", "s": "", "t": "16'", "m": "Mainz player Baum Gatlinger scrambled for a foul and the opponent was given possession of the ball."}, {"id": "16", "s1": "0", "s2": "0", "s": "", "t": "15'", "m": "Novyski handled the ball out of the bottom line and Bayern Munich won a corner kick."}, {"id": "15", "s1": "0", "s2": "0", "s": "", "t": "14'", "m": "Kroos won a free kick for Bayern Munich at the opposing half."}, {"id": "14", "s1": "0", "s2": "0", "s": "", "t": "14'", "m": "Mainz player Svensson scrambled for a foul and the opponent was given possession of the ball."}, {"id": "13", "s1": "0", "s2": "0", "s": "", "t": "12'", "m": "Mainz player Gass attempted a left-footed shot from outside the penalty area, but unfortunately the ball was slightly offside the left goal. It was Nicolas Müller who passed the ball to him."}, {"id": "12", "s1": "0", "s2": "0", "s": "", "t": "11'", "m": "Mainz player Baumgatlinger threw the ball straight into Shubo Motin, but the referee raised a flag to show that the latter was offside."}, {"id": "11", "s1": "0", "s2": "0", "s": "", "t": "11'", "m": "Bayern Munich player Boateng scrambled for a foul and his opponent gained possession of the ball."}, {"id": "10", "s1": "0", "s2": "0", "s": "", "t": "11'", "m": "Novyski won a free kick for Mainz."}, {"id": "9", "s1": "0", "s2": "0", "s": "", "t": "10'", "m": "Bayern Munich player Schweinsteiger tucked the ball straight into Müller, but the referee raised a flag to show that the latter was offside."}, {"id": "8", "s1": "0", "s2": "0", "s": "", "t": "9'", "m": "Schweinsterger won a free kick for Bayern Munich at the opposing half."}, {"id": "7", "s1": "0", "s2": "0", "s": "", "t": "9'", "m": "Mainz player Bell scrambled for a foul and the opponent was given possession of the ball."}, {"id": "6", "s1": "0", "s2": "0", "s": "", "t": "6'", "m": "Mainz player Bale tried his header in the middle of the penalty area, but unfortunately the ball was high above the top right corner. It was Geis who gave him the ball."}, {"id": "5", "s1": "0", "s2": "0", "s": "", "t": "6'", "m": "Bayern Munich player Ram made a dangerous move as his opponent gained possession of the ball."}, {"id": "4", "s1": "0", "s2": "0", "s": "", "t": "6'", "m": "Nikola Müller won a free kick for Mainz in the opposing half."}, {"id": "3", "s1": "0", "s2": "0", "s": "", "t": "5'", "m": "Lahm won a free kick for Bayern Munich."}, {"id": "2", "s1": "0", "s2": "0", "s": "", "t": "5'", "m": "Mainz player Nikola Müller scrambled for a foul and the opponent was given possession of the ball."}, {"id": "1", "s1": "0", "s2": "0", "s": "", "t": "", "m": "With a whistle from the referee, the first half of the game began."}]