[{"id": "4602938", "s1": "0", "s2": "4", "s": "Finish", "t": "", "m": "The match ended with Bayern beating Bremen with two goals from Müller, Alaba and Levan"}, {"id": "4602936", "s1": "0", "s2": "4", "s": "Next", "t": "45'", "m": "Bayern's direct pass from midfield, the ball reached the feet of Mueller, who faced the goalkeeper or chose to pass the ball to assist Levan to score in the empty goal"}, {"id": "4602935", "s1": "0", "s2": "3", "s": "Next", "t": "45'", "m": "Rod's shot from the right slid out of the goal."}, {"id": "4602929", "s1": "0", "s2": "3", "s": "Next", "t": "44'", "m": "Yunuzovic had a card on his body, and the referee's men were merciful"}, {"id": "4602928", "s1": "0", "s2": "3", "s": "Next", "t": "44'", "m": "Yunuzovic and Arabba got into an argument"}, {"id": "4602926", "s1": "0", "s2": "3", "s": "Next", "t": "42'", "m": "Bayern fell to the ground in the 85th minute, but the referee ignored it"}, {"id": "4602918", "s1": "0", "s2": "3", "s": "Next", "t": "38'", "m": "Bayern replaced Boateng with Dante"}, {"id": "4602914", "s1": "0", "s2": "3", "s": "Next", "t": "37'", "m": "Bayern replaced Götze with Ram"}, {"id": "4602910", "s1": "0", "s2": "3", "s": "Next", "t": "36'", "m": "Rod's ball from the right was pushed off by the defender"}, {"id": "4602909", "s1": "0", "s2": "3", "s": "Next", "t": "36'", "m": "Bayern's diagonal long pass was given to the right and Rod knocked back"}, {"id": "4602905", "s1": "0", "s2": "3", "s": "Next", "t": "34'", "m": "Bremen's cross from the left was sent into the box and Reina confiscated the ball"}, {"id": "4602900", "s1": "0", "s2": "3", "s": "Next", "t": "33'", "m": "Müller was given a chance on the right side of the penalty area and deflected it"}, {"id": "4602897", "s1": "0", "s2": "3", "s": "Next", "t": "32'", "m": "The Bayern midfielder's split was sent to the left, and Müller countered offside, picking the ball up to Levan, who easily headed the ball into the net"}, {"id": "4602896", "s1": "0", "s2": "0", "s": "Next", "t": "31'", "m": "Bremen attacked on the left, the cross hit the front point, Rafinha's header cleared the line, a corner"}, {"id": "4602894", "s1": "0", "s2": "0", "s": "Next", "t": "31'", "m": "Sorry just dropped the line, the game continues"}, {"id": "4602891", "s1": "0", "s2": "2", "s": "Next", "t": "28'", "m": "Bremen controlled the ball in midfield, passed it to the middle, and was stabbed by Arabba as he approached the goal to defuse the danger"}, {"id": "4602890", "s1": "0", "s2": "2", "s": "Next", "t": "27'", "m": "Now the scene is more chaotic, and the two sides are in a chaotic battle"}, {"id": "4602889", "s1": "0", "s2": "2", "s": "Next", "t": "25'", "m": "Bremen's set-piece in front of the field, hit the far point, Reina took the ball off "}, {"id": "4602888", "s1": "", "s2": "", "s": "", "t": "", "m": "", "lnk": {"title": "", "href": "http://s7.rr.itc.cn/org/wapChange/20153_15_0/b9dnw5542664874385.png", "type": "image", "extra": []}}, {"id": "4602887", "s1": "0", "s2": "2", "s": "Next", "t": "25'", "m": "The two sides are once again in conflict"}, {"id": "4602886", "s1": "0", "s2": "2", "s": "Next", "t": "25'", "m": "The Bayern midfielder took control of the ball and passed it to the left, Müller took the ball back and knocked it back, and Alaba did not pass it straight past"}, {"id": "4602885", "s1": "0", "s2": "2", "s": "Next", "t": "22'", "m": "Yunuzovic was yellow carded for pushing someone for a foul when he scrambled up front "}, {"id": "4602884", "s1": "0", "s2": "2", "s": "Next", "t": "21'", "m": "Schweinsteiger was pushed down again The two sides now smelled of gunpowder"}, {"id": "4602883", "s1": "0", "s2": "2", "s": "Next", "t": "21'", "m": "Bremenselk scored but was ruled invalid, with handball first"}, {"id": "4602882", "s1": "0", "s2": "2", "s": "Next", "t": "20'", "m": "Benatia accumulated 5 yellow cards for the next round of suspension"}, {"id": "4602881", "s1": "0", "s2": "2", "s": "Next", "t": "19'", "m": "The conflict referee just now played fifty boards each, one yellow card per person"}, {"id": "4602880", "s1": "0", "s2": "2", "s": "Next", "t": "19'", "m": "Bremen made a substitution, and Hajlovitz replaced Occitunari"}, {"id": "4602878", "s1": "0", "s2": "2", "s": "Next", "t": "18'", "m": "After bringing down Benatia, the Bayern players stopped doing it, and there was an argument between the two sides"}, {"id": "4602877", "s1": "0", "s2": "2", "s": "Next", "t": "18'", "m": "After the referee's whistle, Predel also had a back tackle"}, {"id": "4602875", "s1": "0", "s2": "2", "s": "Next", "t": "17'", "m": "The two sides clashed"}, {"id": "4602872", "s1": "0", "s2": "2", "s": "Next", "t": "16'", "m": "Bremen infiltrated on the right and a direct pass was blocked off the sideline"}, {"id": "4602870", "s1": "0", "s2": "2", "s": "Next", "t": "14'", "m": "The small fans on the sidelines accidentally threw the ball on Bernat, causing Boateng's displeasure"}, {"id": "4602865", "s1": "0", "s2": "2", "s": "Next", "t": "13'", "m": "Bremen attacked from the left, the cross slid across the goal"}, {"id": "4602863", "s1": "0", "s2": "2", "s": "Next", "t": "12'", "m": "Schweinsteiger had a handball when he stopped the ball"}, {"id": "4602862", "s1": "0", "s2": "2", "s": "Next", "t": "12'", "m": "Nothing has changed at halftime bremen, and the desire to survive is not strong"}, {"id": "4602859", "s1": "0", "s2": "2", "s": "Next", "t": "11'", "m": "Now Bayern play very easily"}, {"id": "4602856", "s1": "0", "s2": "2", "s": "Next", "t": "11'", "m": "Bremen attacked on the right, directly out of the bottom line, or there was no chance"}, {"id": "4602852", "s1": "0", "s2": "2", "s": "Next", "t": "10'", "m": "Bayern played very patiently in the second half and Bremen did not have a good chance to counterattack "}, {"id": "4602850", "s1": "0", "s2": "2", "s": "Next", "t": "9'", "m": "Bayern's split in the middle of the road was given to the left and Levan's shot from outside the box deflected off the upright"}, {"id": "4602848", "s1": "0", "s2": "2", "s": "Next", "t": "9'", "m": "Not positive enough"}, {"id": "4602847", "s1": "0", "s2": "2", "s": "Next", "t": "9'", "m": "Bremen did not qualify enough at home today"}, {"id": "4602844", "s1": "0", "s2": "2", "s": "Next", "t": "8'", "m": "Götze took the ball on the right and fouled him"}, {"id": "4602842", "s1": "0", "s2": "2", "s": "Next", "t": "8'", "m": "Guardiola's German is very good and there is no problem communicating with Götze"}, {"id": "4602838", "s1": "0", "s2": "2", "s": "Next", "t": "7'", "m": "Alaba took the ball to the left and then passed it back to Renner, who went out of the box to pick up the ball"}, {"id": "4602835", "s1": "0", "s2": "2", "s": "Next", "t": "6'", "m": "Bremen attacked in front of the field, and the diagonal pass was still received by Rennes in front of the goal"}, {"id": "4602833", "s1": "0", "s2": "2", "s": "Next", "t": "5'", "m": "Bremen looked for an opportunity on the right and went inside the penalty area without kicking"}, {"id": "4602831", "s1": "0", "s2": "2", "s": "Next", "t": "5'", "m": "A free kick was driven into the box and was struck by Rayner"}, {"id": "4602829", "s1": "0", "s2": "2", "s": "Next", "t": "4'", "m": "Benatia was fouled and Bremen was awarded a free kick in front"}, {"id": "4602826", "s1": "0", "s2": "2", "s": "Next", "t": "4'", "m": "In the second half, Bayern was still firmly in control of the game"}, {"id": "4602816", "s1": "0", "s2": "2", "s": "Next", "t": "1'", "m": "The second half began"}, {"id": "4602802", "s1": "", "s2": "", "s": "", "t": "", "m": "", "lnk": {"title": "穆勒射门 瞬间", "href": "http://www.sinaimg.cn/dy/slidenews/2_img/2015_11/730_1457685_464809.jpg", "type": "image", "extra": []}}, {"id": "4602800", "s1": "", "s2": "", "s": "", "t": "", "m": "", "lnk": {"title": " 穆勒庆祝进球", "href": "http://www.sinaimg.cn/dy/slidenews/2_img/2015_11/730_1457687_864403.jpg", "type": "image", "extra": []}}, {"id": "4602793", "s1": "0", "s2": "2", "s": "on", "t": "51'", "m": "A short break will bring you the second half of the match between the two sides, so stay tuned"}, {"id": "4602779", "s1": "0", "s2": "2", "s": "on", "t": "45'", "m": "The first half ended with a goal lead of Alaba and Müller into halftime"}, {"id": "4602776", "s1": "0", "s2": "2", "s": "on", "t": "45'", "m": "Alaba took a direct free-kick and after Schweinsteiger shook it, Alaba's left-footed shot broke the goal"}, {"id": "4602772", "s1": "0", "s2": "2", "s": "on", "t": "44'", "m": "Alaba scored with a direct free kick!"}, {"id": "4602767", "s1": "0", "s2": "1", "s": "on", "t": "42'", "m": "Götze was brought down by an opponent at the top of the penalty area to win a set-piece opportunity"}, {"id": "4602765", "s1": "0", "s2": "1", "s": "on", "t": "42'", "m": "The first half came to an end and Bremen did not have much to attack"}, {"id": "4602764", "s1": "0", "s2": "1", "s": "on", "t": "42'", "m": "The camera constantly replays Mueller's wonderful arc ball"}, {"id": "4602760", "s1": "0", "s2": "1", "s": "on", "t": "41'", "m": "Bremen controlled the ball in midfield, Fritz broke through and a direct pass to The Big, reyna confiscated the ball"}, {"id": "4602744", "s1": "0", "s2": "1", "s": "on", "t": "36'", "m": "Bayern's kick in the middle of the road was big, and Götze didn't get it"}, {"id": "4602743", "s1": "0", "s2": "1", "s": "on", "t": "36'", "m": "Bayern controlled the ball inside the penalty area and the defender pushed the ball out"}, {"id": "4602737", "s1": "0", "s2": "1", "s": "on", "t": "33'", "m": "Bayern counter-attacked, Bremen clipped the ball"}, {"id": "4602730", "s1": "0", "s2": "1", "s": "on", "t": "32'", "m": "Ram is coming back, and Rafinha's main position may not be secured"}, {"id": "4602728", "s1": "0", "s2": "1", "s": "on", "t": "31'", "m": "After 30 minutes of the first half, Bayern still had the advantage on the field"}, {"id": "4602723", "s1": "0", "s2": "1", "s": "on", "t": "30'", "m": "Bayern's cross from the right was headed off by the defender"}, {"id": "4602721", "s1": "0", "s2": "1", "s": "on", "t": "29'", "m": "Bayern hit the ball back in the backfield and handed it to the goalkeeper"}, {"id": "4602720", "s1": "0", "s2": "1", "s": "on", "t": "28'", "m": "Bremen didn't have too good a chance"}, {"id": "4602719", "s1": "0", "s2": "1", "s": "on", "t": "28'", "m": "Rafinha received a yellow card for a defensive foul "}, {"id": "4602716", "s1": "0", "s2": "1", "s": "on", "t": "27'", "m": "Bayern's long-range shot from outside the box was confiscated by Wolff"}, {"id": "4602714", "s1": "0", "s2": "1", "s": "on", "t": "27'", "m": "Bayern patiently controlled the ball in midfield and passed it to the left"}, {"id": "4602713", "s1": "0", "s2": "1", "s": "on", "t": "27'", "m": "Bayern controlled the ball in midfield and passed it to the right"}, {"id": "4602708", "s1": "0", "s2": "1", "s": "on", "t": "25'", "m": "Muller rarely scored outside the box"}, {"id": "4602707", "s1": "0", "s2": "1", "s": "on", "t": "24'", "m": "Bayern counter-attacked, Levan went straight, Müller's one-handed push was saved by Wolff, Bremen's ball went to Muller's feet, and Mueller shot into the far corner of the net"}, {"id": "4602701", "s1": "0", "s2": "1", "s": "on", "t": "23'", "m": "Müller scored!"}, {"id": "4602697", "s1": "0", "s2": "0", "s": "on", "t": "22'", "m": "A free-kick hit inside the box and the defender's header bounced off the sideline "}, {"id": "4602695", "s1": "0", "s2": "0", "s": "on", "t": "22'", "m": "Bayern's free-kick opportunity on the left"}, {"id": "4602694", "s1": "0", "s2": "0", "s": "on", "t": "22'", "m": "Rafinha's attack from the left was fouled"}, {"id": "4602690", "s1": "0", "s2": "0", "s": "on", "t": "21'", "m": "Rayner rushed out of the box, did he learn from Neuer"}, {"id": "4602688", "s1": "0", "s2": "0", "s": "on", "t": "19'", "m": "Bremen's long pass from the back, Selassie broke through on the right and Butlers attacked on the right"}, {"id": "4602687", "s1": "0", "s2": "0", "s": "on", "t": "18'", "m": "The free-kick hit the box, Boateng's volley from a chaotic battle was blocked by a defender and Wolf confiscated the ball"}, {"id": "4602686", "s1": "0", "s2": "0", "s": "on", "t": "18'", "m": "Selasi was fouled while defending at the back and Bayern had a set-piece opportunity on the left side of the pitch"}, {"id": "4602685", "s1": "0", "s2": "0", "s": "on", "t": "17'", "m": "Alaba's curling edge of the penalty area picked up his teammates and fired wide"}, {"id": "4602684", "s1": "0", "s2": "0", "s": "on", "t": "17'", "m": "Bayern hit the ball on the right and crossed into the box"}, {"id": "4602677", "s1": "0", "s2": "0", "s": "on", "t": "14'", "m": "The corner kick hit the middle, and this time Bayern fought for the drop point, but the top Taizheng was confiscated by the goalkeeper"}, {"id": "4602674", "s1": "0", "s2": "0", "s": "on", "t": "13'", "m": "Levan's header was magically saved by Wolfe"}, {"id": "4602673", "s1": "0", "s2": "0", "s": "on", "t": "13'", "m": "Rafinha's cross from the right was sent into the box"}, {"id": "4602672", "s1": "0", "s2": "0", "s": "on", "t": "13'", "m": "Bayern's attack on the left won a corner kick and the ball was cleared from the front post"}, {"id": "4602669", "s1": "0", "s2": "0", "s": "on", "t": "11'", "m": "The Bayern midfielder took the ball back and didn't seem in a hurry to attack"}, {"id": "4602668", "s1": "0", "s2": "0", "s": "on", "t": "9'", "m": "Bayern attacked from the left, the cross was sent to the front point and the defender's header was cleared"}, {"id": "4602667", "s1": "0", "s2": "0", "s": "on", "t": "9'", "m": "Bayern won a seven-goal win in the Champions League in midweek"}, {"id": "4602666", "s1": "0", "s2": "0", "s": "on", "t": "7'", "m": "Today Levan is on the wall"}, {"id": "4602665", "s1": "0", "s2": "0", "s": "on", "t": "7'", "m": "The free-kick hit the box and Renner took the ball off"}, {"id": "4602664", "s1": "0", "s2": "0", "s": "on", "t": "7'", "m": "A long-range set-piece on the left side of bremen's front"}, {"id": "4602663", "s1": "0", "s2": "0", "s": "on", "t": "5'", "m": "Schweinsteiger was fouled in midfield"}, {"id": "4602662", "s1": "0", "s2": "0", "s": "on", "t": "5'", "m": "Bayern's ball was cut off at the back and Bremen counter-attacked"}, {"id": "4602661", "s1": "0", "s2": "0", "s": "on", "t": "3'", "m": "This game Neuer was suspended"}, {"id": "4602660", "s1": "0", "s2": "0", "s": "on", "t": "3'", "m": "Bremen made a steal at the back and hit the left"}, {"id": "4602659", "s1": "0", "s2": "0", "s": "on", "t": "3'", "m": "A free-kick hit inside the box and Butlers deflected a pick-and-roll shot into the box"}, {"id": "4602658", "s1": "0", "s2": "0", "s": "on", "t": "2'", "m": "Bremen won a set-piece opportunity up front"}, {"id": "4602657", "s1": "0", "s2": "0", "s": "on", "t": "2'", "m": "The front of the Bremen penalty area was deflected with a kick"}, {"id": "4602656", "s1": "0", "s2": "0", "s": "on", "t": "1'", "m": "Bremen attacked on the right, and Selk broke through on the flank and was released from the sideline"}, {"id": "4602655", "s1": "0", "s2": "0", "s": "on", "t": "1'", "m": "Home team Bremen tee off"}, {"id": "4602654", "s1": "0", "s2": "0", "s": "on", "t": "1'", "m": "The race begins"}, {"id": "4602653", "s1": "0", "s2": "0", "s": "Not matched", "t": "", "m": "Players on both sides were active on the pitch and the weather was still cold"}, {"id": "4602652", "s1": "0", "s2": "0", "s": "Not matched", "t": "", "m": "The referee immediately asked the staff to deal with it, and the net leaked"}, {"id": "4602651", "s1": "0", "s2": "0", "s": "Not matched", "t": "", "m": "Before the game started, there was a problem with the goal net"}, {"id": "4602650", "s1": "0", "s2": "0", "s": "Not matched", "t": "", "m": "Bremen (4-4-2): Wolff/Gebrecerasi, Prodel, Westgard, Garcia/Bagfred, Fritz, Unuzovic, Öztunal/Bartles, Selke"}, {"id": "4602649", "s1": "0", "s2": "0", "s": "Not matched", "t": "", "m": "Before the match, the two sides announced their starting points: Bayern Munich (4-2-3-1): Rayner/Rafinha, Bernardia, Boateng, Bernat/Arabba, Schweinsteg/Rod, Götze, Müller/Lewandowski Substitutes: Stark, Dante, Gaudino, Ram, Kurt, Bad Stubel, Weizel"}, {"id": "4599685", "s1": "0", "s2": "0", "s": "Not matched", "t": "", "m": "In the last 8 Bundesliga matches, Bayern have won all of them. This season, Bayern have won 8, drawn 3 and lost 1 on the road, scoring 26 goals and conceding only 7 goals, ranking first in the Bundesliga. Bremen also performed well at home, with 6 wins, 3 draws and 3 losses, but in the last three bundesliga rounds, Bremen has only won one win, and the state is not ideal."}, {"id": "4599683", "s1": "0", "s2": "0", "s": "Not matched", "t": "", "m": "In the history of the Bundesliga, Bayern led Bremen with 46 wins, 25 draws and 26 defeats."}, {"id": "4599681", "s1": "0", "s2": "0", "s": "Not matched", "t": "", "m": "In stark contrast to Bayern, Bremen's defence is very poor, conceding 49 goals in 24 rounds, tied for the bottom of the Bundesliga, while in the last four meetings between the two teams, Bayern have scored 24 goals, averaging a whopping 6 goals per game."}, {"id": "4599680", "s1": "0", "s2": "0", "s": "Not matched", "t": "", "m": "In the last 7 official matches, Bayern have maintained all victories and scored a terrifying 32 goals, which is unstoppable. In the Champions League match in midweek, they also beat The Donetsk miners 7-0 and morale is at their peak."}, {"id": "4599679", "s1": "0", "s2": "0", "s": "Not matched", "t": "", "m": "At 22:30 Beijing time on March 14, the 25th round of the 2014-2015 Bundesliga season continued, and the leader Bayern Munich played away to Werder Bremen, with the Champions League victory to advance to Yuwei, Bayern is looking forward to continuing to expand the Bundesliga lead."}]