[{"id": "147", "s1": "2", "s2": "0", "s": "", "t": "", "m": "The game is over, thanks for watching."}, {"id": "146", "s1": "2", "s2": "0", "s": "", "t": "90'+3'", "m": "The second half ended."}, {"id": "145", "s1": "2", "s2": "0", "s": "", "t": "90'+3'", "m": "Bayer Leverkusen player Brandt tried but unfortunately the ball was deflected out of the goal."}, {"id": "144", "s1": "2", "s2": "0", "s": "", "t": "90'+3'", "m": "Bayern Munich players scramble for fouls and opponents get possession of the ball."}, {"id": "143", "s1": "2", "s2": "0", "s": "", "t": "90'+3'", "m": "Hilbert won a free kick for Bayer Leverkusen."}, {"id": "142", "s1": "2", "s2": "0", "s": "", "t": "90'+1'", "m": "Bayern Munich player Weisser was shown a yellow card by the referee."}, {"id": "141", "s1": "2", "s2": "0", "s": "", "t": "90'+1'", "m": "Bayern Munich players scramble for fouls and opponents get possession of the ball."}, {"id": "140", "s1": "2", "s2": "0", "s": "", "t": "90'+1'", "m": "Wendell won a free kick for Bayer Leverkusen."}, {"id": "139", "s1": "2", "s2": "0", "s": "", "t": "90'", "m": "Bayer Leverkusen player Vladlen Yurchenko tried but unfortunately the ball deflected off goal."}, {"id": "138", "s1": "2", "s2": "0", "s": "", "t": "90'", "m": "Substitution, replaced by Vladlen Yurchenko kommt für Karim Bellarabi"}, {"id": "137", "s1": "2", "s2": "0", "s": "", "t": "89'", "m": "Bayern Munich player Schweinsteiger was shown a yellow card by the referee."}, {"id": "136", "s1": "2", "s2": "0", "s": "", "t": "89'", "m": "Bayern Munich players scramble for fouls and opponents get possession of the ball."}, {"id": "135", "s1": "2", "s2": "0", "s": "", "t": "89'", "m": "Son Heung-min won a free kick for Bayer Leverkusen."}, {"id": "134", "s1": "2", "s2": "0", "s": "", "t": "87'", "m": "Bayern Munich players scramble for fouls and opponents get possession of the ball."}, {"id": "133", "s1": "2", "s2": "0", "s": "", "t": "87'", "m": "Won a free kick for Bayer Leverkusen."}, {"id": "132", "s1": "2", "s2": "0", "s": "", "t": "87'", "m": "Bayern Munich player Rafinha was shown a yellow card by the referee."}, {"id": "131", "s1": "2", "s2": "0", "s": "", "t": "87'", "m": "Bayer Leverkusen player Bella Rabi was shown a yellow card by the referee."}, {"id": "130", "s1": "2", "s2": "0", "s": "", "t": "87'", "m": "Bayer Leverkusen players were fouled for handball and the opponent was given the ball."}, {"id": "129", "s1": "2", "s2": "0", "s": "", "t": "86'", "m": "Rico Strieder won a free kick for Bayern Munich."}, {"id": "128", "s1": "2", "s2": "0", "s": "", "t": "86'", "m": "Leverkusen players scramble for fouls and opponents get possession of the ball."}, {"id": "127", "s1": "2", "s2": "0", "s": "", "t": "86'", "m": "Shot!!! Bayer Leverkusen player Delmić was saved by the opposing goalkeeper."}, {"id": "126", "s1": "2", "s2": "0", "s": "", "t": "83'", "m": "Rafinha won a free kick for Bayern Munich."}, {"id": "125", "s1": "2", "s2": "0", "s": "", "t": "83'", "m": "Leverkusen players scramble for fouls and opponents get possession of the ball."}, {"id": "124", "s1": "2", "s2": "0", "s": "", "t": "81'", "m": "Goal!!! Bayer Leverkusen player Brandt, the ball flew into the goal and the ball went in!  - ."}, {"id": "123", "s1": "1", "s2": "0", "s": "", "t": "80'", "m": "Handle the ball out of the bottom line and get a corner kick."}, {"id": "122", "s1": "1", "s2": "0", "s": "", "t": "80'", "m": "Bayer Leverkusen player Sun Heung-min was blocked by a defender."}, {"id": "121", "s1": "1", "s2": "0", "s": "", "t": "77'", "m": "Handle the ball out of the bottom line and get a corner kick."}, {"id": "120", "s1": "1", "s2": "0", "s": "", "t": "76'", "m": "Shot!!! Bayern Munich player Götze was saved by the opposing goalkeeper."}, {"id": "119", "s1": "1", "s2": "0", "s": "", "t": "76'", "m": "Götze won a free kick for Bayern Munich."}, {"id": "118", "s1": "1", "s2": "0", "s": "", "t": "76'", "m": "Leverkusen players scramble for fouls and opponents get possession of the ball."}, {"id": "117", "s1": "1", "s2": "0", "s": "", "t": "75'", "m": "Substitution, Julian Brandt kommt für Hakan Calhanoglu replaced"}, {"id": "116", "s1": "1", "s2": "0", "s": "", "t": "75'", "m": "Substitution, Josip Drmic kommt für Stefan Kießling replaced"}, {"id": "115", "s1": "1", "s2": "0", "s": "", "t": "74'", "m": "Schweinsterge won a free kick for Bayern Munich."}, {"id": "114", "s1": "1", "s2": "0", "s": "", "t": "74'", "m": "Leverkusen players scramble for fouls and opponents get possession of the ball."}, {"id": "113", "s1": "1", "s2": "0", "s": "", "t": "73'", "m": "Handle the ball out of the bottom line and get a corner kick."}, {"id": "112", "s1": "1", "s2": "0", "s": "", "t": "73'", "m": "Shot!!! Bayern Munich player Lukas Görtler was thrown sideways by the opposing goalkeeper."}, {"id": "111", "s1": "1", "s2": "0", "s": "", "t": "72'", "m": "Bayern Munich players scramble for fouls and opponents get possession of the ball."}, {"id": "110", "s1": "1", "s2": "0", "s": "", "t": "72'", "m": "基斯林Won a free kick for Bayer Leverkusen."}, {"id": "109", "s1": "1", "s2": "0", "s": "", "t": "72'", "m": "Substitution, replaced by Lukas Görtler kommt für Claudio Pizarro"}, {"id": "108", "s1": "1", "s2": "0", "s": "", "t": "71'", "m": "Bayern Munich player Dante was shown a yellow card by the referee."}, {"id": "107", "s1": "1", "s2": "0", "s": "", "t": "70'", "m": "Bayern Munich players scramble for fouls and opponents get possession of the ball."}, {"id": "106", "s1": "1", "s2": "0", "s": "", "t": "70'", "m": "基斯林Won a free kick for Bayer Leverkusen."}, {"id": "105", "s1": "1", "s2": "0", "s": "", "t": "69'", "m": "Bayern Munich players scramble for fouls and opponents get possession of the ball."}, {"id": "104", "s1": "1", "s2": "0", "s": "", "t": "69'", "m": "贝拉拉比Won a free kick for Bayer Leverkusen."}, {"id": "103", "s1": "1", "s2": "0", "s": "", "t": "68'", "m": "Rico Strieder won a free kick for Bayern Munich."}, {"id": "102", "s1": "1", "s2": "0", "s": "", "t": "68'", "m": "Leverkusen players scramble for fouls and opponents get possession of the ball."}, {"id": "101", "s1": "1", "s2": "0", "s": "", "t": "66'", "m": "Shot!!! Bayer Leverkusen player Raulfez was saved by the opposing goalkeeper."}, {"id": "100", "s1": "1", "s2": "0", "s": "", "t": "64'", "m": "Substitution, replaced by Thiago Alcántara kommt für Philipp Lahm"}, {"id": "99", "s1": "1", "s2": "0", "s": "", "t": "64'", "m": "Bayern Munich player Schweinster, blocked by a defender."}, {"id": "98", "s1": "1", "s2": "0", "s": "", "t": "63'", "m": "Gaudino won a free kick for Bayern Munich."}, {"id": "97", "s1": "1", "s2": "0", "s": "", "t": "63'", "m": "Leverkusen players scramble for fouls and opponents get possession of the ball."}, {"id": "96", "s1": "1", "s2": "0", "s": "", "t": "62'", "m": "Handle the ball out of the bottom line and get a corner kick."}, {"id": "95", "s1": "1", "s2": "0", "s": "", "t": "62'", "m": "The suspension ended and the players resumed playing."}, {"id": "94", "s1": "1", "s2": "0", "s": "", "t": "62'", "m": "Substitution, replaced by Medhi Benatia kommt für Javi Martínez"}, {"id": "93", "s1": "1", "s2": "0", "s": "", "t": "61'", "m": "There were player injuries and the game was suspended."}, {"id": "92", "s1": "1", "s2": "0", "s": "", "t": "61'", "m": "Handle the ball out of the bottom line and get a corner kick."}, {"id": "91", "s1": "1", "s2": "0", "s": "", "t": "59'", "m": "Rico Strieder won a free kick for Bayern Munich."}, {"id": "90", "s1": "1", "s2": "0", "s": "", "t": "59'", "m": "Leverkusen players scramble for fouls and opponents get possession of the ball."}, {"id": "89", "s1": "1", "s2": "0", "s": "", "t": "59'", "m": "Bayer Leverkusen player Jedvage tried but unfortunately the ball deflected off goal."}, {"id": "88", "s1": "1", "s2": "0", "s": "", "t": "59'", "m": "Handle the ball out of the bottom line and get a corner kick."}, {"id": "87", "s1": "1", "s2": "0", "s": "", "t": "58'", "m": "Shot!!! Bayer Leverkusen player Charhan'oulu was saved by the opposing goalkeeper."}, {"id": "86", "s1": "1", "s2": "0", "s": "", "t": "58'", "m": "Handle the ball out of the bottom line and get a corner kick."}, {"id": "85", "s1": "1", "s2": "0", "s": "", "t": "58'", "m": "Handle the ball out of the bottom line and get a corner kick."}, {"id": "84", "s1": "1", "s2": "0", "s": "", "t": "57'", "m": "Handle the ball out of the bottom line and get a corner kick."}, {"id": "83", "s1": "1", "s2": "0", "s": "", "t": "55'", "m": "Goal!!! Bayer Leverkusen player Charhanoglu, the ball flew into the goal and the ball went in!  - ."}, {"id": "82", "s1": "0", "s2": "0", "s": "", "t": "54'", "m": "Bayern Munich players scramble for fouls and opponents get possession of the ball."}, {"id": "81", "s1": "0", "s2": "0", "s": "", "t": "54'", "m": "基斯林Won a free kick for Bayer Leverkusen."}, {"id": "80", "s1": "0", "s2": "0", "s": "", "t": "51'", "m": "Lahm won a free kick for Bayern Munich."}, {"id": "79", "s1": "0", "s2": "0", "s": "", "t": "51'", "m": "Leverkusen players scramble for fouls and opponents get possession of the ball."}, {"id": "78", "s1": "0", "s2": "0", "s": "", "t": "50'", "m": ""}, {"id": "77", "s1": "0", "s2": "0", "s": "", "t": "49'", "m": "Shot!!! Bayer Leverkusen player Raulfez was saved by the opposing goalkeeper."}, {"id": "76", "s1": "0", "s2": "0", "s": "", "t": "49'", "m": "Handle the ball out of the bottom line and get a corner kick."}, {"id": "75", "s1": "0", "s2": "0", "s": "", "t": "48'", "m": "Shot!!! Bayern Munich player Pizarro was saved by the opposing goalkeeper."}, {"id": "74", "s1": "0", "s2": "0", "s": "", "t": "48'", "m": "Wendell won a free kick for Bayer Leverkusen."}, {"id": "73", "s1": "0", "s2": "0", "s": "", "t": "48'", "m": "Bayern Munich players scramble for fouls and opponents get possession of the ball."}, {"id": "72", "s1": "0", "s2": "0", "s": "", "t": "47'", "m": ""}, {"id": "71", "s1": "0", "s2": "0", "s": "", "t": "", "m": "The game begins"}, {"id": "70", "s1": "0", "s2": "0", "s": "", "t": "45'+1'", "m": "End of first half. With a break, we'll take a look at the performance of the two teams in the second half"}, {"id": "69", "s1": "0", "s2": "0", "s": "", "t": "45'", "m": "Shot!!! Bayer Leverkusen player Wendall was saved by the opposing goalkeeper."}, {"id": "68", "s1": "0", "s2": "0", "s": "", "t": "43'", "m": "Handle the ball out of the bottom line and get a corner kick."}, {"id": "67", "s1": "0", "s2": "0", "s": "", "t": "42'", "m": "Pizarro won a free kick for Bayern Munich."}, {"id": "66", "s1": "0", "s2": "0", "s": "", "t": "42'", "m": "Leverkusen players scramble for fouls and opponents get possession of the ball."}, {"id": "65", "s1": "0", "s2": "0", "s": "", "t": "41'", "m": "Lahm won a free kick for Bayern Munich."}, {"id": "64", "s1": "0", "s2": "0", "s": "", "t": "41'", "m": "Leverkusen players scramble for fouls and opponents get possession of the ball."}, {"id": "63", "s1": "0", "s2": "0", "s": "", "t": "40'", "m": "Götze won a free kick for Bayern Munich."}, {"id": "62", "s1": "0", "s2": "0", "s": "", "t": "40'", "m": "Leverkusen players scramble for fouls and opponents get possession of the ball."}, {"id": "61", "s1": "0", "s2": "0", "s": "", "t": "38'", "m": "Bayern Munich player Rafinha, blocked by a defender."}, {"id": "60", "s1": "0", "s2": "0", "s": "", "t": "37'", "m": "Weisser won a free kick for Bayern Munich."}, {"id": "59", "s1": "0", "s2": "0", "s": "", "t": "37'", "m": "Leverkusen players scramble for fouls and opponents get possession of the ball."}, {"id": "58", "s1": "0", "s2": "0", "s": "", "t": "36'", "m": "Shot!!! Bayer Leverkusen player Sun Heung-min was saved by the opposing goalkeeper."}, {"id": "57", "s1": "0", "s2": "0", "s": "", "t": "35'", "m": "Bayer Leverkusen player Jedvage tried but unfortunately the ball deflected off goal."}, {"id": "56", "s1": "0", "s2": "0", "s": "", "t": "35'", "m": "Bayer Leverkusen player Raul Fis tried but unfortunately the ball deflected off the goal."}, {"id": "55", "s1": "0", "s2": "0", "s": "", "t": "34'", "m": "Handle the ball out of the bottom line and get a corner kick."}, {"id": "54", "s1": "0", "s2": "0", "s": "", "t": "32'", "m": "Bayer Leverkusen player Bella Rabbi, blocked by a defender."}, {"id": "53", "s1": "0", "s2": "0", "s": "", "t": "32'", "m": "Bayern Munich player Pizarro tried but unfortunately the ball was deflected off goal."}, {"id": "52", "s1": "0", "s2": "0", "s": "", "t": "31'", "m": "Schweinsterge won a free kick for Bayern Munich."}, {"id": "51", "s1": "0", "s2": "0", "s": "", "t": "31'", "m": "Leverkusen players scramble for fouls and opponents get possession of the ball."}, {"id": "50", "s1": "0", "s2": "0", "s": "", "t": "30'", "m": "Schweinsterge won a free kick for Bayern Munich."}, {"id": "49", "s1": "0", "s2": "0", "s": "", "t": "30'", "m": "Leverkusen players scramble for fouls and opponents get possession of the ball."}, {"id": "48", "s1": "0", "s2": "0", "s": "", "t": "28'", "m": "Weisser won a free kick for Bayern Munich."}, {"id": "47", "s1": "0", "s2": "0", "s": "", "t": "28'", "m": "Leverkusen players scramble for fouls and opponents get possession of the ball."}, {"id": "46", "s1": "0", "s2": "0", "s": "", "t": "27'", "m": "Bayern Munich player Xavi Martinez tried but unfortunately the ball deflected off goal."}, {"id": "45", "s1": "0", "s2": "0", "s": "", "t": "27'", "m": "Handle the ball out of the bottom line and get a corner kick."}, {"id": "44", "s1": "0", "s2": "0", "s": "", "t": "27'", "m": "Bayern Munich player Götze, blocked by a defender."}, {"id": "43", "s1": "0", "s2": "0", "s": "", "t": "26'", "m": "Schweinsterge won a free kick for Bayern Munich."}, {"id": "42", "s1": "0", "s2": "0", "s": "", "t": "26'", "m": "Leverkusen players scramble for fouls and opponents get possession of the ball."}, {"id": "41", "s1": "0", "s2": "0", "s": "", "t": "25'", "m": "Bayern Munich players scramble for fouls and opponents get possession of the ball."}, {"id": "40", "s1": "0", "s2": "0", "s": "", "t": "25'", "m": "基斯林Won a free kick for Bayer Leverkusen."}, {"id": "39", "s1": "0", "s2": "0", "s": "", "t": "25'", "m": "Rico Strieder won a free kick for Bayern Munich."}, {"id": "38", "s1": "0", "s2": "0", "s": "", "t": "25'", "m": "Leverkusen players scramble for fouls and opponents get possession of the ball."}, {"id": "37", "s1": "0", "s2": "0", "s": "", "t": "24'", "m": "Rico Strieder won a free kick for Bayern Munich."}, {"id": "36", "s1": "0", "s2": "0", "s": "", "t": "24'", "m": "Leverkusen players scramble for fouls and opponents get possession of the ball."}, {"id": "35", "s1": "0", "s2": "0", "s": "", "t": "21'", "m": "Handle the ball out of the bottom line and get a corner kick."}, {"id": "34", "s1": "0", "s2": "0", "s": "", "t": "20'", "m": "Bayern Munich players scramble for fouls and opponents get possession of the ball."}, {"id": "33", "s1": "0", "s2": "0", "s": "", "t": "20'", "m": "贝拉拉比Won a free kick for Bayer Leverkusen."}, {"id": "32", "s1": "0", "s2": "0", "s": "", "t": "19'", "m": "Gaudino won a free kick for Bayern Munich."}, {"id": "31", "s1": "0", "s2": "0", "s": "", "t": "19'", "m": "Leverkusen players scramble for fouls and opponents get possession of the ball."}, {"id": "30", "s1": "0", "s2": "0", "s": "", "t": "19'", "m": "Rico Strieder won a free kick for Bayern Munich."}, {"id": "29", "s1": "0", "s2": "0", "s": "", "t": "19'", "m": "Leverkusen players scramble for fouls and opponents get possession of the ball."}, {"id": "28", "s1": "0", "s2": "0", "s": "", "t": "17'", "m": "Xavi Martinez won a free kick for Bayern Munich."}, {"id": "27", "s1": "0", "s2": "0", "s": "", "t": "17'", "m": "Leverkusen players scramble for fouls and opponents get possession of the ball."}, {"id": "26", "s1": "0", "s2": "0", "s": "", "t": "17'", "m": "Götze won a free kick for Bayern Munich."}, {"id": "25", "s1": "0", "s2": "0", "s": "", "t": "17'", "m": "Leverkusen players scramble for fouls and opponents get possession of the ball."}, {"id": "24", "s1": "0", "s2": "0", "s": "", "t": "16'", "m": "Bayer Leverkusen player Son Heung-min tried but unfortunately the ball deflected off goal."}, {"id": "23", "s1": "0", "s2": "0", "s": "", "t": "16'", "m": "Rafinha won a free kick for Bayern Munich."}, {"id": "22", "s1": "0", "s2": "0", "s": "", "t": "16'", "m": "Leverkusen players scramble for fouls and opponents get possession of the ball."}, {"id": "21", "s1": "0", "s2": "0", "s": "", "t": "15'", "m": "Bayern Munich players were fouled for handball and the opponent was given the ball."}, {"id": "20", "s1": "0", "s2": "0", "s": "", "t": "14'", "m": "Bayern Munich players scramble for fouls and opponents get possession of the ball."}, {"id": "19", "s1": "0", "s2": "0", "s": "", "t": "14'", "m": "基斯林Won a free kick for Bayer Leverkusen."}, {"id": "18", "s1": "0", "s2": "0", "s": "", "t": "13'", "m": "Son Heung-min won a free kick for Bayer Leverkusen."}, {"id": "17", "s1": "0", "s2": "0", "s": "", "t": "13'", "m": "Bayern Munich players scramble for fouls and opponents get possession of the ball."}, {"id": "16", "s1": "0", "s2": "0", "s": "", "t": "10'", "m": ""}, {"id": "15", "s1": "0", "s2": "0", "s": "", "t": "10'", "m": "Handle the ball out of the bottom line and get a corner kick."}, {"id": "14", "s1": "0", "s2": "0", "s": "", "t": "10'", "m": "Bayer Leverkusen player Toplak, blocked by a defender."}, {"id": "13", "s1": "0", "s2": "0", "s": "", "t": "9'", "m": "Handle the ball out of the bottom line and get a corner kick."}, {"id": "12", "s1": "0", "s2": "0", "s": "", "t": "9'", "m": "Bayer Leverkusen player Raul Fis was blocked by a defensive player."}, {"id": "11", "s1": "0", "s2": "0", "s": "", "t": "7'", "m": "Bayer Leverkusen player Son Heung-min tried but unfortunately the ball deflected off goal."}, {"id": "10", "s1": "0", "s2": "0", "s": "", "t": "6'", "m": "Shot!!! Bayern Munich player Götze was saved by the opposing goalkeeper."}, {"id": "9", "s1": "0", "s2": "0", "s": "", "t": "5'", "m": ""}, {"id": "8", "s1": "0", "s2": "0", "s": "", "t": "5'", "m": "Leverkusen players scramble for fouls and opponents get possession of the ball."}, {"id": "7", "s1": "0", "s2": "0", "s": "", "t": "5'", "m": "Götze won a free kick for Bayern Munich."}, {"id": "6", "s1": "0", "s2": "0", "s": "", "t": "4'", "m": "Leverkusen players scramble for fouls and opponents get possession of the ball."}, {"id": "5", "s1": "0", "s2": "0", "s": "", "t": "4'", "m": "Rafinha won a free kick for Bayern Munich."}, {"id": "4", "s1": "0", "s2": "0", "s": "", "t": "3'", "m": "Son Heung-min won a free kick for Bayer Leverkusen."}, {"id": "3", "s1": "0", "s2": "0", "s": "", "t": "3'", "m": "Bayern Munich players scramble for fouls and opponents get possession of the ball."}, {"id": "2", "s1": "0", "s2": "0", "s": "", "t": "2'", "m": "Bayer Leverkusen player Renats tried but unfortunately the ball deflected off goal."}, {"id": "1", "s1": "0", "s2": "0", "s": "", "t": "", "m": "The game begins"}]