[{"id": "111", "s1": "2", "s2": "2", "s": "", "t": "", "m": "The game is over, thanks for watching."}, {"id": "110", "s1": "2", "s2": "2", "s": "", "t": "90'+4'", "m": "The second half ended."}, {"id": "109", "s1": "2", "s2": "2", "s": "", "t": "90'+3'", "m": "Shot!!! Hannover 96 player Carlaman, was saved by the opposing goalkeeper."}, {"id": "108", "s1": "2", "s2": "2", "s": "", "t": "90'+1'", "m": "Handle the ball out of the bottom line and get a corner kick."}, {"id": "107", "s1": "2", "s2": "2", "s": "", "t": "90'+1'", "m": "Shot!!! Hannover 96 player Prieb was thrown sideways by the opposing goalkeeper."}, {"id": "106", "s1": "2", "s2": "2", "s": "", "t": "90'", "m": "Handle the ball out of the bottom line and get a corner kick."}, {"id": "105", "s1": "2", "s2": "2", "s": "", "t": "90'", "m": "Wolfsburg player Perisic, blocked by the defender."}, {"id": "104", "s1": "2", "s2": "2", "s": "", "t": "88'", "m": "Wolfsburg player Vierenia was shown a yellow card by the referee."}, {"id": "103", "s1": "2", "s2": "2", "s": "", "t": "88'", "m": "Wolfsburg players scramble for fouls and opponents get possession of the ball."}, {"id": "102", "s1": "2", "s2": "2", "s": "", "t": "88'", "m": "Briand won a free kick for the Hannover 96."}, {"id": "101", "s1": "2", "s2": "2", "s": "", "t": "88'", "m": "Wolfsburg player Perisic tried but unfortunately the ball deflected off goal."}, {"id": "100", "s1": "2", "s2": "2", "s": "", "t": "87'", "m": "Wolfsburg player Vierenia, blocked by defenders."}, {"id": "99", "s1": "2", "s2": "2", "s": "", "t": "85'", "m": "Wolfsburg player De Bruyne tried but unfortunately the ball deflected off goal."}, {"id": "98", "s1": "2", "s2": "2", "s": "", "t": "84'", "m": "Shot!!! Hannover 96 player Hiroshi Kiyotake was thrown sideways by the opposing goalkeeper."}, {"id": "97", "s1": "2", "s2": "2", "s": "", "t": "83'", "m": "Substitution, replaced by Christian Träsch kommt für Maximilian Arnold"}, {"id": "96", "s1": "2", "s2": "2", "s": "", "t": "83'", "m": "Substitution, replaced by Nicklas Bendtner kommt für Bas Dost"}, {"id": "95", "s1": "2", "s2": "2", "s": "", "t": "82'", "m": "Wolfsburg players scramble for fouls and opponents get possession of the ball."}, {"id": "94", "s1": "2", "s2": "2", "s": "", "t": "82'", "m": "Briand won a free kick for the Hannover 96."}, {"id": "93", "s1": "2", "s2": "2", "s": "", "t": "80'", "m": "Wolfsburg player Rodriguez tried but unfortunately the ball was deflected out of the goal."}, {"id": "92", "s1": "2", "s2": "2", "s": "", "t": "80'", "m": "Substitution, Felipe kommt für Christian Schulz aufgrund einer Verletzung replaced"}, {"id": "91", "s1": "2", "s2": "2", "s": "", "t": "79'", "m": "Handle the ball out of the bottom line and get a corner kick."}, {"id": "90", "s1": "2", "s2": "2", "s": "", "t": "79'", "m": "Hannover 96 player Sane tried, but unfortunately the ball was deflected off goal."}, {"id": "89", "s1": "2", "s2": "2", "s": "", "t": "77'", "m": "Shot!!! Hannover 96 player Schmidbach was saved by the opposing goalkeeper."}, {"id": "88", "s1": "2", "s2": "2", "s": "", "t": "76'", "m": "Vierenia won a free kick for Wolfsburg."}, {"id": "87", "s1": "2", "s2": "2", "s": "", "t": "76'", "m": "Hannover 96 players scrambled for fouls and the opponents were given possession."}, {"id": "86", "s1": "2", "s2": "2", "s": "", "t": "75'", "m": "Perisic won a free kick for Wolfsburg."}, {"id": "85", "s1": "2", "s2": "2", "s": "", "t": "75'", "m": "Hannover 96 players scrambled for fouls and the opponents were given possession."}, {"id": "84", "s1": "2", "s2": "2", "s": "", "t": "73'", "m": "Wolfsburg player De Bruyne tried but unfortunately the ball deflected off goal."}, {"id": "83", "s1": "2", "s2": "2", "s": "", "t": "72'", "m": "Handle the ball out of the bottom line and get a corner kick."}, {"id": "82", "s1": "2", "s2": "2", "s": "", "t": "72'", "m": "Wolfsburg player Calijuri, blocked by a defender."}, {"id": "81", "s1": "2", "s2": "2", "s": "", "t": "71'", "m": ""}, {"id": "80", "s1": "2", "s2": "2", "s": "", "t": "69'", "m": "Wolfsburg player De Bruyne tried but unfortunately the ball deflected off goal."}, {"id": "79", "s1": "2", "s2": "2", "s": "", "t": "69'", "m": "Substitution, Daniel Caligiuri kommt für André Schürrle replaced"}, {"id": "78", "s1": "2", "s2": "2", "s": "", "t": "67'", "m": "Wolfsburg players scramble for fouls and opponents get possession of the ball."}, {"id": "77", "s1": "2", "s2": "2", "s": "", "t": "67'", "m": "Hiroki Sakai won a free kick for the Hannover 96."}, {"id": "76", "s1": "2", "s2": "2", "s": "", "t": "66'", "m": "Wolfsburg player Rodriguez tried but unfortunately the ball was deflected out of the goal."}, {"id": "75", "s1": "2", "s2": "2", "s": "", "t": "66'", "m": "Wolfsburg player André Schürrle, blocked by the defender."}, {"id": "74", "s1": "2", "s2": "2", "s": "", "t": "65'", "m": "De Bruyne won a free kick for Wolfsburg."}, {"id": "73", "s1": "2", "s2": "2", "s": "", "t": "65'", "m": "Hannover 96 players scrambled for fouls and the opponents were given possession."}, {"id": "72", "s1": "2", "s2": "2", "s": "", "t": "63'", "m": "Gustavo won a free kick for Wolfsburg."}, {"id": "71", "s1": "2", "s2": "2", "s": "", "t": "63'", "m": "Hannover 96 players scrambled for fouls and the opponents were given possession."}, {"id": "70", "s1": "2", "s2": "2", "s": "", "t": "61'", "m": "Wolfsburg players were fouled for handball and the opponent was given the ball."}, {"id": "69", "s1": "2", "s2": "2", "s": "", "t": "60'", "m": "Handle the ball out of the bottom line and get a corner kick."}, {"id": "68", "s1": "2", "s2": "2", "s": "", "t": "60'", "m": "Wolfsburg player Perisic tried but unfortunately the ball deflected off goal."}, {"id": "67", "s1": "2", "s2": "2", "s": "", "t": "60'", "m": "Shot!!! Wolfsburg player De Bruyne was saved by the opposing goalkeeper."}, {"id": "66", "s1": "2", "s2": "2", "s": "", "t": "59'", "m": "Dost won a free kick for Wolfsburg."}, {"id": "65", "s1": "2", "s2": "2", "s": "", "t": "59'", "m": "Hannover 96 players scrambled for fouls and the opponents were given possession."}, {"id": "64", "s1": "2", "s2": "2", "s": "", "t": "58'", "m": "Goal!!! Hannover 96 player Sane, the ball flew from the fly into the goal, the ball went in!  - ."}, {"id": "63", "s1": "2", "s2": "1", "s": "", "t": "57'", "m": "Handle the ball out of the bottom line and get a corner kick."}, {"id": "62", "s1": "2", "s2": "1", "s": "", "t": "57'", "m": "Hannover 96 player Sane, blocked by defenders."}, {"id": "61", "s1": "2", "s2": "1", "s": "", "t": "57'", "m": "Wolfsburg players scramble for fouls and opponents get possession of the ball."}, {"id": "60", "s1": "2", "s2": "1", "s": "", "t": "57'", "m": "Briand won a free kick for the Hannover 96."}, {"id": "59", "s1": "2", "s2": "1", "s": "", "t": "56'", "m": ""}, {"id": "58", "s1": "2", "s2": "1", "s": "", "t": "56'", "m": "Hannover 96 player Prieb was shown a yellow card by the referee."}, {"id": "57", "s1": "2", "s2": "1", "s": "", "t": "56'", "m": "Arnold won a free kick for Wolfsburg."}, {"id": "56", "s1": "2", "s2": "1", "s": "", "t": "56'", "m": "Hannover 96 players scrambled for fouls and the opponents were given possession."}, {"id": "55", "s1": "2", "s2": "1", "s": "", "t": "55'", "m": "Wolfsburg player Perisic hit the goalpost."}, {"id": "54", "s1": "2", "s2": "1", "s": "", "t": "54'", "m": "Handle the ball out of the bottom line and get a corner kick."}, {"id": "53", "s1": "2", "s2": "1", "s": "", "t": "52'", "m": "Wolfsburg players scramble for fouls and opponents get possession of the ball."}, {"id": "52", "s1": "2", "s2": "1", "s": "", "t": "52'", "m": "Albonos won a free kick for the Hannover 96."}, {"id": "51", "s1": "2", "s2": "1", "s": "", "t": "52'", "m": ""}, {"id": "50", "s1": "2", "s2": "1", "s": "", "t": "51'", "m": "Shot!!! Hannover 96 player Briand was saved by the opposing goalkeeper."}, {"id": "49", "s1": "2", "s2": "1", "s": "", "t": "51'", "m": "Hannover 96 player Marcelo, blocked by a defender."}, {"id": "48", "s1": "2", "s2": "1", "s": "", "t": "51'", "m": "Handle the ball out of the bottom line and get a corner kick."}, {"id": "47", "s1": "2", "s2": "1", "s": "", "t": "51'", "m": "Hannover 96 player Carlaman, blocked by the defender."}, {"id": "46", "s1": "2", "s2": "1", "s": "", "t": "50'", "m": "André Schürrle won a free kick for Wolfsburg."}, {"id": "45", "s1": "2", "s2": "1", "s": "", "t": "50'", "m": "Hannover 96 players scrambled for fouls and the opponents were given possession."}, {"id": "44", "s1": "2", "s2": "1", "s": "", "t": "49'", "m": "Wolfsburg players were fouled for handball and the opponent was given the ball."}, {"id": "43", "s1": "2", "s2": "1", "s": "", "t": "48'", "m": "Gustavo won a free kick for Wolfsburg."}, {"id": "42", "s1": "2", "s2": "1", "s": "", "t": "48'", "m": "Hannover 96 players scrambled for fouls and the opponents were given possession."}, {"id": "41", "s1": "2", "s2": "1", "s": "", "t": "47'", "m": "Goal!!! Hannover 96 player Briand, the ball flew from the fly into the goal, the ball went in!  - ."}, {"id": "40", "s1": "2", "s2": "0", "s": "", "t": "", "m": "The game begins"}, {"id": "39", "s1": "2", "s2": "0", "s": "", "t": "45'", "m": "Substitution, Replaced by Kenan Karaman Kommt für Leon Andreasen"}, {"id": "38", "s1": "2", "s2": "0", "s": "", "t": "45'", "m": "Substitution, Replaced by Jimmy Briand kommt für Joselu"}, {"id": "37", "s1": "2", "s2": "0", "s": "", "t": "45'+2'", "m": "End of first half. With a break, we'll take a look at the performance of the two teams in the second half"}, {"id": "36", "s1": "2", "s2": "0", "s": "", "t": "45'", "m": "Goal!!! Wolfsburg player Perisic, the ball flew from the fly into the goal, the ball went in!  - ."}, {"id": "35", "s1": "1", "s2": "0", "s": "", "t": "41'", "m": "André Schürrle won a free kick for Wolfsburg."}, {"id": "34", "s1": "1", "s2": "0", "s": "", "t": "41'", "m": "Hannover 96 players scrambled for fouls and the opponents were given possession."}, {"id": "33", "s1": "1", "s2": "0", "s": "", "t": "38'", "m": "Wolfsburg players scramble for fouls and opponents get possession of the ball."}, {"id": "32", "s1": "1", "s2": "0", "s": "", "t": "38'", "m": "Hiroki Sakai won a free kick for the Hannover 96."}, {"id": "31", "s1": "1", "s2": "0", "s": "", "t": "33'", "m": "André Schürrle won a free kick for Wolfsburg."}, {"id": "30", "s1": "1", "s2": "0", "s": "", "t": "33'", "m": "Hannover 96 players scrambled for fouls and the opponents were given possession."}, {"id": "29", "s1": "1", "s2": "0", "s": "", "t": "27'", "m": "Hannover 96 players scrambled for fouls and the opponents were given possession."}, {"id": "28", "s1": "1", "s2": "0", "s": "", "t": "27'", "m": "Vierenia won a free kick for Wolfsburg."}, {"id": "27", "s1": "1", "s2": "0", "s": "", "t": "26'", "m": "The suspension ended and the players resumed playing."}, {"id": "26", "s1": "1", "s2": "0", "s": "", "t": "24'", "m": "There were player injuries and the game was suspended."}, {"id": "25", "s1": "1", "s2": "0", "s": "", "t": "24'", "m": "Goal!!! Wolfsburg player Dost, the ball flew from the fly into the goal, the ball went in!  - ."}, {"id": "24", "s1": "0", "s2": "0", "s": "", "t": "23'", "m": "Wolfsburg player Rodriguez, blocked by the defender."}, {"id": "23", "s1": "0", "s2": "0", "s": "", "t": "22'", "m": "Hannover 96 players scrambled for fouls and the opponents were given possession."}, {"id": "22", "s1": "0", "s2": "0", "s": "", "t": "22'", "m": "Gustavo won a free kick for Wolfsburg."}, {"id": "21", "s1": "0", "s2": "0", "s": "", "t": "22'", "m": "Shot!!! Hannover 96 player AndreAssen was saved by the opposing goalkeeper."}, {"id": "20", "s1": "0", "s2": "0", "s": "", "t": "18'", "m": "Shot!!! Wolfsburg player Rodriguez was saved by the opposing goalkeeper."}, {"id": "19", "s1": "0", "s2": "0", "s": "", "t": "18'", "m": "Wolfsburg player Naldo, blocked by defensive players."}, {"id": "18", "s1": "0", "s2": "0", "s": "", "t": "17'", "m": "Hannover 96 players were fouled for handball and the opponent was given the ball."}, {"id": "17", "s1": "0", "s2": "0", "s": "", "t": "17'", "m": "Hannover 96 players scrambled for fouls and the opponents were given possession."}, {"id": "16", "s1": "0", "s2": "0", "s": "", "t": "17'", "m": "De Bruyne won a free kick for Wolfsburg."}, {"id": "15", "s1": "0", "s2": "0", "s": "", "t": "16'", "m": ""}, {"id": "14", "s1": "0", "s2": "0", "s": "", "t": "14'", "m": "Wolfsburg player André Schürrle tried, but unfortunately the ball deflected off goal."}, {"id": "13", "s1": "0", "s2": "0", "s": "", "t": "13'", "m": "Zeller won a free kick for the Hannover 96."}, {"id": "12", "s1": "0", "s2": "0", "s": "", "t": "13'", "m": "Wolfsburg players scramble for fouls and opponents get possession of the ball."}, {"id": "11", "s1": "0", "s2": "0", "s": "", "t": "13'", "m": "Wolfsburg player André Schürrle, blocked by the defender."}, {"id": "10", "s1": "0", "s2": "0", "s": "", "t": "10'", "m": "Hannover 96 player Sane, blocked by defenders."}, {"id": "9", "s1": "0", "s2": "0", "s": "", "t": "7'", "m": "Hannover 96 player Sane, blocked by defenders."}, {"id": "8", "s1": "0", "s2": "0", "s": "", "t": "5'", "m": "Handle the ball out of the bottom line and get a corner kick."}, {"id": "7", "s1": "0", "s2": "0", "s": "", "t": "5'", "m": "Shot!!! Jose Lu, Hanover's 96 player, was saved by the opposing goalkeeper."}, {"id": "6", "s1": "0", "s2": "0", "s": "", "t": "4'", "m": "Handle the ball out of the bottom line and get a corner kick."}, {"id": "5", "s1": "0", "s2": "0", "s": "", "t": "2'", "m": "Hannover 96 players scrambled for fouls and the opponents were given possession."}, {"id": "4", "s1": "0", "s2": "0", "s": "", "t": "2'", "m": "Vierenia won a free kick for Wolfsburg."}, {"id": "3", "s1": "0", "s2": "0", "s": "", "t": "1'", "m": "Hannover 96 players scrambled for fouls and the opponents were given possession."}, {"id": "2", "s1": "0", "s2": "0", "s": "", "t": "1'", "m": "Vierenia won a free kick for Wolfsburg."}, {"id": "1", "s1": "0", "s2": "0", "s": "", "t": "", "m": "The game begins"}]