[{"id": "119", "s1": "3", "s2": "1", "s": "", "t": "", "m": "The match ended with Bayern Munich 3-1 Mainz, thank you for watching The Sina Football Live."}, {"id": "118", "s1": "3", "s2": "1", "s": "", "t": "90'+3'", "m": "At the end of the second half, Bayern Munich 3-1 Mainz"}, {"id": "117", "s1": "3", "s2": "1", "s": "", "t": "90'+2'", "m": "Goal!!! Bayern Munich player Kroos fired a left-footed shot from the centre of the penalty area and the ball flew into the net from the bottom left corner and the ball went in! The assist was Assisted by Harvey Martinez. Bayern Munich 3-1 Mainz."}, {"id": "116", "s1": "2", "s2": "1", "s": "", "t": "90'+2'", "m": "Shot!!! Bayern Munich player C-Pizarro's right-footed shot from the right side of the penalty area was saved by the opposing goalkeeper. It was Muller who gave him the pass."}, {"id": "115", "s1": "2", "s2": "1", "s": "", "t": "90'+1'", "m": "Bayern Munich player Kroos' right-footed shot from the centre of the penalty area was blocked by a defender. It was Muller who gave him the pass."}, {"id": "114", "s1": "2", "s2": "1", "s": "", "t": "89'", "m": "Ram won a free kick for Bayern Munich on the right."}, {"id": "113", "s1": "2", "s2": "1", "s": "", "t": "89'", "m": "Mainz player Nikola Müller scrambled for a foul and the opponent was given possession of the ball."}, {"id": "112", "s1": "2", "s2": "1", "s": "", "t": "89'", "m": "Bayern Munich made a substitution, and C-Pizarro replaced Mandirukic"}, {"id": "111", "s1": "2", "s2": "1", "s": "", "t": "87'", "m": "Bayern Munich player Kroos tucked the ball straight into Müller, but the referee raised a flag to show that the latter was offside."}, {"id": "110", "s1": "2", "s2": "1", "s": "", "t": "86'", "m": "Bayern Munich player Mandžukić scrambled for a foul and the opponent gained possession of the ball."}, {"id": "109", "s1": "2", "s2": "1", "s": "", "t": "86'", "m": "Bunget won a free kick for Mainz."}, {"id": "108", "s1": "2", "s2": "1", "s": "", "t": "85'", "m": "Yellow! Mainz player Bunget was shown a yellow card by the referee for a malicious foul."}, {"id": "107", "s1": "2", "s2": "1", "s": "", "t": "85'", "m": "Müller won a free kick for Bayern Munich in the opposing half."}, {"id": "106", "s1": "2", "s2": "1", "s": "", "t": "85'", "m": "Mainz player Bunget scrambled for a foul and the opponent was given possession."}, {"id": "105", "s1": "2", "s2": "1", "s": "", "t": "84'", "m": "Postièch handled the ball out of the bottom line and Bayern Munich won a corner kick."}, {"id": "104", "s1": "2", "s2": "1", "s": "", "t": "83'", "m": "Postièch handled the ball out of the bottom line and Bayern Munich won a corner kick."}, {"id": "103", "s1": "2", "s2": "1", "s": "", "t": "82'", "m": "Kroos won a free kick for Bayern Munich at the opposing half."}, {"id": "102", "s1": "2", "s2": "1", "s": "", "t": "82'", "m": "Mainz player Kirchhoff scrambled for a foul and the opponent was given possession of the ball."}, {"id": "101", "s1": "2", "s2": "1", "s": "", "t": "80'", "m": "Shot!!! Bayern Munich player Kroos' right-footed shot from the centre of the penalty area was saved by the opposing goalkeeper. It was Muller who gave him the pass."}, {"id": "100", "s1": "2", "s2": "1", "s": "", "t": "79'", "m": "Müller won a free kick for Bayern Munich in the opposing half."}, {"id": "99", "s1": "2", "s2": "1", "s": "", "t": "79'", "m": "Mainz player Nowitz player Nowitzki scrambled for a foul and the opponent gained possession of the ball."}, {"id": "98", "s1": "2", "s2": "1", "s": "", "t": "79'", "m": "Mainz was replaced, ivan schitz replaced Chupomotin"}, {"id": "97", "s1": "2", "s2": "1", "s": "", "t": "78'", "m": "Shot!!! Bayern Munich player Dante's header from the centre of the penalty area was saved by the opposing goalkeeper. It was Ram who gave him the pass."}, {"id": "96", "s1": "2", "s2": "1", "s": "", "t": "77'", "m": "Kirchhoff handled the ball out of the bottom line and Bayern Munich won a corner kick."}, {"id": "95", "s1": "2", "s2": "1", "s": "", "t": "77'", "m": "Bungett handled the ball out of the box and Bayern Munich won a corner kick."}, {"id": "94", "s1": "2", "s2": "1", "s": "", "t": "77'", "m": "Bayern Munich player Müller's right-footed shot from the centre of the penalty area was blocked by a defender."}, {"id": "93", "s1": "2", "s2": "1", "s": "", "t": "77'", "m": "Bayern Munich player Müller's right-footed shot from the centre of the penalty area was blocked by a defender.给他传球的是施魏因斯泰格."}, {"id": "92", "s1": "2", "s2": "1", "s": "", "t": "76'", "m": "Bayern Munich made a substitution and Javi Martinez replaced Shakiri"}, {"id": "91", "s1": "2", "s2": "1", "s": "", "t": "73'", "m": "Mandirukic won a free kick for Bayern Munich on the right."}, {"id": "90", "s1": "2", "s2": "1", "s": "", "t": "73'", "m": "Mainz player Nowitz player Nowitzki scrambled for a foul and the opponent gained possession of the ball."}, {"id": "89", "s1": "2", "s2": "1", "s": "", "t": "71'", "m": "Bayern Munich player Shakiri attempted a left-footed shot from the centre of the penalty area, but unfortunately the ball was slightly offside the left goal. It was Muller who gave him the pass."}, {"id": "88", "s1": "2", "s2": "1", "s": "", "t": "70'", "m": "Bayern Munich player Müller tried a right-footed shot from the right side of the penalty area, but unfortunately the ball was slightly offside the right goal. It was Kroos who gave him the ball."}, {"id": "87", "s1": "2", "s2": "1", "s": "", "t": "68'", "m": "Bayern Munich player Shakiri scrambled for a foul and his opponent gained possession of the ball."}, {"id": "86", "s1": "2", "s2": "1", "s": "", "t": "68'", "m": "BaumgartLinger won a free kick for Mainz on the right."}, {"id": "85", "s1": "2", "s2": "1", "s": "", "t": "67'", "m": "Kirchhoff handled the ball out of the bottom line and Bayern Munich won a corner kick."}, {"id": "84", "s1": "2", "s2": "1", "s": "", "t": "67'", "m": "Kirchhoff handled the ball out of the bottom line and Bayern Munich won a corner kick."}, {"id": "83", "s1": "2", "s2": "1", "s": "", "t": "67'", "m": "Bayern Munich player Schweinsterger's right-footed shot from outside the penalty area was blocked by a defender. It was Kroos who gave him the ball."}, {"id": "82", "s1": "2", "s2": "1", "s": "", "t": "66'", "m": "Bungett handled the ball out of the box and Bayern Munich won a corner kick."}, {"id": "81", "s1": "2", "s2": "1", "s": "", "t": "66'", "m": "Bayern Munich player Mandzijo Kić's right-footed shot from the right side of the penalty area hit the right upright post. It was Kroos who gave him the ball."}, {"id": "80", "s1": "2", "s2": "1", "s": "", "t": "65'", "m": "Bayern Munich player Dante attempted a header in the centre of the penalty area, but unfortunately the ball was slightly offside the right goal. It was Kroos who gave him the ball."}, {"id": "79", "s1": "2", "s2": "1", "s": "", "t": "64'", "m": "Müller won a free kick for Bayern Munich in the opposing half."}, {"id": "78", "s1": "2", "s2": "1", "s": "", "t": "64'", "m": "Mainz player Baum Gatlinger scrambled for a foul and the opponent was given possession of the ball."}, {"id": "77", "s1": "2", "s2": "1", "s": "", "t": "62'", "m": "Nicolas Müller handled the ball out of the line and Bayern Munich won a corner kick."}, {"id": "76", "s1": "2", "s2": "1", "s": "", "t": "61'", "m": "Mainz player Baumgartlinger's left-footed shot from outside the penalty area was blocked by a defender."}, {"id": "75", "s1": "2", "s2": "1", "s": "", "t": "61'", "m": "Mainz player Kirchhoff's right-footed shot from outside the penalty area was blocked by a defender."}, {"id": "74", "s1": "2", "s2": "1", "s": "", "t": "60'", "m": "Yellow! Bayern Munich player Luis Gustavo was shown a yellow card by the referee for a malicious foul."}, {"id": "73", "s1": "2", "s2": "1", "s": "", "t": "60'", "m": "Bayern Munich player Luis Gustavo scrambled for a foul and his opponent was given possession of the ball."}, {"id": "72", "s1": "2", "s2": "1", "s": "", "t": "60'", "m": "BaumgartLinger won a free kick for Mainz at the opposing half."}, {"id": "71", "s1": "2", "s2": "1", "s": "", "t": "59'", "m": "Goal!!! Mainz player Szarler shot with his right foot, the ball flew into the goal from the bottom left corner and the ball went in! Bayern Munich 2-1 Mainz."}, {"id": "70", "s1": "2", "s2": "0", "s": "", "t": "58'", "m": "Bayern Munich player Denter committed a foul that resulted in a penalty."}, {"id": "69", "s1": "2", "s2": "0", "s": "", "t": "58'", "m": "Penalty, Baumgartlinger was violated inside the penalty area and Mainz received a penalty."}, {"id": "68", "s1": "2", "s2": "0", "s": "", "t": "58'", "m": "Bad Stube handled the ball out of the line and Mainz won a corner."}, {"id": "67", "s1": "2", "s2": "0", "s": "", "t": "56'", "m": "Shot!!! Bayern Munich player Kroos' right-footed shot from outside the penalty area was saved by the opposing goalkeeper. It was Bad Stuber who gave him the pass."}, {"id": "66", "s1": "2", "s2": "0", "s": "", "t": "55'", "m": "Shot!!! Bayern Munich player Müller's right-footed shot from the right side of the penalty area was saved by the opposing goalkeeper."}, {"id": "65", "s1": "2", "s2": "0", "s": "", "t": "54'", "m": "Mainz player Szale kicked the ball straight into Chupomotin, but the referee raised a flag to show that the latter was offside."}, {"id": "64", "s1": "2", "s2": "0", "s": "", "t": "53'", "m": "Mainz player Szarler's right-footed shot from the centre of the penalty area was blocked by a defender. It was Kirchhoff who gave him the ball."}, {"id": "63", "s1": "2", "s2": "0", "s": "", "t": "52'", "m": "Bayern Munich player Boateng tried his header in front of the goal line, but unfortunately the ball was slightly above goal. It was Shakiri who passed the ball to him."}, {"id": "62", "s1": "2", "s2": "0", "s": "", "t": "51'", "m": "Schweinsterger won a free kick for Bayern Munich on the right."}, {"id": "61", "s1": "2", "s2": "0", "s": "", "t": "51'", "m": "Mainz player Nikola Müller scrambled for a foul and the opponent was given possession of the ball."}, {"id": "60", "s1": "2", "s2": "0", "s": "", "t": "50'", "m": "Vitclow handled the ball out of the bottom line and Bayern Munich won a corner kick."}, {"id": "59", "s1": "2", "s2": "0", "s": "", "t": "50'", "m": "Shot!!! Bayern Munich player Shakiri's left-footed shot from a wide distance on the right was saved by the opposing goalkeeper."}, {"id": "58", "s1": "2", "s2": "0", "s": "", "t": "50'", "m": "Mandirukic won a free kick for Bayern Munich on the right."}, {"id": "57", "s1": "2", "s2": "0", "s": "", "t": "50'", "m": "Mainz player Baum Gatlinger scrambled for a foul and the opponent was given possession of the ball."}, {"id": "56", "s1": "2", "s2": "0", "s": "", "t": "48'", "m": "Bayern Munich player Mandžukić scrambled for a foul and the opponent gained possession of the ball."}, {"id": "55", "s1": "2", "s2": "0", "s": "", "t": "48'", "m": "Zabavnik won a free kick for Mainz."}, {"id": "54", "s1": "2", "s2": "0", "s": "", "t": "47'", "m": "Boateng handled the ball out of the bottom line and Mainz won the corner."}, {"id": "53", "s1": "2", "s2": "0", "s": "", "t": "47'", "m": "Mainz player Soto's left-footed shot from the centre of the penalty area was blocked by a defender."}, {"id": "52", "s1": "2", "s2": "0", "s": "", "t": "47'", "m": "Bayern Munich player Mandžukić scrambled for a foul and the opponent gained possession of the ball."}, {"id": "51", "s1": "2", "s2": "0", "s": "", "t": "47'", "m": "Nikola Müller won a free kick for Mainz."}, {"id": "50", "s1": "2", "s2": "0", "s": "", "t": "", "m": "The second half began with Bayern Munich 2-0 Mainz"}, {"id": "49", "s1": "2", "s2": "0", "s": "", "t": "45'+1'", "m": "At the end of the first half, Bayern Munich 2-0 Mainz, with a short break, we will take a look at the performance of the two teams in the second half."}, {"id": "48", "s1": "2", "s2": "0", "s": "", "t": "45'", "m": "Kroos won a free kick for Bayern Munich."}, {"id": "47", "s1": "2", "s2": "0", "s": "", "t": "45'", "m": "Mainz player Soto scrambled for a foul and the opponent was given possession of the ball."}, {"id": "46", "s1": "2", "s2": "0", "s": "", "t": "44'", "m": "Bayern Munich player Shakiri scrambled for a foul and his opponent gained possession of the ball."}, {"id": "45", "s1": "2", "s2": "0", "s": "", "t": "44'", "m": "Perspierch won a free kick for Mainz on the right."}, {"id": "44", "s1": "2", "s2": "0", "s": "", "t": "43'", "m": "Mainz player Chupomotin's right-footed shot from the centre of the penalty area was blocked by a defender. The one who gave him the ball was Perspierikh."}, {"id": "43", "s1": "2", "s2": "0", "s": "", "t": "42'", "m": "Mandirukic won a free kick for Bayern Munich on the left side."}, {"id": "42", "s1": "2", "s2": "0", "s": "", "t": "42'", "m": "Mainz player Baum Gatlinger scrambled for a foul and the opponent was given possession of the ball."}, {"id": "41", "s1": "2", "s2": "0", "s": "", "t": "40'", "m": "Yellow! Mainz player Kirchhoff was shown a yellow card by the referee for a malicious foul."}, {"id": "40", "s1": "2", "s2": "0", "s": "", "t": "40'", "m": "Müller won a free kick for Bayern Munich in the opposing half."}, {"id": "39", "s1": "2", "s2": "0", "s": "", "t": "40'", "m": "Mainz player Kirchhoff scrambled for a foul and the opponent was given possession of the ball."}, {"id": "38", "s1": "2", "s2": "0", "s": "", "t": "40'", "m": "Bayern Munich player Ram slammed the ball straight into Müller, but the referee raised a flag to show that the latter was offside."}, {"id": "37", "s1": "2", "s2": "0", "s": "", "t": "37'", "m": "Bayern Munich player Neuer kicked the ball straight into Müller, but the referee raised a flag to show that the latter was offside."}, {"id": "36", "s1": "2", "s2": "0", "s": "", "t": "37'", "m": "Mainz replaced, Soto replaced Calijuri"}, {"id": "35", "s1": "2", "s2": "0", "s": "", "t": "37'", "m": "Mainz replaced, Szale replaced Lieser"}, {"id": "34", "s1": "2", "s2": "0", "s": "", "t": "35'", "m": "Bayern Munich player Luis Gustavo scrambled for a foul and his opponent was given possession of the ball."}, {"id": "33", "s1": "2", "s2": "0", "s": "", "t": "35'", "m": "Nikola Müller won a free kick for Mainz."}, {"id": "32", "s1": "2", "s2": "0", "s": "", "t": "34'", "m": "Ram won a free kick for Bayern Munich on the right."}, {"id": "31", "s1": "2", "s2": "0", "s": "", "t": "34'", "m": "Mainz player Riser scrambled for a foul and the opponent was given possession."}, {"id": "30", "s1": "2", "s2": "0", "s": "", "t": "33'", "m": "Bayern Munich player Bad Stuber scrambled for a foul and the opponent was given possession of the ball."}, {"id": "29", "s1": "2", "s2": "0", "s": "", "t": "33'", "m": "BaumgartLinger won a free kick for Mainz on the right."}, {"id": "28", "s1": "2", "s2": "0", "s": "", "t": "32'", "m": "Bayern Munich player Kroos scrambled for a foul and the opponent was given possession."}, {"id": "27", "s1": "2", "s2": "0", "s": "", "t": "32'", "m": "Riser won a free kick for Mainz."}, {"id": "26", "s1": "2", "s2": "0", "s": "", "t": "29'", "m": "Müller won a free kick for Bayern Munich in the opposing half."}, {"id": "25", "s1": "2", "s2": "0", "s": "", "t": "29'", "m": "Mainz player Nikola Müller scrambled for a foul and the opponent was given possession of the ball."}, {"id": "24", "s1": "2", "s2": "0", "s": "", "t": "28'", "m": "Bayern Munich player Ram scrambled for a foul and the opponent was given possession of the ball."}, {"id": "23", "s1": "2", "s2": "0", "s": "", "t": "28'", "m": "Calijuri won a free kick for Mainz at the opposing half."}, {"id": "22", "s1": "2", "s2": "0", "s": "", "t": "25'", "m": "Shakiri won a free kick for Bayern Munich on the left."}, {"id": "21", "s1": "2", "s2": "0", "s": "", "t": "25'", "m": "Mainz player Kirchhoff scrambled for a foul and the opponent was given possession of the ball."}, {"id": "20", "s1": "2", "s2": "0", "s": "", "t": "19'", "m": "Bayern Munich player Müller's right-footed shot from outside the penalty area was blocked by a defender. It was Kroos who gave him the ball."}, {"id": "19", "s1": "2", "s2": "0", "s": "", "t": "18'", "m": "Mainz player Bunget kicked the ball straight into Reese, but the referee raised a flag to show that the latter was offside."}, {"id": "18", "s1": "2", "s2": "0", "s": "", "t": "17'", "m": "Bayern Munich player Shakiri slammed the ball straight into Mandirukic, but the referee raised a flag to show the latter was offside."}, {"id": "17", "s1": "2", "s2": "0", "s": "", "t": "16'", "m": "Schweinsterger won a free kick for Bayern Munich on the right."}, {"id": "16", "s1": "2", "s2": "0", "s": "", "t": "16'", "m": "Mainz player Nikola Müller scrambled for a foul and the opponent was given possession of the ball."}, {"id": "15", "s1": "2", "s2": "0", "s": "", "t": "14'", "m": "Bayern Munich player Müller tried a left-footed shot from outside the penalty area, but unfortunately the ball was deflected off target. It was Kroos who gave him the ball."}, {"id": "14", "s1": "2", "s2": "0", "s": "", "t": "14'", "m": "Mainz player BaumgartLinger attempted a right-footed shot from outside the penalty area, but unfortunately the ball went high above goal. It was Reese who gave him the pass."}, {"id": "13", "s1": "2", "s2": "0", "s": "", "t": "13'", "m": "Goal!!! Bayern Munich player Schweinsteiger's header from the centre of the penalty area, the ball flew from the bottom right corner of the goal and the ball went in! Assisted by Budd Stuber. Bayern Munich 2-0 Mainz."}, {"id": "12", "s1": "1", "s2": "0", "s": "", "t": "12'", "m": "Kroos won a free kick for Bayern Munich at the opposing half."}, {"id": "11", "s1": "1", "s2": "0", "s": "", "t": "12'", "m": "Mainz player Kirchhoff scrambled for a foul and the opponent was given possession of the ball."}, {"id": "10", "s1": "1", "s2": "0", "s": "", "t": "10'", "m": "Bayern Munich player Müller tried to head the ball in the centre of the penalty area, but unfortunately the ball deflected off goal. It was Shakiri who passed the ball to him."}, {"id": "9", "s1": "1", "s2": "0", "s": "", "t": "8'", "m": "Bayern Munich player Dante scrambled for a foul and his opponent was given possession of the ball."}, {"id": "8", "s1": "1", "s2": "0", "s": "", "t": "8'", "m": "Bunget won a free kick for Mainz."}, {"id": "7", "s1": "1", "s2": "0", "s": "", "t": "7'", "m": "Ram won a free kick for Bayern Munich on the right."}, {"id": "6", "s1": "1", "s2": "0", "s": "", "t": "7'", "m": "Mainz player Zabavnik made a dangerous move and the opponent gained possession of the ball."}, {"id": "5", "s1": "1", "s2": "0", "s": "", "t": "6'", "m": "Nowitzki handled the ball out of the bottom line and Bayern Munich won a corner kick."}, {"id": "4", "s1": "1", "s2": "0", "s": "", "t": "2'", "m": "Goal!!! Bayern Munich player Mandžukic shot with his left foot in front of the goal line, the ball flew into the goal from the bottom left corner, the ball went in! Assisted by Mueller. Bayern Munich 1-0 Mainz."}, {"id": "3", "s1": "0", "s2": "0", "s": "", "t": "2'", "m": "Kroos won a free kick for Bayern Munich on the right."}, {"id": "2", "s1": "0", "s2": "0", "s": "", "t": "2'", "m": "Mainz player Kirchhoff scrambled for a foul and the opponent was given possession of the ball."}, {"id": "1", "s1": "0", "s2": "0", "s": "", "t": "", "m": "With a whistle from the referee, the first half of the game began."}]