[{"id": "116", "s1": "1", "s2": "2", "s": "", "t": "", "m": "The match ended with Bayer Leverkusen 1-2 Schalke 04, thank you for watching Sina Football Live."}, {"id": "115", "s1": "1", "s2": "2", "s": "", "t": "90'+4'", "m": "At the end of the second half, Bayer Leverkusen 1-2 Schalke 04"}, {"id": "114", "s1": "1", "s2": "2", "s": "", "t": "90'+3'", "m": "Schalke 04 player Farfan was shown a yellow card by the referee."}, {"id": "113", "s1": "1", "s2": "2", "s": "", "t": "90'+3'", "m": "Schalke 04 player Farfan handball was fouled and the opponent was given the ball."}, {"id": "112", "s1": "1", "s2": "2", "s": "", "t": "90'+2'", "m": "Kolasinac handled the ball out of the bottom line and Bayer Leverkusen won a corner kick."}, {"id": "111", "s1": "1", "s2": "2", "s": "", "t": "90'+1'", "m": "Bayer Leverkusen player Toplak tucked the ball straight into Bernishch, but the referee raised a flag to show the latter was offside."}, {"id": "110", "s1": "1", "s2": "2", "s": "", "t": "90'+1'", "m": "Bayer Leverkusen player Toplak's header from the centre of the penalty area hit the goalpost crossbar. The one who passed the ball to him was Emre Can."}, {"id": "109", "s1": "1", "s2": "2", "s": "", "t": "90'", "m": "Fairman handled the ball out of the bottom line and Bayer Leverkusen won a corner kick."}, {"id": "108", "s1": "1", "s2": "2", "s": "", "t": "90'", "m": "Shot!!! Bayer Leverkusen's Rolfes shot from the centre of the penalty area was saved by the opposing goalkeeper. It was Julian Brandt who gave him the pass."}, {"id": "107", "s1": "1", "s2": "2", "s": "", "t": "89'", "m": "Yellow! Schalke 04 player Matip was shown a yellow card by the referee for a malicious foul."}, {"id": "106", "s1": "1", "s2": "2", "s": "", "t": "89'", "m": "Kiesling won a free kick for Bayer Leverkusen at the opposing half."}, {"id": "105", "s1": "1", "s2": "2", "s": "", "t": "89'", "m": "Schalke 04 player Matip scrambled for a foul and the opponent gained possession of the ball."}, {"id": "104", "s1": "1", "s2": "2", "s": "", "t": "89'", "m": "Shot!!! Bayer Leverkusen player Jens Hegler's header from the centre of the penalty area was saved by the opposing goalkeeper. It was Walscheid who gave him the pass."}, {"id": "103", "s1": "1", "s2": "2", "s": "", "t": "88'", "m": "Schalke 04 substitution, K. Papadopoulos replaced Hogeland"}, {"id": "102", "s1": "1", "s2": "2", "s": "", "t": "87'", "m": "Bayer Leverkusen replaced Jas Hegler with Ras Bender"}, {"id": "101", "s1": "1", "s2": "2", "s": "", "t": "86'", "m": "Russ Bend won a free kick for Bayer Leverkusen on the right."}, {"id": "100", "s1": "1", "s2": "2", "s": "", "t": "86'", "m": "Schalke 04 player Kolasinac scrambled for a foul and the opponent was given possession of the ball."}, {"id": "99", "s1": "1", "s2": "2", "s": "", "t": "85'", "m": "Bayer Leverkusen player Emre Jen scrambled for a foul and the opponent was given possession of the ball."}, {"id": "98", "s1": "1", "s2": "2", "s": "", "t": "85'", "m": "Farfan won a free kick for Schalke 04 on the right."}, {"id": "97", "s1": "1", "s2": "2", "s": "", "t": "84'", "m": "Russ Bend won a free kick for Bayer Leverkusen."}, {"id": "96", "s1": "1", "s2": "2", "s": "", "t": "84'", "m": "Schalke 04 player Boateng scrambled for a foul and the opponent gained possession."}, {"id": "95", "s1": "1", "s2": "2", "s": "", "t": "84'", "m": "Schalke 04 was replaced and Aihan replaced M.M. Mayer"}, {"id": "94", "s1": "1", "s2": "2", "s": "", "t": "83'", "m": "Yellow! Bayer Leverkusen player Emre Can was shown a yellow card by the referee for a malicious foul."}, {"id": "93", "s1": "1", "s2": "2", "s": "", "t": "83'", "m": "Bayer Leverkusen player Emre Jen scrambled for a foul and the opponent was given possession of the ball."}, {"id": "92", "s1": "1", "s2": "2", "s": "", "t": "83'", "m": "Neustedt won a free kick for Schalke 04."}, {"id": "91", "s1": "1", "s2": "2", "s": "", "t": "82'", "m": "Bayer Leverkusen replaced and Julian Brandt replaced Sun Xingmin"}, {"id": "90", "s1": "1", "s2": "2", "s": "", "t": "82'", "m": "Bayer Leverkusen player Kisling made a dangerous move where the opponent gained possession."}, {"id": "89", "s1": "1", "s2": "2", "s": "", "t": "82'", "m": "Kolasinac won a free kick for Schalke 04."}, {"id": "88", "s1": "1", "s2": "2", "s": "", "t": "82'", "m": "Kolasinac handled the ball out of the bottom line and Bayer Leverkusen won a corner kick."}, {"id": "87", "s1": "1", "s2": "2", "s": "", "t": "81'", "m": "Bayer Leverkusen player Walscheid scrambled for a foul and the opponent was given possession of the ball."}, {"id": "86", "s1": "1", "s2": "2", "s": "", "t": "81'", "m": "M.M. Mayer won a free kick for Schalke 04 at half-time."}, {"id": "85", "s1": "1", "s2": "2", "s": "", "t": "79'", "m": "Schalke 04 substitution, C-Fuchs replaced Goretska"}, {"id": "84", "s1": "1", "s2": "2", "s": "", "t": "79'", "m": "Bayer Leverkusen player Raul Fis attempted a header in the middle of the penalty area, but unfortunately the ball went high above goal. It was Castro who gave him the pass."}, {"id": "83", "s1": "1", "s2": "2", "s": "", "t": "78'", "m": "Kolasinac handled the ball out of the bottom line and Bayer Leverkusen won a corner kick."}, {"id": "82", "s1": "1", "s2": "2", "s": "", "t": "75'", "m": "Bayer Leverkusen's Castro attempted a left-footed shot from outside the penalty area, but unfortunately the ball deflected off target."}, {"id": "81", "s1": "1", "s2": "2", "s": "", "t": "75'", "m": "Russ Bend won a free kick for Bayer Leverkusen on the right."}, {"id": "80", "s1": "1", "s2": "2", "s": "", "t": "75'", "m": "Schalke 04 player Kolasinac scrambled for a foul and the opponent was given possession of the ball."}, {"id": "79", "s1": "1", "s2": "2", "s": "", "t": "74'", "m": "Goal!!! Schalke 04 player Huntelaar's header from the centre of the penalty area, the ball flew from the bottom right corner into the goal, the ball went in! Assisted by Farfan. Bayer Leverkusen 1-2 Schalke 04."}, {"id": "78", "s1": "1", "s2": "1", "s": "", "t": "73'", "m": "Bayer Leverkusen player Toplak scrambled for a foul and the opponent was given possession of the ball."}, {"id": "77", "s1": "1", "s2": "1", "s": "", "t": "73'", "m": "Huntelaar won a free kick for Schalke 04 at the opposing half."}, {"id": "76", "s1": "1", "s2": "1", "s": "", "t": "72'", "m": "Bayer Leverkusen's Castro attempted a right-footed shot from the right side of the penalty area, but unfortunately the ball was slightly offside the right-hand goal. It was Kislin who gave him the ball."}, {"id": "75", "s1": "1", "s2": "1", "s": "", "t": "68'", "m": "Schalke 04 player Boateng handball was fouled and the opponent was given the ball."}, {"id": "74", "s1": "1", "s2": "1", "s": "", "t": "68'", "m": "Schalke 04 player M.Mayer's right-footed shot from outside the penalty area was blocked by a defender. It was Santana who gave him the pass."}, {"id": "73", "s1": "1", "s2": "1", "s": "", "t": "67'", "m": "Bernish handled the ball out of the bottom line and Schalke 04 won a corner kick."}, {"id": "72", "s1": "1", "s2": "1", "s": "", "t": "66'", "m": "Schalke 04 player Santana swung himself, Bayer Leverkusen 1-1 Schalke 04"}, {"id": "71", "s1": "0", "s2": "1", "s": "", "t": "66'", "m": "Santana handled the ball out of the box and Bayer Leverkusen won the corner."}, {"id": "70", "s1": "0", "s2": "1", "s": "", "t": "66'", "m": "Bayer Leverkusen's Bernishch header from the centre of the penalty area was blocked by a defender. It was Sun Xingmin who passed the ball to him."}, {"id": "69", "s1": "0", "s2": "1", "s": "", "t": "66'", "m": "Hoagland handled the ball out of the bottom line and Bayer Leverkusen won the corner."}, {"id": "68", "s1": "0", "s2": "1", "s": "", "t": "63'", "m": "Schalke 04 player Neustedt tried a right-footed shot from outside the penalty area, but unfortunately the ball was high above goal. It was Farfan who gave him the pass."}, {"id": "67", "s1": "0", "s2": "1", "s": "", "t": "63'", "m": "Schalke 04 player Farfan's right-footed shot from the right side of the penalty area was blocked by a defender. It was Matip who gave him the pass."}, {"id": "66", "s1": "0", "s2": "1", "s": "", "t": "61'", "m": "The suspension ended and the players resumed playing."}, {"id": "65", "s1": "0", "s2": "1", "s": "", "t": "61'", "m": "Schalke 04 Santana fell to the ground injured and the game was suspended"}, {"id": "64", "s1": "0", "s2": "1", "s": "", "t": "59'", "m": "Bayer Leverkusen made substitutions, Toprak went on and Spašić went off with injury."}, {"id": "63", "s1": "0", "s2": "1", "s": "", "t": "58'", "m": "Kisling won a free kick for Bayer Leverkusen on the right."}, {"id": "62", "s1": "0", "s2": "1", "s": "", "t": "58'", "m": "Schalke 04 player Matip scrambled for a foul and the opponent gained possession of the ball."}, {"id": "61", "s1": "0", "s2": "1", "s": "", "t": "56'", "m": "Russ Bend won a free kick for Bayer Leverkusen."}, {"id": "60", "s1": "0", "s2": "1", "s": "", "t": "56'", "m": "Schalke 04 player Boateng scrambled for a foul and the opponent gained possession."}, {"id": "59", "s1": "0", "s2": "1", "s": "", "t": "55'", "m": "Schalke 04 player Fairman kicked the ball straight into Huntelaer, but the referee raised a flag to show that the latter was offside."}, {"id": "58", "s1": "0", "s2": "1", "s": "", "t": "54'", "m": "Bayer Leverkusen's Bernishch right-footed shot from outside the penalty area was blocked by a defender."}, {"id": "57", "s1": "0", "s2": "1", "s": "", "t": "54'", "m": "Matip handled the ball out of the bottom line and Bayer Leverkusen won a corner kick."}, {"id": "56", "s1": "0", "s2": "1", "s": "", "t": "52'", "m": "Farfan handled the ball out of the bottom line and Bayer Leverkusen won a corner kick."}, {"id": "55", "s1": "0", "s2": "1", "s": "", "t": "51'", "m": "Schalke 04 player Farfan tried his right-footed shot from outside the box, but unfortunately the ball was slightly above goal."}, {"id": "54", "s1": "0", "s2": "1", "s": "", "t": "50'", "m": "Yellow! Bayer Leverkusen player Bernishch was shown a yellow card by the referee for a malicious foul."}, {"id": "53", "s1": "0", "s2": "1", "s": "", "t": "50'", "m": "Bayer Leverkusen player Bernie scrambled for a foul and the opponent gained possession of the ball."}, {"id": "52", "s1": "0", "s2": "1", "s": "", "t": "50'", "m": "Farfan won a free kick for Schalke 04 at the opposing half."}, {"id": "51", "s1": "0", "s2": "1", "s": "", "t": "48'", "m": "Kolasinac handled the ball out of the bottom line and Bayer Leverkusen won a corner kick."}, {"id": "50", "s1": "0", "s2": "1", "s": "", "t": "48'", "m": "Bayer Leverkusen's Sun Heung-min's right-footed shot from the centre of the penalty area was blocked by a defender. It was Castro who gave him the pass."}, {"id": "49", "s1": "0", "s2": "1", "s": "", "t": "47'", "m": "Emre Jen won a free kick for Bayer Leverkusen on the left."}, {"id": "48", "s1": "0", "s2": "1", "s": "", "t": "47'", "m": "Schalke 04 player Matip scrambled for a foul and the opponent gained possession of the ball."}, {"id": "47", "s1": "0", "s2": "1", "s": "", "t": "", "m": "At the start of the second half, Bayer Leverkusen 0-1 Schalke 04"}, {"id": "46", "s1": "0", "s2": "1", "s": "", "t": "45'+1'", "m": "At the end of the first half, Bayer Leverkusen 0-1 Schalke 04, with a short break, we will take a look at the performance of the two teams in the second half."}, {"id": "45", "s1": "0", "s2": "1", "s": "", "t": "45'", "m": "Bayer Leverkusen player Kisling scrambled for a foul and the opponent was given possession of the ball."}, {"id": "44", "s1": "0", "s2": "1", "s": "", "t": "45'", "m": "Fairman won a free kick for Schalke 04."}, {"id": "43", "s1": "0", "s2": "1", "s": "", "t": "44'", "m": "Schalke 04 player Boateng tried a right-footed shot just outside the penalty area, but unfortunately the ball was higher than the goal. The one who passed the ball to him was Huntelaer."}, {"id": "42", "s1": "0", "s2": "1", "s": "", "t": "41'", "m": "Yellow! Bayer Leverkusen player Russ Bend was shown a yellow card by the referee for a malicious foul."}, {"id": "41", "s1": "0", "s2": "1", "s": "", "t": "41'", "m": "Bayer Leverkusen player Ras Bender scrambled for a foul and his opponent was given possession."}, {"id": "40", "s1": "0", "s2": "1", "s": "", "t": "41'", "m": "Goretzka won a free kick for Schalke 04."}, {"id": "39", "s1": "0", "s2": "1", "s": "", "t": "39'", "m": "Walscheid handled the ball out of the bottom line and Schalke 04 won the corner."}, {"id": "38", "s1": "0", "s2": "1", "s": "", "t": "39'", "m": "Schalke 04 player Goretska's header from the centre of the penalty area was blocked by a defender. It was Farfan who gave him the pass."}, {"id": "37", "s1": "0", "s2": "1", "s": "", "t": "35'", "m": "Emre Jenn won a free kick for Bayer Leverkusen."}, {"id": "36", "s1": "0", "s2": "1", "s": "", "t": "35'", "m": "Schalke 04 player Huntelaar scrambled for a foul and the opponent was given possession of the ball."}, {"id": "35", "s1": "0", "s2": "1", "s": "", "t": "33'", "m": "Yellow! Schalke 04 player Goretska was shown a yellow card by the referee for a malicious foul."}, {"id": "34", "s1": "0", "s2": "1", "s": "", "t": "33'", "m": "Hilbert won a free kick for Bayer Leverkusen."}, {"id": "33", "s1": "0", "s2": "1", "s": "", "t": "33'", "m": "Schalke 04 player Goretska scrambled for a foul and the opponent was given possession of the ball."}, {"id": "32", "s1": "0", "s2": "1", "s": "", "t": "33'", "m": "Bayer Leverkusen player Sun Heung-min scrambled for a foul and the opponent was given possession of the ball."}, {"id": "31", "s1": "0", "s2": "1", "s": "", "t": "33'", "m": "Neustedt won a free kick for Schalke 04 at the opposing half."}, {"id": "30", "s1": "0", "s2": "1", "s": "", "t": "32'", "m": "Schalke 04 player Goretska's right-footed shot from outside the penalty area was blocked by a defender. It was Neustedt who gave him the pass."}, {"id": "29", "s1": "0", "s2": "1", "s": "", "t": "30'", "m": "Yellow! Bayer Leverkusen player Spašić was shown a yellow card by the referee for a malicious foul."}, {"id": "28", "s1": "0", "s2": "1", "s": "", "t": "30'", "m": "Bayer Leverkusen player Spašić scrambled for a foul and the opponent gained possession of the ball."}, {"id": "27", "s1": "0", "s2": "1", "s": "", "t": "30'", "m": "Huntelaar won a free kick for Schalke 04."}, {"id": "26", "s1": "0", "s2": "1", "s": "", "t": "30'", "m": "Kiesling won a free kick for Bayer Leverkusen at the opposing half."}, {"id": "25", "s1": "0", "s2": "1", "s": "", "t": "30'", "m": "Schalke 04 player Santana scrambled for a foul and the opponent gained possession."}, {"id": "24", "s1": "0", "s2": "1", "s": "", "t": "28'", "m": "Goal!!! Schalke 04 player Goretska's right-footed shot from the left side of the penalty area, the ball flew from the middle of the road into the goal, the ball went in! Bayer Leverkusen 0-1 Schalke 04."}, {"id": "23", "s1": "0", "s2": "0", "s": "", "t": "27'", "m": "Spašić won a free kick for Bayer Leverkusen."}, {"id": "22", "s1": "0", "s2": "0", "s": "", "t": "27'", "m": "Schalke 04 player Huntelaar scrambled for a foul and the opponent was given possession of the ball."}, {"id": "21", "s1": "0", "s2": "0", "s": "", "t": "24'", "m": "Shot!!! Schalke 04 player Boateng's right-footed shot from outside the penalty area was saved by the opposing goalkeeper. The one who passed the ball to him was M.M. Mayer."}, {"id": "20", "s1": "0", "s2": "0", "s": "", "t": "23'", "m": "Bayer Leverkusen player Ras Bender scrambled for a foul and his opponent was given possession."}, {"id": "19", "s1": "0", "s2": "0", "s": "", "t": "23'", "m": "Boateng won a free kick for Schalke 04 on the left."}, {"id": "18", "s1": "0", "s2": "0", "s": "", "t": "20'", "m": "Bayer Leverkusen's Bernishch attempted a header in the centre of the penalty area, but unfortunately the ball was slightly offside the right goal. It was Hilbert who gave him the pass."}, {"id": "17", "s1": "0", "s2": "0", "s": "", "t": "18'", "m": "Shot!!! Schalke 04 player Huntelaar's header from the centre of the penalty area was saved by the opposing goalkeeper. It was Farfan who gave him the pass."}, {"id": "16", "s1": "0", "s2": "0", "s": "", "t": "15'", "m": "Bayer Leverkusen player Spašić shoved the ball straight into Bernishch, but the referee raised a flag to show that the latter was offside."}, {"id": "15", "s1": "0", "s2": "0", "s": "", "t": "14'", "m": "Kolasinac handled the ball out of the bottom line and Bayer Leverkusen won a corner kick."}, {"id": "14", "s1": "0", "s2": "0", "s": "", "t": "13'", "m": "Bayer Leverkusen's Sun Heung-min's left-footed shot from a wide distance on the right was blocked by a defender. It was Walscheid who gave him the pass."}, {"id": "13", "s1": "0", "s2": "0", "s": "", "t": "13'", "m": "Fairman handled the ball out of the bottom line and Bayer Leverkusen won a corner kick."}, {"id": "12", "s1": "0", "s2": "0", "s": "", "t": "13'", "m": "Shot!!! Bayer Leverkusen's Sun Heung-min's right-footed shot from the right side of the penalty area was saved by the opposing goalkeeper. It was Walscheid who gave him the pass."}, {"id": "11", "s1": "0", "s2": "0", "s": "", "t": "12'", "m": "Emre Jen won a free kick for Bayer Leverkusen on the left."}, {"id": "10", "s1": "0", "s2": "0", "s": "", "t": "12'", "m": "Schalke 04 player Boateng scrambled for a foul and the opponent gained possession."}, {"id": "9", "s1": "0", "s2": "0", "s": "", "t": "11'", "m": "Shot!!! Bayer Leverkusen's right-footed shot from the right side of the penalty area was saved by the opposing goalkeeper. It was Ras-Bend who gave him the pass."}, {"id": "8", "s1": "0", "s2": "0", "s": "", "t": "9'", "m": "Kisling won a free kick for Bayer Leverkusen."}, {"id": "7", "s1": "0", "s2": "0", "s": "", "t": "9'", "m": "Schalke 04 player Kolasinac scrambled for a foul and the opponent was given possession of the ball."}, {"id": "6", "s1": "0", "s2": "0", "s": "", "t": "7'", "m": "Bayer Leverkusen player Son Heung-min sent the ball straight to Castro, but the referee raised a flag to show that the latter was offside."}, {"id": "5", "s1": "0", "s2": "0", "s": "", "t": "6'", "m": "Hilbert won a free kick for Bayer Leverkusen on the right."}, {"id": "4", "s1": "0", "s2": "0", "s": "", "t": "6'", "m": "Schalke 04 player Goretska scrambled for a foul and the opponent was given possession of the ball."}, {"id": "3", "s1": "0", "s2": "0", "s": "", "t": "4'", "m": "Bayer Leverkusen player Walscheid scrambled for a foul and the opponent was given possession of the ball."}, {"id": "2", "s1": "0", "s2": "0", "s": "", "t": "4'", "m": "M.M. Mayer won a free kick for Schalke 04 at half-time."}, {"id": "1", "s1": "0", "s2": "0", "s": "", "t": "", "m": "With a whistle from the referee, the first half of the game began."}]