[{"id": "129", "s1": "6", "s2": "2", "s": "", "t": "", "m": "The match was over with Borussia Dortmund 6-2 Hamburg, thank you all for watching Sina Football Live."}, {"id": "128", "s1": "6", "s2": "2", "s": "", "t": "90'+1'", "m": "At the end of the second half, Borussia Dortmund 6-2 Hamburg"}, {"id": "127", "s1": "6", "s2": "2", "s": "", "t": "90'", "m": "Aslan handled the ball out of the bottom line and Borussia Dortmund won the corner."}, {"id": "126", "s1": "6", "s2": "2", "s": "", "t": "85'", "m": "Hamburg made a substitution, and Lasoga replaced Van der Vaart"}, {"id": "125", "s1": "6", "s2": "2", "s": "", "t": "85'", "m": "Dortmund player Hummels attempted a right-footed shot from outside the penalty area, but unfortunately the ball deflected off the goal. The one who passed the ball to him was J-Hoffman."}, {"id": "124", "s1": "6", "s2": "2", "s": "", "t": "81'", "m": "Goal!!! Dortmund player Lewandowski's header from the centre of the penalty area, the ball flew from the middle of the road into the goal, the ball was scored! Assisted by Shaheen. Dortmund 6-2 Hamburg."}, {"id": "123", "s1": "5", "s2": "2", "s": "", "t": "79'", "m": "Dortmund made a substitution, J-Hoffmann replaced Mkhitaryan"}, {"id": "122", "s1": "5", "s2": "2", "s": "", "t": "79'", "m": "Dortmund made a substitution, durm replaced Schmeltze"}, {"id": "121", "s1": "5", "s2": "2", "s": "", "t": "79'", "m": "Papastathopoulos won a free kick for Borussia Dortmund."}, {"id": "120", "s1": "5", "s2": "2", "s": "", "t": "79'", "m": "Hamburg player Zua Dao Garri scrambled for a foul and his opponent was given possession of the ball."}, {"id": "119", "s1": "5", "s2": "2", "s": "", "t": "78'", "m": "Papastathopoulos handled the ball out of the bottom line and Hamburg won a corner."}, {"id": "118", "s1": "5", "s2": "2", "s": "", "t": "78'", "m": "Hamburg player Van der Vaart's left-footed shot from the centre of the penalty area was blocked by a defender. It was Baist who gave him the pass."}, {"id": "117", "s1": "5", "s2": "2", "s": "", "t": "76'", "m": "Dortmund player Lewandowski's right-footed shot from outside the penalty area was blocked by a defender. It was Mkhitaryan who gave him the ball."}, {"id": "116", "s1": "5", "s2": "2", "s": "", "t": "74'", "m": "Goal!!! Dortmund player Reuss shot with his right foot in the centre of the penalty area and the ball flew into the goal from the bottom right corner and the ball went in! Dortmund 5-2 Hamburg."}, {"id": "115", "s1": "4", "s2": "2", "s": "", "t": "73'", "m": "Goal!!! Dortmund player Lewandowski fired a right-footed shot from the centre of the penalty area, the ball flew from the bottom right corner into the goal, and the ball went in! The assist was Aubameyang. Dortmund 4-2 Hamburg."}, {"id": "114", "s1": "3", "s2": "2", "s": "", "t": "72'", "m": "Borussia Dortmund player Gros Kreuz sent a straight kick to Reuss, but the referee raised a flag to show that the latter was offside."}, {"id": "113", "s1": "3", "s2": "2", "s": "", "t": "71'", "m": "Dortmund player Lewandowski tried to head in the middle of the penalty area, but unfortunately the ball was slightly above the goal. It was Schmeltze who gave him the ball."}, {"id": "112", "s1": "3", "s2": "2", "s": "", "t": "71'", "m": "The suspension ended and the players resumed playing."}, {"id": "111", "s1": "3", "s2": "2", "s": "", "t": "71'", "m": "Hamburg player Aslan was shown a yellow card by the referee."}, {"id": "110", "s1": "3", "s2": "2", "s": "", "t": "70'", "m": "Borussia Dortmund Mkhitaryan fell to the ground injured and the game was suspended"}, {"id": "109", "s1": "3", "s2": "2", "s": "", "t": "70'", "m": "Juru handled the ball out of the bottom line and Borussia Dortmund won the corner."}, {"id": "108", "s1": "3", "s2": "2", "s": "", "t": "69'", "m": "Dortmund player Lewandowski scrambled for a foul and the opponent was given possession of the ball."}, {"id": "107", "s1": "3", "s2": "2", "s": "", "t": "69'", "m": "Juru won a free kick for Hamburg."}, {"id": "106", "s1": "3", "s2": "2", "s": "", "t": "69'", "m": "Borussia Dortmund's Mkhitaryan tried his right-footed shot from the right side of the penalty area, but the ball was deflected slightly off the left goal."}, {"id": "105", "s1": "3", "s2": "2", "s": "", "t": "68'", "m": "Hamburg made a substitution, and Charhanoglu replaced Rincon"}, {"id": "104", "s1": "3", "s2": "2", "s": "", "t": "67'", "m": "Borussia Dortmund player Reuss tried a right-footed shot from the left side of the penalty area, but unfortunately the ball was slightly offside the left goal. It was Mkhitaryan who gave him the ball."}, {"id": "103", "s1": "3", "s2": "2", "s": "", "t": "67'", "m": "Shaheen won a free kick for Borussia Dortmund at the opposing half."}, {"id": "102", "s1": "3", "s2": "2", "s": "", "t": "67'", "m": "Hamburg player Van der Vaart scrambled for a foul and the opponent was given possession of the ball."}, {"id": "101", "s1": "3", "s2": "2", "s": "", "t": "65'", "m": "Goal!!! Dortmund player Aubameyang fired a right-footed shot from the right side of the penalty area, the ball flew from the bottom left corner into the goal, and the ball went in! Assisted by Mkhitaryan. Dortmund 3-2 Hamburg."}, {"id": "100", "s1": "2", "s2": "2", "s": "", "t": "63'", "m": "Dortmund player Hummels tried to head the ball on the left side of the penalty area, but unfortunately the ball was slightly offside the left goal. It was Reus who gave him the pass."}, {"id": "99", "s1": "2", "s2": "2", "s": "", "t": "63'", "m": "Westman handled the ball out of the bottom line and Borussia Dortmund won a corner kick."}, {"id": "98", "s1": "2", "s2": "2", "s": "", "t": "63'", "m": "Shot!!! Dortmund player Mkhitaryan's right-footed shot from the centre of the penalty area was saved by the opposing goalkeeper. It was Lewandowski who gave him the pass."}, {"id": "97", "s1": "2", "s2": "2", "s": "", "t": "63'", "m": "Shot!!! Borussia Dortmund player Reuss' left-footed shot from the centre of the penalty area was saved by the opposing goalkeeper. It was Mkhitaryan who gave him the ball."}, {"id": "96", "s1": "2", "s2": "2", "s": "", "t": "63'", "m": "Dortmund made a substitution, Papastathopoulos replaced Subotic"}, {"id": "95", "s1": "2", "s2": "2", "s": "", "t": "60'", "m": "Dortmund player Lewandowski scrambled for a foul and the opponent was given possession of the ball."}, {"id": "94", "s1": "2", "s2": "2", "s": "", "t": "60'", "m": "Juru won a free kick for Hamburg."}, {"id": "93", "s1": "2", "s2": "2", "s": "", "t": "59'", "m": "Hamburger Rincon tried his left-footed shot from outside the penalty area, but unfortunately the ball deflected off goal."}, {"id": "92", "s1": "2", "s2": "2", "s": "", "t": "58'", "m": "Subotic handled the ball out of the bottom line and Hamburg won the corner."}, {"id": "91", "s1": "2", "s2": "2", "s": "", "t": "57'", "m": "Dortmund player Subotic scrambled for a foul and the opponent gained possession of the ball."}, {"id": "90", "s1": "2", "s2": "2", "s": "", "t": "57'", "m": "Baist won a free kick for Hamburg on the right."}, {"id": "89", "s1": "2", "s2": "2", "s": "", "t": "56'", "m": "Dortmund player Lewandowski's right-footed shot from outside the penalty area was blocked by a defender."}, {"id": "88", "s1": "2", "s2": "2", "s": "", "t": "55'", "m": "Borussia Dortmund player Subotic tried his header on the right side of the penalty area, but unfortunately the ball was slightly above the goal. It was Reus who gave him the pass."}, {"id": "87", "s1": "2", "s2": "2", "s": "", "t": "55'", "m": "Adler handled the ball out of the bottom line and Borussia Dortmund won a corner."}, {"id": "86", "s1": "2", "s2": "2", "s": "", "t": "55'", "m": "Shot!!! Borussia Dortmund's right-footed shot from outside the penalty area was saved by the opposing goalkeeper. It was Hummels who gave him the pass."}, {"id": "85", "s1": "2", "s2": "2", "s": "", "t": "54'", "m": "Aubameyang won a free kick for Borussia Dortmund on the right."}, {"id": "84", "s1": "2", "s2": "2", "s": "", "t": "54'", "m": "Hamburg player Rincon scrambled for a foul and the opponent gained possession of the ball."}, {"id": "83", "s1": "2", "s2": "2", "s": "", "t": "54'", "m": "Borussia Dortmund's Schmelzer left-footed shot from outside the penalty area was blocked by a defender. It was Mkhitaryan who gave him the ball."}, {"id": "82", "s1": "2", "s2": "2", "s": "", "t": "52'", "m": "Großkroytz won a free kick for Borussia Dortmund."}, {"id": "81", "s1": "2", "s2": "2", "s": "", "t": "52'", "m": "Hamburg player Iraček scrambled for a foul and his opponent was given possession of the ball."}, {"id": "80", "s1": "2", "s2": "2", "s": "", "t": "51'", "m": "Yellow! Hamburg player Dick Meier was shown a yellow card by the referee for a malicious foul."}, {"id": "79", "s1": "2", "s2": "2", "s": "", "t": "51'", "m": "Reuss won a free kick for Borussia Dortmund on the left."}, {"id": "78", "s1": "2", "s2": "2", "s": "", "t": "51'", "m": "Hamburg player Dick Meier scrambled for a foul and the opponent was given possession of the ball."}, {"id": "77", "s1": "2", "s2": "2", "s": "", "t": "50'", "m": "Borussia Dortmund player Mkhitaryan scrambled for a foul and his opponent was given possession of the ball."}, {"id": "76", "s1": "2", "s2": "2", "s": "", "t": "50'", "m": "Aslan won a free kick for Hamburg in the opposing half."}, {"id": "75", "s1": "2", "s2": "2", "s": "", "t": "49'", "m": "Goal!!! Hamburg player Westermann headed a header at the goal line and the ball flew into the goal from the top right corner and the ball went in! The assist was vandervette. Dortmund 2-2 Hamburg."}, {"id": "74", "s1": "2", "s2": "1", "s": "", "t": "49'", "m": "Dortmund player Subotic scrambled for a foul and the opponent gained possession of the ball."}, {"id": "73", "s1": "2", "s2": "1", "s": "", "t": "49'", "m": "Baist won a free kick for Hamburg on the left."}, {"id": "72", "s1": "2", "s2": "1", "s": "", "t": "48'", "m": "Dortmund player Schmelzer attempted a right-footed shot from outside the penalty area, but unfortunately the ball was high above goal. It was Bendel who gave him the pass."}, {"id": "71", "s1": "2", "s2": "1", "s": "", "t": "48'", "m": "Borussia Dortmund player Bender's left-footed shot from the centre of the penalty area was blocked by a defender."}, {"id": "70", "s1": "2", "s2": "1", "s": "", "t": "47'", "m": "Lewandowski won a free kick for Borussia Dortmund at the opposing half."}, {"id": "69", "s1": "2", "s2": "1", "s": "", "t": "47'", "m": "Hamburg player Iraček scrambled for a foul and his opponent was given possession of the ball."}, {"id": "68", "s1": "2", "s2": "1", "s": "", "t": "47'", "m": "Borussia Dortmund player Mkhitaryan tucked the ball straight into Reuss, but the referee raised a flag to show the latter was offside."}, {"id": "67", "s1": "2", "s2": "1", "s": "", "t": "46'", "m": "Borussia Dortmund's Aubameyang attempted a right-footed shot from outside the penalty area, but the ball was deflected slightly off the left goal. It was Reus who gave him the pass."}, {"id": "66", "s1": "2", "s2": "1", "s": "", "t": "", "m": "The second half began with Borussia Dortmund 2-1 Hamburg"}, {"id": "65", "s1": "2", "s2": "1", "s": "", "t": "45'", "m": "Hamburg made a substitution, and Iracek replaced Sobeh"}, {"id": "64", "s1": "2", "s2": "1", "s": "", "t": "45'+2'", "m": "At the end of the first half, Borussia Dortmund 2-1 Hamburg, with a short break, we will take a look at the performance of the two teams in the second half."}, {"id": "63", "s1": "2", "s2": "1", "s": "", "t": "45'+1'", "m": "Reuss won a free kick for Borussia Dortmund on the right."}, {"id": "62", "s1": "2", "s2": "1", "s": "", "t": "45'+1'", "m": "Hamburg player Sobech scrambled for a foul and the opponent was given possession of the ball."}, {"id": "61", "s1": "2", "s2": "1", "s": "", "t": "44'", "m": "Yellow! Hamburg player Van der Vaart was shown a yellow card by the referee for a malicious foul."}, {"id": "60", "s1": "2", "s2": "1", "s": "", "t": "44'", "m": "Bender won a free kick for Borussia Dortmund."}, {"id": "59", "s1": "2", "s2": "1", "s": "", "t": "44'", "m": "Hamburg player Van der Vaart scrambled for a foul and the opponent was given possession of the ball."}, {"id": "58", "s1": "2", "s2": "1", "s": "", "t": "41'", "m": "Dick Meier handled the ball out of the bottom line and Borussia Dortmund won a corner kick."}, {"id": "57", "s1": "2", "s2": "1", "s": "", "t": "41'", "m": "Lewandowski won a free kick for Borussia Dortmund at the opposing half."}, {"id": "56", "s1": "2", "s2": "1", "s": "", "t": "41'", "m": "Hamburg player Van der Vaart scrambled for a foul and the opponent was given possession of the ball."}, {"id": "55", "s1": "2", "s2": "1", "s": "", "t": "39'", "m": "Borussia Dortmund player Shaheen tried a left-footed shot from the right side of the penalty area, but unfortunately the ball deflected off goal."}, {"id": "54", "s1": "2", "s2": "1", "s": "", "t": "39'", "m": "Adler handled the ball out of the bottom line and Borussia Dortmund won a corner."}, {"id": "53", "s1": "2", "s2": "1", "s": "", "t": "38'", "m": "Shot!!! Borussia Dortmund's right-footed shot from outside the penalty area was saved by the opposing goalkeeper. It was Aubameyang who gave him the ball."}, {"id": "52", "s1": "2", "s2": "1", "s": "", "t": "37'", "m": "Borussia Dortmund player Mkhitaryan scrambled for a foul and his opponent was given possession of the ball."}, {"id": "51", "s1": "2", "s2": "1", "s": "", "t": "37'", "m": "Van der Vaart won a free kick for Hamburg at the opposing half."}, {"id": "50", "s1": "2", "s2": "1", "s": "", "t": "37'", "m": "Bender won a free kick for Borussia Dortmund."}, {"id": "49", "s1": "2", "s2": "1", "s": "", "t": "37'", "m": "Hamburg player Zua Dao Garri scrambled for a foul and his opponent was given possession of the ball."}, {"id": "48", "s1": "2", "s2": "1", "s": "", "t": "36'", "m": "Borussia Dortmund player Schmeltze threw the ball straight into Aubameyang, but the referee raised a flag to show that the latter was offside."}, {"id": "47", "s1": "2", "s2": "1", "s": "", "t": "36'", "m": "Dortmund player Reuss' right-footed shot from the centre of the penalty area was blocked by a defender. It was Aubameyang who gave him the ball."}, {"id": "46", "s1": "2", "s2": "1", "s": "", "t": "35'", "m": "Hamburg player Aslan scrambled for a foul and the opponent was given possession."}, {"id": "45", "s1": "2", "s2": "1", "s": "", "t": "35'", "m": "Aubameyang won a free kick for Borussia Dortmund at half."}, {"id": "44", "s1": "2", "s2": "1", "s": "", "t": "34'", "m": "Lin Zhijian won a free kick for Hamburg."}, {"id": "43", "s1": "2", "s2": "1", "s": "", "t": "34'", "m": "Borussia Dortmund player Pierre-Emerick Aubameyang scrambled for a foul and his opponent gained possession of the ball."}, {"id": "42", "s1": "2", "s2": "1", "s": "", "t": "34'", "m": "Hamburg player Juru scrambled for a foul and the opponent was given possession of the ball."}, {"id": "41", "s1": "2", "s2": "1", "s": "", "t": "34'", "m": "Lewandowski won a free kick for Borussia Dortmund."}, {"id": "40", "s1": "2", "s2": "1", "s": "", "t": "34'", "m": "The suspension ended and the players resumed playing."}, {"id": "39", "s1": "2", "s2": "1", "s": "", "t": "33'", "m": "Hamburg Westman fell to the ground injured and the game was suspended"}, {"id": "38", "s1": "2", "s2": "1", "s": "", "t": "32'", "m": "Van der Vaart won a free kick for Hamburg at the opposing half."}, {"id": "37", "s1": "2", "s2": "1", "s": "", "t": "32'", "m": "Borussia Dortmund player Bender scrambled for a foul and the opponent gained possession of the ball."}, {"id": "36", "s1": "2", "s2": "1", "s": "", "t": "32'", "m": "Adler won a free kick for Hamburg."}, {"id": "35", "s1": "2", "s2": "1", "s": "", "t": "32'", "m": "Dortmund player Subotic scrambled for a foul and the opponent gained possession of the ball."}, {"id": "34", "s1": "2", "s2": "1", "s": "", "t": "31'", "m": "Hamburg player Juru scrambled for a foul and the opponent was given possession of the ball."}, {"id": "33", "s1": "2", "s2": "1", "s": "", "t": "31'", "m": "Lewandowski won a free kick for Borussia Dortmund at the opposing half."}, {"id": "32", "s1": "2", "s2": "1", "s": "", "t": "31'", "m": "Dortmund player Lewandowski's right-footed shot from the left side of the penalty area was blocked by a defender. It was Reus who gave him the pass."}, {"id": "31", "s1": "2", "s2": "1", "s": "", "t": "29'", "m": "Dortmund player Lewandowski threw the ball straight into Reus, but the referee raised a flag to show that the latter was offside."}, {"id": "30", "s1": "2", "s2": "1", "s": "", "t": "29'", "m": "Shot!!! Dortmund player Lewandowski's right-footed shot from the centre of the penalty area was saved by the opposing goalkeeper. It was Reus who gave him the pass."}, {"id": "29", "s1": "2", "s2": "1", "s": "", "t": "27'", "m": "Yellow! Hamburg player Rincon was shown a yellow card by the referee for a malicious foul."}, {"id": "28", "s1": "2", "s2": "1", "s": "", "t": "27'", "m": "Hamburg player Rincon scrambled for a foul and the opponent gained possession of the ball."}, {"id": "27", "s1": "2", "s2": "1", "s": "", "t": "27'", "m": "Mkhitaryan won a free kick for Borussia Dortmund."}, {"id": "26", "s1": "2", "s2": "1", "s": "", "t": "26'", "m": "Goal!!! Hamburg player Lin Zhijian shot with his right foot from outside the penalty area, the ball flew from the bottom right corner into the goal, and the ball went in! The assist was zua da O'Gary. Dortmund 2-1 Hamburg."}, {"id": "25", "s1": "2", "s2": "0", "s": "", "t": "22'", "m": "Goal!!! Dortmund player Mkhitaryan fired a right-footed shot from the centre of the penalty area, the ball flew from the bottom left corner into the goal and the ball went in! The assist was Lewandowski. Dortmund 2-0 Hamburg."}, {"id": "24", "s1": "1", "s2": "0", "s": "", "t": "20'", "m": "Sobeh won a free kick for Hamburg."}, {"id": "23", "s1": "1", "s2": "0", "s": "", "t": "20'", "m": "Dortmund player Lewandowski scrambled for a foul and the opponent was given possession of the ball."}, {"id": "22", "s1": "1", "s2": "0", "s": "", "t": "19'", "m": "Goal!!! Dortmund player Aubameyang fired a left-footed shot from the left side of the penalty area, the ball flew into the goal from the bottom right corner and the ball went in! The assist was Schmeltzer. Dortmund 1-0 Hamburg."}, {"id": "21", "s1": "0", "s2": "0", "s": "", "t": "19'", "m": "Bender won a free kick for Borussia Dortmund."}, {"id": "20", "s1": "0", "s2": "0", "s": "", "t": "19'", "m": "Hamburg player Aslan scrambled for a foul and the opponent was given possession."}, {"id": "19", "s1": "0", "s2": "0", "s": "", "t": "18'", "m": "Borussia Dortmund player Bender scrambled for a foul and the opponent gained possession of the ball."}, {"id": "18", "s1": "0", "s2": "0", "s": "", "t": "18'", "m": "Van der Vaart won a free kick for Hamburg."}, {"id": "17", "s1": "0", "s2": "0", "s": "", "t": "18'", "m": "Hamburg player Zua Dao Garri scrambled for a foul and his opponent was given possession of the ball."}, {"id": "16", "s1": "0", "s2": "0", "s": "", "t": "18'", "m": "Schmelzer won a free kick for Borussia Dortmund."}, {"id": "15", "s1": "0", "s2": "0", "s": "", "t": "16'", "m": "Hamburg player Baist was fouled for handball and the opponent was given the ball."}, {"id": "14", "s1": "0", "s2": "0", "s": "", "t": "15'", "m": "Borussia Dortmund player Shaheen kicked the ball straight into Reuss, but the referee raised a flag to show the latter was offside."}, {"id": "13", "s1": "0", "s2": "0", "s": "", "t": "14'", "m": "Borussia Dortmund player Pierre-Emerick Aubameyang attempted a right-footed shot from outside the penalty area, but unfortunately the ball went high above goal. It was Reus who gave him the pass."}, {"id": "12", "s1": "0", "s2": "0", "s": "", "t": "13'", "m": "Dortmund player Hummels' header from the centre of the penalty area hit the goalpost crossbar. It was Reus who gave him the pass."}, {"id": "11", "s1": "0", "s2": "0", "s": "", "t": "13'", "m": "Lewandowski won a free kick for Borussia Dortmund on the left."}, {"id": "10", "s1": "0", "s2": "0", "s": "", "t": "13'", "m": "Hamburg player Juru scrambled for a foul and the opponent was given possession of the ball."}, {"id": "9", "s1": "0", "s2": "0", "s": "", "t": "10'", "m": "Adler handled the ball out of the bottom line and Borussia Dortmund won a corner."}, {"id": "8", "s1": "0", "s2": "0", "s": "", "t": "10'", "m": "Shot!!! Dortmund player Lewandowski's right-footed shot from outside the penalty area was saved by the opposing goalkeeper. It was Reus who gave him the pass."}, {"id": "7", "s1": "0", "s2": "0", "s": "", "t": "7'", "m": "Borussia Dortmund player Reuss tucked the ball straight into Lewandowski but the referee raised a flag to show the latter was offside."}, {"id": "6", "s1": "0", "s2": "0", "s": "", "t": "5'", "m": "Bender won a free kick for Borussia Dortmund."}, {"id": "5", "s1": "0", "s2": "0", "s": "", "t": "5'", "m": "Hamburg player Beist scrambled for a foul and the opponent was given possession of the ball."}, {"id": "4", "s1": "0", "s2": "0", "s": "", "t": "4'", "m": "Shot!!! Borussia Dortmund player Shaheen's left-footed shot from outside the penalty area was saved by the opposing goalkeeper."}, {"id": "3", "s1": "0", "s2": "0", "s": "", "t": "4'", "m": "Shot!!! Borussia Dortmund player Mkhitaryan's left-footed shot from the left side of the penalty area was saved by the opposing goalkeeper."}, {"id": "2", "s1": "0", "s2": "0", "s": "", "t": "4'", "m": "Dortmund player Aubameyang's right-footed shot from the right side of the penalty area was blocked by a defender. It was Lewandowski who gave him the pass."}, {"id": "1", "s1": "0", "s2": "0", "s": "", "t": "", "m": "With a whistle from the referee, the first half of the game began."}]