[{"id": "4053717", "s1": "1", "s2": "4", "s": "Next", "t": "48'", "m": "Thank you all for watching, we'll see you next game!"}, {"id": "4053716", "s1": "1", "s2": "4", "s": "Next", "t": "47'", "m": "In the end, Bayern won 4-1 away to Hamburg!"}, {"id": "4053713", "s1": "1", "s2": "4", "s": "Next", "t": "47'", "m": "Okay, the whole game is over!"}, {"id": "4053707", "s1": "1", "s2": "4", "s": "Next", "t": "46'", "m": "Bayern also launched the last wave of attacks, without results."}, {"id": "4053702", "s1": "1", "s2": "4", "s": "Next", "t": "46'", "m": "In the end, the two sides also have no desire to attack."}, {"id": "4053696", "s1": "1", "s2": "4", "s": "Next", "t": "45'", "m": "2 minutes of stoppage time for the whole game!"}, {"id": "4053682", "s1": "1", "s2": "4", "s": "Next", "t": "42'", "m": "Bayern now has one less person, can Hamburg do anything more?"}, {"id": "4053675", "s1": "1", "s2": "4", "s": "Next", "t": "42'", "m": "Durant is not a man: I hope that next season Getze can play the main force, bring Reuss to replace Ribery, Ribery's peak period is over, it is time to retire to the youngsters------ Bayern if they buy Reuss again, really do not let Dort play ah."}, {"id": "4053672", "s1": "1", "s2": "4", "s": "Next", "t": "41'", "m": "It may be that Boateng is the first to provoke things, which is a bit undeserved."}, {"id": "4053669", "s1": "1", "s2": "4", "s": "Next", "t": "41'", "m": "But the referee gave Boateng a red card! The opponent only has one yellow card"}, {"id": "4053668", "s1": "1", "s2": "4", "s": "Next", "t": "40'", "m": "There was a bit of a clash on the pitch, Boateng and Te shed the bulls, Neuer pushed Boateng away, the scene was a bit funny."}, {"id": "4053663", "s1": "1", "s2": "4", "s": "Next", "t": "39'", "m": "Red Dust Who is the one who crossed the other side of me: Next season Levan comes to Bayern, Pizarro still has to be a substitute, just don't know what Manju will do. ------ so now he is also holding back a lot of energy to compete for the best shooter."}, {"id": "4053657", "s1": "1", "s2": "4", "s": "Next", "t": "38'", "m": "Mandzukic off the pitch is also itchy, and if he plays this time, it should be very helpful for the competition for the best scorer."}, {"id": "4053642", "s1": "1", "s2": "4", "s": "Next", "t": "36'", "m": "Today's game is believed to be a good boost for Götze, both in terms of confidence and positional sense."}, {"id": "4053635", "s1": "1", "s2": "4", "s": "Next", "t": "35'", "m": "Congratulations to the following users for obtaining the membership of the live broadcast room: XiaoyuanYuan Stay"}, {"id": "4053631", "s1": "1", "s2": "4", "s": "Next", "t": "34'", "m": "There were Bayern players in the penalty area who were shoveled down, but the referee ignored it, and the referee also thought it was okay."}, {"id": "4053629", "s1": "1", "s2": "4", "s": "Next", "t": "34'", "m": "Fourteen-year-old Tian 5015976004: Wenwen, you are a fan of the Red Devils a, what a coincidence, I love Manchester City the most! Love Aguero, Toure, Silva------ cheer on the team they support!"}, {"id": "4053624", "s1": "1", "s2": "4", "s": "Next", "t": "33'", "m": "Now Hamburg does not want to play again, keep the players out of trouble, the current score is maintained to the end, the relegation initiative is still in Hamburg's hands."}, {"id": "4053608", "s1": "1", "s2": "4", "s": "Next", "t": "31'", "m": "Pizarro received the pass and single-handedly hit the goalkeeper, bouncing high, Pizarro barbed for the second time, very exciting!"}, {"id": "4053604", "s1": "1", "s2": "4", "s": "Next", "t": "30'", "m": "A wonderful barb!"}, {"id": "4053599", "s1": "1", "s2": "3", "s": "Next", "t": "30'", "m": "Pizarro scored when he came on!!"}, {"id": "4053595", "s1": "1", "s2": "3", "s": "Next", "t": "29'", "m": "Ram broke into the box and his shot was blocked by the defender and corner kicked."}, {"id": "4053591", "s1": "1", "s2": "3", "s": "Next", "t": "28'", "m": "Veteran Pizarro is also a Hamburg nemesis."}, {"id": "4053588", "s1": "1", "s2": "3", "s": "Next", "t": "28'", "m": "Okay, Robben is off, Pizarro is out."}, {"id": "4053587", "s1": "1", "s2": "3", "s": "Next", "t": "28'", "m": "Anyway this ball is quite beautiful!"}, {"id": "4053586", "s1": "1", "s2": "3", "s": "Next", "t": "28'", "m": "Qarhan olu hit a ground ball in the middle of the road, and the angle was very tight!"}, {"id": "4053585", "s1": "1", "s2": "3", "s": "Next", "t": "27'", "m": "Hamburg pulled back a point!!"}, {"id": "4053583", "s1": "0", "s2": "3", "s": "Next", "t": "27'", "m": "Chen: The second goal was not counted towards Mueller? ------ subtitles show that it is Götze."}, {"id": "4053580", "s1": "0", "s2": "3", "s": "Next", "t": "25'", "m": "Hat-trick up!"}, {"id": "4053579", "s1": "0", "s2": "3", "s": "Next", "t": "25'", "m": "Robben took the ball and hit the goal directly to be blocked, Mueller's header was given to Götze, and Götze volleyed the goal!"}, {"id": "4053578", "s1": "0", "s2": "2", "s": "Next", "t": "24'", "m": "3 to 0 !!!"}, {"id": "4053574", "s1": "0", "s2": "2", "s": "Next", "t": "23'", "m": "Haifeng 7818: Wenwen, do you, as a Red Devils fan, hate us Reds? ------ I am more rational, like the team will not demean the opponent, this year the Reds are very strong!"}, {"id": "4053572", "s1": "0", "s2": "2", "s": "Next", "t": "22'", "m": "John took the ball to the right and gave it to the box, and after a moment of confusion, Char khanoglu's shot was knocked out by Neuer!"}, {"id": "4053570", "s1": "0", "s2": "2", "s": "Next", "t": "21'", "m": "Burger kick is a very threatening punch!"}, {"id": "4053569", "s1": "0", "s2": "2", "s": "Next", "t": "21'", "m": "After reading everyone's answers, I think I still need to know more about the history of football ~ fans and friends are really the most powerful existence."}, {"id": "4053566", "s1": "0", "s2": "2", "s": "Next", "t": "20'", "m": "Bayern's attack, still on the right, forced a corner kick."}, {"id": "4053565", "s1": "0", "s2": "2", "s": "Next", "t": "20'", "m": "It seems that everyone is very smart"}, {"id": "4053562", "s1": "0", "s2": "2", "s": "Next", "t": "19'", "m": "Martinez received a yellow card for a foul, and the ball action was also a bit big."}, {"id": "4053561", "s1": "0", "s2": "2", "s": "Next", "t": "19'", "m": "Neuer's range of activities is also very large, and he has thought about dropping the striker outside the box."}, {"id": "4053559", "s1": "0", "s2": "2", "s": "Next", "t": "18'", "m": "Bayern took the ball inside the penalty area and was blocked by a defender."}, {"id": "4053557", "s1": "0", "s2": "2", "s": "Next", "t": "18'", "m": "The referee's scale today is very loose, and the referee who hit someone behind Lin Kong still did not draw cards."}, {"id": "4053552", "s1": "0", "s2": "2", "s": "Next", "t": "17'", "m": "The biggest reversal I've ever seen was in the 1990s, when Marseille fell behind Saint-Étienne 0:4 or a different team, and as a result, Maurice, Dugary, and Piret pulled five ------ you are definitely a fan living dictionary, this is remembered!"}, {"id": "4053546", "s1": "0", "s2": "2", "s": "Next", "t": "16'", "m": "During this time, both sides were conducted in midfield and had not entered the penalty area for a long time."}, {"id": "4053543", "s1": "0", "s2": "2", "s": "Next", "t": "16'", "m": "User u5sxt1ajio: Personally feel that Bayern players are more positive on Götze and Müller's feet, but Guardiola does not like to use these two people in the competition, quite confused, asking for guidance------ many media also have great doubts about Guardiola's failure to use these two people."}, {"id": "4053541", "s1": "0", "s2": "2", "s": "Next", "t": "15'", "m": "11 never wins 5: The biggest is hard to say, but the meaningful words are Manchester City's 3:2 Queen's Park match. Scored two goals in stoppage time to win the title!! ------ please don't say! This is my eternal pain!"}, {"id": "4053537", "s1": "0", "s2": "2", "s": "Next", "t": "15'", "m": "DickMyer was injured, john was on."}, {"id": "4053535", "s1": "0", "s2": "2", "s": "Next", "t": "14'", "m": "SYJ_ICRM: Beckenbauer says hamburger can't even win the current Bayern if relegation is nothing to say. ------ this sentence is a bit black two teams."}, {"id": "4053530", "s1": "0", "s2": "2", "s": "Next", "t": "14'", "m": "Haifeng 7818: Junge broadcast my Red Army very well. Very objective------ the match against Chelsea sounded a little sad at the end"}, {"id": "4053525", "s1": "0", "s2": "2", "s": "Next", "t": "13'", "m": "With more than half an hour left in the game, Hamburg mentality doesn't know what it's like."}, {"id": "4053521", "s1": "0", "s2": "2", "s": "Next", "t": "12'", "m": "Congratulations to the following users for obtaining the membership of the live broadcast room: Li Liu Shui"}, {"id": "4053514", "s1": "0", "s2": "2", "s": "Next", "t": "12'", "m": "As a football fan, what is the biggest reversal you've ever seen?"}, {"id": "4053505", "s1": "0", "s2": "2", "s": "Next", "t": "11'", "m": "Now that the score is 2-0, Hamburg has little chance."}, {"id": "4053504", "s1": "0", "s2": "2", "s": "Next", "t": "11'", "m": "But the official still counts on Götze"}, {"id": "4053502", "s1": "0", "s2": "2", "s": "Next", "t": "10'", "m": "The corner kick came out without anyone looking at Götze, and the direct shot hit Mueller's foot, slightly offside."}, {"id": "4053499", "s1": "0", "s2": "1", "s": "Next", "t": "10'", "m": "Götze! 2 to 0!"}, {"id": "4053498", "s1": "0", "s2": "1", "s": "Next", "t": "9'", "m": "Believe me my question is not a problem for Bayern fans!"}, {"id": "4053494", "s1": "0", "s2": "1", "s": "Next", "t": "9'", "m": "Robben broke through on the right to face the goalkeeper, could pass the ball but still hit the goal directly, was blocked."}, {"id": "4053491", "s1": "0", "s2": "1", "s": "Next", "t": "8'", "m": "Ilizevic had a big gap, but was judged to be offside, a millimeter."}, {"id": "4053488", "s1": "0", "s2": "1", "s": "Next", "t": "8'", "m": "Mr-s066 : How could the Bayern game suddenly be broadcast. In the past, it was rare to see ------ and in the future, all the big games will try their best to take care of it."}, {"id": "4053484", "s1": "0", "s2": "1", "s": "Next", "t": "7'", "m": "Today Mueller was not very lucky, and did not step on it a few times."}, {"id": "4053481", "s1": "0", "s2": "1", "s": "Next", "t": "7'", "m": "Hamburg is almost oolong, Westman!"}, {"id": "4053478", "s1": "0", "s2": "1", "s": "Next", "t": "6'", "m": "[qiangda] Who is Bayern's second goalkeeper?"}, {"id": "4053472", "s1": "0", "s2": "1", "s": "Next", "t": "5'", "m": "DickMyer broke through quickly but got bigger."}, {"id": "4053467", "s1": "0", "s2": "1", "s": "Next", "t": "5'", "m": "Bayern's cross from the right was also directly picked up by Adler."}, {"id": "4053465", "s1": "0", "s2": "1", "s": "Next", "t": "5'", "m": "Hamburg broke through on the left and hit the goal directly, but there was no power angle, and it did not become a threat."}, {"id": "4053456", "s1": "0", "s2": "1", "s": "Next", "t": "3'", "m": "Hamburg broke through on the left to protect the ball and sent it to the box to be released by a Bayern defender."}, {"id": "4053448", "s1": "0", "s2": "1", "s": "Next", "t": "2'", "m": "Bayern snatched the ball at the back and Rahm was pulled straight down."}, {"id": "4053446", "s1": "0", "s2": "1", "s": "Next", "t": "2'", "m": "In the second half, I believe Hamburg will not sit still, and the game will be very exciting."}, {"id": "4053441", "s1": "0", "s2": "1", "s": "Next", "t": "1'", "m": "Never give up - Cher: Wenwen, get up early tomorrow, so can't watch your second half live, good night------ good night!"}, {"id": "4053437", "s1": "0", "s2": "1", "s": "Next", "t": "1'", "m": "Okay, the second half of the game starts!"}, {"id": "4053428", "s1": "0", "s2": "1", "s": "Midfielder", "t": "", "m": "Peter the Great loves history: I used to hear Wenwen say that your home team is the Premier League, simply broadcast the Bundesliga in the future, avoid suspicion, otherwise it always feels wrong when watching the Premier League live broadcast------ does not affect ~ I will be very objective ~ You see Zhan Jun is not also a Liverpool fan ~ "}, {"id": "4053374", "s1": "0", "s2": "1", "s": "Midfielder", "t": "", "m": "Congratulations to the following user for receiving the Live Room Membership: Love Seeker Koala"}, {"id": "4053343", "s1": "0", "s2": "1", "s": "Midfielder", "t": "", "m": "[qiangda] Let's not be idle at halftime ~ What are the Bayern league points before this game?"}, {"id": "4053337", "s1": "0", "s2": "1", "s": "on", "t": "46'", "m": "Okay, the first half is over! Bayern led 1-0 with Götze's goal!"}, {"id": "4053334", "s1": "0", "s2": "1", "s": "on", "t": "45'", "m": "The Hamburg fans on the scene are also very powerful, cheering hard for the home team!"}, {"id": "4053331", "s1": "0", "s2": "1", "s": "on", "t": "45'", "m": "There was also sunlight on the field, which was a bit dazzling."}, {"id": "4053325", "s1": "0", "s2": "1", "s": "on", "t": "45'", "m": "Fourteen-year-old Tian 5015976004: Wenwen, here I come! I am a fan of yours and will always support you! thank you ------ for your support!"}, {"id": "4053322", "s1": "0", "s2": "1", "s": "on", "t": "44'", "m": "Hamburg was another organisation, knocking the ball back from the left and Iličević's shot was outrageous."}, {"id": "4053316", "s1": "0", "s2": "1", "s": "on", "t": "43'", "m": "Time was running out in the first half and although Hamburg was positive, Bayern was still ahead."}, {"id": "4053313", "s1": "0", "s2": "1", "s": "on", "t": "43'", "m": "Love Koala: Wolcott on the left, Bale on the right, two wings flying together------ is this the British team?"}, {"id": "4053307", "s1": "0", "s2": "1", "s": "on", "t": "42'", "m": "Neuer's brave save, although there were small mistakes, but after all, Neuer's strength is there!"}, {"id": "4053305", "s1": "0", "s2": "1", "s": "on", "t": "42'", "m": "Van der Vaart! Take the ball in front of you and turn around and hit the goal!"}, {"id": "4053303", "s1": "0", "s2": "1", "s": "on", "t": "42'", "m": "This ball Mueller is also afraid of injury, did not rush, otherwise it may hit the goalpost."}, {"id": "4053300", "s1": "0", "s2": "1", "s": "on", "t": "41'", "m": "Robben transferred into the zone! Piggy's head ball passed to the back point, and Mueller almost knocked the ball in!"}, {"id": "4053296", "s1": "0", "s2": "1", "s": "on", "t": "40'", "m": "A good location for a free kick."}, {"id": "4053293", "s1": "0", "s2": "1", "s": "on", "t": "40'", "m": "This should have been a yellow card move, but the referee did not indicate it."}, {"id": "4053289", "s1": "0", "s2": "1", "s": "on", "t": "40'", "m": "Götze was very positive today and was put in again."}, {"id": "4053286", "s1": "0", "s2": "1", "s": "on", "t": "39'", "m": "It's been 27 years since I was a talented man: I'm an Argentine fan! Crespo honey!! I think Argentina is in the final four this year! France Gram Brazil, Basic Italy, Italy Gram Germany, Germany Gram Argentina! Hopefully Argentina won't encounter Germany!!! ------ Argentina is the first love of many fans"}, {"id": "4053281", "s1": "0", "s2": "1", "s": "on", "t": "39'", "m": "Hamburg today attaches great importance to hitting the back, but the offside is a bit much."}, {"id": "4053270", "s1": "0", "s2": "1", "s": "on", "t": "37'", "m": "Götze had a nosebleed, and he should have just bumped into it."}, {"id": "4053267", "s1": "0", "s2": "1", "s": "on", "t": "36'", "m": "The goal just now is also a perfect embodiment of personal strength."}, {"id": "4053264", "s1": "0", "s2": "1", "s": "on", "t": "36'", "m": "Robben took the ball beautifully from the right to the area, but there were too many Hamburg players in the penalty area to have a chance to play."}, {"id": "4053257", "s1": "0", "s2": "1", "s": "on", "t": "35'", "m": "Behind the scenes: Bayern seems to have not eased up after the defeat of Real Madrid, and the mentality is obviously very negative. I guess I'm starting to get confused... After all, this blow is too big... ------ mainly because the score was too big."}, {"id": "4053253", "s1": "0", "s2": "1", "s": "on", "t": "34'", "m": "This burger is a bit difficult to kick."}, {"id": "4053247", "s1": "0", "s2": "1", "s": "on", "t": "34'", "m": "Götze and Robben hit the wall together, and Götze hit a low flat ball!"}, {"id": "4053241", "s1": "0", "s2": "0", "s": "on", "t": "33'", "m": "The ball was scored!!! Götzel !!!"}, {"id": "4053236", "s1": "0", "s2": "0", "s": "on", "t": "32'", "m": "Hamburg again had a long pass without finding the key players."}, {"id": "4053233", "s1": "0", "s2": "0", "s": "on", "t": "32'", "m": "The pitch is slightly dull, Hamburg is serious enough but limited strength, bayern are slightly absent-minded."}, {"id": "4053229", "s1": "0", "s2": "0", "s": "on", "t": "31'", "m": "Congratulations to the following users for their studio membership: Zheng Bao'er Bang"}, {"id": "4053226", "s1": "0", "s2": "0", "s": "on", "t": "31'", "m": "Favorite Bayern Blues _nd3: There is a problem with the use of Guagua Team Gütze! ------ is also a super substitute."}, {"id": "4053222", "s1": "0", "s2": "0", "s": "on", "t": "30'", "m": "The camera is also constantly aimed at Neuer, and today it is obviously out of shape."}, {"id": "4053215", "s1": "0", "s2": "0", "s": "on", "t": "29'", "m": "SITC 7818: World Cup Final Four Brazil, Uruguay, Germany, Belgium. ------ put you on the wall, and then everyone can dig a grave"}, {"id": "4053212", "s1": "0", "s2": "0", "s": "on", "t": "29'", "m": "What's going on, the defender didn't concentrate when he passed back, and he was almost cut off."}, {"id": "4053211", "s1": "0", "s2": "0", "s": "on", "t": "28'", "m": "Neuer made a mistake again!"}, {"id": "4053209", "s1": "0", "s2": "0", "s": "on", "t": "28'", "m": "Which national team are you all fans of? Except, of course, for the Chinese team, which they jointly support"}, {"id": "4053206", "s1": "0", "s2": "0", "s": "on", "t": "27'", "m": "Love Koala: Germany's top four, don't meet Italy in the semi-finals! ------ Germany and Italy have deep roots."}, {"id": "4053199", "s1": "0", "s2": "0", "s": "on", "t": "27'", "m": "Martinez was still active in midfield and was another counter-attack, with Ram's cross intercepted."}, {"id": "4053196", "s1": "0", "s2": "0", "s": "on", "t": "25'", "m": "Hamburg's defense has been terrible this season."}, {"id": "4053192", "s1": "0", "s2": "0", "s": "on", "t": "25'", "m": "Congratulations to the following users for obtaining the membership of the live broadcast room: Chengnian, "}, {"id": "4053191", "s1": "0", "s2": "0", "s": "on", "t": "24'", "m": "Never give up - Cher: Let's talk about the expectations of germany and Brazil world cup------ let's talk freely ~ interact!"}, {"id": "4053190", "s1": "0", "s2": "0", "s": "on", "t": "24'", "m": "The burger's robbery is very fierce! The opponents are tackling the balls in the area!"}, {"id": "4053189", "s1": "0", "s2": "0", "s": "on", "t": "23'", "m": "Love Xiaojie: I like Wenwen the most------ thank you for your support!"}, {"id": "4053188", "s1": "0", "s2": "0", "s": "on", "t": "23'", "m": "Martinez moved widely to the entry zone, and Robben didn't take well, goal kick."}, {"id": "4053186", "s1": "0", "s2": "0", "s": "on", "t": "23'", "m": "Hamburg's attack was intercepted and Rahm took the ball."}, {"id": "4053184", "s1": "0", "s2": "0", "s": "on", "t": "22'", "m": "[qiangda] In the Champions League match in midweek, who scored the last goal of Real Madrid?"}, {"id": "4053183", "s1": "0", "s2": "0", "s": "on", "t": "22'", "m": "Xiaoice Ice Cake: Bayern come on, this month has been playing a little low, I hope the Champions League can wake you up------ fight again next year"}, {"id": "4053180", "s1": "0", "s2": "0", "s": "on", "t": "21'", "m": "Hamburg fouled, a violation of Robben."}, {"id": "4053176", "s1": "0", "s2": "0", "s": "on", "t": "20'", "m": "Van der Vaart took the ball again in the middle of the field and was picked up by Neuer."}, {"id": "4053175", "s1": "0", "s2": "0", "s": "on", "t": "19'", "m": "Van der Vaart's possession of the ball in front of the field was destroyed and the support was too slow."}, {"id": "4053172", "s1": "0", "s2": "0", "s": "on", "t": "18'", "m": "Alaba made a mistake in taking the ball forward at the back, but was immediately snatched back and given to Kroos, hitting the ball higher than the goal."}, {"id": "4053171", "s1": "0", "s2": "0", "s": "on", "t": "17'", "m": "It has been 27 years since I was a talent: Wenwen, why did you ignore me? What about good members? ------ answer the question well The member is probably you!"}, {"id": "4053169", "s1": "0", "s2": "0", "s": "on", "t": "17'", "m": "The game went on for 15 minutes and Bayern were clearly not excited enough"}, {"id": "4053167", "s1": "0", "s2": "0", "s": "on", "t": "17'", "m": "[qiangda] Who is Bayern's current top scorer in the team?"}, {"id": "4053164", "s1": "0", "s2": "0", "s": "on", "t": "16'", "m": "Congratulations to the following users for their membership in the live room: Toffee Porridge"}, {"id": "4053163", "s1": "0", "s2": "0", "s": "on", "t": "16'", "m": "Hamburg had a very threatening long-range shot, and today Hamburg was very excited to play at home!"}, {"id": "4053160", "s1": "0", "s2": "0", "s": "on", "t": "15'", "m": "It's really hard to be a simple person: Bayern's problem I think is still in the mentality, the so-called play is easy to play the country, it is difficult to defend the country, last year's deserved to get, this year is the league championship, the mentality is a little too relaxed------ the league championship is too easy it seems to be a double-edged sword."}, {"id": "4053157", "s1": "0", "s2": "0", "s": "on", "t": "15'", "m": "Bayern immediately counter-attacked, and a cross from the right was blocked by a defender."}, {"id": "4053156", "s1": "0", "s2": "0", "s": "on", "t": "14'", "m": "Now Neuer's state of mind is not a small problem."}, {"id": "4053154", "s1": "0", "s2": "0", "s": "on", "t": "14'", "m": "Neuer made a mistake! Directly to the opponent, Iličević hit the goal slightly higher!"}, {"id": "4053153", "s1": "0", "s2": "0", "s": "on", "t": "13'", "m": "Bayern's current attack is mainly on the right side, but there are a bit more offsides today."}, {"id": "4053148", "s1": "0", "s2": "0", "s": "on", "t": "12'", "m": "Hamburg is currently seriously injured, and this season's poor performance has a lot to do with injuries."}, {"id": "4053145", "s1": "0", "s2": "0", "s": "on", "t": "12'", "m": "What do you think Bayern's problems are now? What happened to the previous super team lately?"}, {"id": "4053142", "s1": "0", "s2": "0", "s": "on", "t": "11'", "m": "Glory Galen is a good brother and sister: The day after tomorrow is the decisive victory for my big Spurs, and I may continue to move forward or go home to fish. I still look at this relaxation mentality first------ basketball fans watch football relax ~"}, {"id": "4053139", "s1": "0", "s2": "0", "s": "on", "t": "11'", "m": "Repeat the question, what is Hamburg's current league ranking?"}, {"id": "4053136", "s1": "0", "s2": "0", "s": "on", "t": "10'", "m": "Participate in the interaction and have the opportunity to get a live room membership"}, {"id": "4053135", "s1": "0", "s2": "0", "s": "on", "t": "10'", "m": "Offside Robben passed a header to Mueller, slightly more than half a position."}, {"id": "4053130", "s1": "0", "s2": "0", "s": "on", "t": "9'", "m": "Offside! Robben was offside."}, {"id": "4053124", "s1": "0", "s2": "0", "s": "on", "t": "9'", "m": "Ribery did not make the big list because of a back injury."}, {"id": "4053122", "s1": "0", "s2": "0", "s": "on", "t": "9'", "m": "Hamburg is now the same as the final in every match, and it will definitely be a desperate fight."}, {"id": "4053120", "s1": "0", "s2": "0", "s": "on", "t": "8'", "m": "Favorite Bayern Blues _nd3: My little breaker wants to get out of the slump as soon as possible! We love you Bayern forever! ------ supporting fan teams must have been very impressed."}, {"id": "4053114", "s1": "0", "s2": "0", "s": "on", "t": "8'", "m": "Ram broke through on the right and gave Mueller a high shot from Robben, who was kicked out of the perimeter by the defender."}, {"id": "4053112", "s1": "0", "s2": "0", "s": "on", "t": "7'", "m": "Now Bayern are starting to have possession and Hamburg's attack was great in the opening five minutes."}, {"id": "4053104", "s1": "0", "s2": "0", "s": "on", "t": "4'", "m": "Manju's inability to start today is also not very favorable for him to compete for the top scorer."}, {"id": "4053096", "s1": "0", "s2": "0", "s": "on", "t": "2'", "m": "Qarhan conceded the ball on the left side if he tried to attack."}, {"id": "4053092", "s1": "0", "s2": "0", "s": "on", "t": "1'", "m": "Hamburg came up with a burst of attack, a Rarchek left assault but made a mistake!"}, {"id": "4053089", "s1": "0", "s2": "0", "s": "on", "t": "1'", "m": "Good! The first half of the game has begun!"}, {"id": "4053081", "s1": "0", "s2": "0", "s": "Not matched", "t": "", "m": "[qiangda] is still a small problem for everyone before the game! How much does Hamburg currently rank in the league?"}, {"id": "4053039", "s1": "0", "s2": "0", "s": "Not matched", "t": "", "m": "Come and I'll give you a sugar gourd: Today is Wenwen again ~ ------ dear audience, I haven't seen you for a long time"}, {"id": "4053032", "s1": "0", "s2": "0", "s": "Not matched", "t": "", "m": "Bayern starters (4141): 1-Neuer; 21- Ram, 17-Boateng, 4-Dante, 27-Alaba; 8- Martinez; 10- Robben, 31- Schweinsteiger, 39-Kroos, 19-Götze; 25- Mueller"}, {"id": "4053029", "s1": "0", "s2": "0", "s": "Not matched", "t": "", "m": "Hamburg starter (4231): 15 Adler; 2 - Dick Meyer, 4 - Westman, 3 - Mansian, 19 - Iracek; 14-Badelli, 8-Ringo; 23- van der Vaart, 9- Chalkhanolu, 37-Tescher; 11 - Iličević"}, {"id": "4052987", "s1": "0", "s2": "0", "s": "Not matched", "t": "", "m": "The game is about to start, and we will bring you the starting lineup of this game today!"}, {"id": "4050644", "s1": "0", "s2": "0", "s": "Not matched", "t": "", "m": "So whose hand is dead in this game, let's wait and see!"}, {"id": "4050643", "s1": "0", "s2": "0", "s": "Not matched", "t": "", "m": "In their most recent meeting, Bayern beat Hamburg 3-1. Mandzukic, Getzel, and Shakiri respectively contributed."}, {"id": "4050642", "s1": "0", "s2": "0", "s": "Not matched", "t": "", "m": "And Bayern's league excitement is not enough, the Champions League is back, there are still two training opportunities before the German Cup final, Guardiola must take advantage of it!"}, {"id": "4050641", "s1": "0", "s2": "0", "s": "Not matched", "t": "", "m": "Hamburg's poor record this season, especially after the winter break, has put them in the toughest moments of relegation. At present, the team is still 5 points away from Stuttgart, and it is almost impossible to directly relegate, and it is more realistic to actively play the few remaining games and consolidate their third-to-last position to qualify for the promotion and relegation play-offs."}, {"id": "4050640", "s1": "0", "s2": "0", "s": "Not matched", "t": "", "m": "Bayern's crushing defeat in the Champions League semi-final in midweek was a no small blow."}, {"id": "4050639", "s1": "0", "s2": "0", "s": "Not matched", "t": "", "m": "Hello everyone, this game is brought by me for everyone!"}]