[{"id": "123", "s1": "1", "s2": "5", "s": "", "t": "", "m": "The match ended with Hamburg 1-5 Hoffenheim, thank you for watching The Sina Football Live."}, {"id": "122", "s1": "1", "s2": "5", "s": "", "t": "90'+2'", "m": "End of the second half, Hamburg 1-5 Hoffenheim"}, {"id": "121", "s1": "1", "s2": "5", "s": "", "t": "88'", "m": "Hoffenheim player Firmino threw the ball straight into Yunussi, but the referee raised a flag to show that the latter was offside."}, {"id": "120", "s1": "1", "s2": "5", "s": "", "t": "88'", "m": "Polanski handled the ball out of the bottom line and Hamburg won a corner."}, {"id": "119", "s1": "1", "s2": "5", "s": "", "t": "87'", "m": "Hamburg player Zua Dao Garri scrambled for a foul and his opponent was given possession of the ball."}, {"id": "118", "s1": "1", "s2": "5", "s": "", "t": "87'", "m": "David Abraham won a free kick for Hoffenheim."}, {"id": "117", "s1": "1", "s2": "5", "s": "", "t": "86'", "m": "Ogo won a free kick for Hamburg."}, {"id": "116", "s1": "1", "s2": "5", "s": "", "t": "86'", "m": "Hoffenheim player Syplock scrambled for a foul and the opponent was given possession of the ball."}, {"id": "115", "s1": "1", "s2": "5", "s": "", "t": "86'", "m": "Hoffenheim player Polanski's right-footed shot from outside the penalty area was blocked by a defender. It was Firmino who passed the ball to him."}, {"id": "114", "s1": "1", "s2": "5", "s": "", "t": "86'", "m": "DickMyer handled the ball out of the box and Hoffenheim won the corner."}, {"id": "113", "s1": "1", "s2": "5", "s": "", "t": "85'", "m": "Hamburg player Aslan scrambled for a foul and the opponent was given possession."}, {"id": "112", "s1": "1", "s2": "5", "s": "", "t": "85'", "m": "Baker won a free kick for Hoffenheim on the right."}, {"id": "111", "s1": "1", "s2": "5", "s": "", "t": "84'", "m": "Hamburg made a substitution, and Iracek replaced Van der Vaart"}, {"id": "110", "s1": "1", "s2": "5", "s": "", "t": "83'", "m": "Hoffenheim made a substitution, and Hedlin replaced Flanders"}, {"id": "109", "s1": "1", "s2": "5", "s": "", "t": "83'", "m": "Rudnevs won a free kick for Hamburg at the opposing half."}, {"id": "108", "s1": "1", "s2": "5", "s": "", "t": "83'", "m": "Hoffenheim player David Abraham scrambled for a foul and his opponent gained possession of the ball."}, {"id": "107", "s1": "1", "s2": "5", "s": "", "t": "80'", "m": "Shot!!! Hoffenheim player Syplock's right-footed shot from the left side of the penalty area was saved by the opposing goalkeeper. It was Firmino who passed the ball to him."}, {"id": "106", "s1": "1", "s2": "5", "s": "", "t": "80'", "m": "Hoffenheim made a substitution and Syplock replaced Modeste"}, {"id": "105", "s1": "1", "s2": "5", "s": "", "t": "79'", "m": "Hamburg player Rudnevs scrambled for a foul and his opponent gained possession of the ball."}, {"id": "104", "s1": "1", "s2": "5", "s": "", "t": "79'", "m": "Castres won a free kick for Hoffenheim."}, {"id": "103", "s1": "1", "s2": "5", "s": "", "t": "77'", "m": "Goal!!! Hoffenheim player Firmino shot with a right foot from the right side of the penalty area, the ball flew from the bottom left corner into the goal, the ball went in! The assist was Flanders. Hamburg 1-5 Hoffenheim."}, {"id": "102", "s1": "1", "s2": "4", "s": "", "t": "77'", "m": "Hamburg player Sobech scrambled for a foul and the opponent was given possession of the ball."}, {"id": "101", "s1": "1", "s2": "4", "s": "", "t": "77'", "m": "Modeste won a free kick for Hoffenheim at the opposing half."}, {"id": "100", "s1": "1", "s2": "4", "s": "", "t": "76'", "m": "Hamburg made substitutions, Ogo on, Janssen went off with injury."}, {"id": "99", "s1": "1", "s2": "4", "s": "", "t": "74'", "m": "Goal!!! Hoffenheim player Modeste shot with a right foot in the centre of the penalty area, the ball flew from the middle of the road into the goal, the ball went in! Assisted by Firmino. Hamburg 1-4 Hoffenheim."}, {"id": "98", "s1": "1", "s2": "3", "s": "", "t": "74'", "m": "Hoffenheim player Modeste attempted a header in the centre of the penalty area but unfortunately the ball went high above the top right corner. It was Baker who gave him the pass."}, {"id": "97", "s1": "1", "s2": "3", "s": "", "t": "73'", "m": "Hoffenheim player Flanders' right-footed shot from outside the penalty area was blocked by a defender. It was Polanski who gave him the ball."}, {"id": "96", "s1": "1", "s2": "3", "s": "", "t": "72'", "m": "Yellow! Hamburg player Aslan was shown a yellow card by the referee for a malicious foul."}, {"id": "95", "s1": "1", "s2": "3", "s": "", "t": "72'", "m": "Hamburg player Aslan scrambled for a foul and the opponent was given possession."}, {"id": "94", "s1": "1", "s2": "3", "s": "", "t": "72'", "m": "Yunusi won a free kick for Hoffenheim."}, {"id": "93", "s1": "1", "s2": "3", "s": "", "t": "70'", "m": "Yellow! Hamburg player Dick Meier was shown a yellow card by the referee for a malicious foul."}, {"id": "92", "s1": "1", "s2": "3", "s": "", "t": "70'", "m": "Hamburg player Dick Meier scrambled for a foul and the opponent was given possession of the ball."}, {"id": "91", "s1": "1", "s2": "3", "s": "", "t": "70'", "m": "Stroble won a free kick for Hoffenheim."}, {"id": "90", "s1": "1", "s2": "3", "s": "", "t": "69'", "m": "Yellow! Hoffenheim player Polanski was shown a yellow card by the referee for a malicious foul."}, {"id": "89", "s1": "1", "s2": "3", "s": "", "t": "69'", "m": "Baist won a free kick for Hamburg on the left."}, {"id": "88", "s1": "1", "s2": "3", "s": "", "t": "69'", "m": "Hoffenheim player Polanski scrambled for a foul and his opponent was given possession of the ball."}, {"id": "87", "s1": "1", "s2": "3", "s": "", "t": "67'", "m": "Goal!!! Hoffenheim player Modeste shot with a right foot from the right side of the penalty area, the ball flew from the bottom right corner into the goal, the ball went in! Assisted by Firmino. Hamburg 1-3 Hoffenheim."}, {"id": "86", "s1": "1", "s2": "2", "s": "", "t": "66'", "m": "Zoua Da O'Gary won a free kick for Hamburg at the opposing half."}, {"id": "85", "s1": "1", "s2": "2", "s": "", "t": "66'", "m": "Hoffenheim player Polanski scrambled for a foul and his opponent was given possession of the ball."}, {"id": "84", "s1": "1", "s2": "2", "s": "", "t": "64'", "m": "Hoffenheim player Firmino tucked the ball straight into Modest, but the referee raised a flag to show that the latter was offside."}, {"id": "83", "s1": "1", "s2": "2", "s": "", "t": "64'", "m": "Baist won a free kick for Hamburg on the left."}, {"id": "82", "s1": "1", "s2": "2", "s": "", "t": "64'", "m": "Hoffenheim player Forland scrambled for a foul and his opponent was given possession."}, {"id": "81", "s1": "1", "s2": "2", "s": "", "t": "63'", "m": "Hamburg was replaced, Rudnieus was replaced by Baldelli"}, {"id": "80", "s1": "1", "s2": "2", "s": "", "t": "62'", "m": "Hoffenheim made a substitution, and Strobl replaced Salihović"}, {"id": "79", "s1": "1", "s2": "2", "s": "", "t": "61'", "m": "Hoffenheim player Firmino tried his right-footed shot from the centre of the penalty area, but unfortunately the ball was slightly offside the left goal. It was Flanders who gave him the ball."}, {"id": "78", "s1": "1", "s2": "2", "s": "", "t": "57'", "m": "Hamburg player Char hanoglu scrambled for a foul and the opponent was given possession of the ball."}, {"id": "77", "s1": "1", "s2": "2", "s": "", "t": "57'", "m": "Castres won a free kick for Hoffenheim."}, {"id": "76", "s1": "1", "s2": "2", "s": "", "t": "56'", "m": "Janssen won a free kick for Hamburg."}, {"id": "75", "s1": "1", "s2": "2", "s": "", "t": "56'", "m": "Hoffenheim player Modeste scrambled for a foul and his opponent was given possession of the ball."}, {"id": "74", "s1": "1", "s2": "2", "s": "", "t": "56'", "m": "Hamburg player Janssen scrambled for a foul and his opponent was given possession."}, {"id": "73", "s1": "1", "s2": "2", "s": "", "t": "56'", "m": "Baker won a free kick for Hoffenheim."}, {"id": "72", "s1": "1", "s2": "2", "s": "", "t": "55'", "m": "Zoua Da O'Gary won a free kick for Hamburg at the opposing half."}, {"id": "71", "s1": "1", "s2": "2", "s": "", "t": "55'", "m": "Hoffenheim player David Abraham scrambled for a foul and his opponent gained possession of the ball."}, {"id": "70", "s1": "1", "s2": "2", "s": "", "t": "54'", "m": "Baist won a free kick for Hamburg in the opposing half."}, {"id": "69", "s1": "1", "s2": "2", "s": "", "t": "54'", "m": "Hoffenheim player Salihovic scrambled for a foul and his opponent was given possession of the ball."}, {"id": "68", "s1": "1", "s2": "2", "s": "", "t": "53'", "m": "Charhanolu won a free kick for Hamburg in the opposing half."}, {"id": "67", "s1": "1", "s2": "2", "s": "", "t": "53'", "m": "Hoffenheim player David Abraham scrambled for a foul and his opponent gained possession of the ball."}, {"id": "66", "s1": "1", "s2": "2", "s": "", "t": "53'", "m": "Van der Vaart won a free kick for Hamburg."}, {"id": "65", "s1": "1", "s2": "2", "s": "", "t": "53'", "m": "Hoffenheim player Salihovic scrambled for a foul and his opponent was given possession of the ball."}, {"id": "64", "s1": "1", "s2": "2", "s": "", "t": "52'", "m": "Hoffenheim player Forlander attempted a left-footed shot just outside the penalty area, but the ball was deflected slightly off the left goal."}, {"id": "63", "s1": "1", "s2": "2", "s": "", "t": "50'", "m": "Goal!!! Hoffenheim player Flanders fired a right-footed shot from the right side of the penalty area, the ball flew from the bottom left corner into the goal, and the ball went in! Assisted by Firmino. Hamburg 1-2 Hoffenheim."}, {"id": "62", "s1": "1", "s2": "1", "s": "", "t": "50'", "m": "Shot!!! Hamburg player Zua Daogari's right-footed shot from the right side of the penalty area was saved by the opposing goalkeeper."}, {"id": "61", "s1": "1", "s2": "1", "s": "", "t": "50'", "m": "Hamburg player Badelli's right-footed shot from the left side of the penalty area was blocked by a defender. It was Janssen who gave him the pass."}, {"id": "60", "s1": "1", "s2": "1", "s": "", "t": "49'", "m": "Badelli won a free kick for Hamburg."}, {"id": "59", "s1": "1", "s2": "1", "s": "", "t": "49'", "m": "Hoffenheim player Yunusi scrambled for a foul and his opponent was given possession."}, {"id": "58", "s1": "1", "s2": "1", "s": "", "t": "48'", "m": "Hoffenheim player Firmino's right-footed shot from the left side of the penalty area was blocked by a defender. It was Baker who gave him the pass."}, {"id": "57", "s1": "1", "s2": "1", "s": "", "t": "48'", "m": "Aslan won a free kick for Hamburg on the right."}, {"id": "56", "s1": "1", "s2": "1", "s": "", "t": "48'", "m": "Hoffenheim player Polanski scrambled for a foul and his opponent was given possession of the ball."}, {"id": "55", "s1": "1", "s2": "1", "s": "", "t": "", "m": "The second half began, Hamburg 1-1 Hoffenheim"}, {"id": "54", "s1": "1", "s2": "1", "s": "", "t": "45'+2'", "m": "At the end of the first half, Hamburg 1-1 Hoffenheim, with a short break, we will take a look at the performance of the two teams in the second half."}, {"id": "53", "s1": "1", "s2": "1", "s": "", "t": "45'", "m": "Zua Da Ogari won a free kick for Hamburg."}, {"id": "52", "s1": "1", "s2": "1", "s": "", "t": "45'", "m": "Hoffenheim player Forland scrambled for a foul and his opponent was given possession."}, {"id": "51", "s1": "1", "s2": "1", "s": "", "t": "44'", "m": "Goal!!! Hamburg player Van der Vaart shot with his left foot, the ball flew from the bottom left corner into the goal, and the ball went in! Hamburg 1-1 Hoffenheim."}, {"id": "50", "s1": "0", "s2": "1", "s": "", "t": "43'", "m": "Yellow! Hoffenheim player Yunusi was shown a yellow card by the referee for deliberate handball."}, {"id": "49", "s1": "0", "s2": "1", "s": "", "t": "43'", "m": "Hoffenheim player Yunusi handballed the other side to receive a penalty."}, {"id": "48", "s1": "0", "s2": "1", "s": "", "t": "42'", "m": "Hoffenheim player Baker tried his left-footed shot from outside the box, but unfortunately the ball deflected off target. It was Salihovic who gave him the ball."}, {"id": "47", "s1": "0", "s2": "1", "s": "", "t": "41'", "m": "DickMyer handled the ball out of the box and Hoffenheim won the corner."}, {"id": "46", "s1": "0", "s2": "1", "s": "", "t": "41'", "m": "Hoffenheim player Firmino's left-footed shot from the left side of the penalty area was blocked by a defender. It was Salihovic who gave him the ball."}, {"id": "45", "s1": "0", "s2": "1", "s": "", "t": "36'", "m": "Hamburg player Janssen scrambled for a foul and his opponent was given possession."}, {"id": "44", "s1": "0", "s2": "1", "s": "", "t": "36'", "m": "Modeste won a free kick for Hoffenheim at the opposing half."}, {"id": "43", "s1": "0", "s2": "1", "s": "", "t": "35'", "m": "Hamburg player Char hanoglu attempted a right-footed shot just outside the penalty area, but the ball was deflected slightly off the left goal. It was Aslan who gave him the pass."}, {"id": "42", "s1": "0", "s2": "1", "s": "", "t": "32'", "m": "Hamburg player Dick Meier scrambled for a foul and the opponent was given possession of the ball."}, {"id": "41", "s1": "0", "s2": "1", "s": "", "t": "32'", "m": "Sallihovic won a free kick for Hoffenheim."}, {"id": "40", "s1": "0", "s2": "1", "s": "", "t": "31'", "m": "Hamburg player Adler tucked the ball straight into Beist, but the referee raised a flag to show that the latter was offside."}, {"id": "39", "s1": "0", "s2": "1", "s": "", "t": "30'", "m": "Hamburg player Zua Dao Garri scrambled for a foul and his opponent was given possession of the ball."}, {"id": "38", "s1": "0", "s2": "1", "s": "", "t": "30'", "m": "Flanders won a free kick for Hoffenheim."}, {"id": "37", "s1": "0", "s2": "1", "s": "", "t": "29'", "m": "Van der Vaart won a free kick for Hamburg on the right."}, {"id": "36", "s1": "0", "s2": "1", "s": "", "t": "29'", "m": "Hoffenheim player Yunusi scrambled for a foul and his opponent was given possession."}, {"id": "35", "s1": "0", "s2": "1", "s": "", "t": "28'", "m": "Westerman handled the ball out of the line and Hoffenheim won the corner."}, {"id": "34", "s1": "0", "s2": "1", "s": "", "t": "28'", "m": "Hoffenheim player Modeste's right-footed shot from outside the penalty area was blocked by a defender. It was Firmino who passed the ball to him."}, {"id": "33", "s1": "0", "s2": "1", "s": "", "t": "27'", "m": "Zua da O'Gary won a free kick for Hamburg on the left."}, {"id": "32", "s1": "0", "s2": "1", "s": "", "t": "27'", "m": "Hoffenheim player Baker scrambled for a foul and the opponent was given possession of the ball."}, {"id": "31", "s1": "0", "s2": "1", "s": "", "t": "25'", "m": "Hamburger Sobech attempted a header in the centre of the penalty area, but unfortunately the ball was slightly offside the right goal. It was Charhanoglu who gave him the ball."}, {"id": "30", "s1": "0", "s2": "1", "s": "", "t": "24'", "m": "Aslan won a free kick for Hamburg on the left."}, {"id": "29", "s1": "0", "s2": "1", "s": "", "t": "24'", "m": "Hoffenheim player Firmino scrambled for a foul and his opponent gained possession of the ball."}, {"id": "28", "s1": "0", "s2": "1", "s": "", "t": "20'", "m": "Baist won a free kick for Hamburg."}, {"id": "27", "s1": "0", "s2": "1", "s": "", "t": "20'", "m": "Hoffenheim player Salihovic scrambled for a foul and his opponent was given possession of the ball."}, {"id": "26", "s1": "0", "s2": "1", "s": "", "t": "17'", "m": "Westman won a free kick for Hamburg."}, {"id": "25", "s1": "0", "s2": "1", "s": "", "t": "17'", "m": "Hoffenheim player Yunusi scrambled for a foul and his opponent was given possession."}, {"id": "24", "s1": "0", "s2": "1", "s": "", "t": "17'", "m": "Hamburg player Beist scrambled for a foul and the opponent was given possession of the ball."}, {"id": "23", "s1": "0", "s2": "1", "s": "", "t": "17'", "m": "Fabian Johnson won a free kick for Hoffenheim."}, {"id": "22", "s1": "0", "s2": "1", "s": "", "t": "15'", "m": "Aslan won a free kick for Hamburg."}, {"id": "21", "s1": "0", "s2": "1", "s": "", "t": "15'", "m": "Hoffenheim player Baker scrambled for a foul and the opponent was given possession of the ball."}, {"id": "20", "s1": "0", "s2": "1", "s": "", "t": "13'", "m": "Hamburg player Van der Vaart made a dangerous move where the opponent gained possession of the ball."}, {"id": "19", "s1": "0", "s2": "1", "s": "", "t": "13'", "m": "Fabian Johnson won a free kick for Hoffenheim."}, {"id": "18", "s1": "0", "s2": "1", "s": "", "t": "12'", "m": "Adler won a free kick for Hamburg."}, {"id": "17", "s1": "0", "s2": "1", "s": "", "t": "12'", "m": "Hoffenheim player Westergaard scrambled for a foul and the opponent was given possession of the ball."}, {"id": "16", "s1": "0", "s2": "1", "s": "", "t": "12'", "m": "Adler handled the ball out of the bottom line and Hoffenheim won a corner kick."}, {"id": "15", "s1": "0", "s2": "1", "s": "", "t": "12'", "m": "Shot!!! Hoffenheim player Modeste's left-footed shot from the left side of the penalty area was saved by the opposing goalkeeper. It was Flanders who gave him the ball."}, {"id": "14", "s1": "0", "s2": "1", "s": "", "t": "11'", "m": "Hamburg player Westermann scrambled for a foul and the opponent was given possession of the ball."}, {"id": "13", "s1": "0", "s2": "1", "s": "", "t": "11'", "m": "Flanders won a free kick for Hoffenheim at the opposing half."}, {"id": "12", "s1": "0", "s2": "1", "s": "", "t": "10'", "m": "Hamburg player Aslan tried his right-footed shot just outside the penalty area, but unfortunately the ball was slightly offside the left goal."}, {"id": "11", "s1": "0", "s2": "1", "s": "", "t": "7'", "m": "Shot!!! Hamburg player Char hanoglu's right-footed shot from the left side of the penalty area was saved by the opposing goalkeeper. It was Janssen who gave him the pass."}, {"id": "10", "s1": "0", "s2": "1", "s": "", "t": "5'", "m": "Goal!!! Hoffenheim player Firmino headed a header at the goal line and the ball flew into the goal from the bottom right corner and the ball went in! The assist was Fabian Johnson. Hamburg 0-1 Hoffenheim."}, {"id": "9", "s1": "0", "s2": "0", "s": "", "t": "4'", "m": "Shot!!! Hamburg player Zua Daogari's header from the centre of the penalty area was saved by the opposing goalkeeper. It was Baist who gave him the pass."}, {"id": "8", "s1": "0", "s2": "0", "s": "", "t": "3'", "m": "Yunusi handled the ball out of the bottom line and Hamburg won a corner kick."}, {"id": "7", "s1": "0", "s2": "0", "s": "", "t": "3'", "m": "Hoffenheim player Polanski attempted a right-footed shot from outside the penalty area, but unfortunately the ball went high above goal."}, {"id": "6", "s1": "0", "s2": "0", "s": "", "t": "3'", "m": "Hoffenheim player Salihovic's left-footed shot from outside the penalty area was blocked by a defender."}, {"id": "5", "s1": "0", "s2": "0", "s": "", "t": "1'", "m": "Hamburg player Aslan scrambled for a foul and the opponent was given possession."}, {"id": "4", "s1": "0", "s2": "0", "s": "", "t": "1'", "m": "Salihovic won a free kick for Hoffenheim on the left."}, {"id": "3", "s1": "0", "s2": "0", "s": "", "t": "1'", "m": "Janssen won a free kick for Hamburg."}, {"id": "2", "s1": "0", "s2": "0", "s": "", "t": "1'", "m": "Hoffenheim player Forland scrambled for a foul and his opponent was given possession."}, {"id": "1", "s1": "0", "s2": "0", "s": "", "t": "", "m": "With a whistle from the referee, the first half of the game began."}]