[{"id": "129", "s1": "3", "s2": "3", "s": "", "t": "", "m": "The match ended with Stuttgart 3-3 Bayer Leverkusen, thank you for watching Sina Football Live."}, {"id": "128", "s1": "3", "s2": "3", "s": "", "t": "90'+4'", "m": "At the end of the second half, Stuttgart 3-3 Bayer Leverkusen"}, {"id": "127", "s1": "3", "s2": "3", "s": "", "t": "90'+3'", "m": "Stuttgart player Filip Kostic tried a right-footed shot from outside the penalty area, but unfortunately the ball was high above goal."}, {"id": "126", "s1": "3", "s2": "3", "s": "", "t": "90'+3'", "m": "Leno handled the ball out of the bottom line and Stuttgart won the corner."}, {"id": "125", "s1": "3", "s2": "3", "s": "", "t": "90'+3'", "m": "Shot!!! Stuttgart player Hanik's right-footed shot from the centre of the penalty area was saved by the opposing goalkeeper. It was Gentner who gave him the ball."}, {"id": "124", "s1": "3", "s2": "3", "s": "", "t": "90'+2'", "m": "Stuttgart player Filip Kostic tried his left-footed shot from the left side of the penalty area, but unfortunately the ball was slightly offside the right goal. It was Harnick who gave him the pass."}, {"id": "123", "s1": "3", "s2": "3", "s": "", "t": "90'+1'", "m": "Shot!!! Stuttgart player Hanik's left-footed shot from the centre of the penalty area was saved by the opposing goalkeeper."}, {"id": "122", "s1": "3", "s2": "3", "s": "", "t": "90'+1'", "m": "Toprak handled the ball out of the bottom line and Stuttgart won a corner kick."}, {"id": "121", "s1": "3", "s2": "3", "s": "", "t": "90'", "m": "Bayer Leverkusen player Hilbert was fouled for handball and the opponent was given the ball."}, {"id": "120", "s1": "3", "s2": "3", "s": "", "t": "88'", "m": "Kischbaum won a free kick for Stuttgart."}, {"id": "119", "s1": "3", "s2": "3", "s": "", "t": "88'", "m": "Bayer Leverkusen player Delmić scrambled for a foul and the opponent was given possession of the ball."}, {"id": "118", "s1": "3", "s2": "3", "s": "", "t": "87'", "m": "Stuttgart player Romeu scrambled for a foul and the opponent was given possession of the ball."}, {"id": "117", "s1": "3", "s2": "3", "s": "", "t": "87'", "m": "Kiesling won a free kick for Bayer Leverkusen at the opposing half."}, {"id": "116", "s1": "3", "s2": "3", "s": "", "t": "86'", "m": "Stuttgart player Gentner was shown a yellow card by the referee."}, {"id": "115", "s1": "3", "s2": "3", "s": "", "t": "86'", "m": "Stuttgart player Filip Kostic scrambled for a foul and the opponent was given possession."}, {"id": "114", "s1": "3", "s2": "3", "s": "", "t": "86'", "m": "Donati won a free kick for Bayer Leverkusen."}, {"id": "113", "s1": "3", "s2": "3", "s": "", "t": "85'", "m": "Stuttgart player Hanik scrambled for a foul and the opponent was given possession of the ball."}, {"id": "112", "s1": "3", "s2": "3", "s": "", "t": "85'", "m": "Reinats won a free kick for Bayer Leverkusen."}, {"id": "111", "s1": "3", "s2": "3", "s": "", "t": "84'", "m": "Bayer Leverkusen's Spašić attempted a left-footed shot from outside the penalty area, but the ball was deflected slightly off the right goal. It was Sun Xingmin who passed the ball to him."}, {"id": "110", "s1": "3", "s2": "3", "s": "", "t": "84'", "m": "Shot!!! Stuttgart player Maxime's right-footed shot from a wide distance on the left was saved by the opposing goalkeeper."}, {"id": "109", "s1": "3", "s2": "3", "s": "", "t": "83'", "m": "Yellow! Bayer Leverkusen player Toplak was shown a yellow card by the referee for a malicious foul."}, {"id": "108", "s1": "3", "s2": "3", "s": "", "t": "83'", "m": "Filip Kostic won a free kick for Stuttgart on the left."}, {"id": "107", "s1": "3", "s2": "3", "s": "", "t": "83'", "m": "Bayer Leverkusen player Toplak scrambled for a foul and the opponent was given possession of the ball."}, {"id": "106", "s1": "3", "s2": "3", "s": "", "t": "82'", "m": "Bayer Leverkusen player Delmić's header from the left side of the penalty area was blocked by a defender. It was Sun Xingmin who passed the ball to him."}, {"id": "105", "s1": "3", "s2": "3", "s": "", "t": "82'", "m": "Kischbaum handled the ball out of the box and Bayer Leverkusen won the corner."}, {"id": "104", "s1": "3", "s2": "3", "s": "", "t": "82'", "m": "Shot!!! Bayer Leverkusen player Son Heung-min's header from the centre of the penalty area was saved by the opposing goalkeeper. It was Hilbert who gave him the pass."}, {"id": "103", "s1": "3", "s2": "3", "s": "", "t": "81'", "m": "Gentner handled the ball out of the box and Bayer Leverkusen won a corner kick."}, {"id": "102", "s1": "3", "s2": "3", "s": "", "t": "80'", "m": "Schwab handled the ball out of the bottom line and Bayer Leverkusen won a corner kick."}, {"id": "101", "s1": "3", "s2": "3", "s": "", "t": "80'", "m": "Stuttgart player Gentner was fouled for handball and the opponent was given the ball."}, {"id": "100", "s1": "3", "s2": "3", "s": "", "t": "79'", "m": "Bayer Leverkusen made a substitution and Delmić replaced Bella Rabbi"}, {"id": "99", "s1": "3", "s2": "3", "s": "", "t": "77'", "m": "Bayer Leverkusen made a substitution, and Donati replaced Charhanoglu"}, {"id": "98", "s1": "3", "s2": "3", "s": "", "t": "76'", "m": "Goal!!! Stuttgart player Hanik's header from the goal line, the ball flew from the top left corner into the goal, the ball went in! Assisted by Filip Kostic. Stuttgart 3-3 Bayer Leverkusen."}, {"id": "97", "s1": "2", "s2": "3", "s": "", "t": "76'", "m": "Maxim won a free kick for Stuttgart on the right."}, {"id": "96", "s1": "2", "s2": "3", "s": "", "t": "76'", "m": "Bayer Leverkusen player Sun Heung-min scrambled for a foul and the opponent was given possession of the ball."}, {"id": "95", "s1": "2", "s2": "3", "s": "", "t": "74'", "m": "Stuttgart was replaced and Filip Kostic replaced Kako"}, {"id": "94", "s1": "2", "s2": "3", "s": "", "t": "73'", "m": "Yellow! Stuttgart player Niedermeier was shown a yellow card by the referee for a malicious foul."}, {"id": "93", "s1": "2", "s2": "3", "s": "", "t": "72'", "m": "Bella Rabi won a free kick for Bayer Leverkusen on the right."}, {"id": "92", "s1": "2", "s2": "3", "s": "", "t": "72'", "m": "Stuttgart player Niedermeier scrambled for a foul and the opponent was given possession of the ball."}, {"id": "91", "s1": "2", "s2": "3", "s": "", "t": "71'", "m": "Spašić won a free kick for Bayer Leverkusen."}, {"id": "90", "s1": "2", "s2": "3", "s": "", "t": "71'", "m": "Stuttgart player Maxim scrambled for a foul and the opponent gained possession of the ball."}, {"id": "89", "s1": "2", "s2": "3", "s": "", "t": "68'", "m": "Bayer Leverkusen player Charhanoglu scrambled for a foul and the opponent was given possession of the ball."}, {"id": "88", "s1": "2", "s2": "3", "s": "", "t": "68'", "m": "Kako won a free kick for Stuttgart at the opposing half."}, {"id": "87", "s1": "2", "s2": "3", "s": "", "t": "67'", "m": "Goal!!! Stuttgart player Florian Klein's right-footed shot from outside the penalty area flew into the net from the bottom right corner and the ball went in! Stuttgart 2-3 Bayer Leverkusen."}, {"id": "86", "s1": "1", "s2": "3", "s": "", "t": "66'", "m": "Bayer Leverkusen player Hilbert scrambled for a foul and the opponent was given possession of the ball."}, {"id": "85", "s1": "1", "s2": "3", "s": "", "t": "66'", "m": "Kako won a free kick for Stuttgart on the left."}, {"id": "84", "s1": "1", "s2": "3", "s": "", "t": "65'", "m": "Stuttgart was replaced, and Maxim replaced Leitner"}, {"id": "83", "s1": "1", "s2": "3", "s": "", "t": "65'", "m": "Bayer Leverkusen player Charhanoglu scrambled for a foul and the opponent was given possession of the ball."}, {"id": "82", "s1": "1", "s2": "3", "s": "", "t": "65'", "m": "Romeu won a free kick for Stuttgart at the opposing half."}, {"id": "81", "s1": "1", "s2": "3", "s": "", "t": "64'", "m": "Bayer Leverkusen player K. Papadopoulos scrambled for a foul and the opponent was given possession of the ball."}, {"id": "80", "s1": "1", "s2": "3", "s": "", "t": "64'", "m": "Leitner won a free kick for Stuttgart."}, {"id": "79", "s1": "1", "s2": "3", "s": "", "t": "64'", "m": "Kisling won a free kick for Bayer Leverkusen."}, {"id": "78", "s1": "1", "s2": "3", "s": "", "t": "64'", "m": "Stuttgart player Hloszek scrambled for a foul and the opponent was given possession of the ball."}, {"id": "77", "s1": "1", "s2": "3", "s": "", "t": "63'", "m": "Bayer Leverkusen player Hilbert scrambled for a foul and the opponent was given possession of the ball."}, {"id": "76", "s1": "1", "s2": "3", "s": "", "t": "63'", "m": "Ibišević won a free kick for Stuttgart on the left."}, {"id": "75", "s1": "1", "s2": "3", "s": "", "t": "60'", "m": "Schwab handled the ball out of the bottom line and Bayer Leverkusen won a corner kick."}, {"id": "74", "s1": "1", "s2": "3", "s": "", "t": "60'", "m": "Bayer Leverkusen's beira Rabi shot from the centre of the penalty area was blocked by a defender. It was Kislin who gave him the ball."}, {"id": "73", "s1": "1", "s2": "3", "s": "", "t": "59'", "m": "Bayer Leverkusen made a substitution, with K. Papadopoulos replacing Brandt"}, {"id": "72", "s1": "1", "s2": "3", "s": "", "t": "57'", "m": "Goal!!! Stuttgart player Kako's header from the centre of the penalty area, the ball flew from the bottom left corner into the goal, the ball went in! The assist was Florian Klein. Stuttgart 1-3 Bayer Leverkusen."}, {"id": "71", "s1": "0", "s2": "3", "s": "", "t": "56'", "m": "Bayer Leverkusen player Jedvage was fouled for handball and the opponent was given the ball."}, {"id": "70", "s1": "0", "s2": "3", "s": "", "t": "56'", "m": "Stuttgart player Kako kicked the ball straight into Hanik, but the referee raised a flag to show that the latter was offside."}, {"id": "69", "s1": "0", "s2": "3", "s": "", "t": "55'", "m": "Spasic handled the ball out of the bottom line and Stuttgart won the corner."}, {"id": "68", "s1": "0", "s2": "3", "s": "", "t": "53'", "m": "Bayer Leverkusen player Sun Heung-min scrambled for a foul and the opponent was given possession of the ball."}, {"id": "67", "s1": "0", "s2": "3", "s": "", "t": "53'", "m": "Niedermeier won a free kick for Stuttgart."}, {"id": "66", "s1": "0", "s2": "3", "s": "", "t": "51'", "m": "Stuttgart player Hanik tried his left-footed shot just outside the penalty area, but unfortunately the ball deflected off target. It was Gentner who gave him the ball."}, {"id": "65", "s1": "0", "s2": "3", "s": "", "t": "50'", "m": "Spašić won a free kick for Bayer Leverkusen."}, {"id": "64", "s1": "0", "s2": "3", "s": "", "t": "50'", "m": "Stuttgart player Hanik scrambled for a foul and the opponent was given possession of the ball."}, {"id": "63", "s1": "0", "s2": "3", "s": "", "t": "50'", "m": "Bayer Leverkusen player Hilbert kicked the ball straight into Son Heung-min, but the referee raised a flag to show that the latter had been offside."}, {"id": "62", "s1": "0", "s2": "3", "s": "", "t": "48'", "m": "Bayer Leverkusen player Hilbert attempted a right-footed shot from the centre of the penalty area, but unfortunately the ball was slightly offside the left goal. It was Beira Rabi who passed the ball to him."}, {"id": "61", "s1": "0", "s2": "3", "s": "", "t": "", "m": "The second half began with Stuttgart 0-3 Bayer Leverkusen"}, {"id": "60", "s1": "0", "s2": "3", "s": "", "t": "45'", "m": "Stuttgart was replaced, and Hloszek replaced Rudiger"}, {"id": "59", "s1": "0", "s2": "3", "s": "", "t": "45'+1'", "m": "At the end of the first half, Stuttgart 0-3 Bayer Leverkusen, take a break and we will take a look at the performance of the two teams in the second half."}, {"id": "58", "s1": "0", "s2": "3", "s": "", "t": "43'", "m": "Charhanoglu won a free kick for Bayer Leverkusen."}, {"id": "57", "s1": "0", "s2": "3", "s": "", "t": "43'", "m": "Stuttgart player Romeu scrambled for a foul and the opponent was given possession of the ball."}, {"id": "56", "s1": "0", "s2": "3", "s": "", "t": "42'", "m": "Bayer Leverkusen's bella Rabi shot from the right side of the penalty area was blocked by a defender. It was Brent who gave him the pass."}, {"id": "55", "s1": "0", "s2": "3", "s": "", "t": "41'", "m": "Goal!!! Bayer Leverkusen player Bella Rabi shot with a left foot in the centre of the penalty area, the ball flew from the bottom left corner into the goal and the ball went in! Assisted by Sun Xingmin. Stuttgart 0-3 Bayer Leverkusen."}, {"id": "54", "s1": "0", "s2": "2", "s": "", "t": "39'", "m": "Bayer Leverkusen player Yedwaci scrambled for a foul and the opponent was given possession of the ball."}, {"id": "53", "s1": "0", "s2": "2", "s": "", "t": "39'", "m": "Schwab won a free kick for Stuttgart on the right."}, {"id": "52", "s1": "0", "s2": "2", "s": "", "t": "38'", "m": "Bayer Leverkusen's Bella Rabi attempted a right-footed shot from the right side of the penalty area, but the ball was deflected slightly off the left goal. It was Reinatc who gave him the pass."}, {"id": "51", "s1": "0", "s2": "2", "s": "", "t": "38'", "m": "Stuttgart player Rudiger attempted a header in the centre of the penalty area, but unfortunately the ball was slightly offside the right goal. The one who passed the ball to him was Florian Klein."}, {"id": "50", "s1": "0", "s2": "2", "s": "", "t": "38'", "m": "The suspension ended and the players resumed playing."}, {"id": "49", "s1": "0", "s2": "2", "s": "", "t": "37'", "m": "Leitner, Stuttgart, fell to the ground injured and the game was suspended"}, {"id": "48", "s1": "0", "s2": "2", "s": "", "t": "36'", "m": "Bayer Leverkusen player Bellala competed for a foul and the opponent gained possession of the ball."}, {"id": "47", "s1": "0", "s2": "2", "s": "", "t": "36'", "m": "Leitner won a free kick for Stuttgart at the opposing half."}, {"id": "46", "s1": "0", "s2": "2", "s": "", "t": "35'", "m": "The suspension ended and the players resumed playing."}, {"id": "45", "s1": "0", "s2": "2", "s": "", "t": "35'", "m": "Bayer Leverkusen Chalhanoglu fell to the ground injured and the game was suspended"}, {"id": "44", "s1": "0", "s2": "2", "s": "", "t": "34'", "m": "Bayer Leverkusen's Kiesling attempted a header from the right side of the penalty area, but unfortunately the ball was slightly offside the right goal. It was Reinatc who gave him the pass."}, {"id": "43", "s1": "0", "s2": "2", "s": "", "t": "33'", "m": "Florian Klein handled the ball out of the line and Bayer Leverkusen won a corner kick."}, {"id": "42", "s1": "0", "s2": "2", "s": "", "t": "33'", "m": "Bayer Leverkusen player Kisling's right-footed shot from a tight angle on the right side of the goal hit the left upright."}, {"id": "41", "s1": "0", "s2": "2", "s": "", "t": "31'", "m": "Bayer Leverkusen's Charhanoglu attempted a right-footed shot from outside the penalty area, but the ball was deflected slightly off the right goal. It was Jedvács who gave him the ball."}, {"id": "40", "s1": "0", "s2": "2", "s": "", "t": "30'", "m": "Bayer Leverkusen player Toplak scrambled for a foul and the opponent was given possession of the ball."}, {"id": "39", "s1": "0", "s2": "2", "s": "", "t": "30'", "m": "Ibišević won a free kick for Stuttgart."}, {"id": "38", "s1": "0", "s2": "2", "s": "", "t": "29'", "m": "Bayer Leverkusen's Renats attempted a right-footed shot from outside the penalty area, but the ball was deflected slightly off the left goal."}, {"id": "37", "s1": "0", "s2": "2", "s": "", "t": "28'", "m": "Florian Klein handled the ball out of the line and Bayer Leverkusen won a corner kick."}, {"id": "36", "s1": "0", "s2": "2", "s": "", "t": "27'", "m": "Yellow! Stuttgart player Leitner was shown a yellow card by the referee for a malicious foul."}, {"id": "35", "s1": "0", "s2": "2", "s": "", "t": "27'", "m": "Son Heung-min won a free kick for Bayer Leverkusen."}, {"id": "34", "s1": "0", "s2": "2", "s": "", "t": "27'", "m": "Stuttgart player Leitner scrambled for a foul and the opponent was given possession of the ball."}, {"id": "33", "s1": "0", "s2": "2", "s": "", "t": "26'", "m": "Shot!!! Bayer Leverkusen's beira Rabi shot from outside the penalty area was saved by the opposing goalkeeper. It was Kislin who gave him the ball."}, {"id": "32", "s1": "0", "s2": "2", "s": "", "t": "25'", "m": "Stuttgart player Gentena tried a right-footed shot from the right side of the penalty area, but unfortunately the ball went high above goal. It was Niedermeier who gave him the pass."}, {"id": "31", "s1": "0", "s2": "2", "s": "", "t": "25'", "m": "Stuttgart player Niedermeier attempted a header in the centre of the penalty area, but unfortunately the ball was slightly offside the right goal. It was Leitner who gave him the pass."}, {"id": "30", "s1": "0", "s2": "2", "s": "", "t": "25'", "m": "Jedvage handled the ball out of the bottom line and Stuttgart won a corner kick."}, {"id": "29", "s1": "0", "s2": "2", "s": "", "t": "25'", "m": "Stuttgart player Rudiger's right-footed shot from the right side of the penalty area was blocked by a defender."}, {"id": "28", "s1": "0", "s2": "2", "s": "", "t": "24'", "m": "Yellow! Bayer Leverkusen player Hilbert was shown a yellow card by the referee for a malicious foul."}, {"id": "27", "s1": "0", "s2": "2", "s": "", "t": "24'", "m": "Bayer Leverkusen player Hilbert scrambled for a foul and the opponent was given possession of the ball."}, {"id": "26", "s1": "0", "s2": "2", "s": "", "t": "24'", "m": "Kako won a free kick for Stuttgart on the left."}, {"id": "25", "s1": "0", "s2": "2", "s": "", "t": "23'", "m": "Bayer Leverkusen's Kiesling attempted a header in the centre of the penalty area, but unfortunately the ball was slightly off the left goal. It was Sun Xingmin who passed the ball to him."}, {"id": "24", "s1": "0", "s2": "2", "s": "", "t": "22'", "m": "Rudiger handled the ball out of the line and Bayer Leverkusen won the corner."}, {"id": "23", "s1": "0", "s2": "2", "s": "", "t": "22'", "m": "Jedvage won a free kick for Bayer Leverkusen."}, {"id": "22", "s1": "0", "s2": "2", "s": "", "t": "22'", "m": "Stuttgart player Gentner scrambled for a foul and the opponent gained possession of the ball."}, {"id": "21", "s1": "0", "s2": "2", "s": "", "t": "19'", "m": "Beira Rabi handled the ball out of the bottom line and Stuttgart won a corner kick."}, {"id": "20", "s1": "0", "s2": "2", "s": "", "t": "16'", "m": "Stuttgart player Schwab threw the ball straight into Ibišević, but the referee raised a flag to show that the latter was offside."}, {"id": "19", "s1": "0", "s2": "2", "s": "", "t": "15'", "m": "Bayer Leverkusen player Bellala competed for a foul and the opponent gained possession of the ball."}, {"id": "18", "s1": "0", "s2": "2", "s": "", "t": "15'", "m": "Florian Clay won a free kick for Stuttgart."}, {"id": "17", "s1": "0", "s2": "2", "s": "", "t": "11'", "m": "Bayer Leverkusen player Sun Heung-min's right-footed shot from the right side of the penalty area hit the goalpost crossbar. It was Brent who gave him the pass."}, {"id": "16", "s1": "0", "s2": "2", "s": "", "t": "9'", "m": "Goal!!! Bayer Leverkusen player Sun Heung-min shot with his right foot, the ball flew from the top right corner into the goal, the ball went in! Stuttgart 0-2 Bayer Leverkusen."}, {"id": "15", "s1": "0", "s2": "1", "s": "", "t": "8'", "m": "Kisling won a free kick for Bayer Leverkusen."}, {"id": "14", "s1": "0", "s2": "1", "s": "", "t": "8'", "m": "Stuttgart player Kako scrambled for a foul and the opponent was given possession."}, {"id": "13", "s1": "0", "s2": "1", "s": "", "t": "6'", "m": "Bayer Leverkusen player Toplak scrambled for a foul and the opponent was given possession of the ball."}, {"id": "12", "s1": "0", "s2": "1", "s": "", "t": "6'", "m": "Ibišević won a free kick for Stuttgart at the opposing half."}, {"id": "11", "s1": "0", "s2": "1", "s": "", "t": "5'", "m": "Stuttgart player Niedermeier scrambled for a foul and the opponent was given possession of the ball."}, {"id": "10", "s1": "0", "s2": "1", "s": "", "t": "5'", "m": "Kisling won a free kick for Bayer Leverkusen."}, {"id": "9", "s1": "0", "s2": "1", "s": "", "t": "4'", "m": "Goal!!! Bayer Leverkusen player Sun Heung-min shot with a left foot in the center of the penalty area, the ball flew from the bottom right corner to the goal, the ball went in! Assisted by Kislin. Stuttgart 0-1 Bayer Leverkusen."}, {"id": "8", "s1": "0", "s2": "0", "s": "", "t": "3'", "m": "Stuttgart player Rudiger scrambled for a foul and the opponent was given possession of the ball."}, {"id": "7", "s1": "0", "s2": "0", "s": "", "t": "3'", "m": "Hilbert won a free kick for Bayer Leverkusen."}, {"id": "6", "s1": "0", "s2": "0", "s": "", "t": "3'", "m": "Jedvage handled the ball out of the bottom line and Stuttgart won a corner kick."}, {"id": "5", "s1": "0", "s2": "0", "s": "", "t": "2'", "m": "Harnick won a free kick for Stuttgart at the opposing half."}, {"id": "4", "s1": "0", "s2": "0", "s": "", "t": "2'", "m": "Bayer Leverkusen player Toplak scrambled for a foul and the opponent was given possession of the ball."}, {"id": "3", "s1": "0", "s2": "0", "s": "", "t": "1'", "m": "Bayer Leverkusen player Spašić scrambled for a foul and the opponent gained possession of the ball."}, {"id": "2", "s1": "0", "s2": "0", "s": "", "t": "1'", "m": "Ibišević won a free kick for Stuttgart."}, {"id": "1", "s1": "0", "s2": "0", "s": "", "t": "", "m": "With a whistle from the referee, the first half of the game began."}]