[{"id": "130", "s1": "2", "s2": "0", "s": "", "t": "", "m": "The match ended with Mainz 2-0 Dortmund, thank you for watching Sina Football Live."}, {"id": "129", "s1": "2", "s2": "0", "s": "", "t": "90'+3'", "m": "The second half ended with Mainz 2-0 Dortmund"}, {"id": "128", "s1": "2", "s2": "0", "s": "", "t": "90'+3'", "m": "Papastathopoulos won a free kick for Borussia Dortmund."}, {"id": "127", "s1": "2", "s2": "0", "s": "", "t": "90'+3'", "m": "Mainz player Jaylo scrambled for a foul and his opponent was given possession."}, {"id": "126", "s1": "2", "s2": "0", "s": "", "t": "90'+2'", "m": "Dortmund player Ginter tucked the ball straight into Gros Kreuz, but the referee raised a flag to show the latter was offside."}, {"id": "125", "s1": "2", "s2": "0", "s": "", "t": "90'+1'", "m": "BaumgartLinger handled the ball out of the line and Borussia Dortmund won a corner kick."}, {"id": "124", "s1": "2", "s2": "0", "s": "", "t": "90'", "m": "Immobile won a free kick for Borussia Dortmund on the left."}, {"id": "123", "s1": "2", "s2": "0", "s": "", "t": "90'", "m": "Mainz player Koch scrambled for a foul and the opponent was given possession."}, {"id": "122", "s1": "2", "s2": "0", "s": "", "t": "90'", "m": "Shot!!! Dortmund player Jokic's right-footed shot from outside the penalty area was saved by the opposing goalkeeper. It was Immobile who gave him the ball."}, {"id": "121", "s1": "2", "s2": "0", "s": "", "t": "90'", "m": "Borussia Dortmund's Mkhitaryan's right-footed shot from outside the penalty area hit the left upright of the goalpost."}, {"id": "120", "s1": "2", "s2": "0", "s": "", "t": "89'", "m": "Papastathopoulos won a free kick for Borussia Dortmund."}, {"id": "119", "s1": "2", "s2": "0", "s": "", "t": "89'", "m": "Mainz player Filip Djuric fought for a foul and the opponent was given possession of the ball."}, {"id": "118", "s1": "2", "s2": "0", "s": "", "t": "88'", "m": "Dortmund player Maruoka mandous fouled and the opponent gained possession of the ball."}, {"id": "117", "s1": "2", "s2": "0", "s": "", "t": "88'", "m": "Shinji Okazaki won a free kick for Mainz on the left side."}, {"id": "116", "s1": "2", "s2": "0", "s": "", "t": "88'", "m": "The Dortmund player was blocked by a defender for Mobile's right-footed shot from outside the penalty area. It was Mkhitaryan who gave him the ball."}, {"id": "115", "s1": "2", "s2": "0", "s": "", "t": "87'", "m": "Mainz replaced, Filip Djuricic replaced J-Hoffmann"}, {"id": "114", "s1": "2", "s2": "0", "s": "", "t": "84'", "m": "Ginter won a free kick for Borussia Dortmund."}, {"id": "113", "s1": "2", "s2": "0", "s": "", "t": "84'", "m": "Mainz player Shinji Okazaki scrambled for a foul and his opponent gained possession of the ball."}, {"id": "112", "s1": "2", "s2": "0", "s": "", "t": "83'", "m": "Borussia Dortmund player Pierre-Emerick Aubameyang attempted a right-footed shot from outside the penalty area, but unfortunately the ball went high above goal. It was Maruoka Who gave him the ball."}, {"id": "111", "s1": "2", "s2": "0", "s": "", "t": "83'", "m": "Mainz replaced, Koch replaced Moritz"}, {"id": "110", "s1": "2", "s2": "0", "s": "", "t": "82'", "m": "Yellow! Mainz player Gass was shown a yellow card by the referee for a malicious foul."}, {"id": "109", "s1": "2", "s2": "0", "s": "", "t": "82'", "m": "Maruoka Man for Borussia Dortmund won a free kick at the opposing half."}, {"id": "108", "s1": "2", "s2": "0", "s": "", "t": "82'", "m": "Mainz player Gas scrambled for a foul and the opponent gained possession."}, {"id": "107", "s1": "2", "s2": "0", "s": "", "t": "80'", "m": "Dortmund was replaced, and Maruoka replaced Bender"}, {"id": "106", "s1": "2", "s2": "0", "s": "", "t": "78'", "m": "Yellow! Borussia Dortmund player Groskroytz was shown a yellow card by the referee for a malicious foul."}, {"id": "105", "s1": "2", "s2": "0", "s": "", "t": "78'", "m": "Dortmund player Gros Kreuz scrambled for a foul and the opponent gained possession of the ball."}, {"id": "104", "s1": "2", "s2": "0", "s": "", "t": "78'", "m": "Brosinski won a free kick for Mainz."}, {"id": "103", "s1": "2", "s2": "0", "s": "", "t": "77'", "m": "Borussia Dortmund player Mkhitaryan scrambled for a foul and his opponent was given possession of the ball."}, {"id": "102", "s1": "2", "s2": "0", "s": "", "t": "77'", "m": "J-Hoffmann won a free kick for Mainz."}, {"id": "101", "s1": "2", "s2": "0", "s": "", "t": "75'", "m": "Dortmund player Gros Kreuz scrambled for a foul and the opponent gained possession of the ball."}, {"id": "100", "s1": "2", "s2": "0", "s": "", "t": "75'", "m": "Gass won a free kick for Mainz."}, {"id": "99", "s1": "2", "s2": "0", "s": "", "t": "74'", "m": "Dortmund player Ginter swung himself to 2-0 Dortmund"}, {"id": "98", "s1": "1", "s2": "0", "s": "", "t": "73'", "m": "Mainz player Shinji Okazaki attempted a header in the middle of the penalty area, but unfortunately the ball was high above goal. It was Geis who gave him the ball."}, {"id": "97", "s1": "1", "s2": "0", "s": "", "t": "72'", "m": "Borussia Dortmund player Papastathopoulos scrambled for a foul and the opponent was given possession of the ball."}, {"id": "96", "s1": "1", "s2": "0", "s": "", "t": "72'", "m": "Shinji Okazaki won a free kick for Mainz on the right."}, {"id": "95", "s1": "1", "s2": "0", "s": "", "t": "72'", "m": "Gros Kreuz won a free kick for Borussia Dortmund at the opposing half."}, {"id": "94", "s1": "1", "s2": "0", "s": "", "t": "72'", "m": "Mainz player Gas scrambled for a foul and the opponent gained possession."}, {"id": "93", "s1": "1", "s2": "0", "s": "", "t": "71'", "m": "Borussia Dortmund player Piszczek threw the ball straight into Immobile, but the referee raised a flag to show that the latter was offside."}, {"id": "92", "s1": "1", "s2": "0", "s": "", "t": "71'", "m": "The Borussia Dortmund players were given possession of the ball as Mobile scrambled for a foul."}, {"id": "91", "s1": "1", "s2": "0", "s": "", "t": "71'", "m": "Brosinski won a free kick for Mainz."}, {"id": "90", "s1": "1", "s2": "0", "s": "", "t": "70'", "m": "Borussia Dortmund player Jokic scrambled for a foul and the opponent gained possession of the ball."}, {"id": "89", "s1": "1", "s2": "0", "s": "", "t": "70'", "m": "Bale won a free kick for Mainz."}, {"id": "88", "s1": "1", "s2": "0", "s": "", "t": "70'", "m": "The Borussia Dortmund player was saved by the opposing goalkeeper for a penalty by Mobile. Penalty missed."}, {"id": "87", "s1": "1", "s2": "0", "s": "", "t": "70'", "m": "Mainz player Shinji Okazaki was shown a yellow card by the referee."}, {"id": "86", "s1": "1", "s2": "0", "s": "", "t": "69'", "m": "Mainz player Shinji Okazaki handballed the opponent to get a penalty."}, {"id": "85", "s1": "1", "s2": "0", "s": "", "t": "69'", "m": "The Dortmund player was blocked by a defender for a right-footed shot from Mobile in the centre of the penalty area. The one who gave him the ball was Papastathopoulos."}, {"id": "84", "s1": "1", "s2": "0", "s": "", "t": "69'", "m": "Moritz handled the ball out of the bottom line and Borussia Dortmund won a corner kick."}, {"id": "83", "s1": "1", "s2": "0", "s": "", "t": "68'", "m": "Gass handled the ball out of the bottom line and Borussia Dortmund won the corner."}, {"id": "82", "s1": "1", "s2": "0", "s": "", "t": "66'", "m": "Goal!!! Mainz player Shinji Okazaki shot with his right foot on the goal line, the ball flew through the middle of the goal, and the ball went in! The assist was Hairo. Mainz 1-0 Dortmund."}, {"id": "81", "s1": "0", "s2": "0", "s": "", "t": "65'", "m": "Bale handled the ball out of the bottom line and Borussia Dortmund won a corner kick."}, {"id": "80", "s1": "0", "s2": "0", "s": "", "t": "65'", "m": "Borussia Dortmund made a substitution, with Mobile replacing Adrian Ramos"}, {"id": "79", "s1": "0", "s2": "0", "s": "", "t": "65'", "m": "Dortmund was replaced, with Mkhitaryan replacing Shinji Kagawa"}, {"id": "78", "s1": "0", "s2": "0", "s": "", "t": "64'", "m": "Borussia Dortmund player Pierre-Emerick Aubameyang scrambled for a foul and his opponent gained possession of the ball."}, {"id": "77", "s1": "0", "s2": "0", "s": "", "t": "64'", "m": "Hala won a free kick for Mainz."}, {"id": "76", "s1": "0", "s2": "0", "s": "", "t": "63'", "m": "Dortmund player Shinji Kagawa tried his right-footed shot just outside the penalty area, but unfortunately the ball was slightly offside the left goal. The pass to him was Gros Kreuz."}, {"id": "75", "s1": "0", "s2": "0", "s": "", "t": "62'", "m": "Borussia Dortmund player Jokic's right-footed shot from outside the penalty area was blocked by a defender."}, {"id": "74", "s1": "0", "s2": "0", "s": "", "t": "60'", "m": "Mainz was replaced, and Khaylo replaced Aragi"}, {"id": "73", "s1": "0", "s2": "0", "s": "", "t": "59'", "m": "Borussia Dortmund jokic tucked the ball straight into Aubameyang, but the referee raised a flag to show the latter was offside."}, {"id": "72", "s1": "0", "s2": "0", "s": "", "t": "59'", "m": "Durm won a free kick for Borussia Dortmund on the left."}, {"id": "71", "s1": "0", "s2": "0", "s": "", "t": "59'", "m": "Mainz player Aragi scrambled for a foul and the opponent was given possession of the ball."}, {"id": "70", "s1": "0", "s2": "0", "s": "", "t": "58'", "m": "Mainz player Brosinski threw the ball straight into Aragi, but the referee raised a flag to show that the latter was offside."}, {"id": "69", "s1": "0", "s2": "0", "s": "", "t": "57'", "m": "Borussia Dortmund player Adrian Ramos sent the ball straight to Shinji Kagawa, but the referee raised a flag to show that the latter was offside."}, {"id": "68", "s1": "0", "s2": "0", "s": "", "t": "56'", "m": "Bender won a free kick for Borussia Dortmund in the opposing half."}, {"id": "67", "s1": "0", "s2": "0", "s": "", "t": "56'", "m": "Mainz player Gas scrambled for a foul and the opponent gained possession."}, {"id": "66", "s1": "0", "s2": "0", "s": "", "t": "54'", "m": "Borussia Dortmund player Gros Kreuz sent a straight kick to Shinji Kagawa, but the referee raised a flag to show that the latter had been offside."}, {"id": "65", "s1": "0", "s2": "0", "s": "", "t": "54'", "m": "Borussia Dortmund player Aubameyang tried his left-footed shot from the left side of the penalty area, but the ball was deflected slightly off the left goal."}, {"id": "64", "s1": "0", "s2": "0", "s": "", "t": "54'", "m": "Dortmund player Adrian Ramos' header from the centre of the penalty area was blocked by a defender. It was Jokic who gave him the ball."}, {"id": "63", "s1": "0", "s2": "0", "s": "", "t": "53'", "m": "Júnior Díaz handled the ball out of the bottom line and Borussia Dortmund won the corner."}, {"id": "62", "s1": "0", "s2": "0", "s": "", "t": "53'", "m": "Borussia Dortmund player Adrian Ramos' left-footed shot from the centre of the penalty area was blocked by a defender. The pass to him was Gros Kreuz."}, {"id": "61", "s1": "0", "s2": "0", "s": "", "t": "50'", "m": "Durm won a free kick for Borussia Dortmund."}, {"id": "60", "s1": "0", "s2": "0", "s": "", "t": "50'", "m": "Mainz player Aragi scrambled for a foul and the opponent was given possession of the ball."}, {"id": "59", "s1": "0", "s2": "0", "s": "", "t": "49'", "m": "Shinji Kagawa won a free kick for Borussia Dortmund in the opposing half."}, {"id": "58", "s1": "0", "s2": "0", "s": "", "t": "49'", "m": "Mainz player Gas scrambled for a foul and the opponent gained possession."}, {"id": "57", "s1": "0", "s2": "0", "s": "", "t": "", "m": "The second half began with Mainz 0-0 Borussia Dortmund"}, {"id": "56", "s1": "0", "s2": "0", "s": "", "t": "45'+1'", "m": "At the end of the first half, Mainz 0-0 Borussia Dortmund, with a short break, we will take a look at the performance of the two teams in the second half."}, {"id": "55", "s1": "0", "s2": "0", "s": "", "t": "43'", "m": "Júnior Díaz handled the ball out of the bottom line and Borussia Dortmund won the corner."}, {"id": "54", "s1": "0", "s2": "0", "s": "", "t": "41'", "m": "Adrian Ramos won a free kick for Borussia Dortmund."}, {"id": "53", "s1": "0", "s2": "0", "s": "", "t": "41'", "m": "Mainz player Moritz scrambles for a foul and the opponent gains possession."}, {"id": "52", "s1": "0", "s2": "0", "s": "", "t": "40'", "m": "Shot!!! Borussia Dortmund player Aubameyang's right-footed shot from outside the penalty area was saved by the opposing goalkeeper. It was Bendel who gave him the pass."}, {"id": "51", "s1": "0", "s2": "0", "s": "", "t": "40'", "m": "Borussia Dortmund player Adrian Ramos fired a right-footed shot from the centre of the penalty area that hit the right upright post. It was Piszczek who gave him the ball."}, {"id": "50", "s1": "0", "s2": "0", "s": "", "t": "39'", "m": "Borussia Dortmund player Pierre-Emerick Aubameyang's left-footed shot from outside the penalty area was blocked by a defender. The pass to him was Adrian Ramos."}, {"id": "49", "s1": "0", "s2": "0", "s": "", "t": "38'", "m": "Shot!!! Mainz player J-Hoffmann's right-footed shot from outside the penalty area was saved by the opposing goalkeeper. The one who gave him the ball was Júnior Díaz."}, {"id": "48", "s1": "0", "s2": "0", "s": "", "t": "37'", "m": "Weidenfeller handled the ball out of the bottom line and Mainz won the corner."}, {"id": "47", "s1": "0", "s2": "0", "s": "", "t": "36'", "m": "Shot!!! Mainz player Shinji Okazaki's right-footed shot from the centre of the penalty area was saved by the opposing goalkeeper."}, {"id": "46", "s1": "0", "s2": "0", "s": "", "t": "35'", "m": "Borussia Dortmund player Bender's right-footed shot from outside the penalty area was blocked by a defender."}, {"id": "45", "s1": "0", "s2": "0", "s": "", "t": "32'", "m": "Ginter won a free kick for Borussia Dortmund."}, {"id": "44", "s1": "0", "s2": "0", "s": "", "t": "32'", "m": "Mainz player Júnior Díaz scrambled for a foul and the opponent was given possession of the ball."}, {"id": "43", "s1": "0", "s2": "0", "s": "", "t": "31'", "m": "Papastathopoulos won a free kick for Borussia Dortmund."}, {"id": "42", "s1": "0", "s2": "0", "s": "", "t": "31'", "m": "Mainz player Shinji Okazaki scrambled for a foul and his opponent gained possession of the ball."}, {"id": "41", "s1": "0", "s2": "0", "s": "", "t": "31'", "m": "Borussia Dortmund player Jokic scrambled for a foul and the opponent gained possession of the ball."}, {"id": "40", "s1": "0", "s2": "0", "s": "", "t": "31'", "m": "Baumgartlinger won a free kick for Mainz."}, {"id": "39", "s1": "0", "s2": "0", "s": "", "t": "31'", "m": "Shot!!! Dortmund player Jokic's left-footed shot from outside the penalty area was saved by the opposing goalkeeper."}, {"id": "38", "s1": "0", "s2": "0", "s": "", "t": "29'", "m": "Dortmund player Durm scrambled for a foul and the opponent was given possession of the ball."}, {"id": "37", "s1": "0", "s2": "0", "s": "", "t": "29'", "m": "Brosinski won a free kick for Mainz."}, {"id": "36", "s1": "0", "s2": "0", "s": "", "t": "28'", "m": "Shot!!! Mainz player Gass' right-footed shot from outside the penalty area was saved by the opposing goalkeeper. The one who gave him the pass was Baumgart Linger."}, {"id": "35", "s1": "0", "s2": "0", "s": "", "t": "26'", "m": "Shinji Kagawa won a free kick for Borussia Dortmund."}, {"id": "34", "s1": "0", "s2": "0", "s": "", "t": "26'", "m": "Mainz player Brosinski scrambled for a foul and the opponent gained possession of the ball."}, {"id": "33", "s1": "0", "s2": "0", "s": "", "t": "26'", "m": "Borussia Dortmund player Bender scrambled for a foul and the opponent gained possession of the ball."}, {"id": "32", "s1": "0", "s2": "0", "s": "", "t": "26'", "m": "Hala won a free kick for Mainz at the opposing half."}, {"id": "31", "s1": "0", "s2": "0", "s": "", "t": "25'", "m": "Borussia Dortmund player Jokic scrambled for a foul and the opponent gained possession of the ball."}, {"id": "30", "s1": "0", "s2": "0", "s": "", "t": "25'", "m": "Bale won a free kick for Mainz."}, {"id": "29", "s1": "0", "s2": "0", "s": "", "t": "24'", "m": "Borussia Dortmund player Jokic scrambled for a foul and the opponent gained possession of the ball."}, {"id": "28", "s1": "0", "s2": "0", "s": "", "t": "24'", "m": "BaumgartLinger won a free kick for Mainz at the opposing half."}, {"id": "27", "s1": "0", "s2": "0", "s": "", "t": "24'", "m": "Borussia Dortmund player Shinji Kagawa was fouled for handball and the opponent was given the ball."}, {"id": "26", "s1": "0", "s2": "0", "s": "", "t": "22'", "m": "Dortmund player Adrian Ramos attempted a right-footed shot from outside the penalty area, but the ball was deflected off target."}, {"id": "25", "s1": "0", "s2": "0", "s": "", "t": "21'", "m": "Borussia Dortmund player Adrian Ramos scrambled for a foul and the opponent was given possession of the ball."}, {"id": "24", "s1": "0", "s2": "0", "s": "", "t": "21'", "m": "Bale won a free kick for Mainz."}, {"id": "23", "s1": "0", "s2": "0", "s": "", "t": "21'", "m": "Borussia Dortmund player Gros Kreuz threw the ball straight into Adrian Ramos, but the referee raised a flag to show that the latter was offside."}, {"id": "22", "s1": "0", "s2": "0", "s": "", "t": "20'", "m": "Mainz player Aragi kicked the ball straight into Moritz, but the referee raised a flag to show that the latter was offside."}, {"id": "21", "s1": "0", "s2": "0", "s": "", "t": "18'", "m": "Shot!!! Mainz player J-Hoffmann's right-footed shot from outside the penalty area was saved by the opposing goalkeeper. It was Shinji Okazaki who gave him the pass."}, {"id": "20", "s1": "0", "s2": "0", "s": "", "t": "17'", "m": "Mainz player Kalius kicked the ball straight into Shinji Okazaki, but the referee raised a flag to show that the latter was offside."}, {"id": "19", "s1": "0", "s2": "0", "s": "", "t": "17'", "m": "Borussia Dortmund player Piszczek scrambled for a foul and the opponent was given possession of the ball."}, {"id": "18", "s1": "0", "s2": "0", "s": "", "t": "17'", "m": "Júnior Díaz won a free kick for Mainz."}, {"id": "17", "s1": "0", "s2": "0", "s": "", "t": "14'", "m": "Papastathopoulos won a free kick for Borussia Dortmund."}, {"id": "16", "s1": "0", "s2": "0", "s": "", "t": "14'", "m": "Mainz player Aragi scrambled for a foul and the opponent was given possession of the ball."}, {"id": "15", "s1": "0", "s2": "0", "s": "", "t": "14'", "m": "Borussia Dortmund's Adrian Ramos attempted a header in the centre of the penalty area, but the ball was deflected slightly off the right. It was Aubameyang who gave him the ball."}, {"id": "14", "s1": "0", "s2": "0", "s": "", "t": "13'", "m": "Borussia Dortmund player Jokic scrambled for a foul and the opponent gained possession of the ball."}, {"id": "13", "s1": "0", "s2": "0", "s": "", "t": "13'", "m": "Bale won a free kick for Mainz."}, {"id": "12", "s1": "0", "s2": "0", "s": "", "t": "11'", "m": "Borussia Dortmund's Groskroyts attempted a right-footed shot from outside the penalty area, but unfortunately the ball was slightly above goal."}, {"id": "11", "s1": "0", "s2": "0", "s": "", "t": "10'", "m": "Borussia Dortmund player Papastathopoulos sent a straight kick to Shinji Kagawa, but the referee raised a flag to show that the latter was offside."}, {"id": "10", "s1": "0", "s2": "0", "s": "", "t": "9'", "m": "Bender won a free kick for Borussia Dortmund on the right."}, {"id": "9", "s1": "0", "s2": "0", "s": "", "t": "9'", "m": "Mainz player Shinji Okazaki scrambled for a foul and his opponent gained possession of the ball."}, {"id": "8", "s1": "0", "s2": "0", "s": "", "t": "8'", "m": "Mainz player Gass attempted a right-footed shot with a direct free-kick, but unfortunately the ball was higher than the top right corner."}, {"id": "7", "s1": "0", "s2": "0", "s": "", "t": "8'", "m": "Dortmund player Ginter scrambled for a foul and the opponent gained possession of the ball."}, {"id": "6", "s1": "0", "s2": "0", "s": "", "t": "8'", "m": "Shinji Okazaki won a free kick for Mainz on the left side."}, {"id": "5", "s1": "0", "s2": "0", "s": "", "t": "5'", "m": "Borussia Dortmund player Durm tucked the ball straight into Adrian Ramos, but the referee raised a flag to show the latter was offside."}, {"id": "4", "s1": "0", "s2": "0", "s": "", "t": "4'", "m": "Júnior Díaz handled the ball out of the bottom line and Borussia Dortmund won the corner."}, {"id": "3", "s1": "0", "s2": "0", "s": "", "t": "4'", "m": "Borussia Dortmund player Piszczek's right-footed shot from the right side of the penalty area was blocked by a defender. It was Bendel who gave him the pass."}, {"id": "2", "s1": "0", "s2": "0", "s": "", "t": "3'", "m": "Mainz player Aragi attempted a right-footed shot from outside the penalty area, but unfortunately the ball was high above goal. It was Brosinsky who gave him the ball."}, {"id": "1", "s1": "0", "s2": "0", "s": "", "t": "", "m": "With a whistle from the referee, the first half of the game began."}]