[{"id": "119", "s1": "1", "s2": "5", "s": "", "t": "", "m": "The match ended with Bremen 1-5 Dortmund and thank you for watching the Sina Football Live."}, {"id": "118", "s1": "1", "s2": "5", "s": "", "t": "90'+1'", "m": "At the end of the second half, Bremen 1-5 Borussia Dortmund"}, {"id": "117", "s1": "1", "s2": "5", "s": "", "t": "89'", "m": "Goal!!! Bremen player Eichček's right-footed shot from the right side of the penalty area flew into the net from the middle of the box and the ball went in! Bremen 1-5 Dortmund."}, {"id": "116", "s1": "0", "s2": "5", "s": "", "t": "88'", "m": "Dortmund player Lewandowski scrambled for a foul and the opponent was given possession of the ball."}, {"id": "115", "s1": "0", "s2": "5", "s": "", "t": "88'", "m": "Pledell won a free kick for Bremen."}, {"id": "114", "s1": "0", "s2": "5", "s": "", "t": "87'", "m": "Shot!!! Dortmund player Kyle's header from the centre of the penalty area was saved by the opposing goalkeeper. The one who passed the ball to him was J-Hoffman."}, {"id": "113", "s1": "0", "s2": "5", "s": "", "t": "87'", "m": "Selassie handled the ball out of the bottom line and Borussia Dortmund won a corner."}, {"id": "112", "s1": "0", "s2": "5", "s": "", "t": "85'", "m": "Goal!!! Dortmund player Lewandowski's right-footed shot from the left side of the penalty area flew into the goal from the bottom left corner and the ball went in! Assisted by J-Hoffman. Bremen 0-5 Dortmund."}, {"id": "111", "s1": "0", "s2": "4", "s": "", "t": "84'", "m": "Piszczek handled the ball out of the bottom line and Bremen won a corner kick."}, {"id": "110", "s1": "0", "s2": "4", "s": "", "t": "82'", "m": "Gros Kreuz won a free kick for Borussia Dortmund at the opposing half."}, {"id": "109", "s1": "0", "s2": "4", "s": "", "t": "82'", "m": "Bremen player Bagfred scrambled for a foul and the opponent was given possession of the ball."}, {"id": "108", "s1": "0", "s2": "4", "s": "", "t": "82'", "m": "Dortmund player Lewandowski scrambled for a foul and the opponent was given possession of the ball."}, {"id": "107", "s1": "0", "s2": "4", "s": "", "t": "82'", "m": "Bagfred won a free kick for Bremen."}, {"id": "106", "s1": "0", "s2": "4", "s": "", "t": "80'", "m": "Shot!!! Dortmund player Lewandowski's right-footed shot from the left side of the penalty area was saved by the opposing goalkeeper. The one who passed the ball to him was J-Hoffman."}, {"id": "105", "s1": "0", "s2": "4", "s": "", "t": "79'", "m": "Bremen replaced him, and Archichek replaced Hunter"}, {"id": "104", "s1": "0", "s2": "4", "s": "", "t": "77'", "m": "Dortmund made a substitution, with J-Hoffmann replacing Aubameyang"}, {"id": "103", "s1": "0", "s2": "4", "s": "", "t": "75'", "m": "Shot!!! Bremen's Kobelanski's right-footed shot from outside the penalty area was saved by the opposing goalkeeper."}, {"id": "102", "s1": "0", "s2": "4", "s": "", "t": "72'", "m": "Dortmund player Gros Kreuz scrambled for a foul and the opponent gained possession of the ball."}, {"id": "101", "s1": "0", "s2": "4", "s": "", "t": "72'", "m": "Koberansky won a free kick for Bremen in the opposing half."}, {"id": "100", "s1": "0", "s2": "4", "s": "", "t": "70'", "m": "Yellow! Bremen player Koberansky was shown a yellow card by the referee for a malicious foul."}, {"id": "99", "s1": "0", "s2": "4", "s": "", "t": "69'", "m": "Aubameyang won a free kick for Borussia Dortmund on the right."}, {"id": "98", "s1": "0", "s2": "4", "s": "", "t": "69'", "m": "Bremen player Koberanski scrambled for a foul and his opponent gained possession of the ball."}, {"id": "97", "s1": "0", "s2": "4", "s": "", "t": "69'", "m": "Yellow! Borussia Dortmund player Papastathopoulos was shown a yellow card by the referee for a malicious foul."}, {"id": "96", "s1": "0", "s2": "4", "s": "", "t": "69'", "m": "Borussia Dortmund player Papastathopoulos scrambled for a foul and the opponent was given possession of the ball."}, {"id": "95", "s1": "0", "s2": "4", "s": "", "t": "69'", "m": "Selassie won a free kick for Bremen on the right."}, {"id": "94", "s1": "0", "s2": "4", "s": "", "t": "67'", "m": "Bremen player Obaniac tried his left-footed shot from a wide distance on the left, but unfortunately the ball was high above goal. It was Yunuzovic who gave him the ball."}, {"id": "93", "s1": "0", "s2": "4", "s": "", "t": "66'", "m": "Dortmund player Shaheen threw the ball straight into Gros Kreuz, but the referee raised a flag to show that the latter was offside."}, {"id": "92", "s1": "0", "s2": "4", "s": "", "t": "65'", "m": "Dortmund made a substitution, and Groskroytz replaced Reuss"}, {"id": "91", "s1": "0", "s2": "4", "s": "", "t": "65'", "m": "Borussia Dortmund made a substitution, Kyle replaced Bender"}, {"id": "90", "s1": "0", "s2": "4", "s": "", "t": "64'", "m": "Bremen player Obaniac kicked the ball straight into Peterson, but the referee raised a flag to show that the latter was offside."}, {"id": "89", "s1": "0", "s2": "4", "s": "", "t": "64'", "m": "Shot!!! Bremen player Peterson's left-footed shot from the centre of the penalty area was saved by the opposing goalkeeper. Passing the ball to him was Lukinya Mulongoti."}, {"id": "88", "s1": "0", "s2": "4", "s": "", "t": "62'", "m": "Goal!!! Dortmund player Mkhitaryan fired a right-footed shot from the left side of the penalty area, the ball flew into the goal from the bottom right corner and the ball went in! Assisted by Reuss. Bremen 0-4 Dortmund."}, {"id": "87", "s1": "0", "s2": "3", "s": "", "t": "61'", "m": "Lewandowski won a free kick for Borussia Dortmund."}, {"id": "86", "s1": "0", "s2": "3", "s": "", "t": "61'", "m": "Bremen player Predel scrambled for a foul and the opponent was given possession."}, {"id": "85", "s1": "0", "s2": "3", "s": "", "t": "60'", "m": "Bremen player Peterson attempted a left-footed shot from outside the penalty area, but unfortunately the ball deflected off goal. It was Koberansky who gave him the ball."}, {"id": "84", "s1": "0", "s2": "3", "s": "", "t": "58'", "m": "Yunuzovic handled the ball out of the line and Borussia Dortmund won a corner kick."}, {"id": "83", "s1": "0", "s2": "3", "s": "", "t": "56'", "m": "Borussia Dortmund player Piszczek fired a right-footed shot from outside the penalty area that hit the post crossbar. It was Shaheen who gave him the ball."}, {"id": "82", "s1": "0", "s2": "3", "s": "", "t": "55'", "m": "Shot!!! Bremen player Selassie's right-footed shot from the centre of the penalty area was saved by the opposing goalkeeper. It was Peterson who gave him the pass."}, {"id": "81", "s1": "0", "s2": "3", "s": "", "t": "55'", "m": "Bremen player Peterson attempted a left-footed shot in the centre of the penalty area, but unfortunately the ball was slightly offside the right goal. It was Caldiola who gave him the ball."}, {"id": "80", "s1": "0", "s2": "3", "s": "", "t": "55'", "m": "Bremen replaced Koberansky with Elia"}, {"id": "79", "s1": "0", "s2": "3", "s": "", "t": "55'", "m": "Bremen was replaced, peterson replaced Di Santo"}, {"id": "78", "s1": "0", "s2": "3", "s": "", "t": "54'", "m": "Bremen's Obaniac's left-footed shot from outside the penalty area was blocked by a defender."}, {"id": "77", "s1": "0", "s2": "3", "s": "", "t": "54'", "m": "Bremen's Obaniac's left-footed shot from outside the penalty area was blocked by a defender."}, {"id": "76", "s1": "0", "s2": "3", "s": "", "t": "53'", "m": "Borussia Dortmund player Bender scrambled for a foul and the opponent gained possession of the ball."}, {"id": "75", "s1": "0", "s2": "3", "s": "", "t": "53'", "m": "Obaniac won a free kick for Bremen at the opposing half."}, {"id": "74", "s1": "0", "s2": "3", "s": "", "t": "51'", "m": "Dortmund player Lewandowski tried a right-footed shot in the centre of the penalty area, but unfortunately the ball went high above goal. It was Reus who gave him the pass."}, {"id": "73", "s1": "0", "s2": "3", "s": "", "t": "50'", "m": "Shot!!! Borussia Dortmund player Reuss fired a right-footed shot from a tight angle away from goal and was saved by the opposing goalkeeper. It was Schmeltze who gave him the ball."}, {"id": "72", "s1": "0", "s2": "3", "s": "", "t": "49'", "m": "Weidenfehrer won a free kick for Borussia Dortmund."}, {"id": "71", "s1": "0", "s2": "3", "s": "", "t": "49'", "m": "Bremen player Predel scrambled for a foul and the opponent was given possession."}, {"id": "70", "s1": "0", "s2": "3", "s": "", "t": "49'", "m": "Bender handled the ball out of the bottom line and Bremen won the corner."}, {"id": "69", "s1": "0", "s2": "3", "s": "", "t": "48'", "m": "Dortmund player Reus scrambled for a foul and the opponent was given possession."}, {"id": "68", "s1": "0", "s2": "3", "s": "", "t": "48'", "m": "Selassie won a free kick for Bremen on the right."}, {"id": "67", "s1": "0", "s2": "3", "s": "", "t": "47'", "m": "Goal!!! Dortmund player Friedrich shot with his right foot from the right side of the penalty area, the ball flew from the middle of the road into the goal, the ball went in! Bremen 0-3 Dortmund."}, {"id": "66", "s1": "0", "s2": "2", "s": "", "t": "47'", "m": "Selassie handled the ball out of the bottom line and Borussia Dortmund won a corner."}, {"id": "65", "s1": "0", "s2": "2", "s": "", "t": "", "m": "The second half began, Bremen 0-2 Borussia Dortmund"}, {"id": "64", "s1": "0", "s2": "2", "s": "", "t": "45'+1'", "m": "At the end of the first half, Bremen 0-2 Borussia Dortmund, with a short break, we will take a look at the performance of the two teams in the second half."}, {"id": "63", "s1": "0", "s2": "2", "s": "", "t": "44'", "m": "Piszczek handled the ball out of the bottom line and Bremen won a corner kick."}, {"id": "62", "s1": "0", "s2": "2", "s": "", "t": "43'", "m": "Elia handled the ball out of the bottom line and Borussia Dortmund won a corner kick."}, {"id": "61", "s1": "0", "s2": "2", "s": "", "t": "41'", "m": "Goal!!! Dortmund player Mkhitaryan fired a right-footed shot from the centre of the penalty area, the ball flew from the bottom left corner into the goal and the ball went in! The assist was Lewandowski. Bremen 0-2 Dortmund."}, {"id": "60", "s1": "0", "s2": "1", "s": "", "t": "39'", "m": "Bender won a free kick for Borussia Dortmund."}, {"id": "59", "s1": "0", "s2": "1", "s": "", "t": "39'", "m": "Bremen player Lukina Mulongotti scrambled for a foul and his opponent was given possession of the ball."}, {"id": "58", "s1": "0", "s2": "1", "s": "", "t": "39'", "m": "Papastathopoulos handled the ball out of the bottom line and Bremen won a corner."}, {"id": "57", "s1": "0", "s2": "1", "s": "", "t": "38'", "m": "Dortmund player Shaheen scrambled for a foul and the opponent gained possession."}, {"id": "56", "s1": "0", "s2": "1", "s": "", "t": "38'", "m": "Obaniac won a free kick for Bremen."}, {"id": "55", "s1": "0", "s2": "1", "s": "", "t": "37'", "m": "Dortmund player Reuss' right-footed shot from the centre of the penalty area was blocked by a defender."}, {"id": "54", "s1": "0", "s2": "1", "s": "", "t": "37'", "m": "Lukinya Mulongoti handled the ball off the line and Borussia Dortmund won a corner."}, {"id": "53", "s1": "0", "s2": "1", "s": "", "t": "36'", "m": "Reuss won a free kick for Borussia Dortmund."}, {"id": "52", "s1": "0", "s2": "1", "s": "", "t": "36'", "m": "Bremen player Elia scrambled for a foul and the opponent was given possession."}, {"id": "51", "s1": "0", "s2": "1", "s": "", "t": "35'", "m": "Borussia Dortmund's Mkhitaryan tried his left-footed shot at the front of the goal line, but unfortunately the ball was slightly offside the left goal. It was Aubameyang who gave him the ball."}, {"id": "50", "s1": "0", "s2": "1", "s": "", "t": "34'", "m": "Lewandowski won a free kick for Borussia Dortmund on the right."}, {"id": "49", "s1": "0", "s2": "1", "s": "", "t": "34'", "m": "Bremen player Caldirolla scrambled for a foul and the opponent gained possession of the ball."}, {"id": "48", "s1": "0", "s2": "1", "s": "", "t": "32'", "m": "Shot!!! Bremen player Di Santo's header from the centre of the penalty area was saved by the opposing goalkeeper. It was Obaniac who gave him the pass."}, {"id": "47", "s1": "0", "s2": "1", "s": "", "t": "31'", "m": "Bremen player Predel tried his header in the centre of the penalty area, but unfortunately the ball went high above goal. It was Obaniac who gave him the pass."}, {"id": "46", "s1": "0", "s2": "1", "s": "", "t": "30'", "m": "Piszczek handled the ball out of the bottom line and Bremen won a corner kick."}, {"id": "45", "s1": "0", "s2": "1", "s": "", "t": "29'", "m": "Lewandowski won a free kick for Borussia Dortmund."}, {"id": "44", "s1": "0", "s2": "1", "s": "", "t": "29'", "m": "Bremen player Lukina Mulongotti scrambled for a foul and his opponent was given possession of the ball."}, {"id": "43", "s1": "0", "s2": "1", "s": "", "t": "29'", "m": "Dortmund player Reus scrambled for a foul and the opponent was given possession."}, {"id": "42", "s1": "0", "s2": "1", "s": "", "t": "29'", "m": "Bagfred won a free kick for Bremen."}, {"id": "41", "s1": "0", "s2": "1", "s": "", "t": "26'", "m": "Goal!!! Dortmund player Lewandowski's right-footed shot from the left side of the penalty area flew into the net from the bottom right corner and the ball went in! The assist was Schmeltzer. Bremen 0-1 Dortmund."}, {"id": "40", "s1": "0", "s2": "0", "s": "", "t": "26'", "m": "Bremen player Lucinga Mulongotti threw the ball straight into Di Santo, but the referee raised a flag to show that the latter was offside."}, {"id": "39", "s1": "0", "s2": "0", "s": "", "t": "25'", "m": "Yellow! Dortmund player Friedrich was shown a yellow card by the referee for a malicious foul."}, {"id": "38", "s1": "0", "s2": "0", "s": "", "t": "25'", "m": "Borussia Dortmund player Friedrich scrambled for a foul and the opponent gained possession of the ball."}, {"id": "37", "s1": "0", "s2": "0", "s": "", "t": "25'", "m": "Yunuzovic won a free kick for Bremen."}, {"id": "36", "s1": "0", "s2": "0", "s": "", "t": "24'", "m": "Piszczek won a free kick for Borussia Dortmund on the right."}, {"id": "35", "s1": "0", "s2": "0", "s": "", "t": "24'", "m": "Bremen player Yunuzovic scrambled for a foul and his opponent gained possession of the ball."}, {"id": "34", "s1": "0", "s2": "0", "s": "", "t": "24'", "m": "Dortmund player Reus scrambled for a foul and the opponent was given possession."}, {"id": "33", "s1": "0", "s2": "0", "s": "", "t": "24'", "m": "Yunuzovic won a free kick for Bremen."}, {"id": "32", "s1": "0", "s2": "0", "s": "", "t": "23'", "m": "Friedrich won a free kick for Borussia Dortmund."}, {"id": "31", "s1": "0", "s2": "0", "s": "", "t": "23'", "m": "Bremen player Di Santo scrambled for a foul and the opponent gained possession."}, {"id": "30", "s1": "0", "s2": "0", "s": "", "t": "22'", "m": "Borussia Dortmund player Piszczek scrambled for a foul and the opponent was given possession of the ball."}, {"id": "29", "s1": "0", "s2": "0", "s": "", "t": "22'", "m": "Caldiola won a free kick for Bremen."}, {"id": "28", "s1": "0", "s2": "0", "s": "", "t": "21'", "m": "Borussia Dortmund player Reuss' right-footed shot from the left side of the penalty area was blocked by a defender. It was Piszczek who gave him the ball."}, {"id": "27", "s1": "0", "s2": "0", "s": "", "t": "21'", "m": "Schmelzer won a free kick for Borussia Dortmund on the left."}, {"id": "26", "s1": "0", "s2": "0", "s": "", "t": "21'", "m": "Bremen player Di Santo scrambled for a foul and the opponent gained possession."}, {"id": "25", "s1": "0", "s2": "0", "s": "", "t": "20'", "m": "Bremen player Predel slammed the ball straight into Obaniac, but the referee raised a flag to show the latter was offside."}, {"id": "24", "s1": "0", "s2": "0", "s": "", "t": "18'", "m": "Caldirolla handled the ball out of the bottom line and Borussia Dortmund won a corner kick."}, {"id": "23", "s1": "0", "s2": "0", "s": "", "t": "14'", "m": "Dortmund player Lewandowski scrambled for a foul and the opponent was given possession of the ball."}, {"id": "22", "s1": "0", "s2": "0", "s": "", "t": "14'", "m": "Lukinya Mulongotti won a free kick for Bremen."}, {"id": "21", "s1": "0", "s2": "0", "s": "", "t": "13'", "m": "Yellow! Bremen player Di Santo was shown a yellow card by the referee for a malicious foul."}, {"id": "20", "s1": "0", "s2": "0", "s": "", "t": "13'", "m": "Piszczek won a free kick for Borussia Dortmund."}, {"id": "19", "s1": "0", "s2": "0", "s": "", "t": "13'", "m": "Bremen player Di Santo scrambled for a foul and the opponent gained possession."}, {"id": "18", "s1": "0", "s2": "0", "s": "", "t": "12'", "m": "Mkhitaryan won a free kick for Borussia Dortmund."}, {"id": "17", "s1": "0", "s2": "0", "s": "", "t": "12'", "m": "Bremen player Bagfred scrambled for a foul and the opponent was given possession of the ball."}, {"id": "16", "s1": "0", "s2": "0", "s": "", "t": "10'", "m": "Piszczek won a free kick for Borussia Dortmund."}, {"id": "15", "s1": "0", "s2": "0", "s": "", "t": "10'", "m": "Bremen player Obaniac scrambled for a foul and the opponent was given possession of the ball."}, {"id": "14", "s1": "0", "s2": "0", "s": "", "t": "9'", "m": "Predel handled the ball out of the bottom line and Borussia Dortmund won a corner kick."}, {"id": "13", "s1": "0", "s2": "0", "s": "", "t": "6'", "m": "Dortmund player Bendel tried on the left side of the penalty area but unfortunately the ball went high above goal. It was Reus who gave him the pass."}, {"id": "12", "s1": "0", "s2": "0", "s": "", "t": "6'", "m": "Predel handled the ball out of the bottom line and Borussia Dortmund won a corner kick."}, {"id": "11", "s1": "0", "s2": "0", "s": "", "t": "6'", "m": "Dortmund player Reuss' left-footed shot from the centre of the penalty area was blocked by a defender. It was Schmeltze who gave him the ball."}, {"id": "10", "s1": "0", "s2": "0", "s": "", "t": "5'", "m": "Papastathopoulos won a free kick for Borussia Dortmund."}, {"id": "9", "s1": "0", "s2": "0", "s": "", "t": "5'", "m": "Bremen player Di Santo scrambled for a foul and the opponent gained possession."}, {"id": "8", "s1": "0", "s2": "0", "s": "", "t": "4'", "m": "Mkhitaryan won a free kick for Borussia Dortmund."}, {"id": "7", "s1": "0", "s2": "0", "s": "", "t": "4'", "m": "Bremen player Selassie scrambled for a foul and the opponent was given possession."}, {"id": "6", "s1": "0", "s2": "0", "s": "", "t": "3'", "m": "Bagfred handled the ball out of the bottom line and Borussia Dortmund won a corner."}, {"id": "5", "s1": "0", "s2": "0", "s": "", "t": "2'", "m": "Bremen player Di Santo scrambled for a foul and the opponent gained possession."}, {"id": "4", "s1": "0", "s2": "0", "s": "", "t": "2'", "m": "Bender won a free kick for Borussia Dortmund."}, {"id": "3", "s1": "0", "s2": "0", "s": "", "t": "1'", "m": "Bremen player Predel scrambled for a foul and the opponent was given possession."}, {"id": "2", "s1": "0", "s2": "0", "s": "", "t": "1'", "m": "Lewandowski won a free kick for Borussia Dortmund at the opposing half."}, {"id": "1", "s1": "0", "s2": "0", "s": "", "t": "", "m": "With a whistle from the referee, the first half of the game began."}]