[{"id": "117", "s1": "1", "s2": "0", "s": "", "t": "", "m": "The match ended with Bayern Munich 1-0 Bayer Leverkusen, thank you for watching the Sina Football Live."}, {"id": "116", "s1": "1", "s2": "0", "s": "", "t": "90'+3'", "m": "At the end of the second half, Bayern Munich 1-0 Bayer Leverkusen"}, {"id": "115", "s1": "1", "s2": "0", "s": "", "t": "90'+3'", "m": "Rod won a free kick for Bayern Munich."}, {"id": "114", "s1": "1", "s2": "0", "s": "", "t": "90'+3'", "m": "Bayer Leverkusen player Delmić scrambled for a foul and the opponent was given possession of the ball."}, {"id": "113", "s1": "1", "s2": "0", "s": "", "t": "90'+2'", "m": "Bayern Munich made a substitution, with Pierre-Emile Höjbjerg replacing Lewandowski"}, {"id": "112", "s1": "1", "s2": "0", "s": "", "t": "90'+2'", "m": "Lewandowski won a free kick for Bayern Munich in the opposing half."}, {"id": "111", "s1": "1", "s2": "0", "s": "", "t": "90'+2'", "m": "Bayer Leverkusen player Spašić scrambled for a foul and the opponent gained possession of the ball."}, {"id": "110", "s1": "1", "s2": "0", "s": "", "t": "90'", "m": "Alonso won a free kick for Bayern Munich on the right."}, {"id": "109", "s1": "1", "s2": "0", "s": "", "t": "90'", "m": "Bayer Leverkusen player Delmić scrambled for a foul and the opponent was given possession of the ball."}, {"id": "108", "s1": "1", "s2": "0", "s": "", "t": "89'", "m": "Yellow! Bayer Leverkusen player Bella Rabi was shown a yellow card by the referee for a malicious foul."}, {"id": "107", "s1": "1", "s2": "0", "s": "", "t": "89'", "m": "Rod won a free kick for Bayern Munich."}, {"id": "106", "s1": "1", "s2": "0", "s": "", "t": "89'", "m": "Bayer Leverkusen player Bellala competed for a foul and the opponent gained possession of the ball."}, {"id": "105", "s1": "1", "s2": "0", "s": "", "t": "88'", "m": "The suspension ended and the players resumed playing."}, {"id": "104", "s1": "1", "s2": "0", "s": "", "t": "88'", "m": "Bayern Munich made a substitution and Schweinsteiger replaced Müller"}, {"id": "103", "s1": "1", "s2": "0", "s": "", "t": "86'", "m": "Bayern Munich Rafinha fell to the ground injured and the game was suspended"}, {"id": "102", "s1": "1", "s2": "0", "s": "", "t": "83'", "m": "Boateng won a free kick for Bayern Munich."}, {"id": "101", "s1": "1", "s2": "0", "s": "", "t": "83'", "m": "Bayer Leverkusen player Wendell scrambled for a foul and the opponent was given possession."}, {"id": "100", "s1": "1", "s2": "0", "s": "", "t": "80'", "m": "Bayern Munich player Alonso tried his right-footed shot from a wide distance on the right, but unfortunately the ball was slightly offside the right goal."}, {"id": "99", "s1": "1", "s2": "0", "s": "", "t": "78'", "m": "Bayern Munich player Rafinha scrambled for a foul and his opponent was given possession."}, {"id": "98", "s1": "1", "s2": "0", "s": "", "t": "78'", "m": "Rolfez won a free kick for Bayer Leverkusen on the left."}, {"id": "97", "s1": "1", "s2": "0", "s": "", "t": "76'", "m": "Bayern Munich player Bernatia was fouled for handball and the opponent was given the ball."}, {"id": "96", "s1": "1", "s2": "0", "s": "", "t": "76'", "m": "Müller won a free kick for Bayern Munich on the right."}, {"id": "95", "s1": "1", "s2": "0", "s": "", "t": "76'", "m": "Bayer Leverkusen player Wendell scrambled for a foul and the opponent was given possession."}, {"id": "94", "s1": "1", "s2": "0", "s": "", "t": "75'", "m": "Bayer Leverkusen made a substitution, and Cruise replaced Kieslin"}, {"id": "93", "s1": "1", "s2": "0", "s": "", "t": "74'", "m": "Spasic handled the ball out of the line and Bayern Munich won a corner kick."}, {"id": "92", "s1": "1", "s2": "0", "s": "", "t": "73'", "m": "Alonso won a free kick for Bayern Munich."}, {"id": "91", "s1": "1", "s2": "0", "s": "", "t": "73'", "m": "Bayer Leverkusen player Kisling scrambled for a foul and the opponent was given possession of the ball."}, {"id": "90", "s1": "1", "s2": "0", "s": "", "t": "71'", "m": "Jedvage handled the ball out of the bottom line and Bayern Munich won a corner kick."}, {"id": "89", "s1": "1", "s2": "0", "s": "", "t": "69'", "m": "Müller won a free kick for Bayern Munich."}, {"id": "88", "s1": "1", "s2": "0", "s": "", "t": "69'", "m": "Bayer Leverkusen player Wendell scrambled for a foul and the opponent was given possession."}, {"id": "87", "s1": "1", "s2": "0", "s": "", "t": "69'", "m": "Shot!!! Bayern Munich player Robben's left-footed shot from outside the penalty area was saved by the opposing goalkeeper. It was Alonso who gave him the pass."}, {"id": "86", "s1": "1", "s2": "0", "s": "", "t": "68'", "m": "Bayer Leverkusen player Castro was shown a yellow card by the referee."}, {"id": "85", "s1": "1", "s2": "0", "s": "", "t": "68'", "m": "Ribery won a free kick for Bayern Munich on the left."}, {"id": "84", "s1": "1", "s2": "0", "s": "", "t": "68'", "m": "Bayer Leverkusen player Yedwaci scrambled for a foul and the opponent was given possession of the ball."}, {"id": "83", "s1": "1", "s2": "0", "s": "", "t": "67'", "m": "Ribery won a free kick for Bayern Munich."}, {"id": "82", "s1": "1", "s2": "0", "s": "", "t": "67'", "m": "Bayer Leverkusen player Kisling scrambled for a foul and the opponent was given possession of the ball."}, {"id": "81", "s1": "1", "s2": "0", "s": "", "t": "66'", "m": "Müller won a free kick for Bayern Munich."}, {"id": "80", "s1": "1", "s2": "0", "s": "", "t": "66'", "m": "Bayer Leverkusen player Wendell scrambled for a foul and the opponent was given possession."}, {"id": "79", "s1": "1", "s2": "0", "s": "", "t": "65'", "m": "Lewandowski won a free kick for Bayern Munich."}, {"id": "78", "s1": "1", "s2": "0", "s": "", "t": "65'", "m": "Bayer Leverkusen player Spašić scrambled for a foul and the opponent gained possession of the ball."}, {"id": "77", "s1": "1", "s2": "0", "s": "", "t": "63'", "m": "Benatia won a free kick for Bayern Munich."}, {"id": "76", "s1": "1", "s2": "0", "s": "", "t": "63'", "m": "Bayer Leverkusen player Kisling scrambled for a foul and the opponent was given possession of the ball."}, {"id": "75", "s1": "1", "s2": "0", "s": "", "t": "63'", "m": "Boateng handled the ball out of the bottom line and Bayer Leverkusen won the corner."}, {"id": "74", "s1": "1", "s2": "0", "s": "", "t": "62'", "m": "Bayer Leverkusen made a substitution, and Delmić replaced Sun Xingmin"}, {"id": "73", "s1": "1", "s2": "0", "s": "", "t": "62'", "m": "Bayer Leverkusen made a substitution, with Rolfez replacing Ras-Bend"}, {"id": "72", "s1": "1", "s2": "0", "s": "", "t": "60'", "m": "Bayern Munich player Boateng scrambled for a foul and his opponent gained possession of the ball."}, {"id": "71", "s1": "1", "s2": "0", "s": "", "t": "60'", "m": "Bella Rabi won a free kick for Bayer Leverkusen on the right."}, {"id": "70", "s1": "1", "s2": "0", "s": "", "t": "59'", "m": "Bayern Munich player Lewandowski tried his left-footed shot from the right side of the penalty area, but the ball was deflected slightly off the right goal."}, {"id": "69", "s1": "1", "s2": "0", "s": "", "t": "59'", "m": "Bayer Leverkusen's Rass Bend tucked the ball straight into Kisling, but the referee raised a flag to show the latter was offside."}, {"id": "68", "s1": "1", "s2": "0", "s": "", "t": "57'", "m": "Leno handled the ball out of the bottom line and Bayern Munich won a corner kick."}, {"id": "67", "s1": "1", "s2": "0", "s": "", "t": "57'", "m": "Shot!!! Bayern Munich player Robben's left-footed shot from the left side of the penalty area was saved by the opposing goalkeeper. It was Ribery who gave him the ball."}, {"id": "66", "s1": "1", "s2": "0", "s": "", "t": "56'", "m": "Bayern Munich player Müller fired a right-footed shot from a tight angle on the right side of the goal and hit the left upright of the goalpost. It was Robben who gave him the ball."}, {"id": "65", "s1": "1", "s2": "0", "s": "", "t": "55'", "m": "Bayern Munich player Müller scrambled for a foul and his opponent gained possession of the ball."}, {"id": "64", "s1": "1", "s2": "0", "s": "", "t": "55'", "m": "Castro won a free kick for Bayer Leverkusen at the opposing half."}, {"id": "63", "s1": "1", "s2": "0", "s": "", "t": "54'", "m": "Bayern Munich player Bernat scrambled for a foul and his opponent was given possession of the ball."}, {"id": "62", "s1": "1", "s2": "0", "s": "", "t": "54'", "m": "Jedvage won a free kick for Bayer Leverkusen."}, {"id": "61", "s1": "1", "s2": "0", "s": "", "t": "53'", "m": "Alonso won a free kick for Bayern Munich."}, {"id": "60", "s1": "1", "s2": "0", "s": "", "t": "53'", "m": "Bayer Leverkusen player Ras Bender scrambled for a foul and his opponent was given possession."}, {"id": "59", "s1": "1", "s2": "0", "s": "", "t": "51'", "m": "Goal!!! Bayern Munich player Ribery shot with a left foot in the centre of the penalty area, the ball flew into the goal from the bottom right corner and the ball went in! The assist was Alonso. Bayern Munich 1-0 Bayer Leverkusen."}, {"id": "58", "s1": "0", "s2": "0", "s": "", "t": "51'", "m": "Toprak handled the ball out of the bottom line and Bayern Munich won a corner kick."}, {"id": "57", "s1": "0", "s2": "0", "s": "", "t": "47'", "m": "Rod won a free kick for Bayern Munich."}, {"id": "56", "s1": "0", "s2": "0", "s": "", "t": "47'", "m": "Bayer Leverkusen player Bellala competed for a foul and the opponent gained possession of the ball."}, {"id": "55", "s1": "0", "s2": "0", "s": "", "t": "47'", "m": "Bayern Munich player Lewandowski's right-footed shot from the right side of the penalty area was blocked by a defender. It was Benatia who gave him the pass."}, {"id": "54", "s1": "0", "s2": "0", "s": "", "t": "", "m": "At the start of the second half, Bayern Munich 0-0 Bayer Leverkusen"}, {"id": "53", "s1": "0", "s2": "0", "s": "", "t": "45'", "m": "Bayern Munich made a substitution and Rod replaced Götze"}, {"id": "52", "s1": "0", "s2": "0", "s": "", "t": "45'+2'", "m": "At the end of the first half, Bayern Munich 0-0 Bayer Leverkusen, with a short break, we will take a look at the performance of the two teams in the second half."}, {"id": "51", "s1": "0", "s2": "0", "s": "", "t": "45'+1'", "m": "Bayer Leverkusen player Charhanolu threw the ball straight into Son Heung-min, but the referee raised a flag to show that the latter was offside."}, {"id": "50", "s1": "0", "s2": "0", "s": "", "t": "45'", "m": "Bayern Munich player Boateng scrambled for a foul and his opponent gained possession of the ball."}, {"id": "49", "s1": "0", "s2": "0", "s": "", "t": "45'", "m": "Kiesling won a free kick for Bayer Leverkusen at the opposing half."}, {"id": "48", "s1": "0", "s2": "0", "s": "", "t": "44'", "m": "Bayern Munich player Boateng scrambled for a foul and his opponent gained possession of the ball."}, {"id": "47", "s1": "0", "s2": "0", "s": "", "t": "44'", "m": "Kisling won a free kick for Bayer Leverkusen."}, {"id": "46", "s1": "0", "s2": "0", "s": "", "t": "41'", "m": "Bayern Munich player Lewandowski scrambled for a foul and his opponent was given possession of the ball."}, {"id": "45", "s1": "0", "s2": "0", "s": "", "t": "41'", "m": "Leno won a free kick for Bayer Leverkusen."}, {"id": "44", "s1": "0", "s2": "0", "s": "", "t": "41'", "m": "Yellow! Bayer Leverkusen player Sun Heung-min was shown a yellow card by the referee for a malicious foul."}, {"id": "43", "s1": "0", "s2": "0", "s": "", "t": "40'", "m": "Bernat won a free kick for Bayern Munich on the left."}, {"id": "42", "s1": "0", "s2": "0", "s": "", "t": "40'", "m": "Bayer Leverkusen player Sun Heung-min scrambled for a foul and the opponent was given possession of the ball."}, {"id": "41", "s1": "0", "s2": "0", "s": "", "t": "39'", "m": "Toprak handled the ball out of the bottom line and Bayern Munich won a corner kick."}, {"id": "40", "s1": "0", "s2": "0", "s": "", "t": "39'", "m": "The suspension ended and the players resumed playing."}, {"id": "39", "s1": "0", "s2": "0", "s": "", "t": "37'", "m": "Bayer Leverkusen Kislin fell to the ground injured and the game was suspended"}, {"id": "38", "s1": "0", "s2": "0", "s": "", "t": "37'", "m": "Ribery won a free kick for Bayern Munich."}, {"id": "37", "s1": "0", "s2": "0", "s": "", "t": "37'", "m": "Bayer Leverkusen player Sun Heung-min scrambled for a foul and the opponent was given possession of the ball."}, {"id": "36", "s1": "0", "s2": "0", "s": "", "t": "32'", "m": "Rafinha won a free kick for Bayern Munich."}, {"id": "35", "s1": "0", "s2": "0", "s": "", "t": "32'", "m": "Bayer Leverkusen player Charhanoglu made a dangerous move where the opponent gained possession of the ball."}, {"id": "34", "s1": "0", "s2": "0", "s": "", "t": "31'", "m": "Bayern Munich player Robben was fouled for handball and the opponent was given the ball."}, {"id": "33", "s1": "0", "s2": "0", "s": "", "t": "30'", "m": "Boateng won a free kick for Bayern Munich on the left."}, {"id": "32", "s1": "0", "s2": "0", "s": "", "t": "30'", "m": "Bayer Leverkusen player Yedwaci scrambled for a foul and the opponent was given possession of the ball."}, {"id": "31", "s1": "0", "s2": "0", "s": "", "t": "27'", "m": "Bayer Leverkusen player Bella Rabi attempted a right-footed shot from a wide left, but unfortunately the ball was slightly offside the left goal. It was Castro who gave him the pass."}, {"id": "30", "s1": "0", "s2": "0", "s": "", "t": "25'", "m": "Rafinha handled the ball out of the line and Bayer Leverkusen won a corner kick."}, {"id": "29", "s1": "0", "s2": "0", "s": "", "t": "24'", "m": "Rafinha won a free kick for Bayern Munich on the right."}, {"id": "28", "s1": "0", "s2": "0", "s": "", "t": "24'", "m": "Bayer Leverkusen player Sun Heung-min scrambled for a foul and the opponent was given possession of the ball."}, {"id": "27", "s1": "0", "s2": "0", "s": "", "t": "22'", "m": "Müller won a free kick for Bayern Munich in the opposing half."}, {"id": "26", "s1": "0", "s2": "0", "s": "", "t": "22'", "m": "Bayer Leverkusen player Spašić scrambled for a foul and the opponent gained possession of the ball."}, {"id": "25", "s1": "0", "s2": "0", "s": "", "t": "20'", "m": "Bayern Munich player Götze made a dangerous move and the opponent gained possession of the ball."}, {"id": "24", "s1": "0", "s2": "0", "s": "", "t": "20'", "m": "Wendell won a free kick for Bayer Leverkusen."}, {"id": "23", "s1": "0", "s2": "0", "s": "", "t": "20'", "m": "Robben won a free kick for Bayern Munich on the right."}, {"id": "22", "s1": "0", "s2": "0", "s": "", "t": "20'", "m": "Bayer Leverkusen player Spašić scrambled for a foul and the opponent gained possession of the ball."}, {"id": "21", "s1": "0", "s2": "0", "s": "", "t": "19'", "m": "Ribery won a free kick for Bayern Munich on the left."}, {"id": "20", "s1": "0", "s2": "0", "s": "", "t": "19'", "m": "Bayer Leverkusen player Bellala competed for a foul and the opponent gained possession of the ball."}, {"id": "19", "s1": "0", "s2": "0", "s": "", "t": "18'", "m": "Bernat won a free kick for Bayern Munich on the left."}, {"id": "18", "s1": "0", "s2": "0", "s": "", "t": "18'", "m": "Bayer Leverkusen player Toplak scrambled for a foul and the opponent was given possession of the ball."}, {"id": "17", "s1": "0", "s2": "0", "s": "", "t": "17'", "m": "Robben won a free kick for Bayern Munich on the right."}, {"id": "16", "s1": "0", "s2": "0", "s": "", "t": "17'", "m": "Bayer Leverkusen player Wendell scrambled for a foul and the opponent was given possession."}, {"id": "15", "s1": "0", "s2": "0", "s": "", "t": "17'", "m": "Spasic handled the ball out of the line and Bayern Munich won a corner kick."}, {"id": "14", "s1": "0", "s2": "0", "s": "", "t": "16'", "m": "Jedvage handled the ball out of the bottom line and Bayern Munich won a corner kick."}, {"id": "13", "s1": "0", "s2": "0", "s": "", "t": "14'", "m": "Bayern Munich player Bernardia scrambled for a foul and his opponent was given possession of the ball."}, {"id": "12", "s1": "0", "s2": "0", "s": "", "t": "14'", "m": "Kiesling won a free kick for Bayer Leverkusen at the opposing half."}, {"id": "11", "s1": "0", "s2": "0", "s": "", "t": "13'", "m": "Bayer Leverkusen player Bella Rabi kicked the ball straight into Charhanoglu, but the referee raised a flag to show the latter was offside."}, {"id": "10", "s1": "0", "s2": "0", "s": "", "t": "12'", "m": "Wendell handled the ball out of the bottom line and Bayern Munich won a corner kick."}, {"id": "9", "s1": "0", "s2": "0", "s": "", "t": "11'", "m": "Bayern Munich player Lewandowski's right-footed shot from outside the penalty area was blocked by a defender. It was Götze who gave him the ball."}, {"id": "8", "s1": "0", "s2": "0", "s": "", "t": "10'", "m": "Bayer Leverkusen player Son Heung-min tucked the ball straight into Kislin but the referee raised a flag to show that the latter was offside."}, {"id": "7", "s1": "0", "s2": "0", "s": "", "t": "8'", "m": "Müller handled the ball out of the bottom line and Bayer Leverkusen won a corner kick."}, {"id": "6", "s1": "0", "s2": "0", "s": "", "t": "8'", "m": "Bayer Leverkusen's right-footed shot from outside the penalty area was blocked by a defender. It was Wendell who gave him the pass."}, {"id": "5", "s1": "0", "s2": "0", "s": "", "t": "5'", "m": "Bayern Munich player Robben's left-footed shot from outside the penalty area was blocked by a defender. It was Muller who gave him the pass."}, {"id": "4", "s1": "0", "s2": "0", "s": "", "t": "3'", "m": "Müller won a free kick for Bayern Munich on the right."}, {"id": "3", "s1": "0", "s2": "0", "s": "", "t": "3'", "m": "Bayer Leverkusen player Spašić scrambled for a foul and the opponent gained possession of the ball."}, {"id": "2", "s1": "0", "s2": "0", "s": "", "t": "3'", "m": "Bayer Leverkusen's beira Rabi shot from the centre of the penalty area was blocked by a defender."}, {"id": "1", "s1": "0", "s2": "0", "s": "", "t": "", "m": "With a whistle from the referee, the first half of the game began."}]