[{"id": "4557929", "s1": "0", "s2": "6", "s": "Finish", "t": "", "m": "This game will be broadcast live for you here, thank you for watching!"}, {"id": "4557922", "s1": "0", "s2": "6", "s": "Finish", "t": "", "m": "Bayern saddleed their opponents 6-0 away"}, {"id": "4557919", "s1": "0", "s2": "6", "s": "Finish", "t": "", "m": "The whole game is over!"}, {"id": "4557907", "s1": "0", "s2": "6", "s": "Next", "t": "46'", "m": "Bayern's midfielders continued to work together, and Robben's long-range shot from outside was picked up by Kreuzer"}, {"id": "4557904", "s1": "0", "s2": "6", "s": "Next", "t": "46'", "m": "Paderborn's counter-attack went straight into the box and the defender cleared the ball"}, {"id": "4557903", "s1": "0", "s2": "6", "s": "Next", "t": "46'", "m": "Bayern's diagonal pass was given to the right, and Müller and Levan snatched it together"}, {"id": "4557861", "s1": "0", "s2": "6", "s": "Next", "t": "42'", "m": "6-0, Bayern came back in the Champions League with a big breakout"}, {"id": "4557858", "s1": "0", "s2": "6", "s": "Next", "t": "41'", "m": "Bayern are here again! Ribery's cross from the left was met by Robben in front of goal"}, {"id": "4557820", "s1": "0", "s2": "5", "s": "Next", "t": "37'", "m": "The corner kick hit the perimeter and Ribery's left-footed volley from outside the box was deflected wide"}, {"id": "4557818", "s1": "0", "s2": "5", "s": "Next", "t": "37'", "m": "Bayern corner kick opportunities"}, {"id": "4557814", "s1": "0", "s2": "5", "s": "Next", "t": "36'", "m": "Dante destroyed Paderborn's shot"}, {"id": "4557811", "s1": "0", "s2": "5", "s": "Next", "t": "36'", "m": "Bayern won 8-0 in the last round and scored five more goals in this campaign"}, {"id": "4557806", "s1": "0", "s2": "5", "s": "Next", "t": "36'", "m": "Rod faced the attacking Kruzer calmly provoked the score"}, {"id": "4557778", "s1": "0", "s2": "5", "s": "Next", "t": "33'", "m": "Bayern have scored again!"}, {"id": "4557760", "s1": "0", "s2": "4", "s": "Next", "t": "32'", "m": "Boateng's direct shot went high over the crossbar"}, {"id": "4557757", "s1": "0", "s2": "4", "s": "Next", "t": "31'", "m": "Bayern were awarded a free kick opportunity"}, {"id": "4557753", "s1": "0", "s2": "4", "s": "Next", "t": "31'", "m": "Paderborn counter-attacked with a broken ball at the back and hit the right "}, {"id": "4557752", "s1": "0", "s2": "4", "s": "Next", "t": "31'", "m": "Bayern's diagonal pass to the left was intercepted by a defender "}, {"id": "4557751", "s1": "0", "s2": "4", "s": "Next", "t": "31'", "m": "The big picture is set"}, {"id": "4557750", "s1": "0", "s2": "4", "s": "Next", "t": "31'", "m": "Bayern were looking for an opportunity in the middle and the defender poked the ball out"}, {"id": "4557746", "s1": "0", "s2": "4", "s": "Next", "t": "31'", "m": "Bayern's cross from the right was flicked into the right by the defender's header, which was rubbing against Rowe himself and bouncing in front of Ribery, who fired low into the net"}, {"id": "4557733", "s1": "0", "s2": "3", "s": "Next", "t": "28'", "m": "A tactical corner kick was fired, the right side of the ball went to the back post, Boateng did it back and Bad Stubel's shot was high "}, {"id": "4557732", "s1": "0", "s2": "3", "s": "Next", "t": "28'", "m": "Bayern split the ball down the right, Robben picked the ball up inside the box and poked the ball off the line and the corner was saved by Kreuzer"}, {"id": "4557729", "s1": "0", "s2": "3", "s": "Next", "t": "25'", "m": "A tactical corner kick was fired, the ball hit the left, the ball was played to the back post, and Levan's header was picked up by Kreuzer "}, {"id": "4557728", "s1": "0", "s2": "3", "s": "Next", "t": "25'", "m": "The ball hit the right and Robben broke through to ask for a corner kick opportunity"}, {"id": "4557727", "s1": "0", "s2": "3", "s": "Next", "t": "25'", "m": "Bayern controlled the ball in midfield, hit the middle, picked out a pass into the box and the defender pushed out "}, {"id": "4557724", "s1": "0", "s2": "3", "s": "Next", "t": "22'", "m": "The corner kick opened in front of the goal and was released"}, {"id": "4557723", "s1": "0", "s2": "3", "s": "Next", "t": "21'", "m": "Paderborn won a corner kick from the right"}, {"id": "4557720", "s1": "0", "s2": "3", "s": "Next", "t": "19'", "m": "Although the goalkeeper judged the right direction, he was still powerless to stop the ball from entering the net"}, {"id": "4557719", "s1": "0", "s2": "3", "s": "Next", "t": "18'", "m": "Bayern took a penalty and Robben took the penalty"}, {"id": "4557717", "s1": "0", "s2": "2", "s": "Next", "t": "18'", "m": "Ribery picked up the ball into the box and Paderburn player Halter Hirtz pushed Robben and received a red card"}, {"id": "4557707", "s1": "0", "s2": "2", "s": "Next", "t": "17'", "m": "Paderborn's free-kick from midfield was sent straight into the box and Neuer punched in two"}, {"id": "4557705", "s1": "0", "s2": "2", "s": "Next", "t": "17'", "m": "Paderborn's counter-attack, split to the right, bayern grabbed the ball and fouled it "}, {"id": "4557702", "s1": "0", "s2": "2", "s": "Next", "t": "16'", "m": "Bayern's pick-and-roll pass didn't go over the top and the defender's big foot unblocked"}, {"id": "4557700", "s1": "0", "s2": "2", "s": "Next", "t": "16'", "m": "Paderburn could not find too good a chance to strike back"}, {"id": "4557677", "s1": "0", "s2": "2", "s": "Next", "t": "14'", "m": "Paderborn was replaced, and Kachunga was replaced"}, {"id": "4557668", "s1": "0", "s2": "2", "s": "Next", "t": "13'", "m": "Paderborn's counter-attack, split to the right, bayern grabbed the ball and fouled it "}, {"id": "4557647", "s1": "0", "s2": "2", "s": "Next", "t": "11'", "m": "Bayern looked for an opportunity on the left and crossed the ball to the right"}, {"id": "4557641", "s1": "0", "s2": "2", "s": "Next", "t": "11'", "m": "The second half also tended to be flat"}, {"id": "4557639", "s1": "0", "s2": "2", "s": "Next", "t": "11'", "m": "With two goals in hand, Bayern are in no hurry to attack "}, {"id": "4557622", "s1": "0", "s2": "2", "s": "Next", "t": "9'", "m": "Robben took the ball to his teammate who was plugged in, and the cross was picked up by Kreuzer "}, {"id": "4557608", "s1": "0", "s2": "2", "s": "Next", "t": "7'", "m": "Bayern patiently fell to his feet"}, {"id": "4557606", "s1": "0", "s2": "2", "s": "Next", "t": "7'", "m": "Alaba threw the ball out of bounds on the left and into the front"}, {"id": "4557605", "s1": "0", "s2": "2", "s": "Next", "t": "7'", "m": "Robben took the ball and was destroyed off the sideline"}, {"id": "4557584", "s1": "0", "s2": "2", "s": "Next", "t": "5'", "m": "The corner kick was fired and Neuer confiscated the ball"}, {"id": "4557583", "s1": "0", "s2": "2", "s": "Next", "t": "5'", "m": "Kachunga quickly went down the right and was released from the bottom line by Bayern"}, {"id": "4557571", "s1": "0", "s2": "2", "s": "Next", "t": "4'", "m": "Bayern continued to patiently tip their feet in midfield"}, {"id": "4557567", "s1": "0", "s2": "2", "s": "Next", "t": "3'", "m": "Bayern attacked in front of him and Ribery didn't stop the ball"}, {"id": "4557564", "s1": "0", "s2": "2", "s": "Next", "t": "3'", "m": "Levan fell to the ground"}, {"id": "4557538", "s1": "0", "s2": "2", "s": "Next", "t": "1'", "m": "The second half began"}, {"id": "4557525", "s1": "", "s2": "", "s": "", "t": "", "m": "", "lnk": {"title": "", "href": "http://www.sinaimg.cn/dy/slidenews/2_img/2015_08/730_1444841_845759.jpg", "type": "image", "extra": []}}, {"id": "4557521", "s1": "", "s2": "", "s": "", "t": "", "m": "", "lnk": {"title": "莱万梅开二度", "href": "http://www.sinaimg.cn/dy/slidenews/2_img/2015_08/730_1444821_354800.jpg", "type": "image", "extra": []}}, {"id": "4557376", "s1": "0", "s2": "2", "s": "Midfielder", "t": "", "m": "With Levan's goal, Bayern took a temporary 2-0 lead away from home"}, {"id": "4557373", "s1": "0", "s2": "2", "s": "Midfielder", "t": "", "m": "The first half was over"}, {"id": "4557363", "s1": "0", "s2": "2", "s": "on", "t": "45'", "m": "Paderborn's counter-attacking direct pass was blocked off the sideline "}, {"id": "4557352", "s1": "0", "s2": "2", "s": "on", "t": "43'", "m": "Robben went it alone on the left, firing a low shot that deflected wide"}, {"id": "4557349", "s1": "0", "s2": "2", "s": "on", "t": "43'", "m": "The first half of the game came to an end"}, {"id": "4557336", "s1": "0", "s2": "2", "s": "on", "t": "42'", "m": "Paderborn was also free of baggage, and the offensive continued"}, {"id": "4557332", "s1": "0", "s2": "2", "s": "on", "t": "41'", "m": "Paderborn made a steal at the back and fired another shot high over the bar"}, {"id": "4557315", "s1": "0", "s2": "2", "s": "on", "t": "40'", "m": "Paderborn's counter-attack deflected by a long-range shot from meha on the periphery"}, {"id": "4557300", "s1": "0", "s2": "2", "s": "on", "t": "39'", "m": "In this way, the game situation is completely controlled by Bayern"}, {"id": "4557296", "s1": "0", "s2": "2", "s": "on", "t": "38'", "m": "Müller's shot was blocked and changed direction, With Ribery's cross in front of goal and Levan scoring with ease in front of goal"}, {"id": "4557283", "s1": "0", "s2": "2", "s": "on", "t": "37'", "m": "Levan has made it twice!"}, {"id": "4557282", "s1": "0", "s2": "1", "s": "on", "t": "37'", "m": "Götze sat on the bench today"}, {"id": "4557270", "s1": "0", "s2": "1", "s": "on", "t": "36'", "m": "Bayern got up and Levan scrambled for a foul"}, {"id": "4557249", "s1": "0", "s2": "1", "s": "on", "t": "34'", "m": "Paderborn hoisted the ball into the box and the defender took control of it"}, {"id": "4557233", "s1": "0", "s2": "1", "s": "on", "t": "33'", "m": "Paderborn counter-attacked from the left, was unblocked and passed directly back to the goalkeeper"}, {"id": "4557227", "s1": "0", "s2": "1", "s": "on", "t": "32'", "m": "Bayern slowed down the pace of attack after scoring the goal"}, {"id": "4557216", "s1": "0", "s2": "1", "s": "on", "t": "31'", "m": "Robben scored from the right, but the referee signaled that Robben was offside"}, {"id": "4557205", "s1": "0", "s2": "1", "s": "on", "t": "30'", "m": "Bayern passed in the middle of the road, or was released"}, {"id": "4557201", "s1": "0", "s2": "1", "s": "on", "t": "28'", "m": "Paderborn counter-attacked on the right, the ball was not well controlled, out of the bottom line"}, {"id": "4557199", "s1": "0", "s2": "1", "s": "on", "t": "28'", "m": "Neuer is out of the box, working with his teammates"}, {"id": "4557195", "s1": "0", "s2": "1", "s": "on", "t": "28'", "m": "Bayern took control of the ball at the back and moved to the right"}, {"id": "4557190", "s1": "0", "s2": "1", "s": "on", "t": "25'", "m": "Sorry, correct it, it was Levan who scored!! Robben took the ball straight into the front of the field and Levan successfully faced the goalkeeper with a low shot into the net to break the deadlock"}, {"id": "4557188", "s1": "0", "s2": "1", "s": "on", "t": "24'", "m": "Müller scored"}, {"id": "4557187", "s1": "0", "s2": "0", "s": "on", "t": "24'", "m": "Paddlebourne was fouled while scrambling for a header in midfield"}, {"id": "4557186", "s1": "0", "s2": "0", "s": "on", "t": "22'", "m": "Robben took the ball on the right and was released from the sideline"}, {"id": "4557184", "s1": "0", "s2": "0", "s": "on", "t": "21'", "m": "Paddlebourne was fouled while scrambling for a header in midfield"}, {"id": "4557180", "s1": "0", "s2": "0", "s": "on", "t": "19'", "m": "The right side of the road was passed obliquely to the door or was released"}, {"id": "4557179", "s1": "0", "s2": "0", "s": "on", "t": "19'", "m": "Alaba picked up the ball up front and Alonso moved to the right"}, {"id": "4557177", "s1": "0", "s2": "0", "s": "on", "t": "19'", "m": "Paderborn picked up from the right but was cleared by Bayern"}, {"id": "4557175", "s1": "0", "s2": "0", "s": "on", "t": "19'", "m": "The Bayern midfielder regained control of the ball"}, {"id": "4557173", "s1": "0", "s2": "0", "s": "on", "t": "18'", "m": "Bayern picked up the ball straight from the right into the box and was pushed out by Halter Hetz at the first point "}, {"id": "4557172", "s1": "0", "s2": "0", "s": "on", "t": "17'", "m": "The corner kick was directly obtained by Neuer"}, {"id": "4557171", "s1": "0", "s2": "0", "s": "on", "t": "16'", "m": "Birdbourne corner kick opportunity on the left"}, {"id": "4557169", "s1": "0", "s2": "0", "s": "on", "t": "16'", "m": "Paderborn counter-attacked again, and the ball from the right was cleared by Alonso"}, {"id": "4557167", "s1": "0", "s2": "0", "s": "on", "t": "15'", "m": "Guardiola was in a bit of a hurry off the pitch"}, {"id": "4557166", "s1": "0", "s2": "0", "s": "on", "t": "13'", "m": "The ball is very threatening"}, {"id": "4557165", "s1": "0", "s2": "0", "s": "on", "t": "13'", "m": "Meha punched an elevator ball slightly offside"}, {"id": "4557163", "s1": "0", "s2": "0", "s": "on", "t": "13'", "m": "Kachunga quickly broke through on the left and knocked back to his teammates, and Meha's kick from outside the box was slightly offside"}, {"id": "4557160", "s1": "0", "s2": "0", "s": "on", "t": "11'", "m": "Bayern now have an absolute advantage"}, {"id": "4557155", "s1": "0", "s2": "0", "s": "on", "t": "10'", "m": "Alonso took the ball on the left side of the field and Bayern on the left side of the field to cooperate in a small area"}, {"id": "4557153", "s1": "0", "s2": "0", "s": "on", "t": "10'", "m": "In slow motion, it was indeed a return pass, but it was touched by the opponent, and Neuer had no problem with the ball"}, {"id": "4557151", "s1": "0", "s2": "0", "s": "on", "t": "10'", "m": "Bayern's back-pass, which Neuer picked up with his hand, caused Pardburn to be dissatisfied"}, {"id": "4557142", "s1": "0", "s2": "0", "s": "on", "t": "7'", "m": "Bayern cooperated in the middle of the front and failed to cross"}, {"id": "4557139", "s1": "0", "s2": "0", "s": "on", "t": "7'", "m": "Bayern corner kick opportunities，博阿滕进攻犯规了"}, {"id": "4557138", "s1": "0", "s2": "0", "s": "on", "t": "6'", "m": "A free kick was taken in front of goal and Levan's grab point was destroyed out of the bottom line"}, {"id": "4557137", "s1": "0", "s2": "0", "s": "on", "t": "6'", "m": "Paderbourne's Muller and Alonso both fell to the ground in a scramble and the referee gave Bayern a free kick in front"}, {"id": "4557133", "s1": "0", "s2": "0", "s": "on", "t": "5'", "m": "Robben's left foot was given to the front of the penalty area, and the first point was pushed out by Paderburn"}, {"id": "4557132", "s1": "0", "s2": "0", "s": "on", "t": "4'", "m": "Bayern were awarded a free-kick on the right side of the field"}, {"id": "4557131", "s1": "0", "s2": "0", "s": "on", "t": "4'", "m": "Robben's ball on the right was tripped by opposing defender Halter"}, {"id": "4557130", "s1": "0", "s2": "0", "s": "on", "t": "3'", "m": "Arabba threw the ball out of bounds into the front and was kicked out by the opposing defender"}, {"id": "4557129", "s1": "0", "s2": "0", "s": "on", "t": "2'", "m": "Bayern's left side is small and patient"}, {"id": "4557128", "s1": "0", "s2": "0", "s": "on", "t": "2'", "m": "Bayern took the ball left and right in the front and sent it into the box and was pushed out"}, {"id": "4557127", "s1": "0", "s2": "0", "s": "on", "t": "1'", "m": "Paderborn's first attack formed a shot that was picked up by Neuer"}, {"id": "4557126", "s1": "0", "s2": "0", "s": "on", "t": "1'", "m": "The first half of the game began"}, {"id": "4557117", "s1": "0", "s2": "0", "s": "Not matched", "t": "", "m": "Bayern starters: 1 Neuer, 18 Bernat, 13 Rafinha, 17 Boateng, 28 Bad Stubel, 3 Alonso, 10 Robben, 7 Ribery, 27 Araba, 25 Muller, 9 Levan"}, {"id": "4557115", "s1": "0", "s2": "0", "s": "Not matched", "t": "", "m": "Before the match both sides announced the starting list': Paderborn starters: 1 Kruezer, 3 Rafa, 2 Hunemmel, 26 Halterts, 22 Hein lotte, 30 Coates, 6 Bakaroz, 5 Ziegler, 17 Meha, 4 Rupp, 15 Kachunga"}, {"id": "4555531", "s1": "0", "s2": "0", "s": "Not matched", "t": "", "m": "This season, Paderborn can be described as a high and low, currently, ranking 12th, before, the team's 10 home games only 3 wins, 4 draws and 3 losses, ranking in the bottom of the Bundesliga."}, {"id": "4555530", "s1": "0", "s2": "0", "s": "Not matched", "t": "", "m": "With Ribery returning from injury against Paderborn in this round, Robben and Ribery are hopeful to start together. Not only that, but Boateng, whose ban has expired, will also return to the backline. In the attacking line, Robben, Götzel, Müller, Ribery and Levan will put a lot of pressure on the opponent's defence, they all scored in the last round of the league, and this time, they also do not want to miss the opportunity."}, {"id": "4555529", "s1": "0", "s2": "0", "s": "Not matched", "t": "", "m": "In the first leg of this season, Bayern had a 4-0 home win over Paderborn, with an 8-0 win over Yu Wei in the last round, and their away trip was full of confidence."}, {"id": "4555528", "s1": "0", "s2": "0", "s": "Not matched", "t": "", "m": "In the champions league knockout round in midweek, Bayern drew 0-0 away to Miner Donetsk and Alonso was sent off with a red card. This made Bayern hold their stomachs on fire. Back in the league, facing promoted Mapard Born, they naturally want to boost morale with a win."}, {"id": "4555527", "s1": "0", "s2": "0", "s": "Not matched", "t": "", "m": "At 22:30 Beijing time on February 21, the 22nd round of the 2014-2015 Bundesliga season will continue, with the leader Bayern Munich away to Paderborn, a game they are bound to win after the Champions League is depressed."}]