[{"id": "102", "s1": "3", "s2": "1", "s": "", "t": "", "m": "The match ended with Stuttgart 3-1 Eintracht Frankfurt, thank you all for watching The Sina Football Live."}, {"id": "101", "s1": "3", "s2": "1", "s": "", "t": "90'+3'", "m": "At the end of the second half, Stuttgart 3-1 Eintracht Frankfurt"}, {"id": "100", "s1": "3", "s2": "1", "s": "", "t": "90'+2'", "m": "Timo Baumgartl won a free kick for Stuttgart."}, {"id": "99", "s1": "3", "s2": "1", "s": "", "t": "90'+2'", "m": "Frankfurt player Mayer scrambled for a foul and his opponent was given possession of the ball."}, {"id": "98", "s1": "3", "s2": "1", "s": "", "t": "90'+1'", "m": "Stuttgart player Florian Klein was fouled for handball and the opponent was given the ball."}, {"id": "97", "s1": "3", "s2": "1", "s": "", "t": "89'", "m": "Stuttgart was replaced and Schwab replaced Kinchek"}, {"id": "96", "s1": "3", "s2": "1", "s": "", "t": "88'", "m": "Stuttgart player Gentner attempted a left-footed shot from outside the penalty area, but unfortunately the ball deflected off goal."}, {"id": "95", "s1": "3", "s2": "1", "s": "", "t": "87'", "m": "Shot!!! Stuttgart player Kinček's right-footed shot from the centre of the penalty area was saved by the opposing goalkeeper. It was Maxim who passed the ball to him."}, {"id": "94", "s1": "3", "s2": "1", "s": "", "t": "86'", "m": "Ochipka handled the ball out of the bottom line and Stuttgart won the corner."}, {"id": "93", "s1": "3", "s2": "1", "s": "", "t": "84'", "m": "Yellow! Frankfurt player Madeleine was shown a yellow card by the referee for a malicious foul."}, {"id": "92", "s1": "3", "s2": "1", "s": "", "t": "84'", "m": "Harnick won a free kick for Stuttgart on the right."}, {"id": "91", "s1": "3", "s2": "1", "s": "", "t": "84'", "m": "Eintracht Frankfurt player Madeleine scrambled for a foul and the opponent was given possession of the ball."}, {"id": "90", "s1": "3", "s2": "1", "s": "", "t": "83'", "m": "Maxim handled the ball out of the line and Eintracht Frankfurt won a corner kick."}, {"id": "89", "s1": "3", "s2": "1", "s": "", "t": "83'", "m": "Shot!!! Frankfurt player Zambrano's header from the centre of the penalty area was saved by the opposing goalkeeper. It was Stendra who gave him the ball."}, {"id": "88", "s1": "3", "s2": "1", "s": "", "t": "83'", "m": "Ulreich handled the ball out of the line and Eintracht Frankfurt won a corner."}, {"id": "87", "s1": "3", "s2": "1", "s": "", "t": "83'", "m": "Shot!!! Frankfurt player Seferović's left-footed shot from the right side of the penalty area was saved by the opposing goalkeeper. It was Stendra who gave him the ball."}, {"id": "86", "s1": "3", "s2": "1", "s": "", "t": "81'", "m": "Harnick won a free kick for Stuttgart at the opposing half."}, {"id": "85", "s1": "3", "s2": "1", "s": "", "t": "81'", "m": "Eintracht Frankfurt player Makoto Hasebe scrambled for a foul and his opponent gained possession of the ball."}, {"id": "84", "s1": "3", "s2": "1", "s": "", "t": "81'", "m": "Yellow! Stuttgart player Maxim was shown a yellow card by the referee for stripping away after scoring a goal to celebrate."}, {"id": "83", "s1": "3", "s2": "1", "s": "", "t": "80'", "m": "Goal!!! Stuttgart player Maxime shot with his right foot in front of the goal line, the ball flew from the bottom left corner into the goal, the ball went in! Assisted by Filip Kostic. Stuttgart 3-1 Frankfurt."}, {"id": "82", "s1": "2", "s2": "1", "s": "", "t": "78'", "m": "Stuttgart player Filip Kostic scrambled for a foul and the opponent was given possession."}, {"id": "81", "s1": "2", "s2": "1", "s": "", "t": "78'", "m": "Qian Guishi won a free kick for Eintracht Frankfurt on the right."}, {"id": "80", "s1": "2", "s2": "1", "s": "", "t": "71'", "m": "Filip Kostic handled the ball out of the bottom line and Frankfurt won the corner."}, {"id": "79", "s1": "2", "s2": "1", "s": "", "t": "68'", "m": "Yellow! Frankfurt player Seferović was shown a yellow card by the referee for a malicious foul."}, {"id": "78", "s1": "2", "s2": "1", "s": "", "t": "68'", "m": "Niedermeier won a free kick for Stuttgart."}, {"id": "77", "s1": "2", "s2": "1", "s": "", "t": "68'", "m": "Frankfurt player Seferović scrambled for a foul and his opponent was given possession of the ball."}, {"id": "76", "s1": "2", "s2": "1", "s": "", "t": "67'", "m": "Stuttgart player Kinček scrambled for a foul and his opponent was given possession of the ball."}, {"id": "75", "s1": "2", "s2": "1", "s": "", "t": "67'", "m": "Zambrano won a free kick for Eintracht Frankfurt."}, {"id": "74", "s1": "2", "s2": "1", "s": "", "t": "66'", "m": "Goal!!! Stuttgart player Kinček fired a right-footed shot from the centre of the penalty area, the ball flew from the bottom left corner into the goal and the ball went in! The assist was Maxim. Stuttgart 2-1 Frankfurt."}, {"id": "73", "s1": "1", "s2": "1", "s": "", "t": "65'", "m": "Stuttgart player Kinček scrambled for a foul and his opponent was given possession of the ball."}, {"id": "72", "s1": "1", "s2": "1", "s": "", "t": "65'", "m": "Ochipka won a free kick for Eintracht Frankfurt."}, {"id": "71", "s1": "1", "s2": "1", "s": "", "t": "63'", "m": "Goal!!! Stuttgart player Kinček went to the goal line and the ball flew from the middle of the road into the goal, and the ball went in! The assist was Hanik. Stuttgart 1-1 Frankfurt."}, {"id": "70", "s1": "0", "s2": "1", "s": "", "t": "62'", "m": "Florian Clay won a free kick for Stuttgart."}, {"id": "69", "s1": "0", "s2": "1", "s": "", "t": "62'", "m": "Eintracht Frankfurt players make dangerous moves and opponents gain possession of the ball."}, {"id": "68", "s1": "0", "s2": "1", "s": "", "t": "60'", "m": "Frankfurt player Chandler shoved the ball straight into Aigner, but the referee raised a flag to show that the latter was offside."}, {"id": "67", "s1": "0", "s2": "1", "s": "", "t": "58'", "m": "Stuttgart made substitutions, Filip Kostic on, Kako went off with an injury."}, {"id": "66", "s1": "0", "s2": "1", "s": "", "t": "58'", "m": "The suspension ended and the players resumed playing."}, {"id": "65", "s1": "0", "s2": "1", "s": "", "t": "57'", "m": "Kako fell to the ground injured and the game was suspended"}, {"id": "64", "s1": "0", "s2": "1", "s": "", "t": "55'", "m": "Ulreich handled the ball out of the line and Eintracht Frankfurt won a corner."}, {"id": "63", "s1": "0", "s2": "1", "s": "", "t": "55'", "m": "Shot!!! Frankfurt's Stendra's right-footed shot from outside the penalty area was saved by the opposing goalkeeper. It was Aigner who gave him the pass."}, {"id": "62", "s1": "0", "s2": "1", "s": "", "t": "54'", "m": "Shot!!! Stuttgart player Kinček's header from the centre of the penalty area was saved by the opposing goalkeeper. It was Kacao who gave him the pass."}, {"id": "61", "s1": "0", "s2": "1", "s": "", "t": "53'", "m": "Stuttgart was replaced, romeu replaced Geoffroy Serey Dié"}, {"id": "60", "s1": "0", "s2": "1", "s": "", "t": "51'", "m": "Goal!!! Frankfurt player Seferović fired a left-footed shot from the centre of the penalty area, the ball deflected up from the middle and flew into the goal, the ball went in! Stuttgart 0-1 Frankfurt."}, {"id": "59", "s1": "0", "s2": "0", "s": "", "t": "50'", "m": "Kinček won a free kick for Stuttgart in the opposing half."}, {"id": "58", "s1": "0", "s2": "0", "s": "", "t": "50'", "m": "Eintracht Frankfurt player Madeleine scrambled for a foul and the opponent was given possession of the ball."}, {"id": "57", "s1": "0", "s2": "0", "s": "", "t": "47'", "m": "Stuttgart player Kinček scrambled for a foul and his opponent was given possession of the ball."}, {"id": "56", "s1": "0", "s2": "0", "s": "", "t": "47'", "m": "Zambrano won a free kick for Eintracht Frankfurt on the right."}, {"id": "55", "s1": "0", "s2": "0", "s": "", "t": "46'", "m": "Stuttgart player Hanik tried his left-footed shot in the centre of the penalty area, but unfortunately the ball went high above goal. It was Niedermeier who gave him the pass."}, {"id": "54", "s1": "0", "s2": "0", "s": "", "t": "46'", "m": "Frankfurt player Mayer was fouled for handball and the opponent was given the ball."}, {"id": "53", "s1": "0", "s2": "0", "s": "", "t": "", "m": "The second half began with Stuttgart 0-0 Eintracht Frankfurt"}, {"id": "52", "s1": "0", "s2": "0", "s": "", "t": "45'+1'", "m": "At the end of the first half, Stuttgart 0-0 Eintracht Frankfurt, with a short break, we will take a look at the performance of the two teams in the second half."}, {"id": "51", "s1": "0", "s2": "0", "s": "", "t": "44'", "m": "Niedermeier won a free kick for Stuttgart."}, {"id": "50", "s1": "0", "s2": "0", "s": "", "t": "44'", "m": "Frankfurt player Seferović scrambled for a foul and his opponent was given possession of the ball."}, {"id": "49", "s1": "0", "s2": "0", "s": "", "t": "44'", "m": "Frankfurt player Mayer kicked the ball straight into Seferovic, but the referee raised a flag to show that the latter was offside."}, {"id": "48", "s1": "0", "s2": "0", "s": "", "t": "43'", "m": "Stuttgart player Hanik scrambled for a foul and the opponent was given possession of the ball."}, {"id": "47", "s1": "0", "s2": "0", "s": "", "t": "43'", "m": "Mayer won a free kick for Eintracht Frankfurt."}, {"id": "46", "s1": "0", "s2": "0", "s": "", "t": "42'", "m": "Yellow! Stuttgart player Geoffroy Serey Dié was shown a yellow card by the referee for a malicious foul."}, {"id": "45", "s1": "0", "s2": "0", "s": "", "t": "42'", "m": "Stuttgart player Geoffroy Serey Dié scrambled for a foul and the opponent was given possession of the ball."}, {"id": "44", "s1": "0", "s2": "0", "s": "", "t": "42'", "m": "Makoto Hasebe won a free kick for Eintracht Frankfurt at the opposing half."}, {"id": "43", "s1": "0", "s2": "0", "s": "", "t": "37'", "m": "Stuttgart player Gentner shoved the ball straight into Kako, but the referee raised a flag to show that the latter was offside."}, {"id": "42", "s1": "0", "s2": "0", "s": "", "t": "36'", "m": "Stuttgart player Hanik tried his right-footed shot just outside the penalty area, but unfortunately the ball deflected off target."}, {"id": "41", "s1": "0", "s2": "0", "s": "", "t": "34'", "m": "Stuttgart player Hloszek scrambled for a foul and the opponent was given possession of the ball."}, {"id": "40", "s1": "0", "s2": "0", "s": "", "t": "34'", "m": "Aigner won a free kick for Eintracht Frankfurt."}, {"id": "39", "s1": "0", "s2": "0", "s": "", "t": "33'", "m": "Frankfurt's Mayer attempted a header in the centre of the penalty area, but the ball was deflected slightly off the left goal. It was Qian Guishi who gave him the ball."}, {"id": "38", "s1": "0", "s2": "0", "s": "", "t": "33'", "m": "Hlovšek handled the ball out of the bottom line and Eintracht Frankfurt won a corner kick."}, {"id": "37", "s1": "0", "s2": "0", "s": "", "t": "31'", "m": "Frankfurt's Egna's left-footed shot from the centre of the penalty area was blocked by a defender. It was Qian Guishi who gave him the ball."}, {"id": "36", "s1": "0", "s2": "0", "s": "", "t": "30'", "m": "Stuttgart player Geoffroy Serey Dié tried his right-footed shot from outside the penalty area, but unfortunately the ball was high above the top right corner. It was Maxim who passed the ball to him."}, {"id": "35", "s1": "0", "s2": "0", "s": "", "t": "29'", "m": "Stuttgart player Geoffroy Serey Dié scrambled for a foul and the opponent was given possession of the ball."}, {"id": "34", "s1": "0", "s2": "0", "s": "", "t": "29'", "m": "Aigner won a free kick for Eintracht Frankfurt at the opposing half."}, {"id": "33", "s1": "0", "s2": "0", "s": "", "t": "27'", "m": "Hlovšek handled the ball out of the bottom line and Eintracht Frankfurt won a corner kick."}, {"id": "32", "s1": "0", "s2": "0", "s": "", "t": "26'", "m": "Kinček won a free kick for Stuttgart on the left."}, {"id": "31", "s1": "0", "s2": "0", "s": "", "t": "26'", "m": "Frankfurt player Aigner scrambled for a foul and his opponent was given possession of the ball."}, {"id": "30", "s1": "0", "s2": "0", "s": "", "t": "24'", "m": "Eintracht Frankfurt's right-footed shot from outside the penalty area was blocked by a defender. It was Stendra who gave him the ball."}, {"id": "29", "s1": "0", "s2": "0", "s": "", "t": "23'", "m": "Stuttgart player Hloszek scrambled for a foul and the opponent was given possession of the ball."}, {"id": "28", "s1": "0", "s2": "0", "s": "", "t": "23'", "m": "Aigner won a free kick for Eintracht Frankfurt."}, {"id": "27", "s1": "0", "s2": "0", "s": "", "t": "21'", "m": "Harnick won a free kick for Stuttgart on the right."}, {"id": "26", "s1": "0", "s2": "0", "s": "", "t": "21'", "m": "Eintracht Frankfurt players scramble for fouls and opponents get possession of the ball."}, {"id": "25", "s1": "0", "s2": "0", "s": "", "t": "21'", "m": "Stuttgart player Maxim scrambled for a foul and the opponent gained possession of the ball."}, {"id": "24", "s1": "0", "s2": "0", "s": "", "t": "21'", "m": "Makoto Hasebe won a free kick for Eintracht Frankfurt."}, {"id": "23", "s1": "0", "s2": "0", "s": "", "t": "19'", "m": "Stuttgart player Timo Baumgartl scrambled for a foul and the opponent was given possession of the ball."}, {"id": "22", "s1": "0", "s2": "0", "s": "", "t": "19'", "m": "Seferovic won a free kick for Eintracht Frankfurt."}, {"id": "21", "s1": "0", "s2": "0", "s": "", "t": "17'", "m": "Ulreich handled the ball out of the line and Eintracht Frankfurt won a corner."}, {"id": "20", "s1": "0", "s2": "0", "s": "", "t": "17'", "m": "Shot!!! Eintracht Frankfurt player Mayer was saved by the opposing goalkeeper in the center of the penalty area. The one who gave him the ball was Okipka."}, {"id": "19", "s1": "0", "s2": "0", "s": "", "t": "17'", "m": "Geoffroy Serey Dié handled the ball out of the bottom line and Eintracht Frankfurt won the corner."}, {"id": "18", "s1": "0", "s2": "0", "s": "", "t": "16'", "m": "Niedermeier handled the ball out of the line and Eintracht Frankfurt won a corner."}, {"id": "17", "s1": "0", "s2": "0", "s": "", "t": "16'", "m": "Frankfurt's Eigner's left-footed shot from the right side of the penalty area was blocked by a defender. The one who gave him the ball was Okipka."}, {"id": "16", "s1": "0", "s2": "0", "s": "", "t": "14'", "m": "Eintracht Frankfurter Seferović tried his right-footed shot from outside the penalty area, but unfortunately the ball was slightly offside the right-hand goal. It was Chandler who gave him the pass."}, {"id": "15", "s1": "0", "s2": "0", "s": "", "t": "13'", "m": "Stuttgart player Geoffroy Serey Dié scrambled for a foul and the opponent was given possession of the ball."}, {"id": "14", "s1": "0", "s2": "0", "s": "", "t": "13'", "m": "The Drys won a free kick for Eintracht Frankfurt."}, {"id": "13", "s1": "0", "s2": "0", "s": "", "t": "11'", "m": "Stuttgart player Maxim scrambled for a foul and the opponent gained possession of the ball."}, {"id": "12", "s1": "0", "s2": "0", "s": "", "t": "11'", "m": "Makoto Hasebe won a free kick for Eintracht Frankfurt at the opposing half."}, {"id": "11", "s1": "0", "s2": "0", "s": "", "t": "11'", "m": "Stuttgart player Kinček scrambled for a foul and his opponent was given possession of the ball."}, {"id": "10", "s1": "0", "s2": "0", "s": "", "t": "11'", "m": "Zambrano won a free kick for Eintracht Frankfurt."}, {"id": "9", "s1": "0", "s2": "0", "s": "", "t": "9'", "m": "Stuttgart player Hanik scrambled for a foul and the opponent was given possession of the ball."}, {"id": "8", "s1": "0", "s2": "0", "s": "", "t": "9'", "m": "Makoto Hasebe won a free kick for Eintracht Frankfurt."}, {"id": "7", "s1": "0", "s2": "0", "s": "", "t": "8'", "m": "The Qianguishi handled the ball out of the bottom line and Stuttgart won a corner kick."}, {"id": "6", "s1": "0", "s2": "0", "s": "", "t": "7'", "m": "Kinček won a free kick for Stuttgart in the opposing half."}, {"id": "5", "s1": "0", "s2": "0", "s": "", "t": "7'", "m": "Eintracht Frankfurt player Madeleine scrambled for a foul and the opponent was given possession of the ball."}, {"id": "4", "s1": "0", "s2": "0", "s": "", "t": "6'", "m": "Eintracht Frankfurt player Seferović tried his left-footed shot from the left side of the penalty area, but unfortunately the ball was high above goal. It was Qian Guishi who gave him the ball."}, {"id": "3", "s1": "0", "s2": "0", "s": "", "t": "2'", "m": "Stuttgart player Geoffroy Serey Dié scrambled for a foul and the opponent was given possession of the ball."}, {"id": "2", "s1": "0", "s2": "0", "s": "", "t": "2'", "m": "Seferovic won a free kick for Eintracht Frankfurt on the left."}, {"id": "1", "s1": "0", "s2": "0", "s": "", "t": "", "m": "With a whistle from the referee, the first half of the game began."}]