[{"id": "115", "s1": "4", "s2": "0", "s": "", "t": "", "m": "The match ended with Bayer Leverkusen 4-0 Hamburg, thank you all for watching Sina Football Live."}, {"id": "114", "s1": "4", "s2": "0", "s": "", "t": "90'", "m": "At the end of the second half, Bayer Leverkusen 4-0 Hamburg"}, {"id": "113", "s1": "4", "s2": "0", "s": "", "t": "86'", "m": "Donati won a free kick for Bayer Leverkusen."}, {"id": "112", "s1": "4", "s2": "0", "s": "", "t": "86'", "m": "Hamburg player Ostjolek scrambled for a foul and the opponent was given possession of the ball."}, {"id": "111", "s1": "4", "s2": "0", "s": "", "t": "86'", "m": "Bayer Leverkusen player Delmić attempted a left-footed shot from the centre of the penalty area, but unfortunately the ball was slightly offside the right goal. It was Toprak who gave him the pass."}, {"id": "110", "s1": "4", "s2": "0", "s": "", "t": "84'", "m": "Bayer Leverkusen's Charhanolu attempted a right-footed shot from the centre of the penalty area, but the ball was deflected slightly off the right goal. It was Wendall who gave him the pass."}, {"id": "109", "s1": "4", "s2": "0", "s": "", "t": "84'", "m": "Castro won a free kick for Bayer Leverkusen at the opposing half."}, {"id": "108", "s1": "4", "s2": "0", "s": "", "t": "84'", "m": "Hamburg player Juru scrambled for a foul and the opponent was given possession of the ball."}, {"id": "107", "s1": "4", "s2": "0", "s": "", "t": "83'", "m": "Bayer Leverkusen's Charhanoglu attempted a left-footed shot from outside the penalty area, but the ball deflected slightly off the right goal. It was Delmić who gave him the pass."}, {"id": "106", "s1": "4", "s2": "0", "s": "", "t": "83'", "m": "Hamburg player Rasso increased his header from the centre of the penalty area, which was blocked by a defender. The one who gave him the pass was DickMyer."}, {"id": "105", "s1": "4", "s2": "0", "s": "", "t": "82'", "m": "Bayer Leverkusen made a substitution, and Charhanoglu replaced Bella Rabbi"}, {"id": "104", "s1": "4", "s2": "0", "s": "", "t": "79'", "m": "Bayer Leverkusen's left-footed shot from outside the penalty area was blocked by a defender."}, {"id": "103", "s1": "4", "s2": "0", "s": "", "t": "77'", "m": "Yellow! Bayer Leverkusen player K. Papadopoulos was shown a yellow card by the referee for a malicious foul."}, {"id": "102", "s1": "4", "s2": "0", "s": "", "t": "77'", "m": "Bayer Leverkusen player K. Papadopoulos scrambled for a foul and the opponent was given possession of the ball."}, {"id": "101", "s1": "4", "s2": "0", "s": "", "t": "77'", "m": "LaSoga won a free kick for Hamburg at the opposing half."}, {"id": "100", "s1": "4", "s2": "0", "s": "", "t": "75'", "m": "Hamburg player Dick Meier kicked the ball straight into Iličević, but the referee raised a flag to show that the latter was offside."}, {"id": "99", "s1": "4", "s2": "0", "s": "", "t": "75'", "m": "Bayer Leverkusen player K. Papadopoulos kicked the ball straight into Brent, but the referee raised a flag to show that the latter was offside."}, {"id": "98", "s1": "4", "s2": "0", "s": "", "t": "75'", "m": "Bayer Leverkusen's Bella Rabi attempted a right-footed shot from outside the penalty area, but unfortunately the ball was slightly offside the right goal."}, {"id": "97", "s1": "4", "s2": "0", "s": "", "t": "74'", "m": "Bella Rabi won a free kick for Bayer Leverkusen on the left."}, {"id": "96", "s1": "4", "s2": "0", "s": "", "t": "74'", "m": "Hamburg player Iličević scrambled for a foul and his opponent was given possession of the ball."}, {"id": "95", "s1": "4", "s2": "0", "s": "", "t": "73'", "m": "Bayer Leverkusen made a substitution and Delmić replaced Kiesling"}, {"id": "94", "s1": "4", "s2": "0", "s": "", "t": "73'", "m": "Bayer Leverkusen's brant attempted a right-footed shot from outside the penalty area, but unfortunately the ball was high above the top right corner. It was Rolfez who gave him the pass."}, {"id": "93", "s1": "4", "s2": "0", "s": "", "t": "72'", "m": "Kiesling won a free kick for Bayer Leverkusen at the opposing half."}, {"id": "92", "s1": "4", "s2": "0", "s": "", "t": "72'", "m": "Hamburg player Juru scrambled for a foul and the opponent was given possession of the ball."}, {"id": "91", "s1": "4", "s2": "0", "s": "", "t": "71'", "m": "Hamburg player Dick Meier was fouled for handball and the opponent was given the ball."}, {"id": "90", "s1": "4", "s2": "0", "s": "", "t": "70'", "m": "Shot!!! Bayer Leverkusen's right-footed shot from the centre of the penalty area was saved by the opposing goalkeeper. It was Castro who gave him the pass."}, {"id": "89", "s1": "4", "s2": "0", "s": "", "t": "68'", "m": "Bayer Leverkusen player Wendell was fouled for handball and the opponent was given the ball."}, {"id": "88", "s1": "4", "s2": "0", "s": "", "t": "67'", "m": "Bayer Leverkusen player K. Papadopoulos headed a header from a tight angle on the left side of the goal and hit the left upright of the goalpost. It was Castro who gave him the pass."}, {"id": "87", "s1": "4", "s2": "0", "s": "", "t": "67'", "m": "Hamburg made a substitution, lasoga replaced Nikolai Müller"}, {"id": "86", "s1": "4", "s2": "0", "s": "", "t": "66'", "m": "Kisling won a free kick for Bayer Leverkusen on the right."}, {"id": "85", "s1": "4", "s2": "0", "s": "", "t": "66'", "m": "Hamburg player Westermann scrambled for a foul and the opponent was given possession of the ball."}, {"id": "84", "s1": "4", "s2": "0", "s": "", "t": "66'", "m": "Bayer Leverkusen made a substitution, and Donati replaced Jedvage"}, {"id": "83", "s1": "4", "s2": "0", "s": "", "t": "65'", "m": "Hamburg player Westermann scrambled for a foul and the opponent was given possession of the ball."}, {"id": "82", "s1": "4", "s2": "0", "s": "", "t": "65'", "m": "Kiesling won a free kick for Bayer Leverkusen at the opposing half."}, {"id": "81", "s1": "4", "s2": "0", "s": "", "t": "64'", "m": "Shot!!! Hamburg player Iličević's right-footed shot from the left side of the penalty area was saved by the opposing goalkeeper. It was Nicolas Müller who passed the ball to him."}, {"id": "80", "s1": "4", "s2": "0", "s": "", "t": "63'", "m": "Goal!!! Bayer Leverkusen player Castro fired a right-footed shot from the centre of the penalty area, the ball flew from the bottom left corner into the goal and the ball went in! Assisted by Bella Rabi. Leverkusen 4-0 Hamburg."}, {"id": "79", "s1": "3", "s2": "0", "s": "", "t": "60'", "m": "Juru handled the ball out of the bottom line and Bayer Leverkusen won a corner kick."}, {"id": "78", "s1": "3", "s2": "0", "s": "", "t": "60'", "m": "Bayer Leverkusen's castro's left-footed shot from the centre of the penalty area was blocked by a defender."}, {"id": "77", "s1": "3", "s2": "0", "s": "", "t": "60'", "m": "Hamburg made a substitution, marcelo Díaz replaced Petr Jirácek"}, {"id": "76", "s1": "3", "s2": "0", "s": "", "t": "58'", "m": "Hamburg player Ostjolek attempted a left-footed shot from outside the penalty area, but unfortunately the ball was slightly offside the left goal."}, {"id": "75", "s1": "3", "s2": "0", "s": "", "t": "58'", "m": "Toprak handled the ball out of the bottom line and Hamburg won a corner kick."}, {"id": "74", "s1": "3", "s2": "0", "s": "", "t": "56'", "m": "Goal!!! Bayer Leverkusen player Kisling shot with his right foot in front of the goal line, the ball flew from the bottom left corner into the goal and the ball went in! Leverkusen 3-0 Hamburg."}, {"id": "73", "s1": "2", "s2": "0", "s": "", "t": "56'", "m": "Shot!!! Bayer Leverkusen's right-footed shot from the centre of the penalty area was saved by the opposing goalkeeper. It was Ras-Bend who gave him the pass."}, {"id": "72", "s1": "2", "s2": "0", "s": "", "t": "54'", "m": "Bayer Leverkusen's Russ Bend attempted a header from a small angle on the left side of the goal, but unfortunately the ball was slightly offside the left goal. It was Castro who gave him the pass."}, {"id": "71", "s1": "2", "s2": "0", "s": "", "t": "53'", "m": "DickMyer handled the ball out of the bottom line and Bayer Leverkusen won a corner kick."}, {"id": "70", "s1": "2", "s2": "0", "s": "", "t": "51'", "m": "Bayer Leverkusen player Rollfez scrambles for a foul and the opponent gains possession of the ball."}, {"id": "69", "s1": "2", "s2": "0", "s": "", "t": "51'", "m": "DickMyer won a free kick for Hamburg on the right."}, {"id": "68", "s1": "2", "s2": "0", "s": "", "t": "50'", "m": "The suspension ended and the players resumed playing."}, {"id": "67", "s1": "2", "s2": "0", "s": "", "t": "50'", "m": "Yellow! Bayer Leverkusen player Kislin was shown a yellow card by the referee for a malicious foul."}, {"id": "66", "s1": "2", "s2": "0", "s": "", "t": "49'", "m": "Bayer Leverkusen Kislin fell to the ground injured and the game was suspended"}, {"id": "65", "s1": "2", "s2": "0", "s": "", "t": "49'", "m": "Hamburg Behrami fell to the ground injured and the game was suspended"}, {"id": "64", "s1": "2", "s2": "0", "s": "", "t": "49'", "m": "Bayer Leverkusen player Kisling scrambled for a foul and the opponent was given possession of the ball."}, {"id": "63", "s1": "2", "s2": "0", "s": "", "t": "49'", "m": "Behrami won a free kick for Hamburg."}, {"id": "62", "s1": "2", "s2": "0", "s": "", "t": "49'", "m": "Shot!!! Bayer Leverkusen's right-footed shot from outside the penalty area was saved by the opposing goalkeeper. It was Castro who gave him the pass."}, {"id": "61", "s1": "2", "s2": "0", "s": "", "t": "48'", "m": "Bayer Leverkusen's Russ Bend's left-footed shot from the centre of the penalty area was blocked by a defender."}, {"id": "60", "s1": "2", "s2": "0", "s": "", "t": "48'", "m": "Shot!!! Bayer Leverkusen's right-footed shot from the left side of the penalty area was saved by the opposing goalkeeper. It was Castro who gave him the pass."}, {"id": "59", "s1": "2", "s2": "0", "s": "", "t": "46'", "m": "Jedvage won a free kick for Bayer Leverkusen on the right."}, {"id": "58", "s1": "2", "s2": "0", "s": "", "t": "46'", "m": "Hamburg player Iličević scrambled for a foul and his opponent was given possession of the ball."}, {"id": "57", "s1": "2", "s2": "0", "s": "", "t": "", "m": "The second half began with Bayer Leverkusen 2-0 Hamburg"}, {"id": "56", "s1": "2", "s2": "0", "s": "", "t": "45'", "m": "Hamburg made a substitution, with Holtby replacing Zoltán Stieber"}, {"id": "55", "s1": "2", "s2": "0", "s": "", "t": "45'+1'", "m": "At the end of the first half, Bayer Leverkusen 2-0 Hamburg, with a short break, we will take a look at the performance of the two teams in the second half."}, {"id": "54", "s1": "2", "s2": "0", "s": "", "t": "44'", "m": "Goal!!! Bayer Leverkusen player Kisling's header from the centre of the penalty area, the ball flew from the bottom left corner into the goal, the ball went in! The assist was Castro. Leverkusen 2-0 Hamburg."}, {"id": "53", "s1": "1", "s2": "0", "s": "", "t": "43'", "m": "Petr Jirácek handled the ball out of the box and Bayer Leverkusen won the corner."}, {"id": "52", "s1": "1", "s2": "0", "s": "", "t": "42'", "m": "Yellow! Hamburg player Dick Meier was shown a yellow card by the referee for a malicious foul."}, {"id": "51", "s1": "1", "s2": "0", "s": "", "t": "42'", "m": "Brent won a free kick for Bayer Leverkusen in the opposing half."}, {"id": "50", "s1": "1", "s2": "0", "s": "", "t": "42'", "m": "Hamburg player Dick Meier scrambled for a foul and the opponent was given possession of the ball."}, {"id": "49", "s1": "1", "s2": "0", "s": "", "t": "41'", "m": "K. Papadopoulos handled the ball out of the bottom line and Hamburg won a corner."}, {"id": "48", "s1": "1", "s2": "0", "s": "", "t": "39'", "m": "Bayer Leverkusen's Ras Bender attempted a right-footed shot from outside the penalty area, but the ball deflected slightly off the left goal. It was Kislin who gave him the ball."}, {"id": "47", "s1": "1", "s2": "0", "s": "", "t": "39'", "m": "Hamburg player Behrami kicked the ball straight into Oric, but the referee raised a flag to show that the latter was offside."}, {"id": "46", "s1": "1", "s2": "0", "s": "", "t": "37'", "m": "Toprak won a free kick for Bayer Leverkusen."}, {"id": "45", "s1": "1", "s2": "0", "s": "", "t": "37'", "m": "Hamburg player Oric scrambled for a foul and the opponent was given possession."}, {"id": "44", "s1": "1", "s2": "0", "s": "", "t": "36'", "m": "Hamburg player Iličević attempted a right-footed shot from the left side of the penalty area, but unfortunately the ball was slightly offside the right goal. The pass to him was Petr Jirácek."}, {"id": "43", "s1": "1", "s2": "0", "s": "", "t": "35'", "m": "Bayer Leverkusen's Castro kicked the ball straight into Brent, but the referee raised a flag to show the latter was offside."}, {"id": "42", "s1": "1", "s2": "0", "s": "", "t": "30'", "m": "Bayer Leverkusen player K. Papadopoulos attempted a header in the centre of the penalty area, but unfortunately the ball was slightly over the goal. It was Castro who gave him the pass."}, {"id": "41", "s1": "1", "s2": "0", "s": "", "t": "29'", "m": "Brent won a free kick for Bayer Leverkusen in the opposing half."}, {"id": "40", "s1": "1", "s2": "0", "s": "", "t": "29'", "m": "Hamburg player Petr Jirácek scrambled for a foul and the opponent was given possession of the ball."}, {"id": "39", "s1": "1", "s2": "0", "s": "", "t": "29'", "m": "Bayer Leverkusen player K. Papadopoulos attempted a header in the centre of the penalty area, but unfortunately the ball was slightly offside the right goal. It was Brent who gave him the pass."}, {"id": "38", "s1": "1", "s2": "0", "s": "", "t": "28'", "m": "Adler handled the ball out of the bottom line and Bayer Leverkusen won a corner kick."}, {"id": "37", "s1": "1", "s2": "0", "s": "", "t": "28'", "m": "Shot!!! Bayer Leverkusen's beira Rabi shot from outside the penalty area was saved by the opposing goalkeeper. It was Castro who gave him the pass."}, {"id": "36", "s1": "1", "s2": "0", "s": "", "t": "27'", "m": "Bayer Leverkusen player Kisling scrambled for a foul and the opponent was given possession of the ball."}, {"id": "35", "s1": "1", "s2": "0", "s": "", "t": "27'", "m": "Nikola Müller won a free kick for Hamburg."}, {"id": "34", "s1": "1", "s2": "0", "s": "", "t": "26'", "m": "Juru handled the ball out of the bottom line and Bayer Leverkusen won a corner kick."}, {"id": "33", "s1": "1", "s2": "0", "s": "", "t": "25'", "m": "Yellow! Hamburg player Westerman was shown a yellow card by the referee for a malicious foul."}, {"id": "32", "s1": "1", "s2": "0", "s": "", "t": "25'", "m": "Brent won a free kick for Bayer Leverkusen on the left."}, {"id": "31", "s1": "1", "s2": "0", "s": "", "t": "25'", "m": "Hamburg player Westermann scrambled for a foul and the opponent was given possession of the ball."}, {"id": "30", "s1": "1", "s2": "0", "s": "", "t": "24'", "m": "Rolfez won a free kick for Bayer Leverkusen at the opposing half."}, {"id": "29", "s1": "1", "s2": "0", "s": "", "t": "24'", "m": "Hamburg player Petr Jirácek scrambled for a foul and the opponent was given possession of the ball."}, {"id": "28", "s1": "1", "s2": "0", "s": "", "t": "23'", "m": "Russ Bend won a free kick for Bayer Leverkusen."}, {"id": "27", "s1": "1", "s2": "0", "s": "", "t": "23'", "m": "Hamburg player Petr Jirácek scrambled for a foul and the opponent was given possession of the ball."}, {"id": "26", "s1": "1", "s2": "0", "s": "", "t": "21'", "m": "Yellow! Bayer Leverkusen player Toplak was shown a yellow card by the referee for a malicious foul."}, {"id": "25", "s1": "1", "s2": "0", "s": "", "t": "21'", "m": "Bayer Leverkusen player Toplak scrambled for a foul and the opponent was given possession of the ball."}, {"id": "24", "s1": "1", "s2": "0", "s": "", "t": "21'", "m": "Iličević won a free kick for Hamburg at the opposing half."}, {"id": "23", "s1": "1", "s2": "0", "s": "", "t": "19'", "m": "Bayer Leverkusen player Wendell scrambled for a foul and the opponent was given possession of the ball."}, {"id": "22", "s1": "1", "s2": "0", "s": "", "t": "19'", "m": "DickMyer won a free kick for Hamburg."}, {"id": "21", "s1": "1", "s2": "0", "s": "", "t": "18'", "m": "Bayer Leverkusen player Kisling scrambled for a foul and the opponent was given possession of the ball."}, {"id": "20", "s1": "1", "s2": "0", "s": "", "t": "18'", "m": "Juru won a free kick for Hamburg."}, {"id": "19", "s1": "1", "s2": "0", "s": "", "t": "17'", "m": "Bayer Leverkusen's beira Rabi shot from the centre of the penalty area was blocked by a defender. It was Castro who gave him the pass."}, {"id": "18", "s1": "1", "s2": "0", "s": "", "t": "17'", "m": "Kiesling won a free kick for Bayer Leverkusen on the left."}, {"id": "17", "s1": "1", "s2": "0", "s": "", "t": "17'", "m": "Hamburg player Juru scrambled for a foul and the opponent was given possession of the ball."}, {"id": "16", "s1": "1", "s2": "0", "s": "", "t": "14'", "m": "The suspension ended and the players resumed playing."}, {"id": "15", "s1": "1", "s2": "0", "s": "", "t": "13'", "m": "Hamburg Iličević fell to the ground injured and the game was suspended"}, {"id": "14", "s1": "1", "s2": "0", "s": "", "t": "13'", "m": "Bayer Leverkusen player Toplak scrambled for a foul and the opponent was given possession of the ball."}, {"id": "13", "s1": "1", "s2": "0", "s": "", "t": "13'", "m": "Iličević won a free kick for Hamburg on the left."}, {"id": "12", "s1": "1", "s2": "0", "s": "", "t": "11'", "m": "Bayer Leverkusen's Yedwaci's right-footed shot from the centre of the penalty area was blocked by a defender."}, {"id": "11", "s1": "1", "s2": "0", "s": "", "t": "11'", "m": "DickMyer handled the ball out of the bottom line and Bayer Leverkusen won a corner kick."}, {"id": "10", "s1": "1", "s2": "0", "s": "", "t": "10'", "m": "Bayer Leverkusen player Rollfez handball was fouled and the opponent was given the ball."}, {"id": "9", "s1": "1", "s2": "0", "s": "", "t": "9'", "m": "Bayer Leverkusen player Raulfez kicked the ball straight into Kislin but the referee raised a flag to show the latter was offside."}, {"id": "8", "s1": "1", "s2": "0", "s": "", "t": "7'", "m": "Goal!!! Bayer Leverkusen player Castro fired a right-footed shot from the centre of the penalty area, the ball flew from the bottom left corner into the goal and the ball went in! Assisted by Bella Rabi. Leverkusen 1-0 Hamburg."}, {"id": "7", "s1": "0", "s2": "0", "s": "", "t": "6'", "m": "Bayer Leverkusen player K. Papadopoulos attempted a header in the centre of the penalty area, but unfortunately the ball was slightly offside the right goal. It was Castro who gave him the pass."}, {"id": "6", "s1": "0", "s2": "0", "s": "", "t": "5'", "m": "Castro won a free kick for Bayer Leverkusen on the left."}, {"id": "5", "s1": "0", "s2": "0", "s": "", "t": "5'", "m": "Hamburg player Dick Meier scrambled for a foul and the opponent was given possession of the ball."}, {"id": "4", "s1": "0", "s2": "0", "s": "", "t": "4'", "m": "Westman handled the ball out of the bottom line and Bayer Leverkusen won a corner kick."}, {"id": "3", "s1": "0", "s2": "0", "s": "", "t": "3'", "m": "Kiesling won a free kick for Bayer Leverkusen at the opposing half."}, {"id": "2", "s1": "0", "s2": "0", "s": "", "t": "3'", "m": "Hamburg player Juru scrambled for a foul and the opponent was given possession of the ball."}, {"id": "1", "s1": "0", "s2": "0", "s": "", "t": "", "m": "With a whistle from the referee, the first half of the game began."}]