[{"id": "93", "s1": "0", "s2": "2", "s": "", "t": "", "m": "The match ended with Augsburg 0-2 Bayern Munich, thank you for watching the Sina Football Live."}, {"id": "92", "s1": "0", "s2": "2", "s": "", "t": "90'+3'", "m": "At the end of the second half, Augsburg 0-2 Bayern Munich"}, {"id": "91", "s1": "0", "s2": "2", "s": "", "t": "90'+2'", "m": "Bayern Munich player Ribery scrambled for a foul and his opponent was given possession of the ball."}, {"id": "90", "s1": "0", "s2": "2", "s": "", "t": "90'+2'", "m": "Braque won a free kick for Augsburg."}, {"id": "89", "s1": "0", "s2": "2", "s": "", "t": "90'+1'", "m": "Augsburg player Brack's right-footed shot from a wide distance on the left was blocked by a defender. It was Werner who gave him the pass."}, {"id": "88", "s1": "0", "s2": "2", "s": "", "t": "90'", "m": "Augsburg made a substitution, and Petrella replaced Mussona"}, {"id": "87", "s1": "0", "s2": "2", "s": "", "t": "90'", "m": "Bayern Munich player Timoshchuk scrambled for a foul and his opponent was given possession of the ball."}, {"id": "86", "s1": "0", "s2": "2", "s": "", "t": "90'", "m": "Hayne won a free kick for Augsburg on the left."}, {"id": "85", "s1": "0", "s2": "2", "s": "", "t": "89'", "m": "Alaba handled the ball off the line and Augsburg won a corner kick."}, {"id": "84", "s1": "0", "s2": "2", "s": "", "t": "89'", "m": "Augsburg players had a left-footed shot from outside the penalty area that was blocked by a defender."}, {"id": "83", "s1": "0", "s2": "2", "s": "", "t": "86'", "m": "Bayern Munich made a substitution, Rafinha replaced Kroos"}, {"id": "82", "s1": "0", "s2": "2", "s": "", "t": "85'", "m": "Xavi Martinez won a free kick for Bayern Munich."}, {"id": "81", "s1": "0", "s2": "2", "s": "", "t": "85'", "m": "Augsburg player Hayne scrambled for a foul and his opponent gained possession."}, {"id": "80", "s1": "0", "s2": "2", "s": "", "t": "83'", "m": "Dante handled the ball out of the bottom line and Augsburg won a corner kick."}, {"id": "79", "s1": "0", "s2": "2", "s": "", "t": "83'", "m": "Bayern Munich player Schweinsteiger scrambled for a foul and his opponent was given possession of the ball."}, {"id": "78", "s1": "0", "s2": "2", "s": "", "t": "83'", "m": "Gu Zizhe won a free kick for Augsburg."}, {"id": "77", "s1": "0", "s2": "2", "s": "", "t": "81'", "m": "Augsburg player Voggett's right-footed shot from outside the penalty area was blocked by a defender."}, {"id": "76", "s1": "0", "s2": "2", "s": "", "t": "78'", "m": "Bayern Munich made a substitution, and Timoschuk replaced Müller"}, {"id": "75", "s1": "0", "s2": "2", "s": "", "t": "77'", "m": "Shot!!! Augsburg player Hayne's left-footed shot from outside the penalty area was saved by the opposing goalkeeper. It was Bunce who gave him the pass."}, {"id": "74", "s1": "0", "s2": "2", "s": "", "t": "77'", "m": "Shot!!! Bayern Munich player Schweinsterger's right-footed shot from the right side of the penalty area was saved by the opposing goalkeeper."}, {"id": "73", "s1": "0", "s2": "2", "s": "", "t": "76'", "m": "Kroos won a free kick for Bayern Munich on the right."}, {"id": "72", "s1": "0", "s2": "2", "s": "", "t": "76'", "m": "Augsburg player Beyer scrambled for a foul and the opponent was given possession."}, {"id": "71", "s1": "0", "s2": "2", "s": "", "t": "75'", "m": "Bayern Munich player Kroos attempted a left-footed shot from outside the penalty area, but unfortunately the ball was slightly offside the right goal. It was Ram who gave him the pass."}, {"id": "70", "s1": "0", "s2": "2", "s": "", "t": "74'", "m": "Schweinsterge won a free kick for Bayern Munich."}, {"id": "69", "s1": "0", "s2": "2", "s": "", "t": "74'", "m": "Augsburg player Hayne scrambled for a foul and his opponent gained possession."}, {"id": "68", "s1": "0", "s2": "2", "s": "", "t": "74'", "m": "Augsburg player Bunce attempted a right-footed shot in front of the goal line, but unfortunately the ball was slightly offside the right goal. It was Werner who gave him the pass."}, {"id": "67", "s1": "0", "s2": "2", "s": "", "t": "71'", "m": "Augsburg was replaced, and Hayne replaced Sankoh"}, {"id": "66", "s1": "0", "s2": "2", "s": "", "t": "69'", "m": "Gomez won a free kick for Bayern Munich on the left."}, {"id": "65", "s1": "0", "s2": "2", "s": "", "t": "69'", "m": "Augsburg player Vogt scrambled for a foul and the opponent was given possession of the ball."}, {"id": "64", "s1": "0", "s2": "2", "s": "", "t": "69'", "m": "Bayern Munich player Gomez attempted a header in the centre of the penalty area, but unfortunately the ball was slightly over the goal. The one who passed the ball to him was Xavi Martinez."}, {"id": "63", "s1": "0", "s2": "2", "s": "", "t": "69'", "m": "De Jong handled the ball out of the line and Bayern Munich won a corner kick."}, {"id": "62", "s1": "0", "s2": "2", "s": "", "t": "67'", "m": "Augsburg was replaced, and Bunce replaced Moldes"}, {"id": "61", "s1": "0", "s2": "2", "s": "", "t": "63'", "m": "Goal!!! Bayern Munich player Gomez fired a left-footed shot from the centre of the penalty area, the ball flew into the goal from the bottom left corner and the ball went in! Assisted by Ribery. Augsburg 0-2 Bayern Munich."}, {"id": "60", "s1": "0", "s2": "1", "s": "", "t": "62'", "m": "Bayern Munich player Kroos attempted a right-footed shot from the right side of the penalty area, but unfortunately the ball went high above the top right corner."}, {"id": "59", "s1": "0", "s2": "1", "s": "", "t": "61'", "m": "Bayern Munich player Schweinsteiger attempted a header in the centre of the penalty area, but the ball was deflected slightly off the right goal. It was Kroos who gave him the ball."}, {"id": "58", "s1": "0", "s2": "1", "s": "", "t": "61'", "m": "Craven handled the ball out of the line and Bayern Munich won a corner kick."}, {"id": "57", "s1": "0", "s2": "1", "s": "", "t": "61'", "m": "Bayern Munich made a substitution, and Gomez replaced Mandzukic"}, {"id": "56", "s1": "0", "s2": "1", "s": "", "t": "60'", "m": "Mandzukic won a free kick for Bayern Munich on the right."}, {"id": "55", "s1": "0", "s2": "1", "s": "", "t": "60'", "m": "Augsburg player De Jong scrambled for a foul and his opponent was given possession of the ball."}, {"id": "54", "s1": "0", "s2": "1", "s": "", "t": "57'", "m": "Bayern Munich player Schweinsteiger scrambled for a foul and his opponent was given possession of the ball."}, {"id": "53", "s1": "0", "s2": "1", "s": "", "t": "57'", "m": "Braque won a free kick for Augsburg."}, {"id": "52", "s1": "0", "s2": "1", "s": "", "t": "56'", "m": "Schweinsterger handled the ball out of the box and Augsburg won a corner kick."}, {"id": "51", "s1": "0", "s2": "1", "s": "", "t": "53'", "m": "Bayern Munich player Dante scrambled for a foul and his opponent was given possession of the ball."}, {"id": "50", "s1": "0", "s2": "1", "s": "", "t": "53'", "m": "Moldes won a free kick for Augsburg."}, {"id": "49", "s1": "0", "s2": "1", "s": "", "t": "52'", "m": "Boateng won a free kick for Bayern Munich on the right."}, {"id": "48", "s1": "0", "s2": "1", "s": "", "t": "52'", "m": "Augsburg player Mordez scrambled for a foul and the opponent gained possession."}, {"id": "47", "s1": "0", "s2": "1", "s": "", "t": "51'", "m": "Augsburg player Bayer tried to shoot with his right foot, but unfortunately the ball went high above goal. It was De Jong who gave him the pass."}, {"id": "46", "s1": "0", "s2": "1", "s": "", "t": "50'", "m": "Bayern Munich player Müller scrambled for a foul and his opponent gained possession of the ball."}, {"id": "45", "s1": "0", "s2": "1", "s": "", "t": "50'", "m": "Sankoh won a free kick for Augsburg."}, {"id": "44", "s1": "0", "s2": "1", "s": "", "t": "", "m": "The second half began with Augsburg 0-1 Bayern Munich"}, {"id": "43", "s1": "0", "s2": "1", "s": "", "t": "45'+1'", "m": "At the end of the first half, Augsburg 0-1 Bayern Munich, a short break, we will take a look at the performance of the two teams in the second half."}, {"id": "42", "s1": "0", "s2": "1", "s": "", "t": "44'", "m": "Augsburg player Mordes tried his header in front of the goal line, but unfortunately the ball was higher than the goal. It was De Jong who gave him the pass."}, {"id": "41", "s1": "0", "s2": "1", "s": "", "t": "41'", "m": "Bayern Munich player Kroos attempted a right-footed shot from the centre of the penalty area, but unfortunately the ball was slightly offside the left goal. It was Muller who gave him the pass."}, {"id": "40", "s1": "0", "s2": "1", "s": "", "t": "40'", "m": "Bayern Munich player Mandzukic scrambled for a foul and the opponent gained possession of the ball."}, {"id": "39", "s1": "0", "s2": "1", "s": "", "t": "40'", "m": "Bayer won a free kick for Augsburg."}, {"id": "38", "s1": "0", "s2": "1", "s": "", "t": "39'", "m": "Goal!!! Bayern Munich player Müller shot with his right foot, the ball flew from the bottom right corner into the goal, the ball went in! Augsburg 0-1 Bayern Munich."}, {"id": "37", "s1": "0", "s2": "0", "s": "", "t": "39'", "m": "Augsburg player Sankoh handballed the other side to receive a penalty."}, {"id": "36", "s1": "0", "s2": "0", "s": "", "t": "37'", "m": "Augsburg player Voggett attempted a right-footed shot from outside the penalty area, but unfortunately the ball was high above the top right corner. It was Braque who gave him the pass."}, {"id": "35", "s1": "0", "s2": "0", "s": "", "t": "37'", "m": "Augsburg players had a right-footed shot from outside the penalty area that was blocked by a defender. It was Moldes who gave him the pass."}, {"id": "34", "s1": "0", "s2": "0", "s": "", "t": "35'", "m": "Augsburg players had a right-footed shot from outside the penalty area, but unfortunately the ball was high above the top right corner. It was Moldes who gave him the pass."}, {"id": "33", "s1": "0", "s2": "0", "s": "", "t": "34'", "m": "Bayern Munich player Müller scrambled for a foul and his opponent gained possession of the ball."}, {"id": "32", "s1": "0", "s2": "0", "s": "", "t": "34'", "m": "De Jong won a free kick for Augsburg."}, {"id": "31", "s1": "0", "s2": "0", "s": "", "t": "32'", "m": "Bayern Munich player Mandzukic attempted a right-footed shot from the centre of the penalty area, but the ball was deflected slightly off the left goal. It was Ram who gave him the pass."}, {"id": "30", "s1": "0", "s2": "0", "s": "", "t": "31'", "m": "Shot!!! Augsburg player Werner's left-footed shot from outside the penalty area was saved by the opposing goalkeeper. It was Bayer who gave him the ball."}, {"id": "29", "s1": "0", "s2": "0", "s": "", "t": "29'", "m": "Xavi Martinez won a free kick for Bayern Munich on the left."}, {"id": "28", "s1": "0", "s2": "0", "s": "", "t": "29'", "m": "Augsburg player Beyer scrambled for a foul and the opponent was given possession."}, {"id": "27", "s1": "0", "s2": "0", "s": "", "t": "27'", "m": "Bayern Munich player Ribery's right-footed shot from the left side of the penalty area was blocked by a defender. It was Muller who gave him the pass."}, {"id": "26", "s1": "0", "s2": "0", "s": "", "t": "25'", "m": "Shot!!! Bayern Munich player Mandzukic's left-footed shot from the left side of the penalty area was saved by the opposing goalkeeper. It was Ribery who gave him the ball."}, {"id": "25", "s1": "0", "s2": "0", "s": "", "t": "23'", "m": "Bayern Munich player Mandzukic attempted a right-footed shot from outside the penalty area, but the ball was deflected slightly off the left goal. It was Kroos who gave him the ball."}, {"id": "24", "s1": "0", "s2": "0", "s": "", "t": "23'", "m": "Kroos won a free kick for Bayern Munich."}, {"id": "23", "s1": "0", "s2": "0", "s": "", "t": "23'", "m": "Augsburg player Brack scrambled for a foul and the opponent was given possession of the ball."}, {"id": "22", "s1": "0", "s2": "0", "s": "", "t": "17'", "m": "Bayern Munich player Javi Martinez attempted a left-footed shot from outside the penalty area, but the ball was deflected slightly off the left goal."}, {"id": "21", "s1": "0", "s2": "0", "s": "", "t": "16'", "m": "Bayern Munich player Müller's right-footed shot from the centre of the penalty area was blocked by a defender. It was Ribery who gave him the ball."}, {"id": "20", "s1": "0", "s2": "0", "s": "", "t": "14'", "m": "Augsburg player De Jong's left-footed shot from outside the penalty area was blocked by a defender. It was Bayer who gave him the ball."}, {"id": "19", "s1": "0", "s2": "0", "s": "", "t": "13'", "m": "Bayern Munich player Ribery scrambled for a foul and his opponent was given possession of the ball."}, {"id": "18", "s1": "0", "s2": "0", "s": "", "t": "13'", "m": "Vogt won a free kick for Augsburg at the opposing half."}, {"id": "17", "s1": "0", "s2": "0", "s": "", "t": "10'", "m": "Bayern Munich player Kroos scrambled for a foul and the opponent was given possession."}, {"id": "16", "s1": "0", "s2": "0", "s": "", "t": "10'", "m": "Vogt won a free kick for Augsburg at the opposing half."}, {"id": "15", "s1": "0", "s2": "0", "s": "", "t": "10'", "m": "Shot!!! Bayern Munich player Mandzukic's right-footed shot from the right side of the penalty area was saved by the opposing goalkeeper."}, {"id": "14", "s1": "0", "s2": "0", "s": "", "t": "9'", "m": "Shot!!! Augsburg player Mussona's left-footed shot from the right side of the penalty area was saved by the opposing goalkeeper. It was Gu Zizhe who gave him the ball."}, {"id": "13", "s1": "0", "s2": "0", "s": "", "t": "9'", "m": "Augsburg player Bayer's right-footed shot from outside the penalty area was blocked by a defender. It was Mussona who gave him the ball."}, {"id": "12", "s1": "0", "s2": "0", "s": "", "t": "7'", "m": "Shot!!! Bayern Munich player Dante's header from the centre of the penalty area was saved by the opposing goalkeeper."}, {"id": "11", "s1": "0", "s2": "0", "s": "", "t": "7'", "m": "Bayer handled the ball out of the bottom line and Bayern Munich won a corner kick."}, {"id": "10", "s1": "0", "s2": "0", "s": "", "t": "7'", "m": "Bayern Munich player Ram's right-footed shot from the right side of the penalty area was blocked by a defender."}, {"id": "9", "s1": "0", "s2": "0", "s": "", "t": "6'", "m": "Bayern Munich player Müller's right-footed shot from the centre of the penalty area was blocked by a defender."}, {"id": "8", "s1": "0", "s2": "0", "s": "", "t": "5'", "m": "Dante handled the ball out of the bottom line and Augsburg won a corner kick."}, {"id": "7", "s1": "0", "s2": "0", "s": "", "t": "4'", "m": "Bayern Munich player Javi Martinez scrambled for a foul and his opponent gained possession of the ball."}, {"id": "6", "s1": "0", "s2": "0", "s": "", "t": "4'", "m": "Gu Zizhe won a free kick for Augsburg."}, {"id": "5", "s1": "0", "s2": "0", "s": "", "t": "3'", "m": "Dante won a free kick for Bayern Munich."}, {"id": "4", "s1": "0", "s2": "0", "s": "", "t": "3'", "m": "Augsburg player Mordez scrambled for a foul and the opponent gained possession."}, {"id": "3", "s1": "0", "s2": "0", "s": "", "t": "2'", "m": "Mandzukic won a free kick for Bayern Munich at the opposing half."}, {"id": "2", "s1": "0", "s2": "0", "s": "", "t": "2'", "m": "Augsburg player Craven scrambled for a foul and the opponent was given possession of the ball."}, {"id": "1", "s1": "0", "s2": "0", "s": "", "t": "", "m": "With a whistle from the referee, the first half of the game began."}]