[{"id": "94", "s1": "2", "s2": "1", "s": "", "t": "", "m": "The match ended with Borussia Dortmund 2-1 Braunschweig, thank you for watching the Sina Football Livestream."}, {"id": "93", "s1": "2", "s2": "1", "s": "", "t": "90'+3'", "m": "At the end of the second half, Borussia Dortmund 2-1 Braunschweig"}, {"id": "92", "s1": "2", "s2": "1", "s": "", "t": "90'+2'", "m": "Shot!!! Brunswick player Toilkaugh's left-footed shot from outside the box was saved by the opposing goalkeeper."}, {"id": "91", "s1": "2", "s2": "1", "s": "", "t": "90'+2'", "m": "Dortmund made a substitution and Dukesch replaced Mkhitaryan"}, {"id": "90", "s1": "2", "s2": "1", "s": "", "t": "90'+1'", "m": "Borussia Dortmund player Mkhitaryan scrambled for a foul and his opponent was given possession of the ball."}, {"id": "89", "s1": "2", "s2": "1", "s": "", "t": "90'+1'", "m": "Toilkaugh won a free kick for Brunswick."}, {"id": "88", "s1": "2", "s2": "1", "s": "", "t": "90'", "m": "Shaheen won a free kick for Borussia Dortmund at the opposing half."}, {"id": "87", "s1": "2", "s2": "1", "s": "", "t": "90'", "m": "Brunswick player Toyle Kawf scrambled for a foul and the opponent was given possession of the ball."}, {"id": "86", "s1": "2", "s2": "1", "s": "", "t": "89'", "m": "Goal!!! Brunswick player Kratz's header from the centre of the penalty area, the ball deflected up from the centre of the box and flew into the net, the ball was scored! The assist was Boland. Borussia Dortmund 2-1 Brunswick."}, {"id": "85", "s1": "2", "s2": "0", "s": "", "t": "88'", "m": "Hummels handled the ball out of the bottom line and Brunswick won the corner."}, {"id": "84", "s1": "2", "s2": "0", "s": "", "t": "87'", "m": "Dortmund player Gros Kreuz scrambled for a foul and the opponent gained possession of the ball."}, {"id": "83", "s1": "2", "s2": "0", "s": "", "t": "87'", "m": "Kratz won a free kick for Brunswick on the left."}, {"id": "82", "s1": "2", "s2": "0", "s": "", "t": "86'", "m": "Goal!!! Dortmund player Reuss fired a right-footed shot and the ball flew into the goal from the bottom right corner and the ball went in! Borussia Dortmund 2-0 Brunswick."}, {"id": "81", "s1": "1", "s2": "0", "s": "", "t": "85'", "m": "Penalty, J-Hoffmann was violated inside the penalty area and Borussia Dortmund won the penalty."}, {"id": "80", "s1": "1", "s2": "0", "s": "", "t": "85'", "m": "The Brunswick player fouled Chakcic, causing the opponent to receive a penalty."}, {"id": "79", "s1": "1", "s2": "0", "s": "", "t": "81'", "m": "Davari handled the ball out of the bottom line and Borussia Dortmund won a corner."}, {"id": "78", "s1": "1", "s2": "0", "s": "", "t": "81'", "m": "Shot!!! Dortmund player Lewandowski's right-footed shot from outside the penalty area was saved by the opposing goalkeeper. It was Mkhitaryan who gave him the ball."}, {"id": "77", "s1": "1", "s2": "0", "s": "", "t": "81'", "m": "Shot!!! Brunswick player Perttel's left-footed shot from outside the penalty area was saved by the opposing goalkeeper. It was Toilkaov who gave him the pass."}, {"id": "76", "s1": "1", "s2": "0", "s": "", "t": "80'", "m": "Borussia Dortmund player Reuss' right-footed shot from outside the penalty area was blocked by a defender."}, {"id": "75", "s1": "1", "s2": "0", "s": "", "t": "77'", "m": "Brunswick was replaced, and Admi replaced Krupke"}, {"id": "74", "s1": "1", "s2": "0", "s": "", "t": "75'", "m": "Goal!!! Dortmund player J Hoffmann fired a right-footed shot from a tight angle on the right side of the goal, the ball flew into the goal from the bottom left corner and the ball went in! The assist was Hummels. Dortmund 1-0 Brunswick."}, {"id": "73", "s1": "0", "s2": "0", "s": "", "t": "74'", "m": "Braunschweig player Boland tried his left-footed shot from a small angle away from the goal on the right, but unfortunately the ball was slightly off the right goal. The one who passed the ball to him was Erlab de la Oy."}, {"id": "72", "s1": "0", "s2": "0", "s": "", "t": "70'", "m": "Shot!!! Dortmund player Lewandowski's left-footed shot from the centre of the penalty area was saved by the opposing goalkeeper. It was Reus who gave him the pass."}, {"id": "71", "s1": "0", "s2": "0", "s": "", "t": "70'", "m": "Borussia Dortmund player Reuss' right-footed shot from outside the penalty area was blocked by a defender."}, {"id": "70", "s1": "0", "s2": "0", "s": "", "t": "70'", "m": "Shot!!! Dortmund player Mkhitaryan's right-footed shot from the centre of the penalty area was saved by the opposing goalkeeper."}, {"id": "69", "s1": "0", "s2": "0", "s": "", "t": "68'", "m": "Shot!!! Borussia Dortmund player Mkhitaryan's left-footed shot from the left side of the penalty area was saved by the opposing goalkeeper. It was Shaheen who gave him the ball."}, {"id": "68", "s1": "0", "s2": "0", "s": "", "t": "68'", "m": "Dortmund made a substitution, with J-Hoffmann replacing Aubameyang"}, {"id": "67", "s1": "0", "s2": "0", "s": "", "t": "67'", "m": "Borussia Dortmund player Aubameyang tried his right-footed shot from the centre of the penalty area, but unfortunately the ball was slightly above the goal."}, {"id": "66", "s1": "0", "s2": "0", "s": "", "t": "67'", "m": "Dortmund player Lewandowski's right-footed shot from the left side of the penalty area was blocked by a defender."}, {"id": "65", "s1": "0", "s2": "0", "s": "", "t": "66'", "m": "Reuss won a free kick for Borussia Dortmund."}, {"id": "64", "s1": "0", "s2": "0", "s": "", "t": "66'", "m": "Brunswick player Kratz scrambled for a foul and the opponent gained possession of the ball."}, {"id": "63", "s1": "0", "s2": "0", "s": "", "t": "66'", "m": "Borussia Dortmund player Aubameyang tucked the ball straight into Reus, but the referee raised a flag to show the latter was offside."}, {"id": "62", "s1": "0", "s2": "0", "s": "", "t": "65'", "m": "Brunswick made a substitution, and Boland replaced Calijuri"}, {"id": "61", "s1": "0", "s2": "0", "s": "", "t": "65'", "m": "Brunswick was replaced, and Perttel replaced Hochshait"}, {"id": "60", "s1": "0", "s2": "0", "s": "", "t": "65'", "m": "Schmelzer handled the ball out of the bottom line and Brunswick won the corner."}, {"id": "59", "s1": "0", "s2": "0", "s": "", "t": "63'", "m": "Reuss won a free kick for Borussia Dortmund on the right."}, {"id": "58", "s1": "0", "s2": "0", "s": "", "t": "63'", "m": "Brunswick player Calijuri scrambled for a foul and the opponent was given possession of the ball."}, {"id": "57", "s1": "0", "s2": "0", "s": "", "t": "62'", "m": "Dortmund player Reus scrambled for a foul and the opponent was given possession."}, {"id": "56", "s1": "0", "s2": "0", "s": "", "t": "62'", "m": "Reicher won a free kick for Brunswick on the left."}, {"id": "55", "s1": "0", "s2": "0", "s": "", "t": "62'", "m": "Borussia Dortmund player Bender attempted a header in the centre of the penalty area, but unfortunately the ball was slightly offside the left goal. It was Reus who gave him the pass."}, {"id": "54", "s1": "0", "s2": "0", "s": "", "t": "61'", "m": "Reicher handled the ball out of the line and Borussia Dortmund won a corner kick."}, {"id": "53", "s1": "0", "s2": "0", "s": "", "t": "60'", "m": "Borussia Dortmund player Pierre-Emerick Aubameyang scrambled for a foul and his opponent gained possession of the ball."}, {"id": "52", "s1": "0", "s2": "0", "s": "", "t": "60'", "m": "Correa won a free kick for Brunswick."}, {"id": "51", "s1": "0", "s2": "0", "s": "", "t": "60'", "m": "Dortmund made a substitution and Reus replaced Braszczykovsky"}, {"id": "50", "s1": "0", "s2": "0", "s": "", "t": "60'", "m": "Yellow! Brunswick player Toilkaugh was shown a yellow card by the referee for a malicious foul."}, {"id": "49", "s1": "0", "s2": "0", "s": "", "t": "60'", "m": "Mkhitaryan won a free kick for Borussia Dortmund."}, {"id": "48", "s1": "0", "s2": "0", "s": "", "t": "60'", "m": "Brunswick player Toyle Kawf scrambled for a foul and the opponent was given possession of the ball."}, {"id": "47", "s1": "0", "s2": "0", "s": "", "t": "58'", "m": "Borussia Dortmund's Mkhitaryan kicked the ball straight to Aubameyang, but the referee raised a flag to show that the latter was offside."}, {"id": "46", "s1": "0", "s2": "0", "s": "", "t": "54'", "m": "Dortmund player Lewandowski tried his right-footed shot from outside the penalty area, but unfortunately the ball was high above goal. The one who gave him the ball was Blaszczykovsky."}, {"id": "45", "s1": "0", "s2": "0", "s": "", "t": "53'", "m": "Borussia Dortmund player Shaheen's left-footed shot was blocked by the defender. It was Bendel who gave him the pass."}, {"id": "44", "s1": "0", "s2": "0", "s": "", "t": "52'", "m": "Borussia Dortmund player Shaheen tried his left-footed shot from the centre of the penalty area, but unfortunately the ball went high above goal. It was Schmeltze who gave him the ball."}, {"id": "43", "s1": "0", "s2": "0", "s": "", "t": "51'", "m": "Borussia Dortmund player Bender attempted a right-footed shot from outside the penalty area, but unfortunately the ball was slightly offside the left goal. It was Mkhitaryan who gave him the ball."}, {"id": "42", "s1": "0", "s2": "0", "s": "", "t": "48'", "m": "Borussia Dortmund player Bender scrambled for a foul and the opponent gained possession of the ball."}, {"id": "41", "s1": "0", "s2": "0", "s": "", "t": "48'", "m": "Calijuri won a free kick for Brunswick."}, {"id": "40", "s1": "0", "s2": "0", "s": "", "t": "47'", "m": "Borussia Dortmund player Aubameyang's right-footed shot from outside the box was blocked by a defender."}, {"id": "39", "s1": "0", "s2": "0", "s": "", "t": "47'", "m": "Lewandowski won a free kick for Borussia Dortmund at the opposing half."}, {"id": "38", "s1": "0", "s2": "0", "s": "", "t": "47'", "m": "Brunswick players compete for fouls than Chakcic and opponents get possession of the ball."}, {"id": "37", "s1": "0", "s2": "0", "s": "", "t": "46'", "m": "Mkhitaryan won a free kick for Borussia Dortmund."}, {"id": "36", "s1": "0", "s2": "0", "s": "", "t": "46'", "m": "Brunswick players compete for fouls than Chakcic and opponents get possession of the ball."}, {"id": "35", "s1": "0", "s2": "0", "s": "", "t": "46'", "m": "Brunswick player Krupke's right-footed shot from outside the penalty area was blocked by a defender."}, {"id": "34", "s1": "0", "s2": "0", "s": "", "t": "", "m": "The second half began with Borussia Dortmund 0-0 Brunswick"}, {"id": "33", "s1": "0", "s2": "0", "s": "", "t": "45'+2'", "m": "At the end of the first half, Borussia Dortmund 0-0 Brunswick, with a short break, we will take a look at the performance of the two teams in the second half."}, {"id": "32", "s1": "0", "s2": "0", "s": "", "t": "45'+1'", "m": "Borussia Dortmund player Mkhitaryan scrambled for a foul and his opponent was given possession of the ball."}, {"id": "31", "s1": "0", "s2": "0", "s": "", "t": "45'+1'", "m": "Calijuri won a free kick for Brunswick on the left."}, {"id": "30", "s1": "0", "s2": "0", "s": "", "t": "43'", "m": "Dortmund player Lewandowski tried to head in the middle of the penalty area, but unfortunately the ball was slightly above the goal. It was Shaheen who gave him the ball."}, {"id": "29", "s1": "0", "s2": "0", "s": "", "t": "42'", "m": "Gros Kreuz won a free kick for Borussia Dortmund on the right."}, {"id": "28", "s1": "0", "s2": "0", "s": "", "t": "42'", "m": "Brunswick player Calijuri scrambled for a foul and the opponent was given possession of the ball."}, {"id": "27", "s1": "0", "s2": "0", "s": "", "t": "41'", "m": "Dortmund player Lewandowski tried his header in the centre of the penalty area, but unfortunately the ball was slightly offside the left goal. The pass to him was Gros Kreuz."}, {"id": "26", "s1": "0", "s2": "0", "s": "", "t": "37'", "m": "Borussia Dortmund player Shaheen tried his left-footed shot from outside the penalty area, but unfortunately the ball was slightly above goal."}, {"id": "25", "s1": "0", "s2": "0", "s": "", "t": "36'", "m": "Mkhitaryan won a free kick for Borussia Dortmund at the opposing half."}, {"id": "24", "s1": "0", "s2": "0", "s": "", "t": "36'", "m": "Brunswick player Calijuri scrambled for a foul and the opponent was given possession of the ball."}, {"id": "23", "s1": "0", "s2": "0", "s": "", "t": "33'", "m": "Brunswick player Toilkaugh attempted a left-footed shot from outside the penalty area, but unfortunately the ball was slightly offside the right goal."}, {"id": "22", "s1": "0", "s2": "0", "s": "", "t": "33'", "m": "Brunswick player Hochscheit's right-footed shot from the centre of the penalty area was blocked by a defender. The one who passed the ball to him was Erlab de la Oy."}, {"id": "21", "s1": "0", "s2": "0", "s": "", "t": "32'", "m": "Braszczykovsky handled the ball out of the bottom line and Brunswick won the corner."}, {"id": "20", "s1": "0", "s2": "0", "s": "", "t": "28'", "m": "Borussia Dortmund player Shaheen tried his left-footed shot from outside the penalty area, but unfortunately the ball was slightly above goal.给他传球的是格罗斯克罗伊茨."}, {"id": "19", "s1": "0", "s2": "0", "s": "", "t": "24'", "m": "Borussia Dortmund's Mkhitaryan attempted a right-footed shot from outside the penalty area, but unfortunately the ball was high above the top right corner. It was Aubameyang who gave him the ball."}, {"id": "18", "s1": "0", "s2": "0", "s": "", "t": "22'", "m": "Großkroytz won a free kick for Borussia Dortmund."}, {"id": "17", "s1": "0", "s2": "0", "s": "", "t": "22'", "m": "Brunswick player Toyle Kawf scrambled for a foul and the opponent was given possession of the ball."}, {"id": "16", "s1": "0", "s2": "0", "s": "", "t": "21'", "m": "Aubameyang won a free kick for Borussia Dortmund on the left."}, {"id": "15", "s1": "0", "s2": "0", "s": "", "t": "21'", "m": "Brunswick players compete for fouls than Chakcic and opponents get possession of the ball."}, {"id": "14", "s1": "0", "s2": "0", "s": "", "t": "16'", "m": "Dortmund player Lewandowski tried to head in the middle of the penalty area, but unfortunately the ball was slightly above the goal. The pass to him was Gros Kreuz."}, {"id": "13", "s1": "0", "s2": "0", "s": "", "t": "14'", "m": "Dortmund player Lewandowski's right-footed shot from outside the penalty area was blocked by a defender. The one who gave him the ball was Blaszczykovsky."}, {"id": "12", "s1": "0", "s2": "0", "s": "", "t": "13'", "m": "Borussia Dortmund player Pierre-Emerick Aubameyang scrambled for a foul and his opponent gained possession of the ball."}, {"id": "11", "s1": "0", "s2": "0", "s": "", "t": "13'", "m": "Erlabudraoi won a free kick for Brunswick."}, {"id": "10", "s1": "0", "s2": "0", "s": "", "t": "9'", "m": "Borussia Dortmund player Bender scrambled for a foul and the opponent gained possession of the ball."}, {"id": "9", "s1": "0", "s2": "0", "s": "", "t": "9'", "m": "Krupke won a free kick for Brunswick."}, {"id": "8", "s1": "0", "s2": "0", "s": "", "t": "7'", "m": "Calijuri handled the ball out of the bottom line and Borussia Dortmund won the corner."}, {"id": "7", "s1": "0", "s2": "0", "s": "", "t": "6'", "m": "Reicher handled the ball out of the line and Borussia Dortmund won a corner kick."}, {"id": "6", "s1": "0", "s2": "0", "s": "", "t": "5'", "m": "Borussia Dortmund's Mkhitaryan's right-footed shot from outside the penalty area was blocked by a defender. It was Schmeltze who gave him the ball."}, {"id": "5", "s1": "0", "s2": "0", "s": "", "t": "5'", "m": "The Brunswick player than Chakcic thrust the ball straight into Hochshait, but the referee raised a flag to show the latter was offside."}, {"id": "4", "s1": "0", "s2": "0", "s": "", "t": "4'", "m": "Großkroytz won a free kick for Borussia Dortmund."}, {"id": "3", "s1": "0", "s2": "0", "s": "", "t": "4'", "m": "Brunswick player Reicher scrambled for a foul and the opponent was given possession."}, {"id": "2", "s1": "0", "s2": "0", "s": "", "t": "2'", "m": "Brunswick player Krupke attempted a left-footed shot from the centre of the penalty area, but unfortunately the ball was slightly offside the right goal. It was Reicher who gave him the pass."}, {"id": "1", "s1": "0", "s2": "0", "s": "", "t": "", "m": "With a whistle from the referee, the first half of the game began."}]