[{"id": "104", "s1": "2", "s2": "2", "s": "", "t": "", "m": "The match ended with Paderborn 2-2 Dortmund, thank you all for watching Sina Football Live."}, {"id": "103", "s1": "2", "s2": "2", "s": "", "t": "90'+3'", "m": "At the end of the second half, Paderborn 2-2 Borussia Dortmund"}, {"id": "102", "s1": "2", "s2": "2", "s": "", "t": "90'+3'", "m": "Borussia Dortmund player Pierre-Emerick Aubameyang scrambled for a foul and his opponent gained possession of the ball."}, {"id": "101", "s1": "2", "s2": "2", "s": "", "t": "90'+3'", "m": "Rupp won a free kick for Paderburn."}, {"id": "100", "s1": "2", "s2": "2", "s": "", "t": "90'+2'", "m": "Dortmund player Gros Kreuz scrambled for a foul and the opponent gained possession of the ball."}, {"id": "99", "s1": "2", "s2": "2", "s": "", "t": "90'+2'", "m": "Kassonga won a free kick for Paderburn."}, {"id": "98", "s1": "2", "s2": "2", "s": "", "t": "90'+1'", "m": "Paderburn player Bakaloz tried his right-footed shot from outside the penalty area, but unfortunately the ball was slightly off the left goal. The one who gave him the ball was Kasonga."}, {"id": "97", "s1": "2", "s2": "2", "s": "", "t": "89'", "m": "Dortmund player Gros Kreuz scrambled for a foul and the opponent gained possession of the ball."}, {"id": "96", "s1": "2", "s2": "2", "s": "", "t": "89'", "m": "Christian Strohdiek won a free kick for Paderborn."}, {"id": "95", "s1": "2", "s2": "2", "s": "", "t": "87'", "m": "Borussia Dortmund replaced Adrian Ramos with Mkhitaryan"}, {"id": "94", "s1": "2", "s2": "2", "s": "", "t": "85'", "m": "Yellow! Paderburn player Saglik was shown a yellow card by the referee for a malicious foul."}, {"id": "93", "s1": "2", "s2": "2", "s": "", "t": "85'", "m": "Kyle won a free kick for Borussia Dortmund."}, {"id": "92", "s1": "2", "s2": "2", "s": "", "t": "85'", "m": "Paderburn player Saglik scrambled for a foul and the opponent was given possession of the ball."}, {"id": "91", "s1": "2", "s2": "2", "s": "", "t": "84'", "m": "Yellow! Borussia Dortmund player Aubameyang was shown a yellow card by the referee for a malicious foul."}, {"id": "90", "s1": "2", "s2": "2", "s": "", "t": "84'", "m": "Borussia Dortmund player Pierre-Emerick Aubameyang scrambled for a foul and his opponent gained possession of the ball."}, {"id": "89", "s1": "2", "s2": "2", "s": "", "t": "84'", "m": "Lukas Kruse won a free kick for Paderborn."}, {"id": "88", "s1": "2", "s2": "2", "s": "", "t": "83'", "m": "Borussia Dortmund player Jokic scrambled for a foul and the opponent gained possession of the ball."}, {"id": "87", "s1": "2", "s2": "2", "s": "", "t": "83'", "m": "Mario Francic won a free kick for Paderburn."}, {"id": "86", "s1": "2", "s2": "2", "s": "", "t": "81'", "m": "Goal!!! Paderburn player Saglik's header from the centre of the penalty area, the ball flew from the bottom left corner into the goal, the ball went in! Assisted by Süleyman Koc. Paderborn 2-2 Borussia Dortmund."}, {"id": "85", "s1": "1", "s2": "2", "s": "", "t": "81'", "m": "Kyle handled the ball out of the bottom line and Paderburn won the corner."}, {"id": "84", "s1": "1", "s2": "2", "s": "", "t": "81'", "m": "Paderborn made a substitution, and Sagrik replaced Harttz"}, {"id": "83", "s1": "1", "s2": "2", "s": "", "t": "80'", "m": "Borussia Dortmund's Mkhitaryan kicked the ball straight to Gros Kreuz, but the referee raised a flag to show the latter was offside."}, {"id": "82", "s1": "1", "s2": "2", "s": "", "t": "78'", "m": "Durm won a free kick for Borussia Dortmund at the opposing half."}, {"id": "81", "s1": "1", "s2": "2", "s": "", "t": "78'", "m": "Paderburn player Hein Lot scrambled for a foul and the opponent gained possession."}, {"id": "80", "s1": "1", "s2": "2", "s": "", "t": "76'", "m": "Yellow! Paderburn player Hartz was shown a yellow card by the referee for a malicious foul."}, {"id": "79", "s1": "1", "s2": "2", "s": "", "t": "76'", "m": "Mkhitaryan won a free kick for Borussia Dortmund."}, {"id": "78", "s1": "1", "s2": "2", "s": "", "t": "76'", "m": "Paderburn player Hartz scrambles for a foul and the opponent gains possession."}, {"id": "77", "s1": "1", "s2": "2", "s": "", "t": "76'", "m": "Dortmund player Kyle scrambled for a foul and the opponent was given possession."}, {"id": "76", "s1": "1", "s2": "2", "s": "", "t": "76'", "m": "Mario Francic won a free kick for Paderburn."}, {"id": "75", "s1": "1", "s2": "2", "s": "", "t": "74'", "m": "Rafa handled the ball out of the bottom line and Borussia Dortmund won a corner kick."}, {"id": "74", "s1": "1", "s2": "2", "s": "", "t": "74'", "m": "Shot!!! Paderburn player Bakaloz's right-footed shot from outside the penalty area was saved by the opposing goalkeeper."}, {"id": "73", "s1": "1", "s2": "2", "s": "", "t": "73'", "m": "Borussia Dortmund player Gros Kreuz attempted a left-footed shot from the centre of the penalty area, but unfortunately the ball was slightly offside the right goal. It was Aubameyang who gave him the ball."}, {"id": "72", "s1": "1", "s2": "2", "s": "", "t": "72'", "m": "Aubameyang won a free kick for Borussia Dortmund on the left."}, {"id": "71", "s1": "1", "s2": "2", "s": "", "t": "72'", "m": "Paderburn player Rupp scrambled for a foul and the opponent was given possession of the ball."}, {"id": "70", "s1": "1", "s2": "2", "s": "", "t": "71'", "m": "Borussia Dortmund player Pierre-Emerick Aubameyang scrambled for a foul and his opponent gained possession of the ball."}, {"id": "69", "s1": "1", "s2": "2", "s": "", "t": "71'", "m": "Christian Strohdiek won a free kick for Paderborn."}, {"id": "68", "s1": "1", "s2": "2", "s": "", "t": "71'", "m": "Subotic won a free kick for Borussia Dortmund."}, {"id": "67", "s1": "1", "s2": "2", "s": "", "t": "71'", "m": "Paderburn player Kassonga scrambled for a foul and the opponent was given possession of the ball."}, {"id": "66", "s1": "1", "s2": "2", "s": "", "t": "70'", "m": "Dortmund player Kyle tried his left-footed shot just outside the penalty area, but unfortunately the ball was slightly offside the left goal."}, {"id": "65", "s1": "1", "s2": "2", "s": "", "t": "69'", "m": "Dortmund player Kyle scrambled for a foul and the opponent was given possession."}, {"id": "64", "s1": "1", "s2": "2", "s": "", "t": "69'", "m": "Barkaroz won a free kick for Paderburn."}, {"id": "63", "s1": "1", "s2": "2", "s": "", "t": "67'", "m": "Dortmund made substitutions, Jokic on, Reuss on injury."}, {"id": "62", "s1": "1", "s2": "2", "s": "", "t": "67'", "m": "The suspension ended and the players resumed playing."}, {"id": "61", "s1": "1", "s2": "2", "s": "", "t": "64'", "m": "Borussia Dortmund fell to the ground injured and the game was suspended"}, {"id": "60", "s1": "1", "s2": "2", "s": "", "t": "64'", "m": "Yellow! Paderburn player Barkaloz was shown a yellow card by the referee for a malicious foul."}, {"id": "59", "s1": "1", "s2": "2", "s": "", "t": "64'", "m": "Reuss won a free kick for Borussia Dortmund."}, {"id": "58", "s1": "1", "s2": "2", "s": "", "t": "64'", "m": "Paderburn player Bakaloz scrambles for a foul and the opponent gains possession."}, {"id": "57", "s1": "1", "s2": "2", "s": "", "t": "62'", "m": "Paderburn player Rupp attempted a right-footed shot from outside the penalty area, but unfortunately the ball was high above the top right corner. It was Mario French who gave him the ball."}, {"id": "56", "s1": "1", "s2": "2", "s": "", "t": "62'", "m": "Borussia Dortmund's Piszczek attempted a right-footed shot from the centre of the penalty area, but unfortunately the ball was slightly offside the right goal."}, {"id": "55", "s1": "1", "s2": "2", "s": "", "t": "61'", "m": "Durm won a free kick for Borussia Dortmund on the left."}, {"id": "54", "s1": "1", "s2": "2", "s": "", "t": "61'", "m": "Paderburn player Rupp scrambled for a foul and the opponent was given possession of the ball."}, {"id": "53", "s1": "1", "s2": "2", "s": "", "t": "60'", "m": "Goal!!! Paderburn player Rupp shot with a right foot in the centre of the penalty area and the ball flew into the goal from the bottom left corner and the ball went in! Assisted by Bakaloz. Paderborn 1-2 Borussia Dortmund."}, {"id": "52", "s1": "0", "s2": "2", "s": "", "t": "59'", "m": "Dortmund player Ginter's header from the centre of the penalty area was blocked by a defender. It was Reus who gave him the pass."}, {"id": "51", "s1": "0", "s2": "2", "s": "", "t": "59'", "m": "Rafa handled the ball out of the bottom line and Borussia Dortmund won a corner kick."}, {"id": "50", "s1": "0", "s2": "2", "s": "", "t": "58'", "m": "Dortmund made a substitution, and Groskroyts replaced Shinji Kagawa"}, {"id": "49", "s1": "0", "s2": "2", "s": "", "t": "58'", "m": "Dortmund player Gundogan tried his right-footed shot from outside the penalty area, but unfortunately the ball was high above the top right corner."}, {"id": "48", "s1": "0", "s2": "2", "s": "", "t": "56'", "m": "Lukas Kruse handled the ball out of the bottom line and Borussia Dortmund won a corner kick."}, {"id": "47", "s1": "0", "s2": "2", "s": "", "t": "56'", "m": "Shot!!! Borussia Dortmund player Pierre-Emerick Aubameyang's right-footed shot from the right side of the penalty area was saved by the opposing goalkeeper. It was Mkhitaryan who gave him the ball."}, {"id": "46", "s1": "0", "s2": "2", "s": "", "t": "55'", "m": "Durm won a free kick for Borussia Dortmund at the opposing half."}, {"id": "45", "s1": "0", "s2": "2", "s": "", "t": "55'", "m": "Paderburn player Bakaloz scrambles for a foul and the opponent gains possession."}, {"id": "44", "s1": "0", "s2": "2", "s": "", "t": "51'", "m": "Paderburn player Hartz tucked the ball straight into Stobokamp, but the referee raised a flag to show the latter was offside."}, {"id": "43", "s1": "0", "s2": "2", "s": "", "t": "49'", "m": "Paderburn player Süleyman Koc attempted a right-footed shot from outside the penalty area, but unfortunately the ball was slightly offside the right goal. The one who gave him the ball was Kasonga."}, {"id": "42", "s1": "0", "s2": "2", "s": "", "t": "47'", "m": "Shot!!! Borussia Dortmund player Reuss' left-footed shot from a tight angle on the left side of the goal was saved by the opposing goalkeeper. It was Gundogan who gave him the ball."}, {"id": "41", "s1": "0", "s2": "2", "s": "", "t": "", "m": "The second half began with Paderborn 0-2 Borussia Dortmund"}, {"id": "40", "s1": "0", "s2": "2", "s": "", "t": "45'", "m": "Paderborn made a substitution, and Kassonga replaced Oali"}, {"id": "39", "s1": "0", "s2": "2", "s": "", "t": "45'+2'", "m": "At the end of the first half, Paderborn 0-2 Borussia Dortmund, with a short break, we will take a look at the performance of the two teams in the second half."}, {"id": "38", "s1": "0", "s2": "2", "s": "", "t": "45'+1'", "m": "Goal!!! Dortmund player Reuss fired a right-footed shot from the right side of the penalty area, the ball flew from the bottom left corner into the goal and the ball went in! The assist was Aubameyang. Paderborn 0-2 Dortmund."}, {"id": "37", "s1": "0", "s2": "1", "s": "", "t": "45'", "m": "Dortmund player Gundogan scrambled for a foul and his opponent was given possession."}, {"id": "36", "s1": "0", "s2": "1", "s": "", "t": "45'", "m": "Barkaloz won a free kick for Paderburn at the opposing half."}, {"id": "35", "s1": "0", "s2": "1", "s": "", "t": "42'", "m": "Durm won a free kick for Borussia Dortmund on the left."}, {"id": "34", "s1": "0", "s2": "1", "s": "", "t": "42'", "m": "Paderburn player Hein Lot scrambled for a foul and the opponent gained possession."}, {"id": "33", "s1": "0", "s2": "1", "s": "", "t": "41'", "m": "Paderburn player Süleyman Koc attempted a right-footed shot from outside the penalty area, but unfortunately the ball was slightly offside the right goal."}, {"id": "32", "s1": "0", "s2": "1", "s": "", "t": "40'", "m": "Dortmund player Subotic scrambled for a foul and the opponent gained possession of the ball."}, {"id": "31", "s1": "0", "s2": "1", "s": "", "t": "40'", "m": "Barkaloz won a free kick for Paderburn at the opposing half."}, {"id": "30", "s1": "0", "s2": "1", "s": "", "t": "39'", "m": "Borussia Dortmund player Piszczek sent the ball straight to Aubameyang, but the referee raised a flag to show the latter was offside."}, {"id": "29", "s1": "0", "s2": "1", "s": "", "t": "39'", "m": "Dortmund player Gundogan's left-footed shot from outside the penalty area was blocked by a defender."}, {"id": "28", "s1": "0", "s2": "1", "s": "", "t": "39'", "m": "Hartz handled the ball out of the bottom line and Borussia Dortmund won a corner kick."}, {"id": "27", "s1": "0", "s2": "1", "s": "", "t": "36'", "m": "Gundogan won a free kick for Borussia Dortmund."}, {"id": "26", "s1": "0", "s2": "1", "s": "", "t": "36'", "m": "Paderburn player Mario Francic scrambled for a foul and the opponent was given possession of the ball."}, {"id": "25", "s1": "0", "s2": "1", "s": "", "t": "36'", "m": "Reuss won a free kick for Borussia Dortmund."}, {"id": "24", "s1": "0", "s2": "1", "s": "", "t": "36'", "m": "Paderburn player Oalli scrambled for a foul and the opponent gained possession of the ball."}, {"id": "23", "s1": "0", "s2": "1", "s": "", "t": "35'", "m": "Paderborn made substitutions, Hein lott on, Hunnemeier on injury."}, {"id": "22", "s1": "0", "s2": "1", "s": "", "t": "34'", "m": "Borussia Dortmund player Ginter tucked the ball straight into Mkhitaryan, but the referee raised a flag to show that the latter was offside."}, {"id": "21", "s1": "0", "s2": "1", "s": "", "t": "33'", "m": "The suspension ended and the players resumed playing."}, {"id": "20", "s1": "0", "s2": "1", "s": "", "t": "32'", "m": "Paderborn Hunemeyer fell to the ground injured and the game was suspended"}, {"id": "19", "s1": "0", "s2": "1", "s": "", "t": "28'", "m": "Borussia Dortmund player Mkhitaryan scrambled for a foul and his opponent was given possession of the ball."}, {"id": "18", "s1": "0", "s2": "1", "s": "", "t": "28'", "m": "Hartz won a free kick for Paderburn on the left."}, {"id": "17", "s1": "0", "s2": "1", "s": "", "t": "27'", "m": "Borussia Dortmund player Reuss threw the ball straight into Mkhitaryan, but the referee raised a flag to show that the latter was offside."}, {"id": "16", "s1": "0", "s2": "1", "s": "", "t": "26'", "m": "Shinji Kagawa won a free kick for Borussia Dortmund."}, {"id": "15", "s1": "0", "s2": "1", "s": "", "t": "26'", "m": "Paderburn player Rafa scrambled for a foul and the opponent gained possession of the ball."}, {"id": "14", "s1": "0", "s2": "1", "s": "", "t": "26'", "m": "Borussia Dortmund player Aubameyang tried his right-footed shot from outside the penalty area, but the ball was deflected slightly off the right goal. It was Shinji Kagawa who gave him the ball."}, {"id": "13", "s1": "0", "s2": "1", "s": "", "t": "25'", "m": "Borussia Dortmund player Aubameyang attempted a left-footed shot from the centre of the penalty area, but unfortunately the ball deflected slightly off the right goal. It was Reus who gave him the pass."}, {"id": "12", "s1": "0", "s2": "1", "s": "", "t": "19'", "m": "Shot!!! Paderburn player Süleyman Koc's right-footed shot from the right side of the penalty area was saved by the opposing goalkeeper. It was Bakaloz who gave him the ball."}, {"id": "11", "s1": "0", "s2": "1", "s": "", "t": "16'", "m": "Hoanemeier handled the ball out of the bottom line and Borussia Dortmund won a corner kick."}, {"id": "10", "s1": "0", "s2": "1", "s": "", "t": "16'", "m": "Durm won a free kick for Borussia Dortmund on the left."}, {"id": "9", "s1": "0", "s2": "1", "s": "", "t": "16'", "m": "Paderburn player Oalli scrambled for a foul and the opponent gained possession of the ball."}, {"id": "8", "s1": "0", "s2": "1", "s": "", "t": "12'", "m": "Goal!!! Borussia Dortmund player Aubameyang shot with his right foot in front of the goal line, the ball flew from the middle of the road into the goal, the ball was in! Assisted by Durm. Paderborn 0-1 Borussia Dortmund."}, {"id": "7", "s1": "0", "s2": "0", "s": "", "t": "10'", "m": "Mkhitaryan won a free kick for Borussia Dortmund."}, {"id": "6", "s1": "0", "s2": "0", "s": "", "t": "10'", "m": "Paderburn player Hartz scrambles for a foul and the opponent gains possession."}, {"id": "5", "s1": "0", "s2": "0", "s": "", "t": "9'", "m": "Gundogan won a free kick for Borussia Dortmund."}, {"id": "4", "s1": "0", "s2": "0", "s": "", "t": "9'", "m": "Paderburn player Stobokamp scrambled for a foul and the opponent gained possession of the ball."}, {"id": "3", "s1": "0", "s2": "0", "s": "", "t": "2'", "m": "Shot!!! Dortmund player Reuss' right-footed shot from the centre of the penalty area was saved by the opposing goalkeeper. It was Mkhitaryan who gave him the ball."}, {"id": "2", "s1": "0", "s2": "0", "s": "", "t": "1'", "m": "Rafa handled the ball out of the bottom line and Borussia Dortmund won a corner kick."}, {"id": "1", "s1": "0", "s2": "0", "s": "", "t": "", "m": "With a whistle from the referee, the first half of the game began."}]