[{"id": "110", "s1": "1", "s2": "2", "s": "", "t": "", "m": "The match ended with Borussia Dortmund 1-2 Borussia Monsing, thank you all for watching the Sina Football Live."}, {"id": "109", "s1": "1", "s2": "2", "s": "", "t": "90'+5'", "m": "At the end of the second half, Borussia Dortmund 1-2 Borussia Borussia"}, {"id": "108", "s1": "1", "s2": "2", "s": "", "t": "90'+4'", "m": "Dortmund player Sheber attempted a header in the centre of the penalty area, but unfortunately the ball was slightly offside the right goal. It was Dukesch who gave him the pass."}, {"id": "107", "s1": "1", "s2": "2", "s": "", "t": "90'", "m": "Schmelzer handled the ball out of the bottom line and Borussia Moncheng won a corner."}, {"id": "106", "s1": "1", "s2": "2", "s": "", "t": "90'", "m": "Borussia Dortmund player Papastathopoulos scrambled for a foul and the opponent was given possession of the ball."}, {"id": "105", "s1": "1", "s2": "2", "s": "", "t": "90'", "m": "Max won a free kick for Borussia Monsing on the left."}, {"id": "104", "s1": "1", "s2": "2", "s": "", "t": "89'", "m": "The suspension ended and the players resumed playing."}, {"id": "103", "s1": "1", "s2": "2", "s": "", "t": "89'", "m": "Borussia Moncheng replaced and Brauvez replaced Raphael"}, {"id": "102", "s1": "1", "s2": "2", "s": "", "t": "88'", "m": "Borussia Mönchengen fell to the ground injured and the game was suspended"}, {"id": "101", "s1": "1", "s2": "2", "s": "", "t": "88'", "m": "Dortmund player Lewandowski scrambled for a foul and the opponent was given possession of the ball."}, {"id": "100", "s1": "1", "s2": "2", "s": "", "t": "88'", "m": "Ter Stegen won a free kick for Borussia Moncheng."}, {"id": "99", "s1": "1", "s2": "2", "s": "", "t": "87'", "m": "Shot!!! Dortmund player Sieber's header from the centre of the penalty area was saved by the opposing goalkeeper. It was Jokic who gave him the ball."}, {"id": "98", "s1": "1", "s2": "2", "s": "", "t": "86'", "m": "Borussia Dortmund player J Hoffmann threw the ball straight into Groskroyts, but the referee raised a flag to show the latter was offside."}, {"id": "97", "s1": "1", "s2": "2", "s": "", "t": "85'", "m": "Dortmund player Dukesch's right-footed shot from the centre of the penalty area was blocked by a defender."}, {"id": "96", "s1": "1", "s2": "2", "s": "", "t": "83'", "m": "Borussia Dortmund player Gros Kreuz threw the ball straight into Lewandowski, but the referee raised a flag to show the latter was offside."}, {"id": "95", "s1": "1", "s2": "2", "s": "", "t": "82'", "m": "Dortmund made a substitution, and Seeb replaced Aubameyang"}, {"id": "94", "s1": "1", "s2": "2", "s": "", "t": "79'", "m": "Borussia Moncheng replaced, and Rupp replaced Herman"}, {"id": "93", "s1": "1", "s2": "2", "s": "", "t": "79'", "m": "Borussia Dortmund player Hummels tried a right-footed shot but unfortunately the ball went high above goal. It was Schmeltze who gave him the ball."}, {"id": "92", "s1": "1", "s2": "2", "s": "", "t": "77'", "m": "Goal!!! Dortmund player Jokic's right-footed shot from outside the box flew into the net from the middle of the box and the ball went in! Borussia Dortmund 1-2 Borussia Moncheng."}, {"id": "91", "s1": "0", "s2": "2", "s": "", "t": "77'", "m": "Stranzl handled the ball out of the bottom line and Borussia Dortmund won a corner kick."}, {"id": "90", "s1": "0", "s2": "2", "s": "", "t": "76'", "m": "Lewandowski won a free kick for Borussia Dortmund on the right."}, {"id": "89", "s1": "0", "s2": "2", "s": "", "t": "76'", "m": "Borussia Borussia Borussia Mönchengy fought for a foul and the opponent was given possession of the ball."}, {"id": "88", "s1": "0", "s2": "2", "s": "", "t": "76'", "m": "Dortmund player Duke scrambled for a foul and the opponent was given possession of the ball."}, {"id": "87", "s1": "0", "s2": "2", "s": "", "t": "76'", "m": "Hermann won a free kick for Borussia Moncheng."}, {"id": "86", "s1": "0", "s2": "2", "s": "", "t": "75'", "m": "Borussia Moncheng replaced, Marx replaced Kreuzer"}, {"id": "85", "s1": "0", "s2": "2", "s": "", "t": "74'", "m": "Dortmund player Dukesch's right-footed shot from the centre of the penalty area was blocked by a defender.给他传球的是莱万多夫斯基."}, {"id": "84", "s1": "0", "s2": "2", "s": "", "t": "73'", "m": "Borussia Dortmund player Gros Kreuz's left-footed shot from the right side of the penalty area was blocked by a defender. The one who passed the ball to him was J-Hoffman."}, {"id": "83", "s1": "0", "s2": "2", "s": "", "t": "73'", "m": "J-Hoffman won a free kick for Borussia Dortmund at the opposing half."}, {"id": "82", "s1": "0", "s2": "2", "s": "", "t": "73'", "m": "Borussia Moncheng's Raphael scrambled for a foul and the opponent gained possession."}, {"id": "81", "s1": "0", "s2": "2", "s": "", "t": "72'", "m": "Borussia Monchengen Ter Stegen kicked the ball straight into Kruzer, but the referee raised a flag to show that the latter was offside."}, {"id": "80", "s1": "0", "s2": "2", "s": "", "t": "71'", "m": "Borussia Dortmund player Jokic scrambled for a foul and the opponent gained possession of the ball."}, {"id": "79", "s1": "0", "s2": "2", "s": "", "t": "71'", "m": "Alango won a free kick for Borussia Möncheng in the opposing half."}, {"id": "78", "s1": "0", "s2": "2", "s": "", "t": "69'", "m": "Borussia Moncheng's Norte West player was shown a second yellow card by the referee for a malicious foul."}, {"id": "77", "s1": "0", "s2": "2", "s": "", "t": "69'", "m": "Duquesch won a free kick for Borussia Dortmund."}, {"id": "76", "s1": "0", "s2": "2", "s": "", "t": "69'", "m": "Borussia Moncheng's Norte West scrambled fouls and the opponent gained possession."}, {"id": "75", "s1": "0", "s2": "2", "s": "", "t": "68'", "m": "Shot!!! Dortmund player Dukesch's right-footed shot from outside the penalty area was saved by the opposing goalkeeper. It was Aubameyang who gave him the ball."}, {"id": "74", "s1": "0", "s2": "2", "s": "", "t": "68'", "m": "Borussia Moncheng's Norte West player was shown a yellow card by the referee."}, {"id": "73", "s1": "0", "s2": "2", "s": "", "t": "68'", "m": "J-Hoffman won a free kick for Borussia Dortmund."}, {"id": "72", "s1": "0", "s2": "2", "s": "", "t": "68'", "m": "Borussia Moncheng's Norte West scrambled fouls and the opponent gained possession."}, {"id": "71", "s1": "0", "s2": "2", "s": "", "t": "67'", "m": "Dortmund made a substitution, and Dukeshi replaced Piszczek"}, {"id": "70", "s1": "0", "s2": "2", "s": "", "t": "66'", "m": "Dortmund player Gros Kreuz scrambled for a foul and the opponent gained possession of the ball."}, {"id": "69", "s1": "0", "s2": "2", "s": "", "t": "66'", "m": "Ter Stegen won a free kick for Borussia Moncheng."}, {"id": "68", "s1": "0", "s2": "2", "s": "", "t": "66'", "m": "Shot!!! Dortmund player Lewandowski's right-footed shot from the centre of the penalty area was saved by the opposing goalkeeper. The one who passed the ball to him was J-Hoffman."}, {"id": "67", "s1": "0", "s2": "2", "s": "", "t": "64'", "m": "Borussia Dortmund player Jokic scrambled for a foul and the opponent gained possession of the ball."}, {"id": "66", "s1": "0", "s2": "2", "s": "", "t": "64'", "m": "Alango won a free kick for Borussia Moncheng."}, {"id": "65", "s1": "0", "s2": "2", "s": "", "t": "64'", "m": "Borussia Dortmund player Aubameyang's right-footed shot from outside the box was blocked by a defender."}, {"id": "64", "s1": "0", "s2": "2", "s": "", "t": "64'", "m": "Borussia Dortmund player Aubameyang's right-footed shot from outside the box was blocked by a defender."}, {"id": "63", "s1": "0", "s2": "2", "s": "", "t": "63'", "m": "Dortmund made a substitution, Jokic replaced Kyle"}, {"id": "62", "s1": "0", "s2": "2", "s": "", "t": "63'", "m": "Lewandowski won a free kick for Borussia Dortmund at the opposing half."}, {"id": "61", "s1": "0", "s2": "2", "s": "", "t": "63'", "m": "Borussia Moncheng's Stranzl scrambled fouls and his opponent was given possession."}, {"id": "60", "s1": "0", "s2": "2", "s": "", "t": "62'", "m": "Borussia Dortmund player Piszczek attempted a header just outside the penalty area, but unfortunately the ball was slightly off the right goal. It was Hummels who gave him the pass."}, {"id": "59", "s1": "0", "s2": "2", "s": "", "t": "60'", "m": "Yellow! Dortmund player Lewandowski was shown a yellow card by the referee for a malicious foul."}, {"id": "58", "s1": "0", "s2": "2", "s": "", "t": "60'", "m": "Dortmund player Lewandowski scrambled for a foul and the opponent was given possession of the ball."}, {"id": "57", "s1": "0", "s2": "2", "s": "", "t": "60'", "m": "Alango won a free kick for Borussia Möncheng on the right."}, {"id": "56", "s1": "0", "s2": "2", "s": "", "t": "60'", "m": "Borussia Moncheng's Hermann attempted a right-footed shot from the centre of the penalty area, but unfortunately the ball went high above goal. It was Kreuzer who gave him the pass."}, {"id": "55", "s1": "0", "s2": "2", "s": "", "t": "59'", "m": "Borussia Dortmund player Shaheen attempted a left-footed shot from outside the penalty area, but unfortunately the ball went high above goal."}, {"id": "54", "s1": "0", "s2": "2", "s": "", "t": "58'", "m": "Dames handled the ball out of the bottom line and Borussia Dortmund won a corner kick."}, {"id": "53", "s1": "0", "s2": "2", "s": "", "t": "56'", "m": "Dortmund player Gros Kreuz attempted a header in the centre of the penalty area, but unfortunately the ball went high above goal. It was Aubameyang who gave him the ball."}, {"id": "52", "s1": "0", "s2": "2", "s": "", "t": "56'", "m": "Shot!!! Borussia Dortmund player Aubameyang's right-footed shot from outside the penalty area was saved by the opposing goalkeeper. The one who gave him the ball was Papastathopoulos."}, {"id": "51", "s1": "0", "s2": "2", "s": "", "t": "54'", "m": "Schmelzer won a free kick for Borussia Dortmund on the left."}, {"id": "50", "s1": "0", "s2": "2", "s": "", "t": "54'", "m": "Borussia Moncheng's Hermann scrambled for a foul and the opponent gained possession of the ball."}, {"id": "49", "s1": "0", "s2": "2", "s": "", "t": "53'", "m": "Shot!!! Borussia Möncheng's right-footed shot from outside the penalty area was saved by the opposing goalkeeper. It was Cramer who gave him the pass."}, {"id": "48", "s1": "0", "s2": "2", "s": "", "t": "52'", "m": "Lewandowski won a free kick for Borussia Dortmund at the opposing half."}, {"id": "47", "s1": "0", "s2": "2", "s": "", "t": "52'", "m": "Borussia Borussia Borussia Mönchengy fought for a foul and the opponent was given possession of the ball."}, {"id": "46", "s1": "0", "s2": "2", "s": "", "t": "50'", "m": "Dortmund player Kyle scrambled for a foul and the opponent was given possession."}, {"id": "45", "s1": "0", "s2": "2", "s": "", "t": "50'", "m": "Alango won a free kick for Borussia Möncheng on the left."}, {"id": "44", "s1": "0", "s2": "2", "s": "", "t": "48'", "m": "Borussia Moncheng's Raphael attempted a left-footed shot from the left side of the penalty area, but unfortunately the ball deflected off the goal. It was Kreuzer who gave him the pass."}, {"id": "43", "s1": "0", "s2": "2", "s": "", "t": "46'", "m": "Stranzl handled the ball out of the bottom line and Borussia Dortmund won a corner kick."}, {"id": "42", "s1": "0", "s2": "2", "s": "", "t": "46'", "m": "Dortmund player Lewandowski's left-footed shot from the left side of the penalty area was blocked by a defender. The one who passed the ball to him was J-Hoffman."}, {"id": "41", "s1": "0", "s2": "2", "s": "", "t": "", "m": "The second half began with Borussia Dortmund 0-2 Borussia Borussia"}, {"id": "40", "s1": "0", "s2": "2", "s": "", "t": "45'+1'", "m": "At the end of the first half, Borussia Dortmund 0-2 Borussia Monsing, with a short break, we will take a look at the performance of the two teams in the second half."}, {"id": "39", "s1": "0", "s2": "2", "s": "", "t": "45'+1'", "m": "Ter Stegen handled the ball out of the bottom line and Borussia Dortmund won a corner kick."}, {"id": "38", "s1": "0", "s2": "2", "s": "", "t": "44'", "m": "Schmelzer handled the ball out of the bottom line and Borussia Moncheng won a corner."}, {"id": "37", "s1": "0", "s2": "2", "s": "", "t": "42'", "m": "Cramer won a free kick for Borussia Moncheng."}, {"id": "36", "s1": "0", "s2": "2", "s": "", "t": "42'", "m": "Dortmund player Lewandowski scrambled for a foul and the opponent was given possession of the ball."}, {"id": "35", "s1": "0", "s2": "2", "s": "", "t": "40'", "m": "Goal!!! Borussia Möncheng's left-footed shot from the left side of the penalty area flew into the net and the ball went in! The assist was Alango. Dortmund 0-2 Borussia Moncheng."}, {"id": "34", "s1": "0", "s2": "1", "s": "", "t": "38'", "m": "Borussia Dortmund player Shaheen kicked the ball straight into Hummels, but the referee raised a flag to show that the latter was offside."}, {"id": "33", "s1": "0", "s2": "1", "s": "", "t": "38'", "m": "Borussia Moncheng's Norte West scrambled fouls and the opponent gained possession."}, {"id": "32", "s1": "0", "s2": "1", "s": "", "t": "38'", "m": "Shaheen won a free kick for Borussia Dortmund at the opposing half."}, {"id": "31", "s1": "0", "s2": "1", "s": "", "t": "37'", "m": "Borussia Dortmund player J-Hoffmann attempted a right-footed shot with a direct free-kick, but unfortunately the ball was slightly offside the right-footed goal."}, {"id": "30", "s1": "0", "s2": "1", "s": "", "t": "37'", "m": "Borussia Moncheng's Stranzl scrambled fouls and his opponent was given possession."}, {"id": "29", "s1": "0", "s2": "1", "s": "", "t": "37'", "m": "J-Hoffman won a free kick for Borussia Dortmund on the left."}, {"id": "28", "s1": "0", "s2": "1", "s": "", "t": "31'", "m": "Goal!!! Borussia Moncheng's raphael shot with his right foot in the centre of the penalty area, the ball flew into the goal from the bottom right corner, and the ball went in! Assisted by Herman. Borussia Dortmund 0-1 Borussia Moncheng."}, {"id": "27", "s1": "0", "s2": "0", "s": "", "t": "30'", "m": "Kreuzer won a free kick for Borussia Möncheng on the right."}, {"id": "26", "s1": "0", "s2": "0", "s": "", "t": "30'", "m": "Dortmund player Kyle scrambled for a foul and the opponent was given possession."}, {"id": "25", "s1": "0", "s2": "0", "s": "", "t": "29'", "m": "Borussia Dortmund player Gros Kreuz threw the ball straight into Aubameyang, but the referee raised a flag to show that the latter was offside."}, {"id": "24", "s1": "0", "s2": "0", "s": "", "t": "29'", "m": "Borussia Dortmund player Aubameyang's right-footed shot from the right side of the penalty area hit the goalpost crossbar. It was Lewandowski who gave him the pass."}, {"id": "23", "s1": "0", "s2": "0", "s": "", "t": "27'", "m": "Borussia Dortmund player Piszczek's right-footed shot from the centre of the penalty area was blocked by a defender."}, {"id": "22", "s1": "0", "s2": "0", "s": "", "t": "27'", "m": "Dortmund player Hummels' header from the centre of the penalty area was blocked by a defender. The one who passed the ball to him was J-Hoffman."}, {"id": "21", "s1": "0", "s2": "0", "s": "", "t": "27'", "m": "Stranzl handled the ball out of the bottom line and Borussia Dortmund won a corner kick."}, {"id": "20", "s1": "0", "s2": "0", "s": "", "t": "25'", "m": "Borussia Dortmund's Shaheen kicked the ball straight into Schmelzer, but the referee raised a flag to show that the latter was offside."}, {"id": "19", "s1": "0", "s2": "0", "s": "", "t": "24'", "m": "Kramer handled the ball out of the bottom line and Borussia Dortmund won a corner kick."}, {"id": "18", "s1": "0", "s2": "0", "s": "", "t": "24'", "m": "Borussia Dortmund player Shaheen's left-footed shot from the centre of the penalty area was blocked by a defender."}, {"id": "17", "s1": "0", "s2": "0", "s": "", "t": "23'", "m": "Ter Stegen handled the ball out of the bottom line and Borussia Dortmund won a corner kick."}, {"id": "16", "s1": "0", "s2": "0", "s": "", "t": "23'", "m": "Shot!!! Dortmund player Hummels' left-footed shot from a tight angle on the left side of the goal was saved by the opposing goalkeeper. It was Lewandowski who gave him the pass."}, {"id": "15", "s1": "0", "s2": "0", "s": "", "t": "21'", "m": "Dortmund player Lewandowski tried his header in the centre of the penalty area, but unfortunately the ball was slightly offside the left goal. It was Schmeltze who gave him the ball."}, {"id": "14", "s1": "0", "s2": "0", "s": "", "t": "19'", "m": "Borussia Moncheng's Hermann attempted a right-footed shot from outside the penalty area, but unfortunately the ball went high above goal. It was Cramer who gave him the pass."}, {"id": "13", "s1": "0", "s2": "0", "s": "", "t": "17'", "m": "Raphael won a free kick for Borussia Moncheng."}, {"id": "12", "s1": "0", "s2": "0", "s": "", "t": "17'", "m": "Dortmund player Kyle scrambled for a foul and the opponent was given possession."}, {"id": "11", "s1": "0", "s2": "0", "s": "", "t": "12'", "m": "Borussia Moncheng's Hermann attempted a right-footed shot from the left side of the penalty area, but unfortunately the ball was slightly offside the right goal. It was Cramer who gave him the pass."}, {"id": "10", "s1": "0", "s2": "0", "s": "", "t": "11'", "m": "Großkroytz won a free kick for Borussia Dortmund."}, {"id": "9", "s1": "0", "s2": "0", "s": "", "t": "11'", "m": "Borussia Moncheng's Raphael scrambled for a foul and the opponent gained possession."}, {"id": "8", "s1": "0", "s2": "0", "s": "", "t": "10'", "m": "Hummels handled the ball out of the bottom line and Borussia Moncheng won a corner kick."}, {"id": "7", "s1": "0", "s2": "0", "s": "", "t": "10'", "m": "Dortmund player Lewandowski's right-footed shot from outside the penalty area was blocked by a defender. It was Shaheen who gave him the ball."}, {"id": "6", "s1": "0", "s2": "0", "s": "", "t": "6'", "m": "Shot!!! Dortmund player J Hoffmann's right-footed shot from the centre of the penalty area was saved by the opposing goalkeeper."}, {"id": "5", "s1": "0", "s2": "0", "s": "", "t": "3'", "m": "Cobb handled the ball out of the bottom line and Borussia Dortmund won the corner."}, {"id": "4", "s1": "0", "s2": "0", "s": "", "t": "3'", "m": "Borussia Möncheng's darms scrambled for a foul and the opponent gained possession of the ball."}, {"id": "3", "s1": "0", "s2": "0", "s": "", "t": "3'", "m": "Piszczek won a free kick for Borussia Dortmund on the right."}, {"id": "2", "s1": "0", "s2": "0", "s": "", "t": "1'", "m": "Borussia Dortmund player Hummels sent a straight kick to Gros Kreuz, but the referee raised a flag to show the latter was offside."}, {"id": "1", "s1": "0", "s2": "0", "s": "", "t": "", "m": "With a whistle from the referee, the first half of the game began."}]