[{"id": "124", "s1": "4", "s2": "5", "s": "", "t": "", "m": "The match ended with Bayer Leverkusen 4-5 Wolfsburg and thank you for watching the Sina Football Livestream."}, {"id": "123", "s1": "4", "s2": "5", "s": "", "t": "90'+4'", "m": "At the end of the second half, Bayer Leverkusen 4-5 Wolfsburg"}, {"id": "122", "s1": "4", "s2": "5", "s": "", "t": "90'+3'", "m": "Goal!!! Wolfsburg player Dost's left-footed shot from the right side of the penalty area flew into the goal from the bottom left corner and the ball went in! Assisted by Vierinia. Bayer Leverkusen 4-5 Wolfsburg."}, {"id": "121", "s1": "4", "s2": "4", "s": "", "t": "90'+3'", "m": "Naldo won a free kick for Wolfsburg on the right."}, {"id": "120", "s1": "4", "s2": "4", "s": "", "t": "90'+3'", "m": "Bayer Leverkusen player Bellala competed for a foul and the opponent gained possession of the ball."}, {"id": "119", "s1": "4", "s2": "4", "s": "", "t": "90'+3'", "m": "Bayer Leverkusen player Son Heung-min attempted a right-footed shot from outside the penalty area, but unfortunately the ball went high above goal."}, {"id": "118", "s1": "4", "s2": "4", "s": "", "t": "90'+1'", "m": "Wolfsburg player Naldo scrambled for a foul and his opponent gained possession of the ball."}, {"id": "117", "s1": "4", "s2": "4", "s": "", "t": "90'+1'", "m": "Brent won a free kick for Bayer Leverkusen in the opposing half."}, {"id": "116", "s1": "4", "s2": "4", "s": "", "t": "90'+1'", "m": "Wolfsburg was replaced, and Glory replaced Calijuri"}, {"id": "115", "s1": "4", "s2": "4", "s": "", "t": "90'", "m": "Wolfsburg player Gustavo attempted a left-footed shot from outside the penalty area, but unfortunately the ball was slightly offside the right goal."}, {"id": "114", "s1": "4", "s2": "4", "s": "", "t": "89'", "m": "Shot!!! Wolfsburg player Naldo's header from the centre of the penalty area was saved by the opposing goalkeeper. It was De Bruyne who passed the ball to him."}, {"id": "113", "s1": "4", "s2": "4", "s": "", "t": "88'", "m": "Yellow! Bayer Leverkusen player Castro was shown a yellow card by the referee for a malicious foul."}, {"id": "112", "s1": "4", "s2": "4", "s": "", "t": "88'", "m": "Calijuri won a free kick for Wolfsburg on the right."}, {"id": "111", "s1": "4", "s2": "4", "s": "", "t": "88'", "m": "Bayer Leverkusen player Castro scrambled for a foul and the opponent gained possession of the ball."}, {"id": "110", "s1": "4", "s2": "4", "s": "", "t": "87'", "m": "Shot!!! Wolfsburg player Naldo's right-footed shot from outside the penalty area was saved by the opposing goalkeeper."}, {"id": "109", "s1": "4", "s2": "4", "s": "", "t": "86'", "m": "Yellow! Bayer Leverkusen player K. Papadopoulos was shown a yellow card by the referee for a malicious foul."}, {"id": "108", "s1": "4", "s2": "4", "s": "", "t": "86'", "m": "Hunter won a free kick for Wolfsburg in the opposing half."}, {"id": "107", "s1": "4", "s2": "4", "s": "", "t": "86'", "m": "Bayer Leverkusen player K. Papadopoulos scrambled for a foul and the opponent was given possession of the ball."}, {"id": "106", "s1": "4", "s2": "4", "s": "", "t": "84'", "m": "Hunter won a free kick for Wolfsburg."}, {"id": "105", "s1": "4", "s2": "4", "s": "", "t": "84'", "m": "Bayer Leverkusen player Bellala competed for a foul and the opponent gained possession of the ball."}, {"id": "104", "s1": "4", "s2": "4", "s": "", "t": "83'", "m": "Wolfsburg player Vierenia scrambled for a foul and the opponent was given possession."}, {"id": "103", "s1": "4", "s2": "4", "s": "", "t": "83'", "m": "Bella Rabi won a free kick for Bayer Leverkusen."}, {"id": "102", "s1": "4", "s2": "4", "s": "", "t": "82'", "m": "Bayer Leverkusen player Spašić was shown a second yellow card by the referee for a malicious foul."}, {"id": "101", "s1": "4", "s2": "4", "s": "", "t": "81'", "m": "Dost won a free kick for Wolfsburg in the opposing half."}, {"id": "100", "s1": "4", "s2": "4", "s": "", "t": "81'", "m": "Bayer Leverkusen player Spašić scrambled for a foul and the opponent gained possession of the ball."}, {"id": "99", "s1": "4", "s2": "4", "s": "", "t": "80'", "m": "Naldo won a free kick for Wolfsburg."}, {"id": "98", "s1": "4", "s2": "4", "s": "", "t": "80'", "m": "Bayer Leverkusen player Delmić scrambled for a foul and the opponent was given possession of the ball."}, {"id": "97", "s1": "4", "s2": "4", "s": "", "t": "79'", "m": "Yellow! Bayer Leverkusen player Raul Fis was shown a yellow card by the referee for a malicious foul."}, {"id": "96", "s1": "4", "s2": "4", "s": "", "t": "78'", "m": "Gustavo won a free kick for Wolfsburg."}, {"id": "95", "s1": "4", "s2": "4", "s": "", "t": "78'", "m": "Bayer Leverkusen player Rollfez scrambles for a foul and the opponent gains possession of the ball."}, {"id": "94", "s1": "4", "s2": "4", "s": "", "t": "78'", "m": "Wolfsburg was replaced, and Gulavogu replaced Arnold"}, {"id": "93", "s1": "4", "s2": "4", "s": "", "t": "78'", "m": "Shot!!! Wolfsburg player Arnold's left-footed shot from outside the penalty area was saved by the opposing goalkeeper."}, {"id": "92", "s1": "4", "s2": "4", "s": "", "t": "77'", "m": "Bernish handled the ball out of the bottom line and Wolfsburg won a corner."}, {"id": "91", "s1": "4", "s2": "4", "s": "", "t": "76'", "m": "Knoch won a free kick for Wolfsburg."}, {"id": "90", "s1": "4", "s2": "4", "s": "", "t": "76'", "m": "Bayer Leverkusen player K. Papadopoulos scrambled for a foul and the opponent was given possession of the ball."}, {"id": "89", "s1": "4", "s2": "4", "s": "", "t": "76'", "m": "Knoch handled the ball out of the bottom line and Bayer Leverkusen won the corner."}, {"id": "88", "s1": "4", "s2": "4", "s": "", "t": "75'", "m": "Yellow! Wolfsburg player Naldo was shown a yellow card by the referee for a malicious foul."}, {"id": "87", "s1": "4", "s2": "4", "s": "", "t": "75'", "m": "Wolfsburg player Naldo scrambled for a foul and his opponent gained possession of the ball."}, {"id": "86", "s1": "4", "s2": "4", "s": "", "t": "75'", "m": "Castro won a free kick for Bayer Leverkusen at the opposing half."}, {"id": "85", "s1": "4", "s2": "4", "s": "", "t": "73'", "m": "Rodriguez won a free kick for Wolfsburg."}, {"id": "84", "s1": "4", "s2": "4", "s": "", "t": "73'", "m": "Bayer Leverkusen player Bellala competed for a foul and the opponent gained possession of the ball."}, {"id": "83", "s1": "4", "s2": "4", "s": "", "t": "72'", "m": "Goal!!! Bayer Leverkusen player Bella Rabi shot with a right foot in the centre of the penalty area, the ball flew from the middle of the road and the ball went in! Bayer Leverkusen 4-4 Wolfsburg."}, {"id": "82", "s1": "3", "s2": "4", "s": "", "t": "71'", "m": "Wolfsburg made a substitution and Hunter replaced André Schürrle"}, {"id": "81", "s1": "3", "s2": "4", "s": "", "t": "70'", "m": "Bayer Leverkusen player Delmić attempted a left-footed shot from the left side of the penalty area, but unfortunately the ball went high above goal. It was Beira Rabi who passed the ball to him."}, {"id": "80", "s1": "3", "s2": "4", "s": "", "t": "69'", "m": "Wolfsburg player Naldo tried to shoot with his right foot, but unfortunately the ball went high above goal."}, {"id": "79", "s1": "3", "s2": "4", "s": "", "t": "67'", "m": "Goal!!! Bayer Leverkusen player Sun Heung-min fired a left-footed shot from the right side of the penalty area, the ball flew from the bottom right corner into the goal, and the ball went in! The assist was Castro. Bayer Leverkusen 3-4 Wolfsburg."}, {"id": "78", "s1": "2", "s2": "4", "s": "", "t": "67'", "m": "Knoch handled the ball out of the bottom line and Bayer Leverkusen won the corner."}, {"id": "77", "s1": "2", "s2": "4", "s": "", "t": "67'", "m": "Wolfsburg player Dost scrambled for a foul and his opponent was given possession."}, {"id": "76", "s1": "2", "s2": "4", "s": "", "t": "67'", "m": "Spašić won a free kick for Bayer Leverkusen."}, {"id": "75", "s1": "2", "s2": "4", "s": "", "t": "66'", "m": "Bayer Leverkusen player Castro tried to shoot with his right foot, but unfortunately the ball was slightly offside the right goal. It was Delmić who gave him the pass."}, {"id": "74", "s1": "2", "s2": "4", "s": "", "t": "63'", "m": "Goal!!! Wolfsburg player Dost fired a right-footed shot from the centre of the penalty area, the ball flew into the goal from the top right corner and the ball went in! Assisted by Rodriguez. Bayer Leverkusen 2-4 Wolfsburg."}, {"id": "73", "s1": "2", "s2": "3", "s": "", "t": "62'", "m": "Goal!!! Bayer Leverkusen player Sun Heung-min shot with his right foot from outside the penalty area, the ball flew from the middle of the road into the goal, the ball was scored! Assisted by K. Papadopoulos Bayer Leverkusen 2-3 Wolfsburg."}, {"id": "72", "s1": "1", "s2": "3", "s": "", "t": "61'", "m": "Yellow! Bayer Leverkusen player Bernishch was shown a yellow card by the referee for a malicious foul."}, {"id": "71", "s1": "1", "s2": "3", "s": "", "t": "61'", "m": "Calijuri won a free kick for Wolfsburg on the right."}, {"id": "70", "s1": "1", "s2": "3", "s": "", "t": "61'", "m": "Bayer Leverkusen player Bernie scrambled for a foul and the opponent gained possession of the ball."}, {"id": "69", "s1": "1", "s2": "3", "s": "", "t": "57'", "m": "Goal!!! Bayer Leverkusen player Son Heung-min shot with his right foot in front of the goal line, the ball flew from the bottom right corner into the goal, the ball was scored! Bayer Leverkusen 1-3 Wolfsburg."}, {"id": "68", "s1": "0", "s2": "3", "s": "", "t": "57'", "m": "Shot!!! Bayer Leverkusen's right-footed shot from the right side of the penalty area was saved by the opposing goalkeeper. It was Rolfez who gave him the pass."}, {"id": "67", "s1": "0", "s2": "3", "s": "", "t": "56'", "m": "Bayer Leverkusen player Castro gave Delmić a straight kick but the referee raised a flag to show the latter was offside."}, {"id": "66", "s1": "0", "s2": "3", "s": "", "t": "55'", "m": "Bayer Leverkusen player Bella Rabi attempted a right-footed shot from outside the penalty area but unfortunately the ball went high above goal. It was Brent who gave him the pass."}, {"id": "65", "s1": "0", "s2": "3", "s": "", "t": "54'", "m": "Vierenia handled the ball out of the line and Bayer Leverkusen won a corner kick."}, {"id": "64", "s1": "0", "s2": "3", "s": "", "t": "52'", "m": "Calijuri won a free kick for Wolfsburg."}, {"id": "63", "s1": "0", "s2": "3", "s": "", "t": "52'", "m": "Bayer Leverkusen player Bernie scrambled for a foul and the opponent gained possession of the ball."}, {"id": "62", "s1": "0", "s2": "3", "s": "", "t": "50'", "m": "Yellow! Bayer Leverkusen player Spašić was shown a yellow card by the referee for a malicious foul."}, {"id": "61", "s1": "0", "s2": "3", "s": "", "t": "50'", "m": "Calijuri won a free kick for Wolfsburg on the right."}, {"id": "60", "s1": "0", "s2": "3", "s": "", "t": "50'", "m": "Bayer Leverkusen player Spašić scrambled for a foul and the opponent gained possession of the ball."}, {"id": "59", "s1": "0", "s2": "3", "s": "", "t": "49'", "m": "Bayer Leverkusen player Son Heung-min tried his right-footed shot from outside the penalty area, but unfortunately the ball was high above the top right corner. It was Castro who gave him the pass, whose direct free-kick almost formed an assist."}, {"id": "58", "s1": "0", "s2": "3", "s": "", "t": "49'", "m": "Wolfsburg player Gustavo was fouled for handball and the opponent was given the ball."}, {"id": "57", "s1": "0", "s2": "3", "s": "", "t": "45'", "m": "Bayer Leverkusen made a substitution, and Brent replaced Charhanolu"}, {"id": "56", "s1": "0", "s2": "3", "s": "", "t": "45'", "m": "Bayer Leverkusen made a substitution, with Rolfez replacing Ras-Bend"}, {"id": "55", "s1": "0", "s2": "3", "s": "", "t": "", "m": "At the start of the second half, Bayer Leverkusen 0-3 Wolfsburg"}, {"id": "54", "s1": "0", "s2": "3", "s": "", "t": "45'", "m": "Bayer Leverkusen made a substitution and Delmić replaced Kiesling"}, {"id": "53", "s1": "0", "s2": "3", "s": "", "t": "45'+1'", "m": "At the end of the first half, Bayer Leverkusen 0-3 Wolfsburg, with a short break, we will take a look at the performance of the two teams in the second half."}, {"id": "52", "s1": "0", "s2": "3", "s": "", "t": "43'", "m": "Wolfsburg player Calijuri scrambled for a foul and his opponent gained possession of the ball."}, {"id": "51", "s1": "0", "s2": "3", "s": "", "t": "43'", "m": "Russ Bend won a free kick for Bayer Leverkusen on the right."}, {"id": "50", "s1": "0", "s2": "3", "s": "", "t": "42'", "m": "Bernalio won a free kick for Wolfsburg."}, {"id": "49", "s1": "0", "s2": "3", "s": "", "t": "42'", "m": "Bayer Leverkusen player K. Papadopoulos scrambled for a foul and the opponent was given possession of the ball."}, {"id": "48", "s1": "0", "s2": "3", "s": "", "t": "42'", "m": "Knoch handled the ball out of the bottom line and Bayer Leverkusen won the corner."}, {"id": "47", "s1": "0", "s2": "3", "s": "", "t": "40'", "m": "De Bruyne won a free kick for Wolfsburg on the right."}, {"id": "46", "s1": "0", "s2": "3", "s": "", "t": "40'", "m": "Bayer Leverkusen player K. Papadopoulos scrambled for a foul and the opponent was given possession of the ball."}, {"id": "45", "s1": "0", "s2": "3", "s": "", "t": "38'", "m": "Wolfsburg player André Schürrle tried his right-footed shot from the centre of the penalty area, but unfortunately the ball went high above goal. It was De Bruyne who passed the ball to him."}, {"id": "44", "s1": "0", "s2": "3", "s": "", "t": "37'", "m": "Bayer Leverkusen's Bernishch attempted a header in the centre of the penalty area, but unfortunately the ball was slightly offside the right goal. It was Charhanoglu who gave him the ball."}, {"id": "43", "s1": "0", "s2": "3", "s": "", "t": "36'", "m": "Wolfsburg player Vierenia scrambled for a foul and the opponent was given possession."}, {"id": "42", "s1": "0", "s2": "3", "s": "", "t": "36'", "m": "Kiesling won a free kick for Bayer Leverkusen on the left."}, {"id": "41", "s1": "0", "s2": "3", "s": "", "t": "35'", "m": "Bayer Leverkusen player Spašić scrambled for a foul and the opponent gained possession of the ball."}, {"id": "40", "s1": "0", "s2": "3", "s": "", "t": "35'", "m": "Naldo won a free kick for Wolfsburg."}, {"id": "39", "s1": "0", "s2": "3", "s": "", "t": "35'", "m": "Wolfsburg player Gustavo scrambled for a foul and the opponent was given possession of the ball."}, {"id": "38", "s1": "0", "s2": "3", "s": "", "t": "35'", "m": "Russ Bend won a free kick for Bayer Leverkusen on the right."}, {"id": "37", "s1": "0", "s2": "3", "s": "", "t": "34'", "m": "Wolfsburg player André Schürrle fired a right-footed shot from the left side of the penalty area and hit the left upright of the goalpost. It was Rodriguez who passed the ball to him."}, {"id": "36", "s1": "0", "s2": "3", "s": "", "t": "33'", "m": "Bella Rabi won a free kick for Bayer Leverkusen at the opposing half."}, {"id": "35", "s1": "0", "s2": "3", "s": "", "t": "33'", "m": "Wolfsburg player Rodriguez scrambled for a foul and the opponent gained possession."}, {"id": "34", "s1": "0", "s2": "3", "s": "", "t": "31'", "m": "Naldo won a free kick for Wolfsburg."}, {"id": "33", "s1": "0", "s2": "3", "s": "", "t": "31'", "m": "Bayer Leverkusen player Kisling scrambled for a foul and the opponent was given possession of the ball."}, {"id": "32", "s1": "0", "s2": "3", "s": "", "t": "30'", "m": "De Bruyne won a free kick for Wolfsburg."}, {"id": "31", "s1": "0", "s2": "3", "s": "", "t": "30'", "m": "Bayer Leverkusen player Ras Bender scrambled for a foul and his opponent was given possession."}, {"id": "30", "s1": "0", "s2": "3", "s": "", "t": "29'", "m": "Goal!!! Wolfsburg player Dost's right-footed shot from the left side of the penalty area flew into the goal from the bottom right corner and the ball went in! Assisted by De Bruyne. Bayer Leverkusen 0-3 Wolfsburg."}, {"id": "29", "s1": "0", "s2": "2", "s": "", "t": "27'", "m": "Bayer Leverkusen's Charhanoglu attempted a right-footed shot from outside the penalty area, but the ball was deflected slightly off the right goal."}, {"id": "28", "s1": "0", "s2": "2", "s": "", "t": "26'", "m": "Spašić won a free kick for Bayer Leverkusen in the opposing half."}, {"id": "27", "s1": "0", "s2": "2", "s": "", "t": "26'", "m": "Wolfsburg player Gustavo scrambled for a foul and the opponent was given possession of the ball."}, {"id": "26", "s1": "0", "s2": "2", "s": "", "t": "26'", "m": "Hilbert won a free kick for Bayer Leverkusen on the right."}, {"id": "25", "s1": "0", "s2": "2", "s": "", "t": "26'", "m": "Wolfsburg player Gustavo scrambled for a foul and the opponent was given possession of the ball."}, {"id": "24", "s1": "0", "s2": "2", "s": "", "t": "24'", "m": "Gustavo won a free kick for Wolfsburg in the opposing half."}, {"id": "23", "s1": "0", "s2": "2", "s": "", "t": "24'", "m": "Bayer Leverkusen player Bellala competed for a foul and the opponent gained possession of the ball."}, {"id": "22", "s1": "0", "s2": "2", "s": "", "t": "23'", "m": "Bayer Leverkusen player K. Papadopoulos scrambled for a foul and the opponent was given possession of the ball."}, {"id": "21", "s1": "0", "s2": "2", "s": "", "t": "23'", "m": "Dost won a free kick for Wolfsburg in the opposing half."}, {"id": "20", "s1": "0", "s2": "2", "s": "", "t": "19'", "m": "Bayer Leverkusen player Bella Rabi attempted a right-footed shot from the right side of the penalty area, but unfortunately the ball went high above the top right corner. It was Charhanoglu who gave him the ball."}, {"id": "19", "s1": "0", "s2": "2", "s": "", "t": "18'", "m": "Kiesling won a free kick for Bayer Leverkusen on the left."}, {"id": "18", "s1": "0", "s2": "2", "s": "", "t": "18'", "m": "Wolfsburg player Calijuri scrambled for a foul and his opponent gained possession of the ball."}, {"id": "17", "s1": "0", "s2": "2", "s": "", "t": "17'", "m": "Goal!!! Wolfsburg player Naldo shot with his right foot, the ball flew from the bottom left corner into the goal, and the ball went in! Bayer Leverkusen 0-2 Wolfsburg."}, {"id": "16", "s1": "0", "s2": "1", "s": "", "t": "16'", "m": "Arnold won a free kick for Wolfsburg in the opposing half."}, {"id": "15", "s1": "0", "s2": "1", "s": "", "t": "16'", "m": "Bayer Leverkusen player Castro scrambled for a foul and the opponent gained possession of the ball."}, {"id": "14", "s1": "0", "s2": "1", "s": "", "t": "15'", "m": "Calijuri won a free kick for Wolfsburg on the right."}, {"id": "13", "s1": "0", "s2": "1", "s": "", "t": "15'", "m": "Bayer Leverkusen player Bernie scrambled for a foul and the opponent gained possession of the ball."}, {"id": "12", "s1": "0", "s2": "1", "s": "", "t": "14'", "m": "Wolfsburg player Vierenia threw the ball straight into André Schürrle, but the referee raised a flag to show that the latter was offside."}, {"id": "11", "s1": "0", "s2": "1", "s": "", "t": "12'", "m": "Shot!!! Wolfsburg player Rodriguez's left-footed shot was saved by the opposing goalkeeper."}, {"id": "10", "s1": "0", "s2": "1", "s": "", "t": "12'", "m": "Calijuri won a free kick for Wolfsburg on the right."}, {"id": "9", "s1": "0", "s2": "1", "s": "", "t": "12'", "m": "Bayer Leverkusen player Spašić scrambled for a foul and the opponent gained possession of the ball."}, {"id": "8", "s1": "0", "s2": "1", "s": "", "t": "8'", "m": "Rodriguez won a free kick for Wolfsburg on the left."}, {"id": "7", "s1": "0", "s2": "1", "s": "", "t": "8'", "m": "Bayer Leverkusen player Bellala competed for a foul and the opponent gained possession of the ball."}, {"id": "6", "s1": "0", "s2": "1", "s": "", "t": "7'", "m": "Shot!!! Bayer Leverkusen's Rass Bend's right-footed shot from outside the penalty area was saved by the opposing goalkeeper."}, {"id": "5", "s1": "0", "s2": "1", "s": "", "t": "6'", "m": "Goal!!! Wolfsburg player Dost's header from the centre of the penalty area, the ball flew from the bottom left corner into the goal, the ball was scored! Assisted by Vierinia. Bayer Leverkusen 0-1 Wolfsburg."}, {"id": "4", "s1": "0", "s2": "0", "s": "", "t": "3'", "m": "Bernalio handled the ball out of the box and Bayer Leverkusen won a corner kick."}, {"id": "3", "s1": "0", "s2": "0", "s": "", "t": "3'", "m": "Shot!!! Bayer Leverkusen's left-footed shot from the centre of the penalty area was saved by the opposing goalkeeper. It was Kislin who gave him the ball."}, {"id": "2", "s1": "0", "s2": "0", "s": "", "t": "2'", "m": "Bayer Leverkusen player Bernish cast a straight kick into Beira Rabbi, but the referee raised a flag to show that the latter was offside."}, {"id": "1", "s1": "0", "s2": "0", "s": "", "t": "", "m": "With a whistle from the referee, the first half of the game began."}]