[{"id": "105", "s1": "2", "s2": "3", "s": "", "t": "", "m": "The match ended with Stuttgart 2-3 Dortmund, thank you for watching Sina Football Live."}, {"id": "104", "s1": "2", "s2": "3", "s": "", "t": "90'+4'", "m": "At the end of the second half, Stuttgart 2-3 Borussia Dortmund"}, {"id": "103", "s1": "2", "s2": "3", "s": "", "t": "90'+4'", "m": "Piszczek won a free kick for Borussia Dortmund."}, {"id": "102", "s1": "2", "s2": "3", "s": "", "t": "90'+4'", "m": "Stuttgart player Ibisevic scrambled for a foul and the opponent was given possession of the ball."}, {"id": "101", "s1": "2", "s2": "3", "s": "", "t": "90'+3'", "m": "Weidenfehrer won a free kick for Borussia Dortmund."}, {"id": "100", "s1": "2", "s2": "3", "s": "", "t": "90'+3'", "m": "Stuttgart players scramble fouls and opponents get possession of the ball."}, {"id": "99", "s1": "2", "s2": "3", "s": "", "t": "90'+1'", "m": "Goal!!! Stuttgart player Niedermeier headed ahead of the goal line and the ball flew into the goal from the top left corner and the ball went in! The assist was Ibišević. Stuttgart 2-3 Dortmund."}, {"id": "98", "s1": "1", "s2": "3", "s": "", "t": "90'+1'", "m": "Papastathopoulos handled the ball out of the bottom line and Stuttgart won the corner."}, {"id": "97", "s1": "1", "s2": "3", "s": "", "t": "90'", "m": "Dortmund made a substitution, Andrel replaced Reuss"}, {"id": "96", "s1": "1", "s2": "3", "s": "", "t": "89'", "m": "Goal!!! Dortmund player Reuss fired a right-footed shot from the right side of the penalty area, the ball flew into the middle of the box and the ball went in! Stuttgart 1-3 Dortmund."}, {"id": "95", "s1": "1", "s2": "2", "s": "", "t": "88'", "m": "Borussia Dortmund player Papastathopoulos scrambled for a foul and the opponent was given possession of the ball."}, {"id": "94", "s1": "1", "s2": "2", "s": "", "t": "88'", "m": "Filip Kostic won a free kick for Stuttgart on the right."}, {"id": "93", "s1": "1", "s2": "2", "s": "", "t": "86'", "m": "The suspension ended and the players resumed playing."}, {"id": "92", "s1": "1", "s2": "2", "s": "", "t": "86'", "m": "Borussia Dortmund fell to the ground injured and the game was suspended"}, {"id": "91", "s1": "1", "s2": "2", "s": "", "t": "85'", "m": "Braszczykovski won a free kick for Borussia Dortmund on the right."}, {"id": "90", "s1": "1", "s2": "2", "s": "", "t": "85'", "m": "Stuttgart player Kako scrambled for a foul and the opponent was given possession."}, {"id": "89", "s1": "1", "s2": "2", "s": "", "t": "84'", "m": "Yellow! Stuttgart player Geoffroy Serey Dié was shown a yellow card by the referee for a malicious foul."}, {"id": "88", "s1": "1", "s2": "2", "s": "", "t": "84'", "m": "Gundogan won a free kick for Borussia Dortmund at the opposing half."}, {"id": "87", "s1": "1", "s2": "2", "s": "", "t": "84'", "m": "Stuttgart player Geoffroy Serey Dié scrambled for a foul and the opponent was given possession of the ball."}, {"id": "86", "s1": "1", "s2": "2", "s": "", "t": "81'", "m": "Borussia Dortmund player Mkhitaryan tucked the ball straight into Reuss, but the referee raised a flag to show the latter was offside."}, {"id": "85", "s1": "1", "s2": "2", "s": "", "t": "81'", "m": "Dortmund player Shaheen scrambled for a foul and the opponent gained possession."}, {"id": "84", "s1": "1", "s2": "2", "s": "", "t": "81'", "m": "Geoffroy Serey Dié won a free kick for Stuttgart at the opposing half."}, {"id": "83", "s1": "1", "s2": "2", "s": "", "t": "79'", "m": "Borussia Dortmund player Mkhitaryan tucked the ball straight into Reuss, but the referee raised a flag to show the latter was offside."}, {"id": "82", "s1": "1", "s2": "2", "s": "", "t": "78'", "m": "Stuttgart was replaced and Filip Kostic replaced Schwab"}, {"id": "81", "s1": "1", "s2": "2", "s": "", "t": "78'", "m": "Dortmund player Reus scrambled for a foul and the opponent was given possession."}, {"id": "80", "s1": "1", "s2": "2", "s": "", "t": "78'", "m": "Takatoku Sakai won a free kick for Stuttgart."}, {"id": "79", "s1": "1", "s2": "2", "s": "", "t": "77'", "m": "Ulreich handled the ball out of the bottom line and Borussia Dortmund won a corner kick."}, {"id": "78", "s1": "1", "s2": "2", "s": "", "t": "77'", "m": "Shot!!! Borussia Dortmund player Shaheen's left-footed shot from outside the penalty area was saved by the opposing goalkeeper."}, {"id": "77", "s1": "1", "s2": "2", "s": "", "t": "75'", "m": "Yellow! Borussia Dortmund player Piszczek was shown a yellow card by the referee for a malicious foul."}, {"id": "76", "s1": "1", "s2": "2", "s": "", "t": "75'", "m": "Borussia Dortmund player Piszczek scrambled for a foul and the opponent was given possession of the ball."}, {"id": "75", "s1": "1", "s2": "2", "s": "", "t": "75'", "m": "Kako won a free kick for Stuttgart on the left."}, {"id": "74", "s1": "1", "s2": "2", "s": "", "t": "72'", "m": "Stuttgart was replaced and Ibisevic replaced Hlosek"}, {"id": "73", "s1": "1", "s2": "2", "s": "", "t": "72'", "m": "Stuttgart player Takatoku Sakai tried his right-footed shot from outside the penalty area, but unfortunately the ball was slightly offside the right goal. The one who passed the ball to him was Florian Klein."}, {"id": "72", "s1": "1", "s2": "2", "s": "", "t": "71'", "m": "Borussia Dortmund player Subotic threw the ball straight into Aubameyang, but the referee raised a flag to show that the latter was offside."}, {"id": "71", "s1": "1", "s2": "2", "s": "", "t": "69'", "m": "Stuttgart player Leitner kicked the ball straight into Hloszek, but the referee raised a flag to show that the latter was offside."}, {"id": "70", "s1": "1", "s2": "2", "s": "", "t": "69'", "m": "Dortmund was replaced, and Braszczykovsky replaced Shinji Kagawa"}, {"id": "69", "s1": "1", "s2": "2", "s": "", "t": "68'", "m": "Mkhitaryan won a free kick for Borussia Dortmund."}, {"id": "68", "s1": "1", "s2": "2", "s": "", "t": "68'", "m": "Stuttgart player Takatoku Sakai scrambled for a foul and the opponent was given possession of the ball."}, {"id": "67", "s1": "1", "s2": "2", "s": "", "t": "67'", "m": "Borussia Dortmund player Shinji Kagawa sent the ball straight to Reus, but the referee raised a flag to show that the latter was offside."}, {"id": "66", "s1": "1", "s2": "2", "s": "", "t": "65'", "m": "Takatoku Sakai handled the ball out of the bottom line and Borussia Dortmund won a corner kick."}, {"id": "65", "s1": "1", "s2": "2", "s": "", "t": "57'", "m": "Borussia Dortmund player Pierre-Emerick Aubameyang scrambled for a foul and his opponent gained possession of the ball."}, {"id": "64", "s1": "1", "s2": "2", "s": "", "t": "57'", "m": "Geoffroy Serey Dié won a free kick for Stuttgart."}, {"id": "63", "s1": "1", "s2": "2", "s": "", "t": "56'", "m": "Stuttgart made a substitution and Leitner replaced Carlos Gruezo"}, {"id": "62", "s1": "1", "s2": "2", "s": "", "t": "55'", "m": "Dortmund player Shaheen scrambled for a foul and the opponent gained possession."}, {"id": "61", "s1": "1", "s2": "2", "s": "", "t": "55'", "m": "Harnick won a free kick for Stuttgart."}, {"id": "60", "s1": "1", "s2": "2", "s": "", "t": "54'", "m": "Borussia Dortmund player Aubameyang tucked the ball straight into Reus, but the referee raised a flag to show the latter was offside."}, {"id": "59", "s1": "1", "s2": "2", "s": "", "t": "53'", "m": "Ulreich handled the ball out of the bottom line and Borussia Dortmund won a corner kick."}, {"id": "58", "s1": "1", "s2": "2", "s": "", "t": "53'", "m": "Shot!!! Dortmund player Shinji Kagawa's right-footed shot from the left side of the penalty area was saved by the opposing goalkeeper. It was Aubameyang who gave him the ball."}, {"id": "57", "s1": "1", "s2": "2", "s": "", "t": "48'", "m": "Borussia Dortmund player Subotic attempted a header in the centre of the penalty area, but unfortunately the ball went high above the top right corner. It was Reus who gave him the pass."}, {"id": "56", "s1": "1", "s2": "2", "s": "", "t": "47'", "m": "Takatoku Sakai handled the ball out of the bottom line and Borussia Dortmund won a corner kick."}, {"id": "55", "s1": "1", "s2": "2", "s": "", "t": "47'", "m": "Borussia Dortmund's right-footed shot from the right side of the penalty area was blocked by a defender."}, {"id": "54", "s1": "1", "s2": "2", "s": "", "t": "46'", "m": "Stuttgart player Niedermeier kicked the ball straight into Hanik, but the referee raised a flag to show that the latter was offside."}, {"id": "53", "s1": "1", "s2": "2", "s": "", "t": "46'", "m": "Dortmund players scramble for fouls and opponents get possession of the ball."}, {"id": "52", "s1": "1", "s2": "2", "s": "", "t": "46'", "m": "Takatoku Sakai won a free kick for Stuttgart."}, {"id": "51", "s1": "1", "s2": "2", "s": "", "t": "", "m": "The second half began with Stuttgart 1-2 Borussia Dortmund"}, {"id": "50", "s1": "1", "s2": "2", "s": "", "t": "45'", "m": "Dortmund made a substitution, and Mkhitaryan replaced Kemp"}, {"id": "49", "s1": "1", "s2": "2", "s": "", "t": "45'+1'", "m": "At the end of the first half, Stuttgart 1-2 Borussia Dortmund, with a short break, we will take a look at the performance of the two teams in the second half."}, {"id": "48", "s1": "1", "s2": "2", "s": "", "t": "45'", "m": "Weidenfehrer won a free kick for Borussia Dortmund."}, {"id": "47", "s1": "1", "s2": "2", "s": "", "t": "45'", "m": "Stuttgart player Niedermeier scrambled for a foul and the opponent was given possession of the ball."}, {"id": "46", "s1": "1", "s2": "2", "s": "", "t": "44'", "m": "Dortmund player Subotic scrambled for a foul and the opponent gained possession of the ball."}, {"id": "45", "s1": "1", "s2": "2", "s": "", "t": "44'", "m": "Harnick won a free kick for Stuttgart on the left."}, {"id": "44", "s1": "1", "s2": "2", "s": "", "t": "43'", "m": "Reuss won a free kick for Borussia Dortmund."}, {"id": "43", "s1": "1", "s2": "2", "s": "", "t": "43'", "m": "Stuttgart player Carlos Gruezo scrambled for a foul and the opponent was given possession of the ball."}, {"id": "42", "s1": "1", "s2": "2", "s": "", "t": "39'", "m": "Goal!!! Dortmund player Gundogan fired a right-footed shot from the right side of the penalty area, the ball flew from the bottom right corner into the goal, and the ball went in! Stuttgart 1-2 Dortmund."}, {"id": "41", "s1": "1", "s2": "1", "s": "", "t": "38'", "m": "Dortmund player Schmelzer attempted a left-footed shot from outside the penalty area, but unfortunately the ball was slightly above goal."}, {"id": "40", "s1": "1", "s2": "1", "s": "", "t": "37'", "m": "Reuss won a free kick for Borussia Dortmund at the opposing half."}, {"id": "39", "s1": "1", "s2": "1", "s": "", "t": "37'", "m": "Stuttgart player Niedermeier scrambled for a foul and the opponent was given possession of the ball."}, {"id": "38", "s1": "1", "s2": "1", "s": "", "t": "34'", "m": "Borussia Dortmund player Aubameyang tried his left-footed shot from the centre of the penalty area, but unfortunately the ball went high above goal. It was Shaheen who gave him the ball."}, {"id": "37", "s1": "1", "s2": "1", "s": "", "t": "32'", "m": "Goal!!! Stuttgart player Florian Klein shot with a right-footed shot that flew from the bottom left corner into the goal and the ball went in! Stuttgart 1-1 Dortmund."}, {"id": "36", "s1": "0", "s2": "1", "s": "", "t": "31'", "m": "Dortmund player Shaheen committed a foul that resulted in the opponent getting a penalty."}, {"id": "35", "s1": "0", "s2": "1", "s": "", "t": "31'", "m": "Penalty, Niedermeier was violated inside the penalty area and Stuttgart was awarded a penalty."}, {"id": "34", "s1": "0", "s2": "1", "s": "", "t": "31'", "m": "Stuttgart player Timo Baumgartl's right-footed shot from the goal line was blocked by a defender. It was Kacao who gave him the pass."}, {"id": "33", "s1": "0", "s2": "1", "s": "", "t": "31'", "m": "Stuttgart player Kako attempted a right-footed shot from the centre of the penalty area, but unfortunately the ball deflected slightly off the left goal. The one who passed the ball to him was Florian Klein."}, {"id": "32", "s1": "0", "s2": "1", "s": "", "t": "30'", "m": "Schmelzer handled the ball out of the bottom line and Stuttgart won a corner kick."}, {"id": "31", "s1": "0", "s2": "1", "s": "", "t": "29'", "m": "Borussia Dortmund player Subotic threw the ball straight into Aubameyang, but the referee raised a flag to show that the latter was offside."}, {"id": "30", "s1": "0", "s2": "1", "s": "", "t": "29'", "m": "Stuttgart player Hanik tried his right-footed shot on the left side of the penalty area, but unfortunately the ball was slightly above the goal. It was Takatoku Sakai who gave him the ball."}, {"id": "29", "s1": "0", "s2": "1", "s": "", "t": "28'", "m": "Dortmund player Kemper scrambled for a foul and the opponent gained possession of the ball."}, {"id": "28", "s1": "0", "s2": "1", "s": "", "t": "28'", "m": "Geoffroy Serey Dié won a free kick for Stuttgart at the opposing half."}, {"id": "27", "s1": "0", "s2": "1", "s": "", "t": "25'", "m": "Goal!!! Borussia Dortmund player Aubameyang fired a right-footed shot from the centre of the penalty area, the ball flew into the middle of the box and the ball went in! Assisted by Shinji Kagawa. Stuttgart 0-1 Dortmund."}, {"id": "26", "s1": "0", "s2": "0", "s": "", "t": "21'", "m": "Stuttgart player Schwab tucked the ball straight into Florian Klein, but the referee raised a flag to show that the latter was offside."}, {"id": "25", "s1": "0", "s2": "0", "s": "", "t": "20'", "m": "Stuttgart player Geoffroy Serey Dié kicked the ball straight into Kakao, but the referee raised a flag to show that the latter was offside."}, {"id": "24", "s1": "0", "s2": "0", "s": "", "t": "20'", "m": "Shaheen won a free kick for Borussia Dortmund on the left."}, {"id": "23", "s1": "0", "s2": "0", "s": "", "t": "20'", "m": "Stuttgart player Hanik scrambled for a foul and the opponent was given possession of the ball."}, {"id": "22", "s1": "0", "s2": "0", "s": "", "t": "17'", "m": "Schmelzer won a free kick for Borussia Dortmund."}, {"id": "21", "s1": "0", "s2": "0", "s": "", "t": "17'", "m": "Stuttgart player Florian Klein scrambled for a foul and his opponent was given possession of the ball."}, {"id": "20", "s1": "0", "s2": "0", "s": "", "t": "16'", "m": "Stuttgart player Hanik tried his header in the middle of the penalty area, but unfortunately the ball was slightly above the goal. The one who passed the ball to him was Florian Klein."}, {"id": "19", "s1": "0", "s2": "0", "s": "", "t": "15'", "m": "Borussia Dortmund player Gundogan threw the ball straight into Aubameyang, but the referee raised a flag to show that the latter had been offside."}, {"id": "18", "s1": "0", "s2": "0", "s": "", "t": "15'", "m": "Shot!!! Dortmund player Gundogan's right-footed shot from outside the penalty area was saved by the opposing goalkeeper."}, {"id": "17", "s1": "0", "s2": "0", "s": "", "t": "13'", "m": "Reuss won a free kick for Borussia Dortmund at the opposing half."}, {"id": "16", "s1": "0", "s2": "0", "s": "", "t": "13'", "m": "Stuttgart player Niedermeier scrambled for a foul and the opponent was given possession of the ball."}, {"id": "15", "s1": "0", "s2": "0", "s": "", "t": "13'", "m": "Shot!!! Dortmund player Subotic's header from the centre of the penalty area was saved by the opposing goalkeeper. It was Reus who gave him the pass."}, {"id": "14", "s1": "0", "s2": "0", "s": "", "t": "12'", "m": "Ulreich handled the ball out of the bottom line and Borussia Dortmund won a corner kick."}, {"id": "13", "s1": "0", "s2": "0", "s": "", "t": "12'", "m": "Shot!!! Borussia Dortmund player Shaheen's header from the centre of the penalty area was saved by the opposing goalkeeper. It was Schmeltze who gave him the ball."}, {"id": "12", "s1": "0", "s2": "0", "s": "", "t": "12'", "m": "Gundogan won a free kick for Borussia Dortmund at the opposing half."}, {"id": "11", "s1": "0", "s2": "0", "s": "", "t": "12'", "m": "Stuttgart player Hloszek scrambled for a foul and the opponent was given possession of the ball."}, {"id": "10", "s1": "0", "s2": "0", "s": "", "t": "10'", "m": "Borussia Dortmund player Kemper threw the ball straight into Aubameyang, but the referee raised a flag to show that the latter was offside."}, {"id": "9", "s1": "0", "s2": "0", "s": "", "t": "10'", "m": "Shot!!! Dortmund player Campoir's right-footed shot from outside the penalty area was saved by the opposing goalkeeper. It was Piszczek who gave him the ball."}, {"id": "8", "s1": "0", "s2": "0", "s": "", "t": "8'", "m": "Yellow! Dortmund player Shinji Kagawa was shown a yellow card by the referee for a malicious foul."}, {"id": "7", "s1": "0", "s2": "0", "s": "", "t": "8'", "m": "Borussia Dortmund player Shinji Kagawa scrambled for a foul and his opponent was given possession of the ball."}, {"id": "6", "s1": "0", "s2": "0", "s": "", "t": "8'", "m": "Geoffroy Serey Dié won a free kick for Stuttgart at the opposing half."}, {"id": "5", "s1": "0", "s2": "0", "s": "", "t": "7'", "m": "Reuss won a free kick for Borussia Dortmund on the left."}, {"id": "4", "s1": "0", "s2": "0", "s": "", "t": "7'", "m": "Stuttgart player Geoffroy Serey Dié scrambled for a foul and the opponent was given possession of the ball."}, {"id": "3", "s1": "0", "s2": "0", "s": "", "t": "1'", "m": "Borussia Dortmund player Pierre-Emerick Aubameyang scrambled for a foul and his opponent gained possession of the ball."}, {"id": "2", "s1": "0", "s2": "0", "s": "", "t": "1'", "m": "Schwab won a free kick for Stuttgart."}, {"id": "1", "s1": "0", "s2": "0", "s": "", "t": "", "m": "With a whistle from the referee, the first half of the game began."}]