[{"id": "4301976", "s1": "0", "s2": "4", "s": "Finish", "t": "", "m": "Today's game will explain this to you, welcome you to continue to pay attention to the other wonderful event live programs sent to you by Sina Sports, thank you!"}, {"id": "4301974", "s1": "", "s2": "", "s": "", "t": "", "m": "", "lnk": {"title": "", "href": "http://www.sinaimg.cn/dy/slidenews/2_img/2014_45/730_1374440_819788.jpg", "type": "image", "extra": []}}, {"id": "4301973", "s1": "", "s2": "", "s": "", "t": "", "m": "", "lnk": {"title": "", "href": "http://www.sinaimg.cn/dy/slidenews/2_img/2014_45/730_1374439_482255.jpg", "type": "image", "extra": []}}, {"id": "4301971", "s1": "0", "s2": "4", "s": "Finish", "t": "", "m": "Shaqiri, who came off the bench, added the icing on the cake"}, {"id": "4301970", "s1": "0", "s2": "4", "s": "Finish", "t": "", "m": "Mueller scored a hat-trick in excellent form"}, {"id": "4301968", "s1": "0", "s2": "4", "s": "Finish", "t": "", "m": "Bayern won easily away to Eintracht Frankfurt"}, {"id": "4301965", "s1": "0", "s2": "4", "s": "Finish", "t": "", "m": "The whole game ends ~~~"}, {"id": "4301960", "s1": "0", "s2": "4", "s": "Next", "t": "46'", "m": "Replaced by No. 27 Ignawski"}, {"id": "4301957", "s1": "0", "s2": "4", "s": "Next", "t": "45'", "m": "Frankfurt replaced Makoto Hasebe"}, {"id": "4301954", "s1": "0", "s2": "4", "s": "Next", "t": "45'", "m": "A lateral shot was made and the defender could not see it at all, but unfortunately the ball was slightly offside"}, {"id": "4301953", "s1": "0", "s2": "4", "s": "Next", "t": "45'", "m": "Good risk ~~~~"}, {"id": "4301952", "s1": "0", "s2": "4", "s": "Next", "t": "45'", "m": "Robben ~~~"}, {"id": "4301946", "s1": "0", "s2": "4", "s": "Next", "t": "44'", "m": "Tourist 8213: Why did Arabba not go to the --- seriously injured and not come out until next January"}, {"id": "4301936", "s1": "0", "s2": "4", "s": "Next", "t": "43'", "m": "Robben turned back, Rod did not stop the ball directly in front of the goal ~ Shaqiri picked up a big bargain and pushed the empty goal"}, {"id": "4301932", "s1": "0", "s2": "4", "s": "Next", "t": "42'", "m": "Robben broke through and failed to pass the goalkeeper with a single knife"}, {"id": "4301929", "s1": "0", "s2": "4", "s": "Next", "t": "42'", "m": "Bayern next city"}, {"id": "4301927", "s1": "0", "s2": "4", "s": "Next", "t": "42'", "m": "Goooooooooooooooooooal~~~~~~~~~"}, {"id": "4301925", "s1": "0", "s2": "4", "s": "Next", "t": "42'", "m": "Shakiri ~~~"}, {"id": "4301924", "s1": "", "s2": "", "s": "", "t": "", "m": "", "lnk": {"title": "", "href": "http://www.sinaimg.cn/dy/slidenews/2_img/2014_45/730_1374431_523090.jpg", "type": "image", "extra": []}}, {"id": "4301922", "s1": "0", "s2": "3", "s": "Next", "t": "41'", "m": "The ball flew off the baseline against the upright"}, {"id": "4301921", "s1": "0", "s2": "3", "s": "Next", "t": "41'", "m": "Boateng ~ long-range shot from outside the box!"}, {"id": "4301920", "s1": "0", "s2": "3", "s": "Next", "t": "41'", "m": "Tactical corner kick~"}, {"id": "4301917", "s1": "0", "s2": "3", "s": "Next", "t": "41'", "m": "Bayern made a corner kick"}, {"id": "4301911", "s1": "0", "s2": "3", "s": "Next", "t": "40'", "m": "He hit the door and was blocked by the defender"}, {"id": "4301907", "s1": "0", "s2": "3", "s": "Next", "t": "40'", "m": "Robben in the middle of the road with the ball ~ ~ ~ did not give"}, {"id": "4301902", "s1": "0", "s2": "3", "s": "Next", "t": "39'", "m": "Blocked out"}, {"id": "4301900", "s1": "0", "s2": "3", "s": "Next", "t": "39'", "m": "Left-foot shot ~ I want to go through the crotch of the goalkeeper"}, {"id": "4301899", "s1": "0", "s2": "3", "s": "Next", "t": "39'", "m": "Götze burst into the forbidden zone ~~~"}, {"id": "4301882", "s1": "0", "s2": "3", "s": "Next", "t": "38'", "m": "This game is already without suspense"}, {"id": "4301880", "s1": "0", "s2": "3", "s": "Next", "t": "38'", "m": "Frankfurt replaced Aigner with Piazon No. 19"}, {"id": "4301872", "s1": "0", "s2": "3", "s": "Next", "t": "37'", "m": "The goalkeeper pounced, and Götze failed to take advantage of the perfect opportunity"}, {"id": "4301869", "s1": "0", "s2": "3", "s": "Next", "t": "37'", "m": "Also bring ~~~"}, {"id": "4301865", "s1": "0", "s2": "3", "s": "Next", "t": "37'", "m": "Götze ~ ~ single knife facing the goalkeeper"}, {"id": "4301853", "s1": "0", "s2": "3", "s": "Next", "t": "36'", "m": "Frankfurt's flank attack ~~~ Aigner is offside"}, {"id": "4301838", "s1": "0", "s2": "3", "s": "Next", "t": "35'", "m": "I hit the door myself ~ ~ ~ shot too straight"}, {"id": "4301837", "s1": "0", "s2": "3", "s": "Next", "t": "34'", "m": "There is no chance of crosses"}, {"id": "4301836", "s1": "0", "s2": "3", "s": "Next", "t": "34'", "m": "Bernat attacked the penalty area~"}, {"id": "4301828", "s1": "0", "s2": "3", "s": "Next", "t": "34'", "m": "Neuer was finally able to make a save"}, {"id": "4301826", "s1": "0", "s2": "3", "s": "Next", "t": "34'", "m": "Unfortunately, this shot did not hit the force"}, {"id": "4301824", "s1": "0", "s2": "3", "s": "Next", "t": "33'", "m": "Makoto Hasebe grabbed the ball in front of the field and directly plugged his teammates"}, {"id": "4301818", "s1": "0", "s2": "3", "s": "Next", "t": "33'", "m": "Frankfurt also created an opportunity"}, {"id": "4301813", "s1": "", "s2": "", "s": "", "t": "", "m": "", "lnk": {"title": "", "href": "http://www.sinaimg.cn/dy/slidenews/2_img/2014_45/730_1374430_738230.jpg", "type": "image", "extra": []}}, {"id": "4301803", "s1": "0", "s2": "3", "s": "Next", "t": "32'", "m": "Shaqiri wrapped up the door in the middle of the way and fired anti-aircraft guns"}, {"id": "4301800", "s1": "0", "s2": "3", "s": "Next", "t": "32'", "m": "Rafinha came back with a cross from the bottom"}, {"id": "4301796", "s1": "0", "s2": "3", "s": "Next", "t": "32'", "m": "Shaqiri came up and almost scored"}, {"id": "4301795", "s1": "0", "s2": "3", "s": "Next", "t": "32'", "m": "Wow."}, {"id": "4301793", "s1": "0", "s2": "3", "s": "Next", "t": "32'", "m": "The bearded Ribery was replaced"}, {"id": "4301791", "s1": "0", "s2": "3", "s": "Next", "t": "31'", "m": "Replaced by Shaqiri"}, {"id": "4301790", "s1": "0", "s2": "3", "s": "Next", "t": "31'", "m": "Bayern made one last substitution"}, {"id": "4301781", "s1": "0", "s2": "3", "s": "Next", "t": "30'", "m": "Robben's corner kick crossed the goal and no one touched it"}, {"id": "4301780", "s1": "0", "s2": "3", "s": "Next", "t": "29'", "m": "Bayern made another corner kick"}, {"id": "4301776", "s1": "0", "s2": "3", "s": "Next", "t": "28'", "m": "Ribery drove in a corner and the goalkeeper struck the ball out of the box with two punches"}, {"id": "4301773", "s1": "0", "s2": "3", "s": "Next", "t": "28'", "m": "A 3-goal lead could get these veterans down to rest"}, {"id": "4301768", "s1": "0", "s2": "3", "s": "Next", "t": "27'", "m": "Replaced by Captain Ram"}, {"id": "4301767", "s1": "0", "s2": "3", "s": "Next", "t": "27'", "m": "Bayern replaced Rod"}, {"id": "4301765", "s1": "0", "s2": "3", "s": "Next", "t": "27'", "m": "The defender kept the ball out of bounds on the edge of the penalty area"}, {"id": "4301762", "s1": "0", "s2": "3", "s": "Next", "t": "27'", "m": "Directly hit the door"}, {"id": "4301761", "s1": "0", "s2": "3", "s": "Next", "t": "27'", "m": "Robben takes the ball ~~"}, {"id": "4301756", "s1": "0", "s2": "3", "s": "Next", "t": "25'", "m": "Götze's direct pass was intercepted by a closed defender"}, {"id": "4301754", "s1": "0", "s2": "3", "s": "Next", "t": "25'", "m": "Bayern almost formed a single knife again"}, {"id": "4301753", "s1": "0", "s2": "3", "s": "Next", "t": "25'", "m": "It's an attack in the middle again"}, {"id": "4301750", "s1": "0", "s2": "3", "s": "Next", "t": "24'", "m": "Sefrovic pulled a cross from the sidelines"}, {"id": "4301747", "s1": "0", "s2": "3", "s": "Next", "t": "23'", "m": "Levan wasted nothing more than a single knife today"}, {"id": "4301745", "s1": "0", "s2": "3", "s": "Next", "t": "23'", "m": "Replaced by Lewandowski"}, {"id": "4301744", "s1": "0", "s2": "3", "s": "Next", "t": "23'", "m": "Bayern replaced Robben"}, {"id": "4301740", "s1": "0", "s2": "3", "s": "Next", "t": "22'", "m": "Mueller's state today is too anti-heavenly"}, {"id": "4301738", "s1": "0", "s2": "3", "s": "Next", "t": "22'", "m": "Bayern's ball was fast on the sideline, and Götze's light bounce gave Mueller a one-handed chance ~ Mueller shoveled the ball into the ground under Chandler's close interference"}, {"id": "4301735", "s1": "0", "s2": "3", "s": "Next", "t": "22'", "m": "Goooooooooooooooooal~~~~~~~~"}, {"id": "4301733", "s1": "0", "s2": "3", "s": "Next", "t": "22'", "m": "Mueller ~~"}, {"id": "4301729", "s1": "0", "s2": "2", "s": "Next", "t": "21'", "m": "The referee pulled out a yellow card"}, {"id": "4301728", "s1": "0", "s2": "2", "s": "Next", "t": "21'", "m": "Ribery ~ midfield tackle foul"}, {"id": "4301726", "s1": "", "s2": "", "s": "", "t": "", "m": "", "lnk": {"title": "", "href": "http://www.sinaimg.cn/dy/slidenews/2_img/2014_45/730_1374424_937846.jpg", "type": "image", "extra": []}}, {"id": "4301723", "s1": "0", "s2": "2", "s": "Next", "t": "20'", "m": "A picky pass from Ram, Ribery's anti-offside did not greedily but passed the ball to the unguarded Mueller ~ facing the attacking goalkeeper Mueller easily pushed into the far corner"}, {"id": "4301717", "s1": "0", "s2": "2", "s": "Next", "t": "19'", "m": "Goooooooooooooooooal~~~~~~~~~~"}, {"id": "4301716", "s1": "0", "s2": "2", "s": "Next", "t": "19'", "m": "Mueller ~~~"}, {"id": "4301715", "s1": "0", "s2": "1", "s": "Next", "t": "19'", "m": "Ram pretty picky pass~"}, {"id": "4301708", "s1": "0", "s2": "1", "s": "Next", "t": "18'", "m": "Ribery's dribble was broken"}, {"id": "4301703", "s1": "0", "s2": "1", "s": "Next", "t": "16'", "m": "However, the referee did not draw cards"}, {"id": "4301702", "s1": "0", "s2": "1", "s": "Next", "t": "16'", "m": "Slow-motion looks before Bayern created chances, while Frankfurt's defender was fouled for handball"}, {"id": "4301700", "s1": "0", "s2": "1", "s": "Next", "t": "16'", "m": "The header was deflected off the top"}, {"id": "4301699", "s1": "0", "s2": "1", "s": "Next", "t": "16'", "m": "Frankfurt's cross from the left was undefended by Stendra"}, {"id": "4301696", "s1": "0", "s2": "1", "s": "Next", "t": "15'", "m": "Slow motion is somewhat invisible"}, {"id": "4301695", "s1": "0", "s2": "1", "s": "Next", "t": "15'", "m": "Blew up Levan handball?"}, {"id": "4301694", "s1": "0", "s2": "1", "s": "Next", "t": "15'", "m": "The referee's whistle is too slow ~~"}, {"id": "4301691", "s1": "0", "s2": "1", "s": "Next", "t": "15'", "m": "Levan received a pass from Götze and formed a single knife"}, {"id": "4301689", "s1": "0", "s2": "1", "s": "Next", "t": "15'", "m": "Bayern have a good chance"}, {"id": "4301676", "s1": "0", "s2": "1", "s": "Next", "t": "13'", "m": "In slow motion, the side cut's blow this time is very accurate"}, {"id": "4301675", "s1": "0", "s2": "1", "s": "Next", "t": "13'", "m": "Eintracht Frankfurt attacked with the ball, and this side was also offside"}, {"id": "4301663", "s1": "0", "s2": "1", "s": "Next", "t": "11'", "m": "Is Mueller offside again?"}, {"id": "4301659", "s1": "0", "s2": "1", "s": "Next", "t": "11'", "m": "The referee whistled"}, {"id": "4301657", "s1": "0", "s2": "1", "s": "Next", "t": "11'", "m": "Ribery passed the back point ~"}, {"id": "4301654", "s1": "0", "s2": "1", "s": "Next", "t": "11'", "m": "Bayern's corner kick"}, {"id": "4301653", "s1": "0", "s2": "1", "s": "Next", "t": "11'", "m": "The extremely difficult header was scored by the goalkeeper who saved Levan's header"}, {"id": "4301650", "s1": "0", "s2": "1", "s": "Next", "t": "11'", "m": "Müller crossed to find Levan ~~~"}, {"id": "4301649", "s1": "0", "s2": "1", "s": "Next", "t": "10'", "m": "Bayern pressed up"}, {"id": "4301639", "s1": "0", "s2": "1", "s": "Next", "t": "9'", "m": "It should be that Shaf's emotions are somewhat out of control"}, {"id": "4301637", "s1": "0", "s2": "1", "s": "Next", "t": "9'", "m": "Something was said to Schaaf"}, {"id": "4301636", "s1": "0", "s2": "1", "s": "Next", "t": "9'", "m": "The referee walked towards the sidelines"}, {"id": "4301627", "s1": "0", "s2": "1", "s": "Next", "t": "8'", "m": "Got blown foul"}, {"id": "4301626", "s1": "0", "s2": "1", "s": "Next", "t": "8'", "m": "Mayer ~ header!"}, {"id": "4301625", "s1": "0", "s2": "1", "s": "Next", "t": "8'", "m": "Cross from the left to come in"}, {"id": "4301623", "s1": "0", "s2": "1", "s": "Next", "t": "8'", "m": "The ball was still under Frankfurt's control"}, {"id": "4301621", "s1": "0", "s2": "1", "s": "Next", "t": "8'", "m": "However, the Bayern defender made a mistake with the ball"}, {"id": "4301619", "s1": "0", "s2": "1", "s": "Next", "t": "8'", "m": "The fight was too simple and rough"}, {"id": "4301617", "s1": "0", "s2": "1", "s": "Next", "t": "8'", "m": "Frankfurt had the opportunity to fight back"}, {"id": "4301616", "s1": "0", "s2": "1", "s": "Next", "t": "7'", "m": "The pass was blocked by a defender"}, {"id": "4301615", "s1": "0", "s2": "1", "s": "Next", "t": "7'", "m": "Götze and Levan sought cooperation"}, {"id": "4301604", "s1": "0", "s2": "1", "s": "Next", "t": "7'", "m": "The cross is not good"}, {"id": "4301602", "s1": "0", "s2": "1", "s": "Next", "t": "6'", "m": "Eintracht Frankfurt opened a set-piece.~"}, {"id": "4301601", "s1": "0", "s2": "1", "s": "Next", "t": "6'", "m": "Ribery was fouled in the fight with Aigner"}, {"id": "4301596", "s1": "0", "s2": "1", "s": "Next", "t": "6'", "m": "The cross was picked up by the goalkeeper"}, {"id": "4301595", "s1": "0", "s2": "1", "s": "Next", "t": "6'", "m": "Ram got to the wing.~"}, {"id": "4301592", "s1": "0", "s2": "1", "s": "Next", "t": "5'", "m": "Levan received a direct thrust from his teammate and was whistled offside"}, {"id": "4301591", "s1": "0", "s2": "1", "s": "Next", "t": "5'", "m": "Offside again ~~~"}, {"id": "4301588", "s1": "0", "s2": "1", "s": "Next", "t": "5'", "m": "After taking a 1-0 lead, Bayern played more conservatively"}, {"id": "4301575", "s1": "0", "s2": "1", "s": "Next", "t": "3'", "m": "Offside"}, {"id": "4301574", "s1": "0", "s2": "1", "s": "Next", "t": "3'", "m": "Frankfurt mid-road counterattack ~"}, {"id": "4301572", "s1": "0", "s2": "1", "s": "Next", "t": "3'", "m": "Götze was unable to get the ball under the interference of the opposing defender"}, {"id": "4301570", "s1": "0", "s2": "1", "s": "Next", "t": "3'", "m": "Dan long long pass attack"}, {"id": "4301561", "s1": "0", "s2": "1", "s": "Next", "t": "1'", "m": "There were no substitutions for either team"}, {"id": "4301557", "s1": "0", "s2": "1", "s": "Next", "t": "1'", "m": "The second half of the game began~"}, {"id": "4301552", "s1": "0", "s2": "1", "s": "Midfielder", "t": "", "m": "Welcome back"}, {"id": "4301470", "s1": "0", "s2": "1", "s": "Midfielder", "t": "", "m": "Rest and come back later.~"}, {"id": "4301469", "s1": "", "s2": "", "s": "", "t": "", "m": "", "lnk": {"title": "", "href": "http://www.sinaimg.cn/dy/slidenews/2_img/2014_45/730_1374413_137183.jpg", "type": "image", "extra": []}}, {"id": "4301468", "s1": "", "s2": "", "s": "", "t": "", "m": "", "lnk": {"title": "", "href": "http://www.sinaimg.cn/dy/slidenews/2_img/2014_45/730_1374412_624099.jpg", "type": "image", "extra": []}}, {"id": "4301466", "s1": "0", "s2": "1", "s": "Midfielder", "t": "", "m": "If it weren't for Muller's old offside Levan squandering opportunities, Bayern would have taken a big lead"}, {"id": "4301461", "s1": "0", "s2": "1", "s": "Midfielder", "t": "", "m": "Although Eintracht Frankfurt's tactics at home are very positive, the gap between the teams is simply too big"}, {"id": "4301456", "s1": "0", "s2": "1", "s": "Midfielder", "t": "", "m": "With Müller's goal, Bayern temporarily led Eintracht Frankfurt 1-0 away from home"}, {"id": "4301454", "s1": "0", "s2": "1", "s": "Midfielder", "t": "", "m": "The referee blew the whistle at the end of the first half of the game"}, {"id": "4301446", "s1": "0", "s2": "1", "s": "on", "t": "46'", "m": "That's it in the first half"}, {"id": "4301441", "s1": "", "s2": "", "s": "", "t": "", "m": "", "lnk": {"title": "", "href": "http://www.sinaimg.cn/dy/slidenews/2_img/2014_45/730_1374414_835057.jpg", "type": "image", "extra": []}}, {"id": "4301437", "s1": "0", "s2": "1", "s": "on", "t": "45'", "m": "Frankfurt's corner still can't pose a threat"}, {"id": "4301434", "s1": "0", "s2": "1", "s": "on", "t": "45'", "m": "Barely hit the goal on the edge of the penalty area, hitting the defender's leg and out of the box"}, {"id": "4301432", "s1": "0", "s2": "1", "s": "on", "t": "44'", "m": "Aigner is too slow"}, {"id": "4301429", "s1": "0", "s2": "1", "s": "on", "t": "44'", "m": "Frankfurt also counterattacked"}, {"id": "4301427", "s1": "0", "s2": "1", "s": "on", "t": "44'", "m": "Wasted a single knife"}, {"id": "4301426", "s1": "0", "s2": "1", "s": "on", "t": "44'", "m": "The stop ball was stopped and confiscated by the goalkeeper"}, {"id": "4301422", "s1": "0", "s2": "1", "s": "on", "t": "44'", "m": "There's still a chance ~ Levan"}, {"id": "4301421", "s1": "0", "s2": "1", "s": "on", "t": "44'", "m": "Mueller ran past the front point"}, {"id": "4301418", "s1": "0", "s2": "1", "s": "on", "t": "44'", "m": "Bayern's wing cross~"}, {"id": "4301407", "s1": "0", "s2": "1", "s": "on", "t": "43'", "m": "Seflovic went all the way back, making a cameo appearance as a defender"}, {"id": "4301406", "s1": "0", "s2": "1", "s": "on", "t": "43'", "m": "Ram diagonally crossed the side~"}, {"id": "4301404", "s1": "0", "s2": "1", "s": "on", "t": "42'", "m": "Bayern's counterattack ~"}, {"id": "4301396", "s1": "0", "s2": "1", "s": "on", "t": "42'", "m": "Good ball ~ Neuer pounced on the opponent's direct set-piece"}, {"id": "4301395", "s1": "0", "s2": "1", "s": "on", "t": "42'", "m": "Tourist 5847: How did Robben not go to --- cold on a cold day"}, {"id": "4301391", "s1": "0", "s2": "1", "s": "on", "t": "41'", "m": "A good set-piece opportunity in Eintracht Frankfurt"}, {"id": "4301390", "s1": "0", "s2": "1", "s": "on", "t": "41'", "m": "Ribery ~ ~ when competing for the high ball handball"}, {"id": "4301389", "s1": "0", "s2": "1", "s": "on", "t": "41'", "m": "Frankfurt's corner kick was tipped over"}, {"id": "4301387", "s1": "0", "s2": "1", "s": "on", "t": "41'", "m": "Neuer blocked the ball out of the bottom line"}, {"id": "4301386", "s1": "0", "s2": "1", "s": "on", "t": "40'", "m": "Turn around and cross~"}, {"id": "4301385", "s1": "0", "s2": "1", "s": "on", "t": "40'", "m": "Severovich squeezed Boateng"}, {"id": "4301382", "s1": "0", "s2": "1", "s": "on", "t": "40'", "m": "Sure enough, it was the door waist~"}, {"id": "4301381", "s1": "0", "s2": "1", "s": "on", "t": "40'", "m": "Neuer ran out of the box to cooperate with his teammates"}, {"id": "4301373", "s1": "0", "s2": "1", "s": "on", "t": "39'", "m": "Alonso's set-piece cross was headed over by Mayer"}, {"id": "4301372", "s1": "0", "s2": "1", "s": "on", "t": "39'", "m": "No. 16 Aigner also received a yellow card for this"}, {"id": "4301368", "s1": "0", "s2": "1", "s": "on", "t": "38'", "m": "Ribery was put down when he broke through"}, {"id": "4301359", "s1": "0", "s2": "1", "s": "on", "t": "37'", "m": "Bayern have exceeded 70% of the possession time"}, {"id": "4301353", "s1": "0", "s2": "1", "s": "on", "t": "36'", "m": "Cross forward point ~ ~ teammate's header top out of the bottom line"}, {"id": "4301350", "s1": "0", "s2": "1", "s": "on", "t": "36'", "m": "Ribery to handle"}, {"id": "4301346", "s1": "0", "s2": "1", "s": "on", "t": "35'", "m": "Levan forced a corner kick"}, {"id": "4301345", "s1": "0", "s2": "1", "s": "on", "t": "35'", "m": "Bayern attacked from the flanks"}, {"id": "4301341", "s1": "0", "s2": "1", "s": "on", "t": "34'", "m": "Offside again"}, {"id": "4301339", "s1": "0", "s2": "1", "s": "on", "t": "34'", "m": "Or Mueller..."}, {"id": "4301337", "s1": "0", "s2": "1", "s": "on", "t": "34'", "m": "Bayern left straight pass ~"}, {"id": "4301326", "s1": "0", "s2": "1", "s": "on", "t": "32'", "m": "Gave Chandler a yellow card"}, {"id": "4301324", "s1": "0", "s2": "1", "s": "on", "t": "32'", "m": "Now the referee is going to draw the cards"}, {"id": "4301323", "s1": "0", "s2": "1", "s": "on", "t": "32'", "m": "Chandler kicked Ribery behind him"}, {"id": "4301314", "s1": "0", "s2": "1", "s": "on", "t": "31'", "m": "You have to be careful"}, {"id": "4301312", "s1": "0", "s2": "1", "s": "on", "t": "31'", "m": "Dante committed another foul in midfield"}, {"id": "4301310", "s1": "0", "s2": "1", "s": "on", "t": "31'", "m": "Neither of them closed their feet"}, {"id": "4301306", "s1": "0", "s2": "1", "s": "on", "t": "31'", "m": "It's hard to say who fouled"}, {"id": "4301305", "s1": "0", "s2": "1", "s": "on", "t": "31'", "m": "Makoto Hasebe was kicked when he grabbed the ball with Ribery"}, {"id": "4301297", "s1": "0", "s2": "1", "s": "on", "t": "30'", "m": "Russ ~ Scrambling action was blown foul"}, {"id": "4301295", "s1": "0", "s2": "1", "s": "on", "t": "30'", "m": "The cross was topped off by Dante"}, {"id": "4301292", "s1": "0", "s2": "1", "s": "on", "t": "30'", "m": "Eintracht Frankfurt's forward set-pieces"}, {"id": "4301287", "s1": "0", "s2": "1", "s": "on", "t": "29'", "m": "Back in time Dante fouled defensively in midfield"}, {"id": "4301281", "s1": "0", "s2": "1", "s": "on", "t": "28'", "m": "Dante jumped up and headed the ball straight up and down"}, {"id": "4301279", "s1": "0", "s2": "1", "s": "on", "t": "28'", "m": "Alonso set-pieces into the penalty area.~"}, {"id": "4301275", "s1": "0", "s2": "1", "s": "on", "t": "27'", "m": "Bayern set-pieces in front"}, {"id": "4301274", "s1": "0", "s2": "1", "s": "on", "t": "27'", "m": "The side road pick-up was put down"}, {"id": "4301273", "s1": "0", "s2": "1", "s": "on", "t": "27'", "m": "Levan couldn't get the ball in the middle"}, {"id": "4301270", "s1": "", "s2": "", "s": "", "t": "", "m": "", "lnk": {"title": "", "href": "http://www.sinaimg.cn/dy/slidenews/2_img/2014_45/730_1374409_437108.jpg", "type": "image", "extra": []}}, {"id": "4301265", "s1": "0", "s2": "1", "s": "on", "t": "26'", "m": "The misjudgment of the referee"}, {"id": "4301264", "s1": "0", "s2": "1", "s": "on", "t": "26'", "m": "Götze's cross ~ slow motion to see Mueller is not offside"}, {"id": "4301263", "s1": "0", "s2": "1", "s": "on", "t": "26'", "m": "Offside again"}, {"id": "4301261", "s1": "0", "s2": "1", "s": "on", "t": "25'", "m": "Götze took the ball on the flank.~"}, {"id": "4301258", "s1": "0", "s2": "1", "s": "on", "t": "25'", "m": "Mueller's reverse plug should be slightly offside"}, {"id": "4301257", "s1": "0", "s2": "1", "s": "on", "t": "25'", "m": "Mueller ~ offside"}, {"id": "4301256", "s1": "0", "s2": "1", "s": "on", "t": "25'", "m": "Frankfurt is now completely suppressed"}, {"id": "4301249", "s1": "0", "s2": "1", "s": "on", "t": "23'", "m": "Bayern immediately blocked the second attack, the wall-bumping combination of the side tore through the opposing defense, ribery's low flat ball crossed the door before ~ ~ Müller's shot was blocked for a moment and then used his thigh to pad the ball into the empty goal"}, {"id": "4301242", "s1": "0", "s2": "1", "s": "on", "t": "23'", "m": "Still not blocked"}, {"id": "4301241", "s1": "0", "s2": "1", "s": "on", "t": "23'", "m": "Goooooooooooooooooal~~~~"}, {"id": "4301239", "s1": "0", "s2": "1", "s": "on", "t": "23'", "m": "Mueller ~~~"}, {"id": "4301238", "s1": "0", "s2": "0", "s": "on", "t": "23'", "m": "Müller slowed down half a beat as the goalkeeper struck to clear the ball"}, {"id": "4301236", "s1": "0", "s2": "0", "s": "on", "t": "23'", "m": "Götze Middle Road Straight Plug~"}, {"id": "4301234", "s1": "0", "s2": "0", "s": "on", "t": "22'", "m": "Good ball ~"}, {"id": "4301230", "s1": "0", "s2": "0", "s": "on", "t": "22'", "m": "Rafinha stomped on the instep of Sefrovic's foot when he grabbed the ball"}, {"id": "4301228", "s1": "0", "s2": "0", "s": "on", "t": "21'", "m": "On the pitch there were Eintracht Frankfurt players who fell to the ground"}, {"id": "4301226", "s1": "0", "s2": "0", "s": "on", "t": "21'", "m": "Bernat stopped the ball and hit the leggings and the ball went out of the line"}, {"id": "4301225", "s1": "0", "s2": "0", "s": "on", "t": "21'", "m": "Alonso's long pass splits the side ~~"}, {"id": "4301223", "s1": "0", "s2": "0", "s": "on", "t": "20'", "m": "It can be said that Schaaf did not play conservatively today"}, {"id": "4301220", "s1": "0", "s2": "0", "s": "on", "t": "20'", "m": "Frankfurt gave Bayern a lot of room to fight back"}, {"id": "4301217", "s1": "0", "s2": "0", "s": "on", "t": "20'", "m": "The force was slightly greater, and the opposing defender turned around and released the siege"}, {"id": "4301215", "s1": "0", "s2": "0", "s": "on", "t": "19'", "m": "Muller stopped the ball in his chest and turned to Levan in front"}, {"id": "4301211", "s1": "0", "s2": "0", "s": "on", "t": "19'", "m": "It was the ball passed to Müller again"}, {"id": "4301210", "s1": "0", "s2": "0", "s": "on", "t": "19'", "m": "The goalkeeper strikes in time to confiscate the ball"}, {"id": "4301208", "s1": "0", "s2": "0", "s": "on", "t": "19'", "m": "Götze turned around and plugged straight"}, {"id": "4301205", "s1": "", "s2": "", "s": "", "t": "", "m": "", "lnk": {"title": "", "href": "http://www.sinaimg.cn/dy/slidenews/2_img/2014_45/730_1374398_696677.jpg", "type": "image", "extra": []}}, {"id": "4301204", "s1": "0", "s2": "0", "s": "on", "t": "18'", "m": "Mueller looks good today"}, {"id": "4301203", "s1": "0", "s2": "0", "s": "on", "t": "17'", "m": "It would have been nice if the ball had chosen to cross to Levan"}, {"id": "4301202", "s1": "0", "s2": "0", "s": "on", "t": "17'", "m": "Mueller's header was picked up by the goalkeeper"}, {"id": "4301201", "s1": "0", "s2": "0", "s": "on", "t": "17'", "m": "Cross ~~ landing point is good"}, {"id": "4301200", "s1": "0", "s2": "0", "s": "on", "t": "17'", "m": "See if Alonso shoots directly or directly"}, {"id": "4301199", "s1": "0", "s2": "0", "s": "on", "t": "17'", "m": "It was a bit out of the goal"}, {"id": "4301196", "s1": "0", "s2": "0", "s": "on", "t": "16'", "m": "Bayern's long-range forward set-pieces"}, {"id": "4301195", "s1": "0", "s2": "0", "s": "on", "t": "16'", "m": "穆勒这次被放倒，The referee whistled"}, {"id": "4301188", "s1": "0", "s2": "0", "s": "on", "t": "14'", "m": "The referee did not blow the whistle"}, {"id": "4301186", "s1": "0", "s2": "0", "s": "on", "t": "14'", "m": "Götze was brought down with the ball"}, {"id": "4301181", "s1": "0", "s2": "0", "s": "on", "t": "13'", "m": "But how long can this high-intensity scramble last?"}, {"id": "4301179", "s1": "0", "s2": "0", "s": "on", "t": "13'", "m": "Frankfurt's tough defence in midfield made Bayern a little uncomfortable"}, {"id": "4301177", "s1": "0", "s2": "0", "s": "on", "t": "12'", "m": "Alonso's long pass failed to overtake Russ's head"}, {"id": "4301174", "s1": "0", "s2": "0", "s": "on", "t": "12'", "m": "No one was there in front of the door"}, {"id": "4301171", "s1": "0", "s2": "0", "s": "on", "t": "12'", "m": "Frankfurt's right-hand side under the bottom cross ~~~"}, {"id": "4301167", "s1": "0", "s2": "0", "s": "on", "t": "11'", "m": "The game continues~"}, {"id": "4301165", "s1": "0", "s2": "0", "s": "on", "t": "11'", "m": "It hurts to watch"}, {"id": "4301164", "s1": "0", "s2": "0", "s": "on", "t": "11'", "m": "Mueller met his head when he grabbed the header with Makoto Hasebe"}, {"id": "4301161", "s1": "0", "s2": "0", "s": "on", "t": "11'", "m": "A player on the field fell to the ground injured"}, {"id": "4301157", "s1": "0", "s2": "0", "s": "on", "t": "11'", "m": "However, in slow motion, Mayer is offside"}, {"id": "4301156", "s1": "0", "s2": "0", "s": "on", "t": "10'", "m": "The header was deflected off the top"}, {"id": "4301155", "s1": "0", "s2": "0", "s": "on", "t": "10'", "m": "The header was pointed in front of the goal, Mayer ~ ~~"}, {"id": "4301154", "s1": "0", "s2": "0", "s": "on", "t": "10'", "m": "Corner kick after the point ~ good chance"}, {"id": "4301152", "s1": "0", "s2": "0", "s": "on", "t": "10'", "m": "Frankfurt fought a corner"}, {"id": "4301147", "s1": "0", "s2": "0", "s": "on", "t": "9'", "m": "I thought I could form a single knife"}, {"id": "4301146", "s1": "0", "s2": "0", "s": "on", "t": "9'", "m": "The referee's whistle was slow"}, {"id": "4301144", "s1": "0", "s2": "0", "s": "on", "t": "9'", "m": "Sefrovich knocked down Bernat in a desperate effort"}, {"id": "4301138", "s1": "0", "s2": "0", "s": "on", "t": "8'", "m": "For this foul, the referee did not draw cards"}, {"id": "4301137", "s1": "0", "s2": "0", "s": "on", "t": "8'", "m": "Russ fiercely brought down Ribery in midfield"}, {"id": "4301133", "s1": "0", "s2": "0", "s": "on", "t": "8'", "m": "The corner kick went to the front point and was destroyed by the header"}, {"id": "4301131", "s1": "0", "s2": "0", "s": "on", "t": "8'", "m": "Gave Eintracht Frankfurt a corner kick"}, {"id": "4301130", "s1": "0", "s2": "0", "s": "on", "t": "7'", "m": "The ball from the sideline was sent out and Boateng was freed from inside the penalty area"}, {"id": "4301128", "s1": "0", "s2": "0", "s": "on", "t": "7'", "m": "Frankfurt's wing pushed forward and the cross was blocked off the sideline"}, {"id": "4301121", "s1": "0", "s2": "0", "s": "on", "t": "6'", "m": "Robben sat on the bench today"}, {"id": "4301120", "s1": "0", "s2": "0", "s": "on", "t": "6'", "m": "Slow motion looks slightly out of the half-position"}, {"id": "4301118", "s1": "0", "s2": "0", "s": "on", "t": "6'", "m": "Levan is already offside"}, {"id": "4301115", "s1": "0", "s2": "0", "s": "on", "t": "6'", "m": "Mueller's diagonal pass to the penalty area~"}, {"id": "4301110", "s1": "0", "s2": "0", "s": "on", "t": "5'", "m": "Ribery ~Cross from near the bottom line was received by the goalkeeper"}, {"id": "4301109", "s1": "0", "s2": "0", "s": "on", "t": "5'", "m": "The winger advanced with the ball and was knocked out of bounds by a defender"}, {"id": "4301108", "s1": "0", "s2": "0", "s": "on", "t": "5'", "m": "Götze gave the ball to Ribery"}, {"id": "4301103", "s1": "0", "s2": "0", "s": "on", "t": "4'", "m": "Passed directly to Neuer"}, {"id": "4301102", "s1": "0", "s2": "0", "s": "on", "t": "4'", "m": "Frankfurt ~ Long Pass from the Backcourt!"}, {"id": "4301101", "s1": "0", "s2": "0", "s": "on", "t": "4'", "m": "Alonso's ball went wrong"}, {"id": "4301096", "s1": "0", "s2": "0", "s": "on", "t": "3'", "m": "Frankfurt grabbed hard enough today"}, {"id": "4301091", "s1": "0", "s2": "0", "s": "on", "t": "3'", "m": "Bernat ~ was brought down in midfield"}, {"id": "4301087", "s1": "0", "s2": "0", "s": "on", "t": "1'", "m": "One of Mayer's long-range shots hit the ball high"}, {"id": "4301086", "s1": "0", "s2": "0", "s": "on", "t": "1'", "m": "Frankfurt's side is immediately still in color~"}, {"id": "4301085", "s1": "0", "s2": "0", "s": "on", "t": "1'", "m": "Defused Mueller's cross"}, {"id": "4301084", "s1": "0", "s2": "0", "s": "on", "t": "1'", "m": "The goalkeeper strikes in time"}, {"id": "4301083", "s1": "0", "s2": "0", "s": "Midfielder", "t": "", "m": "Mueller ~ a little bigger"}, {"id": "4301080", "s1": "0", "s2": "0", "s": "Midfielder", "t": "", "m": "Götze's score"}, {"id": "4301079", "s1": "0", "s2": "0", "s": "Midfielder", "t": "", "m": "Bayern just opened with a one-handed chance"}, {"id": "4301078", "s1": "0", "s2": "0", "s": "Midfielder", "t": "", "m": "The first half was kicked off by Eintracht Frankfurt, who played at home"}, {"id": "4301075", "s1": "0", "s2": "0", "s": "Midfielder", "t": "", "m": "Bayern wore a white away shirt today"}, {"id": "4301073", "s1": "0", "s2": "0", "s": "Midfielder", "t": "", "m": "Well, the game is about to start~"}, {"id": "4301008", "s1": "0", "s2": "0", "s": "Not matched", "t": "", "m": "Bayern: Goalkeeper Neuer, defenders Rafinha, Dante, Boateng, Bernat, midfielders Alonso, Ram, Götze, Ribery, Müller, striker Levan"}, {"id": "4301005", "s1": "0", "s2": "0", "s": "Not matched", "t": "", "m": "Frankfurt: Goalkeeper Widwald, defenders Ras, Ochipka, Anderson, Chandler, midfielders Medojevic, Stendra, Makoto Hasebe, Agna, Mayer, striker Severovic"}, {"id": "4301000", "s1": "0", "s2": "0", "s": "Not matched", "t": "", "m": "The starters of both teams have come out"}, {"id": "4300999", "s1": "0", "s2": "0", "s": "Not matched", "t": "", "m": "Coming soon is Bayern's away match against Eintracht Frankfurt, which you are welcome to watch"}, {"id": "4300996", "s1": "0", "s2": "0", "s": "Not matched", "t": "", "m": "Hello everyone, welcome to the wonderful live event program brought to you by Sina Sports!"}, {"id": "4299840", "s1": "", "s2": "", "s": "", "t": "", "m": "", "lnk": {"title": "", "href": "http://ww3.sinaimg.cn/bmiddle/0c899decjw1em2y4886kdj20qe0hl79d.jpg", "type": "image", "extra": []}}, {"id": "4299839", "s1": "0", "s2": "0", "s": "Not matched", "t": "", "m": "In the last four Bundesliga meetings, Bayern have maintained a total victory. However, on the road, Bayern did not play easily, and in the past two seasons, they have only won 1-0 against their opponents"}, {"id": "4299838", "s1": "0", "s2": "0", "s": "Not matched", "t": "", "m": "Bayern's head-to-head record against Eintracht Frankfurt is 45 wins, 20 wins and 21 losses, with a clear advantage"}, {"id": "4299837", "s1": "0", "s2": "0", "s": "Not matched", "t": "", "m": "In recent years, Farrakford has only been able to wander in the Bundesliga, occasionally causing some trouble for the top ranked teams"}, {"id": "4299836", "s1": "0", "s2": "0", "s": "Not matched", "t": "", "m": "Eintracht Frankfurt, which plays at home, was once a traditional bundesliga powerhouse, but only due to problems with the club's operation"}, {"id": "4299835", "s1": "0", "s2": "0", "s": "Not matched", "t": "", "m": "At the very least, Guardiola could devote more energy to the league, especially given the current weak Bayern striker"}, {"id": "4299834", "s1": "0", "s2": "0", "s": "Not matched", "t": "", "m": "After the Champions League home win over Roma in this round, Bayern Munich has won the right to qualify for the group two rounds in advance, which obviously has a positive impact on Bayern Munich's participation in the Bundesliga"}, {"id": "4299833", "s1": "0", "s2": "0", "s": "Not matched", "t": "", "m": "Coming soon is Bayern's away match against Eintracht Frankfurt, which you are welcome to watch"}, {"id": "4299832", "s1": "0", "s2": "0", "s": "Not matched", "t": "", "m": " Hello everyone, welcome to the wonderful live event program brought to you by Sina Sports!"}]