[{"id": "132", "s1": "4", "s2": "0", "s": "", "t": "", "m": "The match ended with Borussia Dortmund 4-0 Eintracht Frankfurt, thank you for watching The Sina Football Live."}, {"id": "131", "s1": "4", "s2": "0", "s": "", "t": "90'+1'", "m": "The second half ended with Borussia Dortmund 4-0 Frankfurt"}, {"id": "130", "s1": "4", "s2": "0", "s": "", "t": "89'", "m": "Borussia Dortmund player Jokic scrambled for a foul and the opponent gained possession of the ball."}, {"id": "129", "s1": "4", "s2": "0", "s": "", "t": "89'", "m": "Schlerk won a free kick for Eintracht Frankfurt."}, {"id": "128", "s1": "4", "s2": "0", "s": "", "t": "87'", "m": "Borussia Dortmund player Gros Kreuz threw the ball straight into Schmelzer, but the referee raised a flag to show that the latter was offside."}, {"id": "127", "s1": "4", "s2": "0", "s": "", "t": "85'", "m": "Yellow! Frankfurt player Schlerk was shown a yellow card by the referee for a malicious foul."}, {"id": "126", "s1": "4", "s2": "0", "s": "", "t": "85'", "m": "Shaheen won a free kick for Borussia Dortmund."}, {"id": "125", "s1": "4", "s2": "0", "s": "", "t": "85'", "m": "Frankfurt player Schlerk scrambled for fouls and his opponents were given possession of the ball."}, {"id": "124", "s1": "4", "s2": "0", "s": "", "t": "83'", "m": "Frankfurt player Ruth was shown a yellow card by the referee."}, {"id": "123", "s1": "4", "s2": "0", "s": "", "t": "83'", "m": "Borussia Dortmund player Shaheen was shown a yellow card by the referee."}, {"id": "122", "s1": "4", "s2": "0", "s": "", "t": "83'", "m": "Shaheen won a free kick for Borussia Dortmund at the opposing half."}, {"id": "121", "s1": "4", "s2": "0", "s": "", "t": "83'", "m": "Frankfurt player Ruth scrambled for a foul and the opponent was given possession of the ball."}, {"id": "120", "s1": "4", "s2": "0", "s": "", "t": "81'", "m": "Frankfurt player Ruth scrambled for a foul and the opponent was given possession of the ball."}, {"id": "119", "s1": "4", "s2": "0", "s": "", "t": "81'", "m": "Shaheen won a free kick for Borussia Dortmund on the left."}, {"id": "118", "s1": "4", "s2": "0", "s": "", "t": "81'", "m": "Dortmund made a substitution, and Seeb replaced Lewandowski"}, {"id": "117", "s1": "4", "s2": "0", "s": "", "t": "80'", "m": "Borussia Dortmund player Gros Kreuz attempted a right-footed shot from outside the penalty area, but unfortunately the ball went high above the top right corner."}, {"id": "116", "s1": "4", "s2": "0", "s": "", "t": "78'", "m": "Borussia Dortmund player Jokic's right-footed shot from outside the penalty area was blocked by a defender. The one who passed the ball to him was J-Hoffman."}, {"id": "115", "s1": "4", "s2": "0", "s": "", "t": "78'", "m": "Raniši handled the ball out of the bottom line and Borussia Dortmund won a corner kick."}, {"id": "114", "s1": "4", "s2": "0", "s": "", "t": "75'", "m": "Dortmund player J-Hoffmann's left-footed shot from the centre of the penalty area was blocked by a defender."}, {"id": "113", "s1": "4", "s2": "0", "s": "", "t": "74'", "m": "Shot!!! Dortmund player Lewandowski's right-footed shot from the centre of the penalty area was saved by the opposing goalkeeper. The pass to him was Gros Kreuz."}, {"id": "112", "s1": "4", "s2": "0", "s": "", "t": "73'", "m": "Ruth won a free kick for Eintracht Frankfurt."}, {"id": "111", "s1": "4", "s2": "0", "s": "", "t": "73'", "m": "Borussia Dortmund player Jokic scrambled for a foul and the opponent gained possession of the ball."}, {"id": "110", "s1": "4", "s2": "0", "s": "", "t": "73'", "m": "Frankfurt was replaced, and Ochipka replaced Jacpa"}, {"id": "109", "s1": "4", "s2": "0", "s": "", "t": "73'", "m": "Borussia Dortmund player Shaheen tried his left-footed shot from outside the penalty area, but unfortunately the ball was slightly above goal."}, {"id": "108", "s1": "4", "s2": "0", "s": "", "t": "72'", "m": "Frankfurt player Schlerk scrambled for fouls and his opponents were given possession of the ball."}, {"id": "107", "s1": "4", "s2": "0", "s": "", "t": "72'", "m": "Jokic won a free kick for Borussia Dortmund at the opposing half."}, {"id": "106", "s1": "4", "s2": "0", "s": "", "t": "71'", "m": "Borussia Dortmund player Shaheen tried his left-footed shot from a small angle away from the goal on the right, but unfortunately the ball was slightly above goal. It was Piszczek who gave him the ball."}, {"id": "105", "s1": "4", "s2": "0", "s": "", "t": "71'", "m": "Dortmund made a substitution, with J-Hoffmann replacing Aubameyang"}, {"id": "104", "s1": "4", "s2": "0", "s": "", "t": "70'", "m": "Yellow! Eintracht Frankfurt player Kempf was shown a yellow card by the referee for a malicious foul."}, {"id": "103", "s1": "4", "s2": "0", "s": "", "t": "70'", "m": "Eintracht Frankfurt player Kempf scrambled for a foul and his opponent was given possession of the ball."}, {"id": "102", "s1": "4", "s2": "0", "s": "", "t": "70'", "m": "Lewandowski won a free kick for Borussia Dortmund on the right."}, {"id": "101", "s1": "4", "s2": "0", "s": "", "t": "68'", "m": "Goal!!! Dortmund player Jokic's right-footed shot from the centre of the penalty area flew into the net from the middle and the ball went in! Dortmund 4-0 Frankfurt."}, {"id": "100", "s1": "3", "s2": "0", "s": "", "t": "68'", "m": "Shot!!! Dortmund player Gros Kreuz's right-footed shot from the centre of the penalty area was saved by the opposing goalkeeper. It was Lewandowski who gave him the pass."}, {"id": "99", "s1": "3", "s2": "0", "s": "", "t": "68'", "m": "Dortmund made a substitution, jokic replaced Mkhitaryan"}, {"id": "98", "s1": "3", "s2": "0", "s": "", "t": "68'", "m": "Frankfurt player Schlerk scrambled for fouls and his opponents were given possession of the ball."}, {"id": "97", "s1": "3", "s2": "0", "s": "", "t": "68'", "m": "Piszczek won a free kick for Borussia Dortmund on the right."}, {"id": "96", "s1": "3", "s2": "0", "s": "", "t": "66'", "m": "Jacquepa won a free kick for Eintracht Frankfurt."}, {"id": "95", "s1": "3", "s2": "0", "s": "", "t": "66'", "m": "Borussia Dortmund player Pierre-Emerick Aubameyang scrambled for a foul and his opponent gained possession of the ball."}, {"id": "94", "s1": "3", "s2": "0", "s": "", "t": "65'", "m": "Frankfurt player Schlerk scrambled for fouls and his opponents were given possession of the ball."}, {"id": "93", "s1": "3", "s2": "0", "s": "", "t": "65'", "m": "Piszczek won a free kick for Borussia Dortmund."}, {"id": "92", "s1": "3", "s2": "0", "s": "", "t": "65'", "m": "Frankfurt player Jakopa tried his left-footed shot from outside the penalty area, but unfortunately the ball was high above goal. It was Mayer who gave him the pass."}, {"id": "91", "s1": "3", "s2": "0", "s": "", "t": "63'", "m": "Borussia Dortmund player Piszczek threw the ball straight into Lewandowski, but the referee raised a flag to show that the latter was offside."}, {"id": "90", "s1": "3", "s2": "0", "s": "", "t": "61'", "m": "Frankfurt player Ruth scrambled for a foul and the opponent was given possession of the ball."}, {"id": "89", "s1": "3", "s2": "0", "s": "", "t": "61'", "m": "Papastathopoulos won a free kick for Borussia Dortmund."}, {"id": "88", "s1": "3", "s2": "0", "s": "", "t": "59'", "m": "Shot!!! Borussia Dortmund player Aubameyang's right-footed shot from the centre of the penalty area was saved by the opposing goalkeeper. It was Piszczek who gave him the ball."}, {"id": "87", "s1": "3", "s2": "0", "s": "", "t": "59'", "m": "Schlerk won a free kick for Eintracht Frankfurt at the opposing half."}, {"id": "86", "s1": "3", "s2": "0", "s": "", "t": "59'", "m": "Dortmund player Kyle scrambled for a foul and the opponent was given possession."}, {"id": "85", "s1": "3", "s2": "0", "s": "", "t": "57'", "m": "Rosenthal won a free kick for Eintracht Frankfurt at the opposing half."}, {"id": "84", "s1": "3", "s2": "0", "s": "", "t": "57'", "m": "Borussia Dortmund player Mkhitaryan scrambled for a foul and his opponent was given possession of the ball."}, {"id": "83", "s1": "3", "s2": "0", "s": "", "t": "57'", "m": "Frankfurter Ruth tried a right-footed shot from outside the penalty area, but unfortunately the ball was high above the top right corner."}, {"id": "82", "s1": "3", "s2": "0", "s": "", "t": "56'", "m": "Dortmund player Gros Kreuz scrambled for a foul and the opponent gained possession of the ball."}, {"id": "81", "s1": "3", "s2": "0", "s": "", "t": "56'", "m": "Glory won a free kick for Eintracht Frankfurt."}, {"id": "80", "s1": "3", "s2": "0", "s": "", "t": "55'", "m": "Dortmund player Groskroytz's right-footed shot from the centre of the penalty area was blocked by a defender. It was Lewandowski who gave him the pass."}, {"id": "79", "s1": "3", "s2": "0", "s": "", "t": "54'", "m": "Eintracht Frankfurt's Eintracht Frankfurt attempted a left-footed shot from the right side of the penalty area, but unfortunately the ball deflected off target. It was Ranishi who gave him the pass."}, {"id": "78", "s1": "3", "s2": "0", "s": "", "t": "54'", "m": "Frankfurt was replaced, schlerck replaced Weiss"}, {"id": "77", "s1": "3", "s2": "0", "s": "", "t": "53'", "m": "Borussia Dortmund player Pierre-Emerick Aubameyang scrambled for a foul and his opponent gained possession of the ball."}, {"id": "76", "s1": "3", "s2": "0", "s": "", "t": "53'", "m": "Jacquepa won a free kick for Eintracht Frankfurt."}, {"id": "75", "s1": "3", "s2": "0", "s": "", "t": "52'", "m": "Shot!!! Dortmund player Schmeltze's header from the left side of the penalty area was saved by the opposing goalkeeper. It was Piszczek who gave him the ball."}, {"id": "74", "s1": "3", "s2": "0", "s": "", "t": "52'", "m": "Aubameyang won a free kick for Borussia Dortmund."}, {"id": "73", "s1": "3", "s2": "0", "s": "", "t": "52'", "m": "Frankfurt player Jakopa scrambled for a foul and the opponent was given possession of the ball."}, {"id": "72", "s1": "3", "s2": "0", "s": "", "t": "50'", "m": "Borussia Dortmund player Kyle tucked the ball straight into Schmelzer, but the referee raised a flag to show that the latter was offside."}, {"id": "71", "s1": "3", "s2": "0", "s": "", "t": "47'", "m": "Aigner won a free kick for Eintracht Frankfurt on the right."}, {"id": "70", "s1": "3", "s2": "0", "s": "", "t": "47'", "m": "Dortmund player Shaheen scrambled for a foul and the opponent gained possession."}, {"id": "69", "s1": "3", "s2": "0", "s": "", "t": "47'", "m": "Weiss won a free kick for Eintracht Frankfurt."}, {"id": "68", "s1": "3", "s2": "0", "s": "", "t": "47'", "m": "Dortmund player Shaheen scrambled for a foul and the opponent gained possession."}, {"id": "67", "s1": "3", "s2": "0", "s": "", "t": "47'", "m": "Goal!!! Dortmund player Lewandowski fired a right-footed shot that flew from the bottom right corner into the goal and the ball went in! Dortmund 3-0 Frankfurt."}, {"id": "66", "s1": "2", "s2": "0", "s": "", "t": "46'", "m": "Penalty, Lewandowski was violated inside the penalty area and Borussia Dortmund won the penalty."}, {"id": "65", "s1": "2", "s2": "0", "s": "", "t": "46'", "m": "Frankfurt player Jakopa fouled and caused the opponent to get a penalty."}, {"id": "64", "s1": "2", "s2": "0", "s": "", "t": "", "m": "The second half began with Borussia Dortmund 2-0 Eintracht Frankfurt"}, {"id": "63", "s1": "2", "s2": "0", "s": "", "t": "45'+3'", "m": "At the end of the first half, Borussia Dortmund 2-0 Eintracht Frankfurt, a short break, we will take a look at the performance of the two teams in the second half."}, {"id": "62", "s1": "2", "s2": "0", "s": "", "t": "45'+3'", "m": "Groß Kreuz won a free kick for Borussia Dortmund on the left."}, {"id": "61", "s1": "2", "s2": "0", "s": "", "t": "45'+3'", "m": "The Frankfurt player won the foul and the opponent gained possession of the ball."}, {"id": "60", "s1": "2", "s2": "0", "s": "", "t": "45'+2'", "m": "Frankfurt player Weiss scrambled for a foul and the opponent was given possession."}, {"id": "59", "s1": "2", "s2": "0", "s": "", "t": "45'+2'", "m": "Mkhitaryan won a free kick for Borussia Dortmund."}, {"id": "58", "s1": "2", "s2": "0", "s": "", "t": "45'+2'", "m": "Kyle handled the ball out of the bottom line and Eintracht Frankfurt won a corner."}, {"id": "57", "s1": "2", "s2": "0", "s": "", "t": "45'+2'", "m": "Eintracht Frankfurt player Mayer's right-footed shot from the centre of the penalty area was blocked by a defender. It was Rong who gave him the pass."}, {"id": "56", "s1": "2", "s2": "0", "s": "", "t": "45'+1'", "m": "The suspension ended and the players resumed playing."}, {"id": "55", "s1": "2", "s2": "0", "s": "", "t": "45'", "m": "Borussia Dortmund fell to the ground injured and the game was suspended"}, {"id": "54", "s1": "2", "s2": "0", "s": "", "t": "45'", "m": "Eintracht Frankfurt player Kempf scrambled for a foul and his opponent was given possession of the ball."}, {"id": "53", "s1": "2", "s2": "0", "s": "", "t": "45'", "m": "Lewandowski won a free kick for Borussia Dortmund on the right."}, {"id": "52", "s1": "2", "s2": "0", "s": "", "t": "43'", "m": "Borussia Dortmund player Papastathopoulos tried his header on the right side of the penalty area, but unfortunately the ball was slightly offside the right goal. It was Piszczek who gave him the ball."}, {"id": "51", "s1": "2", "s2": "0", "s": "", "t": "43'", "m": "Raniši handled the ball out of the bottom line and Borussia Dortmund won a corner kick."}, {"id": "50", "s1": "2", "s2": "0", "s": "", "t": "42'", "m": "Ruth handled the ball out of the bottom line and Borussia Dortmund won a corner kick."}, {"id": "49", "s1": "2", "s2": "0", "s": "", "t": "42'", "m": "Dortmund player Lewandowski's left-footed shot from the centre of the penalty area was blocked by a defender. The pass to him was Gros Kreuz."}, {"id": "48", "s1": "2", "s2": "0", "s": "", "t": "40'", "m": "Borussia Dortmund player Gros Kreuz attempted a right-footed shot from outside the penalty area, but unfortunately the ball was high above goal. It was Lewandowski who gave him the pass."}, {"id": "47", "s1": "2", "s2": "0", "s": "", "t": "39'", "m": "Mkhitaryan won a free kick for Borussia Dortmund."}, {"id": "46", "s1": "2", "s2": "0", "s": "", "t": "39'", "m": "Frankfurt player Ruth scrambled for a foul and the opponent was given possession of the ball."}, {"id": "45", "s1": "2", "s2": "0", "s": "", "t": "38'", "m": "Papastathopoulos handled the ball out of the bottom line and Eintracht Frankfurt won a corner."}, {"id": "44", "s1": "2", "s2": "0", "s": "", "t": "38'", "m": "Frankfurt player Mayer's header from the centre of the penalty area was blocked by a defender. It was Rong who gave him the pass."}, {"id": "43", "s1": "2", "s2": "0", "s": "", "t": "38'", "m": "Papastathopoulos handled the ball out of the bottom line and Eintracht Frankfurt won a corner."}, {"id": "42", "s1": "2", "s2": "0", "s": "", "t": "35'", "m": "Dortmund player Kyle scrambled for a foul and the opponent was given possession."}, {"id": "41", "s1": "2", "s2": "0", "s": "", "t": "35'", "m": "Ranishi won a free kick for Eintracht Frankfurt."}, {"id": "40", "s1": "2", "s2": "0", "s": "", "t": "34'", "m": "Borussia Dortmund player Mkhitaryan scrambled for a foul and his opponent was given possession of the ball."}, {"id": "39", "s1": "2", "s2": "0", "s": "", "t": "34'", "m": "Ruth won a free kick for Eintracht Frankfurt."}, {"id": "38", "s1": "2", "s2": "0", "s": "", "t": "34'", "m": "Groß Kreuz won a free kick for Borussia Dortmund on the left."}, {"id": "37", "s1": "2", "s2": "0", "s": "", "t": "34'", "m": "Frankfurt player Weiss scrambled for a foul and the opponent was given possession."}, {"id": "36", "s1": "2", "s2": "0", "s": "", "t": "33'", "m": "Frankfurt made substitutions, Kempf on and Anderson went off with an injury."}, {"id": "35", "s1": "2", "s2": "0", "s": "", "t": "31'", "m": "Frankfurt player Aigner tried his right-footed shot from a wide distance on the left, but unfortunately the ball was slightly offside the right goal."}, {"id": "34", "s1": "2", "s2": "0", "s": "", "t": "31'", "m": "Shot!!! Frankfurt's Jakopa's left-footed shot from outside the penalty area was saved by the opposing goalkeeper."}, {"id": "33", "s1": "2", "s2": "0", "s": "", "t": "30'", "m": "Borussia Dortmund player Papastathopoulos scrambled for a foul and the opponent was given possession of the ball."}, {"id": "32", "s1": "2", "s2": "0", "s": "", "t": "30'", "m": "Weiss won a free kick for Eintracht Frankfurt at the opposing half."}, {"id": "31", "s1": "2", "s2": "0", "s": "", "t": "29'", "m": "The suspension ended and the players resumed playing."}, {"id": "30", "s1": "2", "s2": "0", "s": "", "t": "28'", "m": "Anderson in Frankfurt fell to the ground injured and the game was suspended"}, {"id": "29", "s1": "2", "s2": "0", "s": "", "t": "26'", "m": "Kyle won a free kick for Borussia Dortmund at the opposing half."}, {"id": "28", "s1": "2", "s2": "0", "s": "", "t": "26'", "m": "Frankfurt player Mayer scrambled for a foul and his opponent was given possession of the ball."}, {"id": "27", "s1": "2", "s2": "0", "s": "", "t": "24'", "m": "Borussia Dortmund player Papastathopoulos scrambled for a foul and the opponent was given possession of the ball."}, {"id": "26", "s1": "2", "s2": "0", "s": "", "t": "24'", "m": "Aigner won a free kick for Eintracht Frankfurt."}, {"id": "25", "s1": "2", "s2": "0", "s": "", "t": "20'", "m": "Goal!!! Dortmund player Aubameyang shot with his left foot in front of the goal line, the ball flew up from the middle of the road and the ball went in! Dortmund 2-0 Frankfurt."}, {"id": "24", "s1": "1", "s2": "0", "s": "", "t": "20'", "m": "Shot!!! Borussia Dortmund player Friedrich's header from the left side of the penalty area was saved by the opposing goalkeeper. It was Mkhitaryan who gave him the ball."}, {"id": "23", "s1": "1", "s2": "0", "s": "", "t": "20'", "m": "Trapp handled the ball out of the bottom line and Borussia Dortmund won the corner."}, {"id": "22", "s1": "1", "s2": "0", "s": "", "t": "20'", "m": "Shot!!! Borussia Dortmund's Lewandowski shot from a small angle on the left side of the goal was saved by the opposing goalkeeper. It was Schmeltze who gave him the ball."}, {"id": "21", "s1": "1", "s2": "0", "s": "", "t": "19'", "m": "Madeleine handled the ball out of the bottom line and Borussia Dortmund won a corner kick."}, {"id": "20", "s1": "1", "s2": "0", "s": "", "t": "17'", "m": "Dortmund player Shaheen scrambled for a foul and the opponent gained possession."}, {"id": "19", "s1": "1", "s2": "0", "s": "", "t": "17'", "m": "Aigner won a free kick for Eintracht Frankfurt."}, {"id": "18", "s1": "1", "s2": "0", "s": "", "t": "15'", "m": "Piszczek handled the ball out of the bottom line and Eintracht Frankfurt won a corner kick."}, {"id": "17", "s1": "1", "s2": "0", "s": "", "t": "15'", "m": "Borussia Dortmund player Schmelzer scrambled for a foul and his opponent gained possession of the ball."}, {"id": "16", "s1": "1", "s2": "0", "s": "", "t": "15'", "m": "Rosenthal won a free kick for Eintracht Frankfurt."}, {"id": "15", "s1": "1", "s2": "0", "s": "", "t": "13'", "m": "Kyle won a free kick for Borussia Dortmund at the opposing half."}, {"id": "14", "s1": "1", "s2": "0", "s": "", "t": "13'", "m": "Frankfurt player Rosenthal scrambled for a foul and the opponent was given possession."}, {"id": "13", "s1": "1", "s2": "0", "s": "", "t": "13'", "m": "Friedrich won a free kick for Borussia Dortmund."}, {"id": "12", "s1": "1", "s2": "0", "s": "", "t": "13'", "m": "Frankfurt player Ranishi scrambled for a foul and his opponent was given possession of the ball."}, {"id": "11", "s1": "1", "s2": "0", "s": "", "t": "10'", "m": "Goal!!! Dortmund player Pierre-Emerick Aubameyang fired a right-footed shot from the centre of the penalty area, the ball deflected up the midfield and flew into the net, and the ball went in! Assisted by Mkhitaryan. Dortmund 1-0 Frankfurt."}, {"id": "10", "s1": "0", "s2": "0", "s": "", "t": "10'", "m": "Frankfurt player Jakopa kicked the ball straight into Agner, but the referee raised a flag to show that the latter was offside."}, {"id": "9", "s1": "0", "s2": "0", "s": "", "t": "9'", "m": "Dortmund player Lewandowski made a dangerous move and the opponent gained possession of the ball."}, {"id": "8", "s1": "0", "s2": "0", "s": "", "t": "9'", "m": "Anderson won a free kick for Eintracht Frankfurt."}, {"id": "7", "s1": "0", "s2": "0", "s": "", "t": "9'", "m": "Jacquepa handled the ball out of the bottom line and Borussia Dortmund won a corner kick."}, {"id": "6", "s1": "0", "s2": "0", "s": "", "t": "9'", "m": "Dortmund player Mkhitaryan's right-footed shot from the centre of the penalty area was blocked by a defender. It was Lewandowski who gave him the pass."}, {"id": "5", "s1": "0", "s2": "0", "s": "", "t": "5'", "m": "Borussia Dortmund player Kyle tried his left-footed shot just outside the penalty area, but unfortunately the ball went high above goal."}, {"id": "4", "s1": "0", "s2": "0", "s": "", "t": "2'", "m": "Aubameyang handled the ball out of the box and Eintracht Frankfurt won a corner."}, {"id": "3", "s1": "0", "s2": "0", "s": "", "t": "2'", "m": "Borussia Dortmund player Pierre-Emerick Aubameyang scrambled for a foul and his opponent gained possession of the ball."}, {"id": "2", "s1": "0", "s2": "0", "s": "", "t": "2'", "m": "Ranishi won a free kick for Eintracht Frankfurt on the left."}, {"id": "1", "s1": "0", "s2": "0", "s": "", "t": "", "m": "With a whistle from the referee, the first half of the game began."}]