[{"id": "113", "s1": "3", "s2": "1", "s": "", "t": "", "m": "The match was over with Hoffenheim 3-1 Braunschweig, thank you for watching the Sina Football Live."}, {"id": "112", "s1": "3", "s2": "1", "s": "", "t": "90'+4'", "m": "At the end of the second half, Hoffenheim 3-1 Braunschweig"}, {"id": "111", "s1": "3", "s2": "1", "s": "", "t": "90'+3'", "m": "Hoffenheim player Tollian's left-footed shot from the right side of the penalty area was blocked by a defender. It was Rudy who gave him the pass."}, {"id": "110", "s1": "3", "s2": "1", "s": "", "t": "90'+2'", "m": "Hoffenheim player Girroan Hamad scrambled for a foul and his opponent was given possession of the ball."}, {"id": "109", "s1": "3", "s2": "1", "s": "", "t": "90'+2'", "m": "Reicher won a free kick for Brunswick on the left."}, {"id": "108", "s1": "3", "s2": "1", "s": "", "t": "90'+1'", "m": "Hoffenheim player Rudy kicked the ball straight into Firmino, but the referee raised a flag to show that the latter was offside."}, {"id": "107", "s1": "3", "s2": "1", "s": "", "t": "90'", "m": "Hoffenheim player Rudy scrambled for a foul and his opponent was given possession of the ball."}, {"id": "106", "s1": "3", "s2": "1", "s": "", "t": "90'", "m": "Correa won a free kick for Brunswick."}, {"id": "105", "s1": "3", "s2": "1", "s": "", "t": "89'", "m": "Brunswick player Bella Rabi attempted a left-footed shot from the centre of the penalty area, but unfortunately the ball was slightly offside the left goal. It was Hochscheit who gave him the pass."}, {"id": "104", "s1": "3", "s2": "1", "s": "", "t": "88'", "m": "Goal!!! Brunswick player Hochscheit shot with his right foot from outside the penalty area and the ball flew into the goal from the bottom right corner and the ball went in! The assist was Davary. Hoffenheim 3-1 Brunswick."}, {"id": "103", "s1": "3", "s2": "0", "s": "", "t": "87'", "m": "Hoffenheim player Gural kicked the ball straight to Firmino, but the referee raised a flag to show that the latter was offside."}, {"id": "102", "s1": "3", "s2": "0", "s": "", "t": "87'", "m": "Hoffenheim player David Abraham scrambled for a foul and his opponent gained possession of the ball."}, {"id": "101", "s1": "3", "s2": "0", "s": "", "t": "87'", "m": "Nelson won a free kick for Brunswick."}, {"id": "100", "s1": "3", "s2": "0", "s": "", "t": "82'", "m": "Hoffenheim player Polanski's left-footed shot from outside the penalty area was blocked by a defender."}, {"id": "99", "s1": "3", "s2": "0", "s": "", "t": "82'", "m": "Dogan handled the ball out of the bottom line and Hoffenheim won the corner."}, {"id": "98", "s1": "3", "s2": "0", "s": "", "t": "82'", "m": "Hoffenheim player Bruno Nazario's left-footed shot from the centre of the penalty area was blocked by a defender. It was Rudy who gave him the pass."}, {"id": "97", "s1": "3", "s2": "0", "s": "", "t": "81'", "m": "Hoffenheim made a substitution, and Giroan Hamad replaced Flanders"}, {"id": "96", "s1": "3", "s2": "0", "s": "", "t": "81'", "m": "Rudy won a free kick for Hoffenheim."}, {"id": "95", "s1": "3", "s2": "0", "s": "", "t": "81'", "m": "Brunswick player Toyle Kawf scrambled for a foul and the opponent was given possession of the ball."}, {"id": "94", "s1": "3", "s2": "0", "s": "", "t": "79'", "m": "Brunswick player Dogan shoved the ball straight into Nelson, but the referee raised a flag to show that the latter was offside."}, {"id": "93", "s1": "3", "s2": "0", "s": "", "t": "79'", "m": "Baker won a free kick for Hoffenheim."}, {"id": "92", "s1": "3", "s2": "0", "s": "", "t": "79'", "m": "Brunswick player Bella Rabbi made a dangerous move where the opponent gained possession of the ball."}, {"id": "91", "s1": "3", "s2": "0", "s": "", "t": "78'", "m": "Hoffenheim made a substitution and Bruno Nazario replaced Salihović"}, {"id": "90", "s1": "3", "s2": "0", "s": "", "t": "75'", "m": "Hoffenheim player David Abraham scrambled for a foul and his opponent gained possession of the ball."}, {"id": "89", "s1": "3", "s2": "0", "s": "", "t": "75'", "m": "Coombera won a free kick for Brunswick."}, {"id": "88", "s1": "3", "s2": "0", "s": "", "t": "75'", "m": "Hoffenheim made a substitution, with Tollian replacing Fabian Johnson"}, {"id": "87", "s1": "3", "s2": "0", "s": "", "t": "74'", "m": "Flanders won a free kick for Hoffenheim on the right."}, {"id": "86", "s1": "3", "s2": "0", "s": "", "t": "74'", "m": "Brunswick player Dogan scrambled for a foul and the opponent was given possession of the ball."}, {"id": "85", "s1": "3", "s2": "0", "s": "", "t": "74'", "m": "Brunswick was replaced, and Hochshait replaced Boland"}, {"id": "84", "s1": "3", "s2": "0", "s": "", "t": "73'", "m": "Brunswick was replaced, Dogan went on, and Biczakšić went off with an injury."}, {"id": "83", "s1": "3", "s2": "0", "s": "", "t": "72'", "m": "The suspension ended and the players resumed playing."}, {"id": "82", "s1": "3", "s2": "0", "s": "", "t": "71'", "m": "Brunswick fell to the ground injured and the game was suspended"}, {"id": "81", "s1": "3", "s2": "0", "s": "", "t": "70'", "m": "Goal!!! Hoffenheim player Flanders fired a left-footed shot from the centre of the penalty area, the ball flew from the middle of the box and the ball went in! Hoffenheim 3-0 Brunswick."}, {"id": "80", "s1": "2", "s2": "0", "s": "", "t": "70'", "m": "Shot!!! Hoffenheim player Fabian Johnson's right-footed shot from a tight angle on the right side of the goal was saved by the opposing goalkeeper. It was Firmino who passed the ball to him."}, {"id": "79", "s1": "2", "s2": "0", "s": "", "t": "69'", "m": "Hoffenheim player Salihović made a dangerous move where the opponent gained possession of the ball."}, {"id": "78", "s1": "2", "s2": "0", "s": "", "t": "69'", "m": "Nelson won a free kick for Brunswick."}, {"id": "77", "s1": "2", "s2": "0", "s": "", "t": "69'", "m": "Baker won a free kick for Hoffenheim on the left."}, {"id": "76", "s1": "2", "s2": "0", "s": "", "t": "69'", "m": "Brunswick player Bellara competed for a foul and the opponent gained possession."}, {"id": "75", "s1": "2", "s2": "0", "s": "", "t": "68'", "m": "Hoffenheim player Flanders attempted a left-footed shot from outside the penalty area, but unfortunately the ball deflected off goal. It was Firmino who passed the ball to him."}, {"id": "74", "s1": "2", "s2": "0", "s": "", "t": "67'", "m": "Hoffenheim player Stroble's left-footed shot from outside the penalty area was blocked by a defender. It was Flanders who gave him the ball."}, {"id": "73", "s1": "2", "s2": "0", "s": "", "t": "66'", "m": "Hoffenheim player Forland scrambled for a foul and his opponent was given possession."}, {"id": "72", "s1": "2", "s2": "0", "s": "", "t": "66'", "m": "Reicher won a free kick for Brunswick."}, {"id": "71", "s1": "2", "s2": "0", "s": "", "t": "64'", "m": "Yellow! Hoffenheim player Firmino was shown a yellow card by the referee for stripping away to celebrate after scoring the goal."}, {"id": "70", "s1": "2", "s2": "0", "s": "", "t": "64'", "m": "Goal!!! Hoffenheim player Firmino shot with his right foot from outside the penalty area, the ball flew from the bottom right corner into the goal, the ball went in! The assist was Strobl. Hoffenheim 2-0 Brunswick."}, {"id": "69", "s1": "1", "s2": "0", "s": "", "t": "63'", "m": "Hoffenheim player Rudy scrambled for a foul and his opponent was given possession of the ball."}, {"id": "68", "s1": "1", "s2": "0", "s": "", "t": "63'", "m": "Reicher won a free kick for Brunswick on the left."}, {"id": "67", "s1": "1", "s2": "0", "s": "", "t": "60'", "m": "The suspension ended and the players resumed playing."}, {"id": "66", "s1": "1", "s2": "0", "s": "", "t": "58'", "m": "Flanders won a free kick for Hoffenheim."}, {"id": "65", "s1": "1", "s2": "0", "s": "", "t": "58'", "m": "Brunswick player Franzic scrambled for a foul and the opponent gained possession."}, {"id": "64", "s1": "1", "s2": "0", "s": "", "t": "57'", "m": "Correa handled the ball off the line and Hoffenheim won a corner kick."}, {"id": "63", "s1": "1", "s2": "0", "s": "", "t": "55'", "m": "Hoffenheim player Firmino's right-footed shot from the right side of the penalty area was blocked by a defender. The pass to him was Fabian Johnson."}, {"id": "62", "s1": "1", "s2": "0", "s": "", "t": "54'", "m": "Hoffenheim player Salihović's left-footed shot from the left side of the penalty area was blocked by a defender."}, {"id": "61", "s1": "1", "s2": "0", "s": "", "t": "53'", "m": "Brunswick was replaced, and Franzic replaced Earl"}, {"id": "60", "s1": "1", "s2": "0", "s": "", "t": "53'", "m": "Hoffenheim player Firmino scrambled for a foul and his opponent gained possession of the ball."}, {"id": "59", "s1": "1", "s2": "0", "s": "", "t": "53'", "m": "Bichakšić won a free kick for Brunswick."}, {"id": "58", "s1": "1", "s2": "0", "s": "", "t": "48'", "m": "Flanders won a free kick for Hoffenheim at the opposing half."}, {"id": "57", "s1": "1", "s2": "0", "s": "", "t": "48'", "m": "Brunswick player Earl scrambled for a foul and the opponent gained possession of the ball."}, {"id": "56", "s1": "1", "s2": "0", "s": "", "t": "46'", "m": "Polanski won a free kick for Hoffenheim."}, {"id": "55", "s1": "1", "s2": "0", "s": "", "t": "46'", "m": "Brunswick player Earl scrambled for a foul and the opponent gained possession of the ball."}, {"id": "54", "s1": "1", "s2": "0", "s": "", "t": "", "m": "The second half began with Hoffenheim 1-0 Braunschweig"}, {"id": "53", "s1": "1", "s2": "0", "s": "", "t": "45'+1'", "m": "At the end of the first half, Hoffenheim 1-0 Brunswick, with a short break, we will take a look at the performance of the two teams in the second half."}, {"id": "52", "s1": "1", "s2": "0", "s": "", "t": "43'", "m": "Hoffenheim player Polanski scrambled for a foul and his opponent was given possession of the ball."}, {"id": "51", "s1": "1", "s2": "0", "s": "", "t": "43'", "m": "Boland won a free kick for Brunswick at the opposing half."}, {"id": "50", "s1": "1", "s2": "0", "s": "", "t": "42'", "m": "Shot!!! Hoffenheim player Sallihovic's left-footed shot from outside the penalty area was saved by the opposing goalkeeper."}, {"id": "49", "s1": "1", "s2": "0", "s": "", "t": "41'", "m": "Brunswick player Boland handball was fouled and the opponent was given the ball."}, {"id": "48", "s1": "1", "s2": "0", "s": "", "t": "40'", "m": "Kessel handled the ball off the line and Hoffenheim won the corner."}, {"id": "47", "s1": "1", "s2": "0", "s": "", "t": "39'", "m": "Gural handled the ball out of the bottom line and Brunswick won a corner."}, {"id": "46", "s1": "1", "s2": "0", "s": "", "t": "39'", "m": "Shot!!! Brunswick player Bella Rabi's right-footed shot from the left side of the penalty area was saved by the opposing goalkeeper. It was Boland who gave him the ball."}, {"id": "45", "s1": "1", "s2": "0", "s": "", "t": "39'", "m": "Brunswick player Bella Rabi attempted a right-footed shot from outside the penalty area, but unfortunately the ball went high above goal."}, {"id": "44", "s1": "1", "s2": "0", "s": "", "t": "37'", "m": "Yellow! Hoffenheim player Stroble was shown a yellow card by the referee for a malicious foul."}, {"id": "43", "s1": "1", "s2": "0", "s": "", "t": "37'", "m": "Hoffenheim player Stroble scrambled for a foul and the opponent gained possession of the ball."}, {"id": "42", "s1": "1", "s2": "0", "s": "", "t": "37'", "m": "Nelson won a free kick for Brunswick at the opposing half."}, {"id": "41", "s1": "1", "s2": "0", "s": "", "t": "37'", "m": "Hoffenheim player Forland scrambled for a foul and his opponent was given possession."}, {"id": "40", "s1": "1", "s2": "0", "s": "", "t": "37'", "m": "Correa won a free kick for Brunswick."}, {"id": "39", "s1": "1", "s2": "0", "s": "", "t": "36'", "m": "Hoffenheim player Firmino scrambled for a foul and his opponent gained possession of the ball."}, {"id": "38", "s1": "1", "s2": "0", "s": "", "t": "36'", "m": "Bella Rabi won a free kick for Brunswick."}, {"id": "37", "s1": "1", "s2": "0", "s": "", "t": "34'", "m": "Hoffenheim player Forland scrambled for a foul and his opponent was given possession."}, {"id": "36", "s1": "1", "s2": "0", "s": "", "t": "34'", "m": "Reicher won a free kick for Brunswick on the left."}, {"id": "35", "s1": "1", "s2": "0", "s": "", "t": "33'", "m": "Hoffenheim player Jules handball was fouled and the opponent was given the ball."}, {"id": "34", "s1": "1", "s2": "0", "s": "", "t": "32'", "m": "Brunswick player Kumbela's left-footed shot from outside the penalty area was blocked by a defender."}, {"id": "33", "s1": "1", "s2": "0", "s": "", "t": "28'", "m": "Shot!!! Hoffenheim player Firmino's right-footed shot from outside the penalty area was saved by the opposing goalkeeper. It was Flanders who gave him the ball."}, {"id": "32", "s1": "1", "s2": "0", "s": "", "t": "26'", "m": "Firmino won a free kick for Hoffenheim at the opposing half."}, {"id": "31", "s1": "1", "s2": "0", "s": "", "t": "26'", "m": "Brunswick player Kumbela scrambled for a foul and the opponent was given possession."}, {"id": "30", "s1": "1", "s2": "0", "s": "", "t": "22'", "m": "Hoffenheim player Jules tucked the ball straight into Firmino, but the referee raised a flag to show that the latter was offside."}, {"id": "29", "s1": "1", "s2": "0", "s": "", "t": "21'", "m": "Hoffenheim player Jules tried his right-footed shot from the left side of the penalty area, but unfortunately the ball was high above the top right corner. It was Salihovic who gave him the ball."}, {"id": "28", "s1": "1", "s2": "0", "s": "", "t": "20'", "m": "Nelson handled the ball out of the box and Hoffenheim won the corner."}, {"id": "27", "s1": "1", "s2": "0", "s": "", "t": "18'", "m": "David Abraham handled the ball out of the box and Brunswick won a corner."}, {"id": "26", "s1": "1", "s2": "0", "s": "", "t": "17'", "m": "Flanders won a free kick for Hoffenheim."}, {"id": "25", "s1": "1", "s2": "0", "s": "", "t": "17'", "m": "Brunswick player Reicher scrambled for a foul and the opponent was given possession."}, {"id": "24", "s1": "1", "s2": "0", "s": "", "t": "17'", "m": "Brunswick player Bella Rabi's right-footed shot from the right side of the penalty area was blocked by a defender. It was Kessel who gave him the pass."}, {"id": "23", "s1": "1", "s2": "0", "s": "", "t": "15'", "m": "Goal!!! Hoffenheim player Rudy's header from the centre of the penalty area, the ball flew from the top right corner into the goal and the ball went in! Assisted by Baker. Hoffenheim 1-0 Braunschweig."}, {"id": "22", "s1": "0", "s2": "0", "s": "", "t": "14'", "m": "Kessel handled the ball off the line and Hoffenheim won the corner."}, {"id": "21", "s1": "0", "s2": "0", "s": "", "t": "13'", "m": "Polanski won a free kick for Hoffenheim on the left."}, {"id": "20", "s1": "0", "s2": "0", "s": "", "t": "13'", "m": "Brunswick player Kumbela scrambled for a foul and the opponent was given possession."}, {"id": "19", "s1": "0", "s2": "0", "s": "", "t": "13'", "m": "The suspension ended and the players resumed playing."}, {"id": "18", "s1": "0", "s2": "0", "s": "", "t": "12'", "m": "Brunswick Bowland fell to the ground injured and the game was suspended"}, {"id": "17", "s1": "0", "s2": "0", "s": "", "t": "9'", "m": "Flanders won a free kick for Hoffenheim."}, {"id": "16", "s1": "0", "s2": "0", "s": "", "t": "9'", "m": "Brunswick player Reicher scrambled for a foul and the opponent was given possession."}, {"id": "15", "s1": "0", "s2": "0", "s": "", "t": "8'", "m": "Hoffenheim player Firmino's left-footed shot from outside the penalty area was blocked by a defender. It was Rudy who gave him the pass."}, {"id": "14", "s1": "0", "s2": "0", "s": "", "t": "7'", "m": "Bella Rabbi won a free kick for Brunswick on the right."}, {"id": "13", "s1": "0", "s2": "0", "s": "", "t": "7'", "m": "Hoffenheim player Baker scrambled for a foul and the opponent was given possession of the ball."}, {"id": "12", "s1": "0", "s2": "0", "s": "", "t": "4'", "m": "Firmino won a free kick for Hoffenheim."}, {"id": "11", "s1": "0", "s2": "0", "s": "", "t": "4'", "m": "Brunswick player Toyle Kawf scrambled for a foul and the opponent was given possession of the ball."}, {"id": "10", "s1": "0", "s2": "0", "s": "", "t": "3'", "m": "Yellow! Hoffenheim player Polanski was shown a yellow card by the referee for a malicious foul."}, {"id": "9", "s1": "0", "s2": "0", "s": "", "t": "3'", "m": "Hoffenheim player Polanski scrambled for a foul and his opponent was given possession of the ball."}, {"id": "8", "s1": "0", "s2": "0", "s": "", "t": "3'", "m": "Earl won a free kick for Brunswick."}, {"id": "7", "s1": "0", "s2": "0", "s": "", "t": "2'", "m": "Flanders won a free kick for Hoffenheim at the opposing half."}, {"id": "6", "s1": "0", "s2": "0", "s": "", "t": "2'", "m": "Brunswick player Reicher made a dangerous move where the opponent gained possession."}, {"id": "5", "s1": "0", "s2": "0", "s": "", "t": "2'", "m": "Hoffenheim player Forland scrambled for a foul and his opponent was given possession."}, {"id": "4", "s1": "0", "s2": "0", "s": "", "t": "2'", "m": "Reicher won a free kick for Brunswick."}, {"id": "3", "s1": "0", "s2": "0", "s": "", "t": "1'", "m": "Brunswick player Boland kicked the ball straight into Toilkaugh, but the referee raised a flag to show that the latter was offside."}, {"id": "2", "s1": "0", "s2": "0", "s": "", "t": "1'", "m": "Shot!!! Hoffenheim player Rudy's right-footed shot was saved by the opposing goalkeeper. It was Firmino who passed the ball to him."}, {"id": "1", "s1": "0", "s2": "0", "s": "", "t": "", "m": "With a whistle from the referee, the first half of the game began."}]