[{"id": "132", "s1": "4", "s2": "2", "s": "", "t": "", "m": "The match ended with Augsburg 4-2 Bremen and thank you for watching the Sina Football Livestream."}, {"id": "131", "s1": "4", "s2": "2", "s": "", "t": "90'+4'", "m": "At the end of the second half, Augsburg 4-2 Bremen"}, {"id": "130", "s1": "4", "s2": "2", "s": "", "t": "90'+3'", "m": "Goal!!! Augsburg player Matavz fired a right-footed shot from the centre of the penalty area, the ball flew from the bottom right corner into the goal, and the ball went in! Assisted by Werner. Augsburg 4-2 Bremen."}, {"id": "129", "s1": "3", "s2": "2", "s": "", "t": "90'", "m": "Augsburg player Werner's right-footed shot from the centre of the penalty area hit the upright on the right side of the post. The one who gave him the pass was Alten top."}, {"id": "128", "s1": "3", "s2": "2", "s": "", "t": "88'", "m": "Bremen player Di Santo was shown a yellow card by the referee."}, {"id": "127", "s1": "3", "s2": "2", "s": "", "t": "88'", "m": "Bayer won a free kick for Augsburg."}, {"id": "126", "s1": "3", "s2": "2", "s": "", "t": "88'", "m": "Bremen player Di Santo scrambled for a foul and the opponent gained possession."}, {"id": "125", "s1": "3", "s2": "2", "s": "", "t": "86'", "m": "Augsburg player Alten Top tried his left-footed shot from the left side of the penalty area, but unfortunately the ball was slightly offside the right goal. It was Matafz who gave him the ball."}, {"id": "124", "s1": "3", "s2": "2", "s": "", "t": "81'", "m": "Matavz won a free kick for Augsburg."}, {"id": "123", "s1": "3", "s2": "2", "s": "", "t": "81'", "m": "Bremen player Predel scrambled for a foul and the opponent was given possession."}, {"id": "122", "s1": "3", "s2": "2", "s": "", "t": "80'", "m": "Augsburg made a substitution, and Jeong-Ho Hong replaced Cole"}, {"id": "121", "s1": "3", "s2": "2", "s": "", "t": "80'", "m": "Augsburg player Werner tried his right-footed shot from the centre of the penalty area, but the ball was slightly offside the right goal. The one who gave him the pass was Alten top."}, {"id": "120", "s1": "3", "s2": "2", "s": "", "t": "79'", "m": "Ferhach won a free kick for Augsburg."}, {"id": "119", "s1": "3", "s2": "2", "s": "", "t": "79'", "m": "Bremen player Selk scrambled for a foul and the opponent was given possession of the ball."}, {"id": "118", "s1": "3", "s2": "2", "s": "", "t": "79'", "m": "Bremen was replaced, peterson replaced Galves"}, {"id": "117", "s1": "3", "s2": "2", "s": "", "t": "78'", "m": "Augsburg player Krawan scrambled for a foul and the opponent was given possession."}, {"id": "116", "s1": "3", "s2": "2", "s": "", "t": "78'", "m": "Di Santo won a free kick for Bremen."}, {"id": "115", "s1": "3", "s2": "2", "s": "", "t": "77'", "m": "Goal!!! Augsburg player Werner's header from the centre of the penalty area, the ball flew from the middle of the road into the goal, the ball was scored! Augsburg 3-2 Bremen."}, {"id": "114", "s1": "2", "s2": "2", "s": "", "t": "77'", "m": "Augsburg player Kayubi shot with his right foot from outside the penalty area hit the goalpost crossbar. It was Bayer who gave him the ball."}, {"id": "113", "s1": "2", "s2": "2", "s": "", "t": "75'", "m": "Augsburg made a substitution, and Kayobi replaced Bovadilia"}, {"id": "112", "s1": "2", "s2": "2", "s": "", "t": "73'", "m": "Augsburg player Bova di Lia scrambled for a foul and the opponent was given possession of the ball."}, {"id": "111", "s1": "2", "s2": "2", "s": "", "t": "73'", "m": "Pledell won a free kick for Bremen."}, {"id": "110", "s1": "2", "s2": "2", "s": "", "t": "71'", "m": "The suspension ended and the players resumed playing."}, {"id": "109", "s1": "2", "s2": "2", "s": "", "t": "71'", "m": "Bremen Predell fell to the ground injured and the game was suspended"}, {"id": "108", "s1": "2", "s2": "2", "s": "", "t": "70'", "m": "Augsburg player Ferhach scrambled for a foul and his opponent was given possession of the ball."}, {"id": "107", "s1": "2", "s2": "2", "s": "", "t": "70'", "m": "Butlers won a free kick for Bremen."}, {"id": "106", "s1": "2", "s2": "2", "s": "", "t": "70'", "m": "Rahman Baba won a free kick for Augsburg on the left."}, {"id": "105", "s1": "2", "s2": "2", "s": "", "t": "70'", "m": "Bremen player Hayelovic scrambled for a foul and his opponent was given possession of the ball."}, {"id": "104", "s1": "2", "s2": "2", "s": "", "t": "69'", "m": "Bremen player Yunuzovic threw the ball straight into Selk, but the referee raised a flag to show that the latter was offside."}, {"id": "103", "s1": "2", "s2": "2", "s": "", "t": "69'", "m": "Bremen player Garcia's right-footed shot from outside the penalty area was blocked by a defender."}, {"id": "102", "s1": "2", "s2": "2", "s": "", "t": "68'", "m": "Feuerhach handled the ball out of the bottom line and Bremen won the corner."}, {"id": "101", "s1": "2", "s2": "2", "s": "", "t": "68'", "m": "Augsburg player Matavz scrambled for a foul and the opponent was given possession of the ball."}, {"id": "100", "s1": "2", "s2": "2", "s": "", "t": "68'", "m": "Pledell won a free kick for Bremen."}, {"id": "99", "s1": "2", "s2": "2", "s": "", "t": "67'", "m": "Augsburg player Matavz kicked the ball straight into Bovadilia, but the referee raised a flag to show that the latter was offside."}, {"id": "98", "s1": "2", "s2": "2", "s": "", "t": "66'", "m": "Verner won a free kick for Augsburg on the left."}, {"id": "97", "s1": "2", "s2": "2", "s": "", "t": "66'", "m": "Bremen player Predel scrambled for a foul and the opponent was given possession."}, {"id": "96", "s1": "2", "s2": "2", "s": "", "t": "65'", "m": "Shot!!! Bremen player Hayelovic's left-footed shot from the right side of the penalty area was saved by the opposing goalkeeper."}, {"id": "95", "s1": "2", "s2": "2", "s": "", "t": "65'", "m": "Shot!!! Bremen player Jajelovic's right-footed shot from the right side of the penalty area was saved by the opposing goalkeeper."}, {"id": "94", "s1": "2", "s2": "2", "s": "", "t": "64'", "m": "Augsburg player Altentop attempted a right-footed shot from outside the penalty area, but unfortunately the ball was slightly offside the left goal. It was Werner who gave him the pass."}, {"id": "93", "s1": "2", "s2": "2", "s": "", "t": "63'", "m": "Augsburg made a substitution and Matafz replaced Merdes"}, {"id": "92", "s1": "2", "s2": "2", "s": "", "t": "59'", "m": "Mölders won a free kick for Augsburg at the opposing half."}, {"id": "91", "s1": "2", "s2": "2", "s": "", "t": "59'", "m": "Bremen player Lukina Mulongotti scrambled for a foul and his opponent was given possession of the ball."}, {"id": "90", "s1": "2", "s2": "2", "s": "", "t": "58'", "m": "Augsburg player Werner attempted a left-footed shot from outside the penalty area, but the ball was deflected slightly off the right goal. The one who passed the ball to him was Rahman Baba."}, {"id": "89", "s1": "2", "s2": "2", "s": "", "t": "58'", "m": "Bremen was replaced, with Hayelovic replacing Elia"}, {"id": "88", "s1": "2", "s2": "2", "s": "", "t": "58'", "m": "Bremen was replaced, bush replaced Fritz"}, {"id": "87", "s1": "2", "s2": "2", "s": "", "t": "56'", "m": "Goal!!! Bremen player Di Santo shot with his right foot, the ball flew into the goal from the top left corner and the ball went in! Augsburg 2-2 Bremen."}, {"id": "86", "s1": "2", "s2": "1", "s": "", "t": "56'", "m": "Augsburg player Kerr was fouled and caused the opponent to receive a penalty."}, {"id": "85", "s1": "2", "s2": "1", "s": "", "t": "56'", "m": "Penalty, Butlers was violated inside the penalty area and Bremen won the penalty."}, {"id": "84", "s1": "2", "s2": "1", "s": "", "t": "54'", "m": "Rahman Baba handled the ball off the line and Bremen won a corner kick."}, {"id": "83", "s1": "2", "s2": "1", "s": "", "t": "54'", "m": "Augsburg player Kravan tried his header in the centre of the penalty area, but the ball was deflected slightly off the right goal. The one who gave him the ball was Bovadia."}, {"id": "82", "s1": "2", "s2": "1", "s": "", "t": "53'", "m": "Rahman Baba won a free kick for Augsburg on the left."}, {"id": "81", "s1": "2", "s2": "1", "s": "", "t": "53'", "m": "Bremen player Elia scrambled for a foul and the opponent was given possession."}, {"id": "80", "s1": "2", "s2": "1", "s": "", "t": "52'", "m": "Bremen player Di Santo was fouled for handball and the opponent was given the ball."}, {"id": "79", "s1": "2", "s2": "1", "s": "", "t": "52'", "m": "Shot!!! Bremen player Selk's right-footed shot from outside the penalty area was saved by the opposing goalkeeper."}, {"id": "78", "s1": "2", "s2": "1", "s": "", "t": "51'", "m": "Augsburg player Bova di Lia scrambled for a foul and the opponent was given possession of the ball."}, {"id": "77", "s1": "2", "s2": "1", "s": "", "t": "51'", "m": "Galves won a free kick for Bremen."}, {"id": "76", "s1": "2", "s2": "1", "s": "", "t": "49'", "m": "Bremen player Fritz kicked the ball straight into Elia, but the referee raised a flag to show that the latter was offside."}, {"id": "75", "s1": "2", "s2": "1", "s": "", "t": "49'", "m": "Shot!!! Augsburg player Carlson Brack's header from the centre of the penalty area was saved by the opposing goalkeeper. The one who gave him the ball was Bovadia."}, {"id": "74", "s1": "2", "s2": "1", "s": "", "t": "48'", "m": "Predel handled the ball out of the bottom line and Augsburg won the corner."}, {"id": "73", "s1": "2", "s2": "1", "s": "", "t": "47'", "m": "Altentop won a free kick for Augsburg in the opposing half."}, {"id": "72", "s1": "2", "s2": "1", "s": "", "t": "47'", "m": "Bremen player Predel scrambled for a foul and the opponent was given possession."}, {"id": "71", "s1": "2", "s2": "1", "s": "", "t": "", "m": "At the start of the second half, Augsburg 2-1 Bremen"}, {"id": "70", "s1": "2", "s2": "1", "s": "", "t": "45'+4'", "m": "At the end of the first half, Augsburg 2-1 Bremen, a short break, we will take a look at the performance of the two teams in the second half."}, {"id": "69", "s1": "2", "s2": "1", "s": "", "t": "45'+3'", "m": "Goal!!! Augsburg player Ferhach fired a right-footed shot and the ball flew into the goal from the bottom right corner, and the ball went in! Augsburg 2-1 Bremen."}, {"id": "68", "s1": "1", "s2": "1", "s": "", "t": "45'+2'", "m": "Yellow! Bremen player Butlers was shown a yellow card by the referee for a malicious foul."}, {"id": "67", "s1": "1", "s2": "1", "s": "", "t": "45'+1'", "m": "Penalty, Bovadia was violated inside the penalty area and Augsburg was awarded a penalty."}, {"id": "66", "s1": "1", "s2": "1", "s": "", "t": "45'+1'", "m": "Bremen player Butlers fouled the other side and caused the opponent to get a penalty."}, {"id": "65", "s1": "1", "s2": "1", "s": "", "t": "44'", "m": "Augsburg player Meurdes scrambled for a foul and the opponent gained possession of the ball."}, {"id": "64", "s1": "1", "s2": "1", "s": "", "t": "44'", "m": "Yunuzovic won a free kick for Bremen at the opposing half."}, {"id": "63", "s1": "1", "s2": "1", "s": "", "t": "43'", "m": "Augsburg player Bova di Lia scrambled for a foul and the opponent was given possession of the ball."}, {"id": "62", "s1": "1", "s2": "1", "s": "", "t": "43'", "m": "Garcia won a free kick for Bremen on the left."}, {"id": "61", "s1": "1", "s2": "1", "s": "", "t": "42'", "m": "Augsburg player Rahman Baba attempted a left-footed shot from outside the penalty area, but unfortunately the ball was high above goal."}, {"id": "60", "s1": "1", "s2": "1", "s": "", "t": "42'", "m": "Lukina Mulongotti handled the ball off the line and Augsburg won a corner kick."}, {"id": "59", "s1": "1", "s2": "1", "s": "", "t": "40'", "m": "Bremen player Elia was shown a yellow card by the referee."}, {"id": "58", "s1": "1", "s2": "1", "s": "", "t": "38'", "m": "Fritz handled the ball out of the bottom line and Augsburg won a corner kick."}, {"id": "57", "s1": "1", "s2": "1", "s": "", "t": "38'", "m": "Shot!!! Augsburg player Bova dillha's left-footed shot from outside the penalty area was saved by the opposing goalkeeper. It was Melders who gave him the pass."}, {"id": "56", "s1": "1", "s2": "1", "s": "", "t": "37'", "m": "Carlson Brack won a free kick for Augsburg in the opposing half."}, {"id": "55", "s1": "1", "s2": "1", "s": "", "t": "37'", "m": "Bremen player Selk scrambled for a foul and the opponent was given possession of the ball."}, {"id": "54", "s1": "1", "s2": "1", "s": "", "t": "36'", "m": "Yellow! Bremen player Garcia was shown a yellow card by the referee for a malicious foul."}, {"id": "53", "s1": "1", "s2": "1", "s": "", "t": "36'", "m": "Mölders won a free kick for Augsburg at the opposing half."}, {"id": "52", "s1": "1", "s2": "1", "s": "", "t": "36'", "m": "Bremen player Garcia scrambled for a foul and the opponent was given possession of the ball."}, {"id": "51", "s1": "1", "s2": "1", "s": "", "t": "35'", "m": "Augsburg player Bova dillha attempted a right-footed shot from the left side of the penalty area, but unfortunately the ball was slightly above goal. It was Bayer who gave him the ball."}, {"id": "50", "s1": "1", "s2": "1", "s": "", "t": "34'", "m": "Augsburg player Bova di Lia scrambled for a foul and the opponent was given possession of the ball."}, {"id": "49", "s1": "1", "s2": "1", "s": "", "t": "34'", "m": "Di Santo won a free kick for Bremen."}, {"id": "48", "s1": "1", "s2": "1", "s": "", "t": "33'", "m": "The suspension ended and the players resumed playing."}, {"id": "47", "s1": "1", "s2": "1", "s": "", "t": "33'", "m": "Bremen Eliya fell to the ground injured and the game was suspended"}, {"id": "46", "s1": "1", "s2": "1", "s": "", "t": "33'", "m": "Kerr won a free kick for Augsburg on the right."}, {"id": "45", "s1": "1", "s2": "1", "s": "", "t": "33'", "m": "Bremen player Di Santo scrambled for a foul and the opponent gained possession."}, {"id": "44", "s1": "1", "s2": "1", "s": "", "t": "32'", "m": "Fritz handled the ball out of the bottom line and Augsburg won a corner kick."}, {"id": "43", "s1": "1", "s2": "1", "s": "", "t": "31'", "m": "Bremen player Fritz was fouled for handball and the opponent was given the ball."}, {"id": "42", "s1": "1", "s2": "1", "s": "", "t": "30'", "m": "Augsburg player Meurdes scrambled for a foul and the opponent gained possession of the ball."}, {"id": "41", "s1": "1", "s2": "1", "s": "", "t": "30'", "m": "Pledell won a free kick for Bremen."}, {"id": "40", "s1": "1", "s2": "1", "s": "", "t": "27'", "m": "Shot!!! Bremen player Butlers' right-footed shot from the left side of the penalty area was saved by the opposing goalkeeper. It was Di Santo who gave him the pass."}, {"id": "39", "s1": "1", "s2": "1", "s": "", "t": "26'", "m": "Carlson Brack won a free kick for Augsburg."}, {"id": "38", "s1": "1", "s2": "1", "s": "", "t": "26'", "m": "Bremen player Selk scrambled for a foul and the opponent was given possession of the ball."}, {"id": "37", "s1": "1", "s2": "1", "s": "", "t": "26'", "m": "Augsburg player Beyer scrambled for a foul and the opponent was given possession."}, {"id": "36", "s1": "1", "s2": "1", "s": "", "t": "26'", "m": "Yunuzovic won a free kick for Bremen."}, {"id": "35", "s1": "1", "s2": "1", "s": "", "t": "25'", "m": "Augsburg player Meurdes attempted a header in the centre of the penalty area, but unfortunately the ball was slightly offside the left goal. The one who gave him the ball was Bovadia."}, {"id": "34", "s1": "1", "s2": "1", "s": "", "t": "24'", "m": "Shot!!! Augsburg player Werner's left-footed shot from outside the box was saved by the opposing goalkeeper. The one who gave him the pass was Alten top."}, {"id": "33", "s1": "1", "s2": "1", "s": "", "t": "24'", "m": "Ferhach won a free kick for Augsburg."}, {"id": "32", "s1": "1", "s2": "1", "s": "", "t": "24'", "m": "Bremen player Garcia scrambled for a foul and the opponent was given possession of the ball."}, {"id": "31", "s1": "1", "s2": "1", "s": "", "t": "22'", "m": "Bayer won a free kick for Augsburg at the opposing half."}, {"id": "30", "s1": "1", "s2": "1", "s": "", "t": "22'", "m": "Bremen player Garvis scrambled for a foul and the opponent gained possession."}, {"id": "29", "s1": "1", "s2": "1", "s": "", "t": "21'", "m": "Augsburg player Rahman Baba thrust the ball straight into Bovadilia, but the referee raised a flag to show the latter was offside."}, {"id": "28", "s1": "1", "s2": "1", "s": "", "t": "19'", "m": "Bremen player Garves tried his right-footed shot from outside the penalty area but unfortunately the ball was high above the top right corner."}, {"id": "27", "s1": "1", "s2": "1", "s": "", "t": "18'", "m": "Feuerhach handled the ball out of the bottom line and Bremen won the corner."}, {"id": "26", "s1": "1", "s2": "1", "s": "", "t": "17'", "m": "Bremen player Di Santo attempted a left-footed shot from outside the penalty area, but unfortunately the ball was higher than goal."}, {"id": "25", "s1": "1", "s2": "1", "s": "", "t": "17'", "m": "Bremen player Di Santo's right-footed shot from the centre of the penalty area was blocked by a defender."}, {"id": "24", "s1": "1", "s2": "1", "s": "", "t": "17'", "m": "Werner handled the ball out of the bottom line and Bremen won the corner."}, {"id": "23", "s1": "1", "s2": "1", "s": "", "t": "15'", "m": "Yellow! Augsburg player Kerr was shown a yellow card by the referee for a malicious foul."}, {"id": "22", "s1": "1", "s2": "1", "s": "", "t": "15'", "m": "Augsburg player Kerr scrambled for a foul and the opponent was given possession of the ball."}, {"id": "21", "s1": "1", "s2": "1", "s": "", "t": "15'", "m": "Elia won a free kick for Bremen."}, {"id": "20", "s1": "1", "s2": "1", "s": "", "t": "14'", "m": "Goal!!! Augsburg player Bayer shot with a right foot in the center of the penalty area, the ball flew from the middle of the road into the goal, the ball was scored! Assisted by AltenTop. Augsburg 1-1 Bremen."}, {"id": "19", "s1": "0", "s2": "1", "s": "", "t": "13'", "m": "Bremen player Elia attempted a right-footed shot from outside the penalty area, but unfortunately the ball was slightly offside the left goal."}, {"id": "18", "s1": "0", "s2": "1", "s": "", "t": "12'", "m": "Augsburg player Krawan shoved the ball straight into Werner, but the referee raised a flag to show that the latter was offside."}, {"id": "17", "s1": "0", "s2": "1", "s": "", "t": "11'", "m": "Bovadia won a free kick for Augsburg on the right."}, {"id": "16", "s1": "0", "s2": "1", "s": "", "t": "11'", "m": "Bremen player Garcia scrambled for a foul and the opponent was given possession of the ball."}, {"id": "15", "s1": "0", "s2": "1", "s": "", "t": "11'", "m": "Bovadia won a free kick for Augsburg."}, {"id": "14", "s1": "0", "s2": "1", "s": "", "t": "11'", "m": "Bremen player Garcia scrambled for a foul and the opponent was given possession of the ball."}, {"id": "13", "s1": "0", "s2": "1", "s": "", "t": "8'", "m": "Bremen player Elia attempted a right-footed shot from outside the penalty area, but unfortunately the ball was slightly offside the right goal."}, {"id": "12", "s1": "0", "s2": "1", "s": "", "t": "7'", "m": "Carlson Brack handled the ball out of the line and Bremen won a corner."}, {"id": "11", "s1": "0", "s2": "1", "s": "", "t": "7'", "m": "Bremen player Elia's left-footed shot from a wide distance on the left was blocked by a defender. It was Selk who gave him the pass."}, {"id": "10", "s1": "0", "s2": "1", "s": "", "t": "6'", "m": "Augsburg player Kerr scrambled for a foul and the opponent was given possession of the ball."}, {"id": "9", "s1": "0", "s2": "1", "s": "", "t": "6'", "m": "Yunuzovic won a free kick for Bremen."}, {"id": "8", "s1": "0", "s2": "1", "s": "", "t": "6'", "m": "Meurdes won a free kick for Augsburg on the right."}, {"id": "7", "s1": "0", "s2": "1", "s": "", "t": "6'", "m": "Bremen player Elia scrambled for a foul and the opponent was given possession."}, {"id": "6", "s1": "0", "s2": "1", "s": "", "t": "5'", "m": "Augsburg player Rahman Baba's left-footed shot from outside the box was blocked by a defender. It was Bayer who gave him the ball."}, {"id": "5", "s1": "0", "s2": "1", "s": "", "t": "5'", "m": "Lukina Mulongotti handled the ball off the line and Augsburg won a corner kick."}, {"id": "4", "s1": "0", "s2": "1", "s": "", "t": "4'", "m": "Predel handled the ball out of the bottom line and Augsburg won the corner."}, {"id": "3", "s1": "0", "s2": "1", "s": "", "t": "3'", "m": "Goal!!! Bremen player Serck's right-footed shot from the centre of the penalty area flew into the net from the middle and the ball went in! Assisted by Garcia. Augsburg 0-1 Bremen."}, {"id": "2", "s1": "0", "s2": "0", "s": "", "t": "2'", "m": "Augsburg player Bova diGlia attempted a left-footed shot from the right side of the penalty area, but unfortunately the ball was slightly offside the left goal."}, {"id": "1", "s1": "0", "s2": "0", "s": "", "t": "", "m": "With a whistle from the referee, the first half of the game began."}]