[{"id": "3436108", "s1": "1", "s2": "1", "s": "Finish", "t": "", "m": " "}, {"id": "3436104", "s1": "1", "s2": "1", "s": "Finish", "t": "", "m": "This game is broadcast here for everyone, thank you for your attention, goodbye!"}, {"id": "3436103", "s1": "1", "s2": "1", "s": "Finish", "t": "", "m": "But the Champions League final on May 25 will certainly not disappoint the fans"}, {"id": "3436102", "s1": "1", "s2": "1", "s": "Finish", "t": "", "m": "Maybe this 1-1 on the bench line-up, the fans have not seen the addiction"}, {"id": "3436100", "s1": "1", "s2": "1", "s": "Finish", "t": "", "m": "Heynckes' side failed to match the team's all-time 15-game winning streak"}, {"id": "3436097", "s1": "1", "s2": "1", "s": "Finish", "t": "", "m": "Although Lewandowski missed a penalty and failed to kill Bayern, the draw was enough to end Bayern's league winning streak"}, {"id": "3436094", "s1": "1", "s2": "1", "s": "Finish", "t": "", "m": "However, a penalty and a red card in the second half made the game tense"}, {"id": "3436092", "s1": "1", "s2": "1", "s": "Finish", "t": "", "m": "Originally both sides wanted to finish the game with a peaceful mind"}, {"id": "3436090", "s1": "1", "s2": "1", "s": "Finish", "t": "", "m": "The two teams failed to achieve a psychological advantage by winning this game before the Champions League final"}, {"id": "3436088", "s1": "1", "s2": "1", "s": "Finish", "t": "", "m": "In the end, the two sides continued the score of the first half, shaking hands 1-1"}, {"id": "3436085", "s1": "1", "s2": "1", "s": "Finish", "t": "", "m": "End of the match!!!!"}, {"id": "3436083", "s1": "1", "s2": "1", "s": "Next", "t": "48'", "m": "It's almost time for the game"}, {"id": "3436082", "s1": "1", "s2": "1", "s": "Next", "t": "48'", "m": "Replaced by youngster Hoyel Borg"}, {"id": "3436080", "s1": "1", "s2": "1", "s": "Next", "t": "47'", "m": "Bayern replaced Alaba"}, {"id": "3436077", "s1": "1", "s2": "1", "s": "Next", "t": "46'", "m": "Reuss' corner kick was fired and Shaheen's header went high"}, {"id": "3436075", "s1": "1", "s2": "1", "s": "Next", "t": "46'", "m": "2 minutes of stoppage time"}, {"id": "3436073", "s1": "1", "s2": "1", "s": "Next", "t": "46'", "m": "This next season Moshchuk block is also more painful"}, {"id": "3436071", "s1": "1", "s2": "1", "s": "Next", "t": "45'", "m": "Dortmund Shaheen's long-range shot was blocked by the defender with his body, a corner kick"}, {"id": "3436069", "s1": "1", "s2": "1", "s": "Next", "t": "45'", "m": "Landlord King 20121980: Whoever wins the final is the winner, and Germany is the biggest winner--- if Bayern loses, it should be a big blow to them"}, {"id": "3436066", "s1": "1", "s2": "1", "s": "Next", "t": "44'", "m": "Lewandowski scrambled up front for a foul on Boateng"}, {"id": "3436064", "s1": "1", "s2": "1", "s": "Next", "t": "43'", "m": "Reuss' pass was just in place, and if Sibel stopped, it was a one-handed knife facing the goalkeeper"}, {"id": "3436061", "s1": "1", "s2": "1", "s": "Next", "t": "43'", "m": "Sibel is in too average form today"}, {"id": "3436060", "s1": "1", "s2": "1", "s": "Next", "t": "43'", "m": "Neuer, who was attacked while chasing, preemptively got the ball"}, {"id": "3436058", "s1": "1", "s2": "1", "s": "Next", "t": "42'", "m": "Reus's beautiful pass in the middle of the road got rid of Van Beatten and distributed it to Siebel, who was inserted into the box, but Siebel's first stop was big"}, {"id": "3436054", "s1": "1", "s2": "1", "s": "Next", "t": "41'", "m": "Although there has always been one more person to play, the Hornets still have no chance in the face of Bayern's defense"}, {"id": "3436052", "s1": "1", "s2": "1", "s": "Next", "t": "41'", "m": "The two people behind him were also quarreling"}, {"id": "3436050", "s1": "1", "s2": "1", "s": "Next", "t": "40'", "m": "Before Santana and Muller made physical contact in the penalty area, Mueller's fall still did not change to the penalty"}, {"id": "3436048", "s1": "1", "s2": "1", "s": "Next", "t": "40'", "m": "Emrejan was shown a yellow card for blocking Siebel's breakthrough with his body"}, {"id": "3436045", "s1": "1", "s2": "1", "s": "Next", "t": "39'", "m": "Kuba finished with an assist today"}, {"id": "3436044", "s1": "1", "s2": "1", "s": "Next", "t": "39'", "m": "Borussia Dortmund replaced Bendel for Kuba"}, {"id": "3436043", "s1": "1", "s2": "1", "s": "Next", "t": "39'", "m": "Gustavo's breakthrough on the left caused a foul on Kuba"}, {"id": "3436040", "s1": "1", "s2": "1", "s": "Next", "t": "38'", "m": "Both teams played today and now feel like they're holding that momentum"}, {"id": "3436035", "s1": "1", "s2": "1", "s": "Next", "t": "37'", "m": "Rope Dream So Beautiful 123: The anchor is a Dort fan at first glance. The words were all said to Dot's ---- this is really not"}, {"id": "3436033", "s1": "1", "s2": "1", "s": "Next", "t": "37'", "m": "The game was 80 minutes long"}, {"id": "3436031", "s1": "1", "s2": "1", "s": "Next", "t": "36'", "m": "Divided into Timoshchuk on the left, a long-range shot went high"}, {"id": "3436030", "s1": "1", "s2": "1", "s": "Next", "t": "36'", "m": "Shakiri took the ball on the right and got rid of it continuously"}, {"id": "3436029", "s1": "1", "s2": "1", "s": "Next", "t": "36'", "m": "Bayern fought back with a broken ball"}, {"id": "3436027", "s1": "1", "s2": "1", "s": "Next", "t": "35'", "m": "Dortmund went on consecutive forward passes in search of opportunities"}, {"id": "3436025", "s1": "1", "s2": "1", "s": "Next", "t": "35'", "m": "Timoschuk's forward push forced Borussia Dortmund to pass the ball back to the goalkeeper"}, {"id": "3436022", "s1": "1", "s2": "1", "s": "Next", "t": "34'", "m": "Siebel's diagonal line into the ribs of the penalty area and received a direct pass from Reuss with his left foot deflected off the far post"}, {"id": "3436020", "s1": "1", "s2": "1", "s": "Next", "t": "34'", "m": "Now I feel like the two teams are ready to use 90 minutes of play to recharge the Champions League final"}, {"id": "3436017", "s1": "1", "s2": "1", "s": "Next", "t": "33'", "m": "The two sides are also fighting"}, {"id": "3436016", "s1": "1", "s2": "1", "s": "Next", "t": "33'", "m": "Lewandowski and Boateng are on top again"}, {"id": "3436014", "s1": "1", "s2": "1", "s": "Next", "t": "32'", "m": "The free-kick was passed into the penalty area, no player touched the landing point, the ball flew directly to the goal, and Neuer concentrated on confiscating the ball"}, {"id": "3436011", "s1": "1", "s2": "1", "s": "Next", "t": "32'", "m": "Reuss left the road caused Jenn's foul"}, {"id": "3436009", "s1": "1", "s2": "1", "s": "Next", "t": "31'", "m": "Borussia Dortmund replaced Reuss and Bayern replaced Müller"}, {"id": "3436008", "s1": "1", "s2": "1", "s": "Next", "t": "31'", "m": "Bayern are also tit-for-tat"}, {"id": "3436006", "s1": "1", "s2": "1", "s": "Next", "t": "31'", "m": "Müller replaces Pizarro"}, {"id": "3436004", "s1": "1", "s2": "1", "s": "Next", "t": "31'", "m": "Gustavo is offside at the far end of the left side"}, {"id": "3436003", "s1": "1", "s2": "1", "s": "Next", "t": "31'", "m": "Shaheen fouled again, making a pedaling motion against Timoshchuk"}, {"id": "3436001", "s1": "1", "s2": "1", "s": "Next", "t": "30'", "m": "Second point shaheen's foul on the periphery"}, {"id": "3435999", "s1": "1", "s2": "1", "s": "Next", "t": "30'", "m": "Pizarro's header from the front post was cleared"}, {"id": "3435998", "s1": "1", "s2": "1", "s": "Next", "t": "29'", "m": "Leitner broke the ball on the right to form a corner"}, {"id": "3435995", "s1": "1", "s2": "1", "s": "Next", "t": "29'", "m": "Now Bayern are starting to defend passively"}, {"id": "3435993", "s1": "1", "s2": "1", "s": "Next", "t": "28'", "m": "Lewandowski received the ball with his back to him, and Van Beatten pushed the man behind him"}, {"id": "3435991", "s1": "1", "s2": "1", "s": "Next", "t": "28'", "m": "Pizarro stopped the ball and turned around and was cut off by Shaheen"}, {"id": "3435989", "s1": "1", "s2": "1", "s": "Next", "t": "27'", "m": "Kuba's right passers-by did not succeed"}, {"id": "3435986", "s1": "1", "s2": "1", "s": "Next", "t": "27'", "m": "There are still more than 20 minutes to play one more person to make a force"}, {"id": "3435984", "s1": "1", "s2": "1", "s": "Next", "t": "26'", "m": "It seems that Klopp is still not satisfied with the draw"}, {"id": "3435983", "s1": "1", "s2": "1", "s": "Next", "t": "26'", "m": "Dortmund made a substitution, and Reus replaced Kyle"}, {"id": "3435981", "s1": "1", "s2": "1", "s": "Next", "t": "26'", "m": "Shaheen fired high from outside"}, {"id": "3435979", "s1": "1", "s2": "1", "s": "Next", "t": "25'", "m": "Youngster Emrejan came in at right-back"}, {"id": "3435976", "s1": "1", "s2": "1", "s": "Next", "t": "25'", "m": "Zhan's right-hand under-the-bottom cross was powerful"}, {"id": "3435975", "s1": "1", "s2": "1", "s": "Next", "t": "24'", "m": "The game, which had been very calm, was stirred up by a penalty and a red card from the referee"}, {"id": "3435974", "s1": "1", "s2": "1", "s": "Next", "t": "24'", "m": "In the just clashes between Klopp and Bayern, Summer also had a few words of quarrel"}, {"id": "3435973", "s1": "1", "s2": "1", "s": "Next", "t": "23'", "m": "Now Borussia Dortmund have one more man to play after conceding a penalty"}, {"id": "3435972", "s1": "1", "s2": "1", "s": "Next", "t": "22'", "m": "Tournament resumed"}, {"id": "3435971", "s1": "1", "s2": "1", "s": "Next", "t": "22'", "m": "Bayern made a substitution, with Emrejan replacing Gomez"}, {"id": "3435970", "s1": "1", "s2": "1", "s": "Next", "t": "22'", "m": "Before the kick is still too harmonious ah"}, {"id": "3435969", "s1": "1", "s2": "1", "s": "Next", "t": "22'", "m": "It's a bit of a final"}, {"id": "3435968", "s1": "1", "s2": "1", "s": "Next", "t": "21'", "m": "The game is still in chaos"}, {"id": "3435967", "s1": "1", "s2": "1", "s": "Next", "t": "21'", "m": "Rafinha cursed and grinned"}, {"id": "3435966", "s1": "1", "s2": "1", "s": "Next", "t": "21'", "m": "The two sides are caught in a conflict"}, {"id": "3435965", "s1": "1", "s2": "1", "s": "Next", "t": "20'", "m": "The referee showed Rafinha another yellow card!!! Accumulating a second yellow card, Rafinha was sent off"}, {"id": "3435963", "s1": "1", "s2": "1", "s": "Next", "t": "20'", "m": "Slow-motion looks are actually Rafinha's elbow movements"}, {"id": "3435960", "s1": "1", "s2": "1", "s": "Next", "t": "20'", "m": "The referee gave Kuba a yellow card"}, {"id": "3435958", "s1": "1", "s2": "1", "s": "Next", "t": "19'", "m": "Kuba and Rafinha both fell to the ground scrambling on the flanks"}, {"id": "3435956", "s1": "1", "s2": "1", "s": "Next", "t": "19'", "m": "Neuer just saved a penalty in the Dortmund South Stand"}, {"id": "3435954", "s1": "1", "s2": "1", "s": "Next", "t": "18'", "m": "Pizarro on the other side fouled Subertic"}, {"id": "3435952", "s1": "1", "s2": "1", "s": "Next", "t": "17'", "m": "Rafinha kicked down Siebel behind him, yellow card"}, {"id": "3435950", "s1": "1", "s2": "1", "s": "Next", "t": "17'", "m": "Otherwise, it would really be a success or a failure for Xiao He"}, {"id": "3435949", "s1": "1", "s2": "1", "s": "Next", "t": "16'", "m": "Fortunately, Lewandowski's penalty did not appear in the Champions League final"}, {"id": "3435947", "s1": "1", "s2": "1", "s": "Next", "t": "16'", "m": "A corner kick was sent and Santana's header was high"}, {"id": "3435946", "s1": "1", "s2": "1", "s": "Next", "t": "16'", "m": "Lewandowski shot the ball into the bottom right corner of the goal, and Neuer flew over to seal the ball off the line"}, {"id": "3435944", "s1": "1", "s2": "1", "s": "Next", "t": "15'", "m": "Neuer flew over and saved the ball from the bottom line!!!!!"}, {"id": "3435943", "s1": "1", "s2": "1", "s": "Next", "t": "15'", "m": "Lewandowski took the penalty!"}, {"id": "3435942", "s1": "1", "s2": "1", "s": "Next", "t": "14'", "m": "Boateng stretched out his arms as he blocked Shaheen's shot with his body"}, {"id": "3435941", "s1": "1", "s2": "1", "s": "Next", "t": "14'", "m": "Penalty kick!! Boateng handballed!!!!"}, {"id": "3435940", "s1": "1", "s2": "1", "s": "Next", "t": "14'", "m": "Shaheen's left-footed long-range shot from outside was blocked by Boateng"}, {"id": "3435939", "s1": "1", "s2": "1", "s": "Next", "t": "14'", "m": "Schmelzer assisted from the left and his under-the-line cross was blocked out of the box by the defender"}, {"id": "3435938", "s1": "1", "s2": "1", "s": "Next", "t": "13'", "m": "Behind him, Pizarro kept hitting the wall and passing to Gomez, who fell to the ground and destroyed the ball before Gomez"}, {"id": "3435937", "s1": "1", "s2": "1", "s": "Next", "t": "12'", "m": "Timoschuk passed straight into the box and Gomez slipped the ball past the penalty area"}, {"id": "3435936", "s1": "1", "s2": "1", "s": "Next", "t": "12'", "m": "Shakiri faces Santana on the right to return to the penalty area forward Timoshchuk"}, {"id": "3435935", "s1": "1", "s2": "1", "s": "Next", "t": "11'", "m": "The second half was played for 10 minutes"}, {"id": "3435933", "s1": "1", "s2": "1", "s": "Next", "t": "11'", "m": "The cross from the left went straight out of the bottom line, the goal"}, {"id": "3435931", "s1": "1", "s2": "1", "s": "Next", "t": "10'", "m": "Rafinha made a mistake in stopping the ball and Siebel broke the ball"}, {"id": "3435930", "s1": "1", "s2": "1", "s": "Next", "t": "10'", "m": "Shaheen's midfielder's pass was again wrong"}, {"id": "3435929", "s1": "1", "s2": "1", "s": "Next", "t": "9'", "m": "People who run to the year of standing: change Mao Biao, change Mao Biao---- win also change Mao Biao, lose also change Mao Biao"}, {"id": "3435928", "s1": "1", "s2": "1", "s": "Next", "t": "9'", "m": "Kuba and Leitner made a mistake in their coordination of the ribs of the penalty area"}, {"id": "3435927", "s1": "1", "s2": "1", "s": "Next", "t": "8'", "m": "Get a sideline ball"}, {"id": "3435926", "s1": "1", "s2": "1", "s": "Next", "t": "8'", "m": "Dortmund counter-attacked directly behind Contento"}, {"id": "3435925", "s1": "1", "s2": "1", "s": "Next", "t": "8'", "m": "The cross was released"}, {"id": "3435924", "s1": "1", "s2": "1", "s": "Next", "t": "8'", "m": "Teammate Arabba on the left took the ball back to Contento"}, {"id": "3435923", "s1": "1", "s2": "1", "s": "Next", "t": "7'", "m": "Rafinha's cross from the right was too strong"}, {"id": "3435922", "s1": "1", "s2": "1", "s": "Next", "t": "7'", "m": "Borussia Dortmund also had a suspected penalty in the first half"}, {"id": "3435921", "s1": "1", "s2": "1", "s": "Next", "t": "6'", "m": "Slow motion is also difficult to judge"}, {"id": "3435920", "s1": "1", "s2": "1", "s": "Next", "t": "6'", "m": "Didn't give a penalty or blow a fake fall"}, {"id": "3435919", "s1": "1", "s2": "1", "s": "Next", "t": "6'", "m": "The referee did not indicate"}, {"id": "3435918", "s1": "1", "s2": "1", "s": "Next", "t": "5'", "m": "Pizarro unloaded a long pass from the back in the penalty area and shook Off Subertic before falling to the ground"}, {"id": "3435917", "s1": "1", "s2": "1", "s": "Next", "t": "4'", "m": "The scene is quite spectacular"}, {"id": "3435916", "s1": "1", "s2": "1", "s": "Next", "t": "4'", "m": "Up to 10 players from both sides scrambled around a small section on the flank"}, {"id": "3435915", "s1": "1", "s2": "1", "s": "Next", "t": "4'", "m": "Shakiri didn't handle the ball well on the flank and stopped off the sideline"}, {"id": "3435914", "s1": "1", "s2": "1", "s": "Next", "t": "3'", "m": "Borussia Dortmund's inverted triangle pass from the right was not played by Leitner in front of goal"}, {"id": "3435913", "s1": "1", "s2": "1", "s": "Next", "t": "2'", "m": "With the help of Borussia Dortmund on the right, Contento fell to the ground and shoveled the ball off the sideline"}, {"id": "3435912", "s1": "1", "s2": "1", "s": "Next", "t": "2'", "m": "Like last year, bananas have started to be thrown down"}, {"id": "3435911", "s1": "1", "s2": "1", "s": "Next", "t": "2'", "m": "Neuer moved to the front of Dortmund's South Stand after exchanging venues in the second half"}, {"id": "3435910", "s1": "1", "s2": "1", "s": "Next", "t": "1'", "m": "Today, Timoshchuk has been violated a lot"}, {"id": "3435909", "s1": "1", "s2": "1", "s": "Next", "t": "1'", "m": "Leitner's foul on Timoshchuk"}, {"id": "3435908", "s1": "1", "s2": "1", "s": "Next", "t": "1'", "m": "At the start of the second half, the two sides fought again and Borussia Dortmund kicked off"}, {"id": "3435907", "s1": "1", "s2": "1", "s": "Midfielder", "t": "", "m": "The two sides finally returned to the field and the second half of the game began immediately"}, {"id": "3435906", "s1": "1", "s2": "1", "s": "Midfielder", "t": "", "m": "The second half of the game has not yet started, and today's break is a bit long"}, {"id": "3435905", "s1": "1", "s2": "1", "s": "Midfielder", "t": "", "m": "Flowers_YY: Not as intense as the final, a little lost---- this fierce final can not play"}, {"id": "3435904", "s1": "1", "s2": "1", "s": "Midfielder", "t": "", "m": "Akira Akira: Is Gundogan injured? ----- shouldn't be too much of a problem"}, {"id": "3435903", "s1": "1", "s2": "1", "s": "Midfielder", "t": "", "m": "hlpluto: These two teams hide a lot of main players Playing trial ---- in fact, in the Champions League to choose the most familiar opponent, Bayern and Borussia Dortmund will choose each other, today is even a game to give back to the fans"}, {"id": "3435902", "s1": "1", "s2": "1", "s": "Midfielder", "t": "", "m": "ROGER5555: Reus PK Mueller ----- both on the bench"}, {"id": "3435901", "s1": "1", "s2": "1", "s": "Midfielder", "t": "", "m": " "}, {"id": "3435900", "s1": "1", "s2": "1", "s": "Midfielder", "t": "", "m": " "}, {"id": "3435899", "s1": "1", "s2": "1", "s": "Midfielder", "t": "", "m": "Later, I will bring you the live broadcast of the second half"}, {"id": "3435898", "s1": "1", "s2": "1", "s": "Midfielder", "t": "", "m": "Overall, both sides played in the first half of the game more stable, and the mentality was more relaxed"}, {"id": "3435897", "s1": "1", "s2": "1", "s": "Midfielder", "t": "", "m": "In addition, Lewandowski and Gomez both wasted a good shooting opportunity"}, {"id": "3435896", "s1": "1", "s2": "1", "s": "Midfielder", "t": "", "m": "Bayern equalised with a gomez header"}, {"id": "3435895", "s1": "1", "s2": "1", "s": "Midfielder", "t": "", "m": "Dortmund Groskroytz took the lead in breaking the deadlock"}, {"id": "3435894", "s1": "1", "s2": "1", "s": "Midfielder", "t": "", "m": "After 45 minutes of half-time fighting the two sides temporarily drew 1-1"}, {"id": "3435893", "s1": "1", "s2": "1", "s": "Midfielder", "t": "", "m": "The first half was over"}, {"id": "3435892", "s1": "1", "s2": "1", "s": "on", "t": "47'", "m": "After the first point Dortmund scrambled down, the second point was released by Van Beatten"}, {"id": "3435891", "s1": "1", "s2": "1", "s": "on", "t": "47'", "m": "Borussia Dortmund's free-kick drove wide into the back of the penalty area"}, {"id": "3435890", "s1": "1", "s2": "1", "s": "on", "t": "46'", "m": "Boateng yellow card"}, {"id": "3435889", "s1": "1", "s2": "1", "s": "on", "t": "46'", "m": "Kuba burst in the middle of the road with the ball and Boateng was fouled tactically behind him"}, {"id": "3435888", "s1": "1", "s2": "1", "s": "on", "t": "46'", "m": "Borussia Dortmund counter-attacked quickly"}, {"id": "3435887", "s1": "1", "s2": "1", "s": "on", "t": "46'", "m": "A free kick hit the front post and was freed"}, {"id": "3435886", "s1": "1", "s2": "1", "s": "on", "t": "46'", "m": "1 minute of stoppage time in the first half"}, {"id": "3435885", "s1": "1", "s2": "1", "s": "on", "t": "46'", "m": "A free kick on the right side of the Bayern penalty area"}, {"id": "3435884", "s1": "1", "s2": "1", "s": "on", "t": "45'", "m": "Shakiri on the right took the ball and Leitner grabbed it and fouled it"}, {"id": "3435883", "s1": "1", "s2": "1", "s": "on", "t": "45'", "m": "The corner kick was pushed out by the defenders"}, {"id": "3435882", "s1": "1", "s2": "1", "s": "on", "t": "45'", "m": "Gomez dangled the ball off angle and fired a low shot at the goalkeeper that was blocked by Weidenfeller with his foot"}, {"id": "3435881", "s1": "1", "s2": "1", "s": "on", "t": "45'", "m": "Alaba took the ball in the middle and sped away from the defender and crossed the penalty area"}, {"id": "3435880", "s1": "1", "s2": "1", "s": "on", "t": "44'", "m": "Suddenly hit the frontcourt"}, {"id": "3435879", "s1": "1", "s2": "1", "s": "on", "t": "44'", "m": "Bayern's backcourt has been back-to-back"}, {"id": "3435878", "s1": "1", "s2": "1", "s": "on", "t": "44'", "m": "The first half was nearing the end"}, {"id": "3435877", "s1": "1", "s2": "1", "s": "on", "t": "43'", "m": "Alaba's left foot directly bombarded the door with more"}, {"id": "3435876", "s1": "1", "s2": "1", "s": "on", "t": "43'", "m": "Bayern's free-kick in the middle"}, {"id": "3435875", "s1": "1", "s2": "1", "s": "on", "t": "42'", "m": "Shaheen tripped Shakiri while defending in front of the penalty area"}, {"id": "3435874", "s1": "1", "s2": "1", "s": "on", "t": "42'", "m": "Lightner was fouled while scrambling up front"}, {"id": "3435873", "s1": "1", "s2": "1", "s": "on", "t": "41'", "m": "Santana picked out a cross from the right and Boateng's header sailed off the line"}, {"id": "3435872", "s1": "1", "s2": "1", "s": "on", "t": "41'", "m": "Groskroyts and Gomez scored each"}, {"id": "3435871", "s1": "1", "s2": "1", "s": "on", "t": "41'", "m": "The first half of the game was played for 40 minutes, the score was 1-1"}, {"id": "3435870", "s1": "1", "s2": "1", "s": "on", "t": "40'", "m": "Shaheen directly hit the high door more"}, {"id": "3435869", "s1": "1", "s2": "1", "s": "on", "t": "40'", "m": "Borussia Dortmund took a free kick on the left side of the penalty area"}, {"id": "3435868", "s1": "1", "s2": "1", "s": "on", "t": "39'", "m": "Schmelzer assisted from the left and was knocked down by Gustavo in disguise in front of the penalty area"}, {"id": "3435867", "s1": "1", "s2": "1", "s": "on", "t": "39'", "m": "Weidenfeller drove the ball into the front"}, {"id": "3435866", "s1": "1", "s2": "1", "s": "on", "t": "38'", "m": "Kuba kicked down Tymoschuk during the counter-attack"}, {"id": "3435865", "s1": "1", "s2": "1", "s": "on", "t": "38'", "m": "Kuba took the ball and turned around and was cut off by Boateng"}, {"id": "3435864", "s1": "1", "s2": "1", "s": "on", "t": "37'", "m": "Groskroyts came down the right and mismatched Kyle"}, {"id": "3435863", "s1": "1", "s2": "1", "s": "on", "t": "37'", "m": "Should still be afraid of player injuries"}, {"id": "3435862", "s1": "1", "s2": "1", "s": "on", "t": "37'", "m": "Klopp's opening expression on the sidelines was still relatively relaxed, but it quickly became grim"}, {"id": "3435861", "s1": "1", "s2": "1", "s": "on", "t": "35'", "m": "Still not as hard as Santana"}, {"id": "3435860", "s1": "1", "s2": "1", "s": "on", "t": "35'", "m": "Timoschuk jumped up and Wentana scrambled for a header and was knocked down by the other side"}, {"id": "3435859", "s1": "1", "s2": "1", "s": "on", "t": "34'", "m": "Dortmund's direct pass from the middle, lewandowski was offside"}, {"id": "3435858", "s1": "1", "s2": "1", "s": "on", "t": "34'", "m": "With Kisling scoring in a previously concluded match, both are currently tied for top scorer with 23 goals"}, {"id": "3435857", "s1": "1", "s2": "1", "s": "on", "t": "33'", "m": "Lewandowski playing today may also be the top scorer who wants to fight for the Bundesliga"}, {"id": "3435856", "s1": "1", "s2": "1", "s": "on", "t": "33'", "m": "Corner kicks are not a threat"}, {"id": "3435855", "s1": "1", "s2": "1", "s": "on", "t": "32'", "m": "This ball of tofu is really confident"}, {"id": "3435854", "s1": "1", "s2": "1", "s": "on", "t": "32'", "m": "Lewandowski led the ball from the left into the penalty area and swung past Van Beateng and Boateng in a row before facing Neuer's small angle shot and was saved"}, {"id": "3435853", "s1": "1", "s2": "1", "s": "on", "t": "31'", "m": "They all came more suddenly"}, {"id": "3435852", "s1": "1", "s2": "1", "s": "on", "t": "31'", "m": "It feels like neither side has scored goals in a sustained attack"}, {"id": "3435851", "s1": "1", "s2": "1", "s": "on", "t": "30'", "m": "Dortmund midfielders pass consecutively"}, {"id": "3435850", "s1": "1", "s2": "1", "s": "on", "t": "29'", "m": "Timoshchuk looked fierce in midfield today"}, {"id": "3435849", "s1": "1", "s2": "1", "s": "on", "t": "28'", "m": "A cross was sent from the bottom and Gomez grabbed the point to deflect the ball"}, {"id": "3435848", "s1": "1", "s2": "1", "s": "on", "t": "28'", "m": "Rafinha on the right came up with another assist"}, {"id": "3435847", "s1": "1", "s2": "1", "s": "on", "t": "27'", "m": "Boateng backcourt straight pass"}, {"id": "3435846", "s1": "1", "s2": "1", "s": "on", "t": "26'", "m": "Leitner was fouled in midfield"}, {"id": "3435845", "s1": "1", "s2": "1", "s": "on", "t": "26'", "m": "Played 25 minutes, the score was 1-1, maybe this game will be a goal battle"}, {"id": "3435844", "s1": "1", "s2": "1", "s": "on", "t": "25'", "m": "The ball was given to Gomez quite easily"}, {"id": "3435843", "s1": "1", "s2": "1", "s": "on", "t": "25'", "m": "Then the two centre-backs put Gomez in the middle and left no one to care"}, {"id": "3435842", "s1": "1", "s2": "1", "s": "on", "t": "25'", "m": "First of all, no one went up to block the ball when Rafinha passed"}, {"id": "3435841", "s1": "1", "s2": "1", "s": "on", "t": "24'", "m": "Borussia Dortmund are more distracted defensively on this ball"}, {"id": "3435840", "s1": "1", "s2": "1", "s": "on", "t": "24'", "m": "Rafinha's 45-degree diagonal pass from the right into the penalty area was met by Gomez, who flicked his head into the right side of the goal unguarded"}, {"id": "3435839", "s1": "1", "s2": "1", "s": "on", "t": "23'", "m": "Gomez's header was successful!!!!! 1 to 1 !!!"}, {"id": "3435838", "s1": "1", "s2": "0", "s": "on", "t": "23'", "m": "Today Kuba is still relatively active, and he is present on both sides"}, {"id": "3435837", "s1": "1", "s2": "0", "s": "on", "t": "22'", "m": "Two consecutive crosses from the wing were cleared by Bayern headers from the sidelines"}, {"id": "3435836", "s1": "1", "s2": "0", "s": "on", "t": "21'", "m": "库巴来到右路Get a sideline ball"}, {"id": "3435835", "s1": "1", "s2": "0", "s": "on", "t": "21'", "m": "Weidenfeller struck out to get the ball"}, {"id": "3435834", "s1": "1", "s2": "0", "s": "on", "t": "21'", "m": "Boateng's long pass from the backcourt came to Gomez"}, {"id": "3435833", "s1": "1", "s2": "0", "s": "on", "t": "20'", "m": "Therefore, there are still some risks for Dortmund players who are relatively large in the main force"}, {"id": "3435832", "s1": "1", "s2": "0", "s": "on", "t": "20'", "m": "Most of the substitute players on Bayern today are actually still very hard, after all, they all want to use their performance to fight for the main position"}, {"id": "3435831", "s1": "1", "s2": "0", "s": "on", "t": "19'", "m": "Kontento's long pass from the back was stopped by Subertic"}, {"id": "3435830", "s1": "1", "s2": "0", "s": "on", "t": "18'", "m": "Kyle slipped as he prepared to pass the ball"}, {"id": "3435829", "s1": "1", "s2": "0", "s": "on", "t": "18'", "m": "Lewandowski stopped the ball and hit the face of the snatched Boateng"}, {"id": "3435828", "s1": "1", "s2": "0", "s": "on", "t": "17'", "m": "Contento put down Kuba again on the flank"}, {"id": "3435827", "s1": "1", "s2": "0", "s": "on", "t": "16'", "m": "Klopp saw that Bayern came up today, which was not a small move, and quickly hid the main force"}, {"id": "3435826", "s1": "1", "s2": "0", "s": "on", "t": "16'", "m": "Just this substitution should still be the protection of Gundogan, before some minor injuries"}, {"id": "3435825", "s1": "1", "s2": "0", "s": "on", "t": "16'", "m": "Borussia Dortmund's corner kick reached the back post and the referee blew a foul on Subertic's attack"}, {"id": "3435824", "s1": "1", "s2": "0", "s": "on", "t": "15'", "m": "Dortmund made a substitution adjustment just after the opening"}, {"id": "3435823", "s1": "1", "s2": "0", "s": "on", "t": "15'", "m": "Borussia Dortmund was replaced, with Leitner replacing Gundogan"}, {"id": "3435822", "s1": "1", "s2": "0", "s": "on", "t": "14'", "m": "The ball still had the feeling of a penalty"}, {"id": "3435821", "s1": "1", "s2": "0", "s": "on", "t": "14'", "m": "面对门将准备打门的时候和身后的孔滕托身体接触后倒地，The referee did not indicate"}, {"id": "3435820", "s1": "1", "s2": "0", "s": "on", "t": "14'", "m": "Gundogan and Lewandowski made a two-over-one and then entered the penalty area to form a single knife"}, {"id": "3435819", "s1": "1", "s2": "0", "s": "on", "t": "13'", "m": "Dortmund is here again"}, {"id": "3435818", "s1": "1", "s2": "0", "s": "on", "t": "12'", "m": "Borussia Dortmund take a 1-0 lead over Bayern Munich at home"}, {"id": "3435817", "s1": "1", "s2": "0", "s": "on", "t": "12'", "m": "Kuba received a long pass from the back of the field and passed the ball to the back of the penalty area, and The Groskroytz inserted the ball did not stop and shot directly into the net!!!"}, {"id": "3435816", "s1": "1", "s2": "0", "s": "on", "t": "11'", "m": "Groskroyts scored!!!! A non-stop kick from inside the penalty area !!!"}, {"id": "3435815", "s1": "0", "s2": "0", "s": "on", "t": "11'", "m": "Directly stepped on the ankle of the tofu"}, {"id": "3435814", "s1": "0", "s2": "0", "s": "on", "t": "10'", "m": "This action is still relatively large from the perspective of slow motion"}, {"id": "3435813", "s1": "0", "s2": "0", "s": "on", "t": "10'", "m": "Tymoschuk yellow card"}, {"id": "3435812", "s1": "0", "s2": "0", "s": "on", "t": "10'", "m": "Timoschuk kicked down Lewandowski with a shovel in midfield"}, {"id": "3435811", "s1": "0", "s2": "0", "s": "on", "t": "10'", "m": "There is still a bit of a gap between Shakiri's handling and Robben and Ribery"}, {"id": "3435810", "s1": "0", "s2": "0", "s": "on", "t": "9'", "m": "The adjusted shot was blocked off the sideline by a defender who was defending"}, {"id": "3435809", "s1": "0", "s2": "0", "s": "on", "t": "9'", "m": "Shakiri, who was inserted on the right, took the ball and broke into the penalty area against the offside"}, {"id": "3435808", "s1": "0", "s2": "0", "s": "on", "t": "9'", "m": "Pizarro midfielder took the ball and sent it straight"}, {"id": "3435807", "s1": "0", "s2": "0", "s": "on", "t": "9'", "m": "Judging from the lineups discharged by the two sides today, the strength should be more balanced"}, {"id": "3435806", "s1": "0", "s2": "0", "s": "on", "t": "8'", "m": "Outside Gustavo scrambled to be blown foul"}, {"id": "3435805", "s1": "0", "s2": "0", "s": "on", "t": "7'", "m": "Rafinha's 45-degree cross from the right was cleared by the defender"}, {"id": "3435804", "s1": "0", "s2": "0", "s": "on", "t": "7'", "m": "Bayern fell backwards"}, {"id": "3435803", "s1": "0", "s2": "0", "s": "on", "t": "6'", "m": "After the opening, the two sides were not in a hurry to attack"}, {"id": "3435802", "s1": "0", "s2": "0", "s": "on", "t": "6'", "m": "Rafinha and Schmelzer had some verbal conflict in a scramble"}, {"id": "3435801", "s1": "0", "s2": "0", "s": "on", "t": "5'", "m": "And Alaba is likely to be in the middle of the midfield"}, {"id": "3435800", "s1": "0", "s2": "0", "s": "on", "t": "5'", "m": "The two full-backs should be Contento and Rafinha"}, {"id": "3435799", "s1": "0", "s2": "0", "s": "on", "t": "5'", "m": "Dante rested today and the centre-backs are Van Beateng and Boateng"}, {"id": "3435798", "s1": "0", "s2": "0", "s": "on", "t": "4'", "m": "Boateng's foul on Lewandowski"}, {"id": "3435797", "s1": "0", "s2": "0", "s": "on", "t": "4'", "m": "Lewandowski pulled the ball out of the sideline"}, {"id": "3435796", "s1": "0", "s2": "0", "s": "on", "t": "4'", "m": "The Champions League final 20 days later is the highlight of both sides"}, {"id": "3435795", "s1": "0", "s2": "0", "s": "on", "t": "3'", "m": "After all, Bayern locked up the title in advance in the Bundesliga, and Borussia Dortmund almost stabilized the runner-up position"}, {"id": "3435794", "s1": "0", "s2": "0", "s": "on", "t": "3'", "m": "The game was quite easy for both teams"}, {"id": "3435793", "s1": "0", "s2": "0", "s": "on", "t": "2'", "m": "Groskroyts counter-fouled after conceding the ball"}, {"id": "3435792", "s1": "0", "s2": "0", "s": "on", "t": "2'", "m": "Borussia Dortmund's right-hand Groskroytz assisted and failed to form a cross"}, {"id": "3435791", "s1": "0", "s2": "0", "s": "on", "t": "1'", "m": "Bayern's pass was stronger when they moved to the right to find Shakiri"}, {"id": "3435790", "s1": "0", "s2": "0", "s": "on", "t": "1'", "m": "The match was played at the Westphalia Stadium in Dortmund"}, {"id": "3435789", "s1": "0", "s2": "0", "s": "on", "t": "1'", "m": "Welcome to the live stream brought by Ball Ball"}, {"id": "3435788", "s1": "0", "s2": "0", "s": "on", "t": "1'", "m": "Dortmund vs Bayern Munich's Bundesliga round 32 starts!"}, {"id": "3435787", "s1": "0", "s2": "0", "s": "Not matched", "t": "", "m": "The match began immediately, with the captains of both sides being Neuer and Kyle"}, {"id": "3435786", "s1": "0", "s2": "0", "s": "Not matched", "t": "", "m": "Xiao Zhang 19901: The starter is still a little stronger for Bayern!! ----De well, the bench thickness is too scary"}, {"id": "3435785", "s1": "0", "s2": "0", "s": "Not matched", "t": "", "m": "It is not known whether this match can be a preview of the Champions League wembley night"}, {"id": "3435784", "s1": "0", "s2": "0", "s": "Not matched", "t": "", "m": "Being able to return to the league immediately after the semi-finals of the Champions League is also rare in European football"}, {"id": "3435783", "s1": "0", "s2": "0", "s": "Not matched", "t": "", "m": "In particular, the forward line of Gomez and Pizarro"}, {"id": "3435782", "s1": "0", "s2": "0", "s": "Not matched", "t": "", "m": "However, even if Bayern has such a big rotation, the strength of the lineup is still not to be underestimated"}, {"id": "3435781", "s1": "0", "s2": "0", "s": "Not matched", "t": "", "m": "Players such as Ram, Piglet, Robery, Mandzukic, Martinez and others did not start"}, {"id": "3435780", "s1": "0", "s2": "0", "s": "Not matched", "t": "", "m": "Bayern's side has changed its face, almost replacing 7 main players"}, {"id": "3435779", "s1": "0", "s2": "0", "s": "Not matched", "t": "", "m": "The Dortmund side, including the injured Götze, is rested by people like Bender, Reuss and Hummels"}, {"id": "3435778", "s1": "0", "s2": "0", "s": "Not matched", "t": "", "m": "Judging from the starting point of view, both sides have reservations in the main lineup"}, {"id": "3435777", "s1": "", "s2": "", "s": "", "t": "", "m": "", "lnk": {"title": "【微博互动----#德甲#多特蒙德vs拜仁慕尼黑】欧冠决赛要等到5月25号，球迷等不及了怎么办？德甲如此善解人意又机缘巧合的赛程安排让这场“德超”国家德比在此时进行，为球迷们提前上演欧冠温布利决赛之夜！欧冠决赛能看两回，真心赚到有木有？", "href": "http://weibo.com/1653472751/zvddCbRtz", "type": "news", "extra": []}}, {"id": "3435776", "s1": "", "s2": "", "s": "", "t": "", "m": "", "lnk": {"title": "【直播指南----#德甲#多特蒙德vs拜仁慕尼黑】00:30 电视直播：cctv5 视频直播地址：http://t.cn/aYuK9x 新浪文字直播地址：http://t.cn/zTSlwRX", "href": "http://weibo.com/1653472751/zvdbz6TNU", "type": "news", "extra": []}}, {"id": "3435775", "s1": "0", "s2": "0", "s": "Not matched", "t": "", "m": "Bayern Munich starters: 1- Neuer; 13- Rafinha, 5- Van Bitten, 17-Boateng, 26-Contento; 44- Tymoschuk, 30-Gustavo; 27- Alaba, 14-Pizarro, 11-Shakiri; 33- Gomez "}, {"id": "3435774", "s1": "0", "s2": "0", "s": "Not matched", "t": "", "m": "Dortmund starters: 1 - Weidenfeller; 19 - Gros Kreuz, 27 Santana, 4 - Subertic, 29 - Schmeltze; 5- Kyle, 18-Shaheen, 16-Kuba, 8-Gundogan, 23-Siebel; 9 - Lewandowski "}, {"id": "3435773", "s1": "0", "s2": "0", "s": "Not matched", "t": "", "m": "Let's take a look at the starting lineups of both sides"}, {"id": "3435772", "s1": "0", "s2": "0", "s": "Not matched", "t": "", "m": "Sina Sports netizens have a good morning, and later bring you the focus battle of the 32nd round of the Bundesliga, Dortmund vs Bayern Munich"}, {"id": "3435771", "s1": "0", "s2": "0", "s": "Not matched", "t": "", "m": "Welcome to the live stream brought by Ball Ball"}, {"id": "3432053", "s1": "0", "s2": "0", "s": "Not matched", "t": "", "m": "Fans are welcome to watch the 32nd round of the Bundesliga match between Dortmund and Bayern Munich at 0:30 a.m. on the 5th"}, {"id": "3432052", "s1": "0", "s2": "0", "s": "Not matched", "t": "", "m": "However, this matchup, which can be called the German Super League national derby, can be staged before the Champions League final will inevitably attract much attention"}, {"id": "3432051", "s1": "0", "s2": "0", "s": "Not matched", "t": "", "m": "Due to the continuous conquest, the Champions League final staged in advance, the two sides may have some reservations in terms of personnel"}, {"id": "3432050", "s1": "0", "s2": "0", "s": "Not matched", "t": "", "m": "At present, Bayern Munich have won the championship in the league, and Dortmund have basically locked in the second place in the league"}, {"id": "3432049", "s1": "0", "s2": "0", "s": "Not matched", "t": "", "m": "In addition, in the quarter-finals of the German Cup this season, Borussia Dortmund lost 0-1 to Bayern and did not qualify"}, {"id": "3432048", "s1": "0", "s2": "0", "s": "Not matched", "t": "", "m": "In their first league meeting this season, the two teams drew 1-1 at the Allianz Arena"}, {"id": "3432047", "s1": "0", "s2": "0", "s": "Not matched", "t": "", "m": "The two teams have played a total of 86 games in the history of the Bundesliga, with Borussia Dortmund winning 22, drawing 26 and losing 38"}, {"id": "3432046", "s1": "0", "s2": "0", "s": "Not matched", "t": "", "m": "However, according to Dortmund's familiarity with them, it is the best chance of beating Bayern"}, {"id": "3432045", "s1": "0", "s2": "0", "s": "Not matched", "t": "", "m": "In the league, it has achieved 14 consecutive wins, and it is difficult to find opponents in good form in Europe"}, {"id": "3432044", "s1": "0", "s2": "0", "s": "Not matched", "t": "", "m": "Bayern swept juventus and Barcelona with aggregate scores of 4-0 and 7-0 in the Champions League"}, {"id": "3432043", "s1": "0", "s2": "0", "s": "Not matched", "t": "", "m": "This match can also be seen as a warm-up battle for the Champions League wembley final night"}, {"id": "3432042", "s1": "0", "s2": "0", "s": "Not matched", "t": "", "m": "The two teams, which reached the Champions League final in midweek, met immediately in the league"}, {"id": "3432041", "s1": "0", "s2": "0", "s": "Not matched", "t": "", "m": "This live broadcast brings you a strong dialogue in the 32nd round of the Bundesliga, Dortmund vs Bayern Munich"}, {"id": "3432040", "s1": "0", "s2": "0", "s": "Not matched", "t": "", "m": "Welcome to the wonderful live broadcast of Sina Sports "}]