[{"id": "112", "s1": "4", "s2": "1", "s": "", "t": "", "m": "The match ended with Augsburg 4-1 Braunschweig, thank you for watching The Sina Football Live."}, {"id": "111", "s1": "4", "s2": "1", "s": "", "t": "90'+1'", "m": "At the end of the second half, Augsburg 4-1 Braunschweig"}, {"id": "110", "s1": "4", "s2": "1", "s": "", "t": "89'", "m": "Milik won a free kick for Augsburg on the left."}, {"id": "109", "s1": "4", "s2": "1", "s": "", "t": "89'", "m": "Brunswick player Earl scrambled for a foul and the opponent gained possession of the ball."}, {"id": "108", "s1": "4", "s2": "1", "s": "", "t": "88'", "m": "Augsburg player Jeong Ho Hong threw the ball straight into Osterjolek, but the referee raised a flag to show that the latter was offside."}, {"id": "107", "s1": "4", "s2": "1", "s": "", "t": "86'", "m": "Augsburg was replaced, with Jeong-Ho Hong replacing Altentop"}, {"id": "106", "s1": "4", "s2": "1", "s": "", "t": "86'", "m": "Altentop won a free kick for Augsburg on the right."}, {"id": "105", "s1": "4", "s2": "1", "s": "", "t": "86'", "m": "Brunswick player Toyle Kawf scrambled for a foul and the opponent was given possession of the ball."}, {"id": "104", "s1": "4", "s2": "1", "s": "", "t": "83'", "m": "Brunswick player Krupke attempted a left-footed shot from outside the penalty area, but unfortunately the ball deflected off goal. It was Combella who gave him the ball."}, {"id": "103", "s1": "4", "s2": "1", "s": "", "t": "82'", "m": "Augsburg player Krawan scrambled for a foul and the opponent was given possession."}, {"id": "102", "s1": "4", "s2": "1", "s": "", "t": "82'", "m": "Ademi won a free kick for Brunswick at the opposing half."}, {"id": "101", "s1": "4", "s2": "1", "s": "", "t": "82'", "m": "Brunswick player Frankić's right-footed shot from outside the penalty area was blocked by a defender."}, {"id": "100", "s1": "4", "s2": "1", "s": "", "t": "81'", "m": "Shot!!! Augsburg player Milik's left-footed shot from outside the penalty area was saved by the opposing goalkeeper. It was Bayer who gave him the ball."}, {"id": "99", "s1": "4", "s2": "1", "s": "", "t": "80'", "m": "Bayer won a free kick for Augsburg at the opposing half."}, {"id": "98", "s1": "4", "s2": "1", "s": "", "t": "80'", "m": "Brunswick player Ademi scrambled for a foul and the opponent was given possession of the ball."}, {"id": "97", "s1": "4", "s2": "1", "s": "", "t": "79'", "m": "Augsburg player De Jong attempted a header on the left side of the penalty area, but unfortunately the ball was slightly offside the right goal. It was Hahn who gave him the pass."}, {"id": "96", "s1": "4", "s2": "1", "s": "", "t": "76'", "m": "Brunswick player Earl was shown a yellow card by the referee."}, {"id": "95", "s1": "4", "s2": "1", "s": "", "t": "75'", "m": "Goal!!! Augsburg player Alten Top shot with a left foot from the left side of the penalty area, the ball flew up from the middle of the road and the ball went in! The assist was Vogt. Augsburg 4-1 Brunswick."}, {"id": "94", "s1": "3", "s2": "1", "s": "", "t": "74'", "m": "Shot!!! Augsburg player Hahn's left-footed shot from the centre of the penalty area was saved by the opposing goalkeeper. It was Vogt who gave him the pass."}, {"id": "93", "s1": "3", "s2": "1", "s": "", "t": "74'", "m": "Brunswick player Toylkaugh's left-footed shot from outside the penalty area was blocked by a defender."}, {"id": "92", "s1": "3", "s2": "1", "s": "", "t": "73'", "m": "Augsburg player Krawan scrambled for a foul and the opponent was given possession."}, {"id": "91", "s1": "3", "s2": "1", "s": "", "t": "73'", "m": "Ademi won a free kick for Brunswick at the opposing half."}, {"id": "90", "s1": "3", "s2": "1", "s": "", "t": "73'", "m": "The suspension ended and the players resumed playing."}, {"id": "89", "s1": "3", "s2": "1", "s": "", "t": "72'", "m": "Brunswick fell to the ground injured than Chakcic and the game was suspended"}, {"id": "88", "s1": "3", "s2": "1", "s": "", "t": "72'", "m": "Yellow! Augsburg player De Jong was shown a yellow card by the referee for a malicious foul."}, {"id": "87", "s1": "3", "s2": "1", "s": "", "t": "72'", "m": "Augsburg player De Jong scrambled for a foul and his opponent was given possession of the ball."}, {"id": "86", "s1": "3", "s2": "1", "s": "", "t": "72'", "m": "Bichakcic won a free kick for Brunswick."}, {"id": "85", "s1": "3", "s2": "1", "s": "", "t": "70'", "m": "Augsburg made a substitution and Milik replaced Bovadialia"}, {"id": "84", "s1": "3", "s2": "1", "s": "", "t": "70'", "m": "Altentop won a free kick for Augsburg."}, {"id": "83", "s1": "3", "s2": "1", "s": "", "t": "70'", "m": "Brunswick player Earl scrambled for a foul and the opponent gained possession of the ball."}, {"id": "82", "s1": "3", "s2": "1", "s": "", "t": "69'", "m": "Vogt won a free kick for Augsburg."}, {"id": "81", "s1": "3", "s2": "1", "s": "", "t": "69'", "m": "Brunswick player Ademi scrambled for a foul and the opponent was given possession of the ball."}, {"id": "80", "s1": "3", "s2": "1", "s": "", "t": "68'", "m": "Augsburg player Bova di Lia scrambled for a foul and the opponent was given possession of the ball."}, {"id": "79", "s1": "3", "s2": "1", "s": "", "t": "68'", "m": "Earl won a free kick for Brunswick at the opposing half."}, {"id": "78", "s1": "3", "s2": "1", "s": "", "t": "68'", "m": "Augsburg player Carlson Brack attempted a right-footed shot from the centre of the penalty area, but the ball was deflected slightly off the right. The one who gave him the ball was Bovadia."}, {"id": "77", "s1": "3", "s2": "1", "s": "", "t": "67'", "m": "Corte handled the ball out of the box and Augsburg won the corner."}, {"id": "76", "s1": "3", "s2": "1", "s": "", "t": "67'", "m": "Brunswick player Kumbela attempted a right-footed shot from outside the penalty area, but unfortunately the ball was slightly offside the left goal. It was Ademi who gave him the pass."}, {"id": "75", "s1": "3", "s2": "1", "s": "", "t": "66'", "m": "Augsburg was replaced, and De Jong replaced Werner"}, {"id": "74", "s1": "3", "s2": "1", "s": "", "t": "65'", "m": "Yellow! Augsburg player Bovadia was shown a yellow card by the referee for a malicious foul."}, {"id": "73", "s1": "3", "s2": "1", "s": "", "t": "65'", "m": "Augsburg player Bova di Lia scrambled for a foul and the opponent was given possession of the ball."}, {"id": "72", "s1": "3", "s2": "1", "s": "", "t": "65'", "m": "Earl won a free kick for Brunswick."}, {"id": "71", "s1": "3", "s2": "1", "s": "", "t": "64'", "m": "Brunswick was replaced, and Cort replaced Kratz"}, {"id": "70", "s1": "3", "s2": "1", "s": "", "t": "64'", "m": "Brunswick player Earl tried a left-footed shot from the left side of the penalty area, but unfortunately the ball was slightly above the goal. The one who passed the ball to him was Erlab de la Oy."}, {"id": "69", "s1": "3", "s2": "1", "s": "", "t": "61'", "m": "Shot!!! Augsburg player Bova dillha's right-footed shot from outside the penalty area was saved by the opposing goalkeeper. It was Fervág who gave him the ball."}, {"id": "68", "s1": "3", "s2": "1", "s": "", "t": "58'", "m": "Bovadia won a free kick for Augsburg."}, {"id": "67", "s1": "3", "s2": "1", "s": "", "t": "58'", "m": "Brunswick player Correa scrambled for a foul and the opponent was given possession of the ball."}, {"id": "66", "s1": "3", "s2": "1", "s": "", "t": "57'", "m": "Altentop won a free kick for Augsburg in the opposing half."}, {"id": "65", "s1": "3", "s2": "1", "s": "", "t": "57'", "m": "Brunswick player Franzic scrambled for a foul and the opponent gained possession."}, {"id": "64", "s1": "3", "s2": "1", "s": "", "t": "55'", "m": "Brunswick player Toilkaw tried his left-footed shot from outside the penalty area, but unfortunately the ball was slightly above goal. It was Ademi who gave him the pass."}, {"id": "63", "s1": "3", "s2": "1", "s": "", "t": "54'", "m": "Brunswick player Kratz was shown a yellow card by the referee."}, {"id": "62", "s1": "3", "s2": "1", "s": "", "t": "52'", "m": "Augsburg player Beyer scrambled for a foul and the opponent was given possession."}, {"id": "61", "s1": "3", "s2": "1", "s": "", "t": "52'", "m": "Kratz won a free kick for Brunswick at the opposing half."}, {"id": "60", "s1": "3", "s2": "1", "s": "", "t": "51'", "m": "Augsburg player Ostjolek's left-footed shot from the left side of the penalty area was blocked by a defender."}, {"id": "59", "s1": "3", "s2": "1", "s": "", "t": "51'", "m": "Augsburg player AltenTop's right-footed shot from the centre of the penalty area was blocked by a defender."}, {"id": "58", "s1": "3", "s2": "1", "s": "", "t": "49'", "m": "Augsburg player Bova dillha's right-footed shot from outside the penalty area was blocked by a defender."}, {"id": "57", "s1": "3", "s2": "1", "s": "", "t": "48'", "m": "Goal!!! Brunswick player Earl fired a left-footed shot from outside the penalty area and the ball flew into the goal from the bottom right corner and the ball went in! Assisted by Ademi. Augsburg 3-1 Brunswick."}, {"id": "56", "s1": "3", "s2": "0", "s": "", "t": "46'", "m": "Altentop won a free kick for Augsburg in the opposing half."}, {"id": "55", "s1": "3", "s2": "0", "s": "", "t": "46'", "m": "Brunswick player Kratz scrambled for a foul and the opponent gained possession of the ball."}, {"id": "54", "s1": "3", "s2": "0", "s": "", "t": "", "m": "The second half began, augsburg 3-0 Brunswick"}, {"id": "53", "s1": "3", "s2": "0", "s": "", "t": "45'", "m": "Brunswick was replaced, and Combella replaced Boland"}, {"id": "52", "s1": "3", "s2": "0", "s": "", "t": "45'+1'", "m": "At the end of the first half, Augsburg 3-0 Braunschweig, with a short break, we will take a look at the performance of the two teams in the second half."}, {"id": "51", "s1": "3", "s2": "0", "s": "", "t": "45'", "m": "Augsburg player Werner tried his right-footed shot from a wide left, but unfortunately the ball was slightly offside the left goal. The one who gave him the ball was Bovadia."}, {"id": "50", "s1": "3", "s2": "0", "s": "", "t": "44'", "m": "Bovadia won a free kick for Augsburg on the right."}, {"id": "49", "s1": "3", "s2": "0", "s": "", "t": "44'", "m": "Brunswick player Earl scrambled for a foul and the opponent gained possession of the ball."}, {"id": "48", "s1": "3", "s2": "0", "s": "", "t": "42'", "m": "Brunswick player Krupke attempted a header in the middle of the penalty area, but unfortunately the ball was slightly above the goal. It was Franzic who gave him the pass."}, {"id": "47", "s1": "3", "s2": "0", "s": "", "t": "41'", "m": "Augsburg player Osterjolek scrambled for a foul and the opponent was given possession of the ball."}, {"id": "46", "s1": "3", "s2": "0", "s": "", "t": "41'", "m": "Kratz won a free kick for Brunswick on the right."}, {"id": "45", "s1": "3", "s2": "0", "s": "", "t": "41'", "m": "Ademi won a free kick for Brunswick on the left."}, {"id": "44", "s1": "3", "s2": "0", "s": "", "t": "41'", "m": "Augsburg player Vogt scrambled for a foul and his opponent was given possession of the ball."}, {"id": "43", "s1": "3", "s2": "0", "s": "", "t": "39'", "m": "Davary handled the ball out of the box and Augsburg won a corner kick."}, {"id": "42", "s1": "3", "s2": "0", "s": "", "t": "39'", "m": "Shot!!! Augsburg player Alten Top's right-footed shot from outside the penalty area was saved by the opposing goalkeeper."}, {"id": "41", "s1": "3", "s2": "0", "s": "", "t": "38'", "m": "Augsburg player Carlson Brack attempted a right-footed shot from the centre of the penalty area, but the ball deflected off the post."}, {"id": "40", "s1": "3", "s2": "0", "s": "", "t": "37'", "m": "Toilkaov handled the ball out of the box and Augsburg won a corner."}, {"id": "39", "s1": "3", "s2": "0", "s": "", "t": "36'", "m": "Claván won a free kick for Augsburg."}, {"id": "38", "s1": "3", "s2": "0", "s": "", "t": "36'", "m": "Brunswick player Krupke scrambled for a foul and the opponent gained possession."}, {"id": "37", "s1": "3", "s2": "0", "s": "", "t": "35'", "m": "Augsburg player Beyer scrambled for a foul and the opponent was given possession."}, {"id": "36", "s1": "3", "s2": "0", "s": "", "t": "35'", "m": "Kratz won a free kick for Brunswick at the opposing half."}, {"id": "35", "s1": "3", "s2": "0", "s": "", "t": "33'", "m": "Goal!!! Augsburg player Hahn fired a right-footed shot from the centre of the penalty area, the ball flew into the goal from the bottom right corner, and the ball went in! Assisted by Werner. Augsburg 3-0 Brunswick."}, {"id": "34", "s1": "2", "s2": "0", "s": "", "t": "30'", "m": "Goal!!! Augsburg player Hahn fired a right-footed shot from the centre of the penalty area, the ball flew into the goal from the bottom left corner, and the ball went in! Augsburg 2-0 Brunswick."}, {"id": "33", "s1": "1", "s2": "0", "s": "", "t": "28'", "m": "Bayer won a free kick for Augsburg."}, {"id": "32", "s1": "1", "s2": "0", "s": "", "t": "28'", "m": "Brunswick player Kratz scrambled for a foul and the opponent gained possession of the ball."}, {"id": "31", "s1": "1", "s2": "0", "s": "", "t": "25'", "m": "Augsburg player Werner tried his left-footed shot from outside the penalty area, but unfortunately the ball deflected off the post."}, {"id": "30", "s1": "1", "s2": "0", "s": "", "t": "24'", "m": "Augsburg player Bovadilla's right-footed shot from the right side of the penalty area was blocked by a defender. It was Werner who gave him the pass."}, {"id": "29", "s1": "1", "s2": "0", "s": "", "t": "23'", "m": "Goal!!! Augsburg player Fervhag fired a right-footed shot that flew from the top left corner into the goal and the ball went in! Augsburg 1-0 Brunswick."}, {"id": "28", "s1": "0", "s2": "0", "s": "", "t": "22'", "m": "Penalty, Verner was violated inside the penalty area and Augsburg was awarded a penalty."}, {"id": "27", "s1": "0", "s2": "0", "s": "", "t": "22'", "m": "Brunswick player Toilkaugh fouled and resulted in a penalty."}, {"id": "26", "s1": "0", "s2": "0", "s": "", "t": "21'", "m": "Bichakčic handled the ball out of the bottom line and Augsburg won a corner kick."}, {"id": "25", "s1": "0", "s2": "0", "s": "", "t": "20'", "m": "Brunswick was replaced, and Krupk replaced Bella Rabbi"}, {"id": "24", "s1": "0", "s2": "0", "s": "", "t": "20'", "m": "Augsburg player Hahn scrambled for a foul and the opponent was given possession of the ball."}, {"id": "23", "s1": "0", "s2": "0", "s": "", "t": "20'", "m": "Erlabudraoi won a free kick for Brunswick."}, {"id": "22", "s1": "0", "s2": "0", "s": "", "t": "19'", "m": "Bovadia won a free kick for Augsburg at the opposing half."}, {"id": "21", "s1": "0", "s2": "0", "s": "", "t": "19'", "m": "Brunswick player Correa scrambled for a foul and the opponent was given possession of the ball."}, {"id": "20", "s1": "0", "s2": "0", "s": "", "t": "13'", "m": "Augsburg player Hahn scrambled for a foul and the opponent was given possession of the ball."}, {"id": "19", "s1": "0", "s2": "0", "s": "", "t": "13'", "m": "Toilkaugh won a free kick for Brunswick."}, {"id": "18", "s1": "0", "s2": "0", "s": "", "t": "12'", "m": "Franzic handled the ball out of the bottom line and Augsburg won the corner."}, {"id": "17", "s1": "0", "s2": "0", "s": "", "t": "12'", "m": "Augsburg player Beyer's right-footed shot was blocked by a defender. The one who gave him the pass was Osterolek."}, {"id": "16", "s1": "0", "s2": "0", "s": "", "t": "11'", "m": "Augsburg player Hahn attempted a header in the centre of the penalty area, but unfortunately the ball was slightly offside the left goal. The one who gave him the pass was Osterolek."}, {"id": "15", "s1": "0", "s2": "0", "s": "", "t": "9'", "m": "Augsburg player Werner attempted a header in the centre of the penalty area, but the ball was deflected slightly off the left goal. The one who gave him the pass was Alten top."}, {"id": "14", "s1": "0", "s2": "0", "s": "", "t": "9'", "m": "Brunswick player Franzic attempted a left-footed shot from outside the penalty area, but unfortunately the ball was slightly offside the right goal."}, {"id": "13", "s1": "0", "s2": "0", "s": "", "t": "8'", "m": "Ademi won a free kick for Brunswick at the opposing half."}, {"id": "12", "s1": "0", "s2": "0", "s": "", "t": "8'", "m": "Augsburg player Krawan scrambled for a foul and the opponent was given possession."}, {"id": "11", "s1": "0", "s2": "0", "s": "", "t": "7'", "m": "Bichakcic won a free kick for Brunswick."}, {"id": "10", "s1": "0", "s2": "0", "s": "", "t": "7'", "m": "Augsburg player Bova di Lia scrambled for a foul and the opponent was given possession of the ball."}, {"id": "9", "s1": "0", "s2": "0", "s": "", "t": "5'", "m": "Boland won a free kick for Brunswick on the left."}, {"id": "8", "s1": "0", "s2": "0", "s": "", "t": "5'", "m": "Augsburg player Bova di Lia scrambled for a foul and the opponent was given possession of the ball."}, {"id": "7", "s1": "0", "s2": "0", "s": "", "t": "4'", "m": "Augsburg player Hahn scrambled for a foul and the opponent was given possession of the ball."}, {"id": "6", "s1": "0", "s2": "0", "s": "", "t": "4'", "m": "Bella Rabi won a free kick for Brunswick."}, {"id": "5", "s1": "0", "s2": "0", "s": "", "t": "2'", "m": "Augsburg player Bova di Lia scrambled for a foul and the opponent was given possession of the ball."}, {"id": "4", "s1": "0", "s2": "0", "s": "", "t": "2'", "m": "Earl won a free kick for Brunswick."}, {"id": "3", "s1": "0", "s2": "0", "s": "", "t": "1'", "m": "Brunswick player Franzic scrambled for a foul and the opponent gained possession."}, {"id": "2", "s1": "0", "s2": "0", "s": "", "t": "1'", "m": "Altentop won a free kick for Augsburg."}, {"id": "1", "s1": "0", "s2": "0", "s": "", "t": "", "m": "With a whistle from the referee, the first half of the game began."}]