[{"id": "110", "s1": "2", "s2": "0", "s": "", "t": "", "m": "The match ended with Bayern Munich 2-0 Eintracht Frankfurt, thank you for watching The Sina Football Live."}, {"id": "109", "s1": "2", "s2": "0", "s": "", "t": "90'+3'", "m": "At the end of the second half, Bayern Munich 2-0 Eintracht Frankfurt"}, {"id": "108", "s1": "2", "s2": "0", "s": "", "t": "90'+2'", "m": "Trapp handled the ball out of the bottom line and Bayern Munich won a corner kick."}, {"id": "107", "s1": "2", "s2": "0", "s": "", "t": "90'+2'", "m": "Shot!!! Bayern Munich player Alaba's left-footed shot from outside the penalty area was saved by the opposing goalkeeper. The one who gave him the ball was Timoshchuk."}, {"id": "106", "s1": "2", "s2": "0", "s": "", "t": "90'+1'", "m": "Trapp handled the ball out of the bottom line and Bayern Munich won a corner kick."}, {"id": "105", "s1": "2", "s2": "0", "s": "", "t": "90'+1'", "m": "Shot!!! Bayern Munich player Ribery's left-footed shot from a tight angle away from goal was saved by the opposing goalkeeper."}, {"id": "104", "s1": "2", "s2": "0", "s": "", "t": "90'", "m": "Ribery won a free kick for Bayern Munich on the right."}, {"id": "103", "s1": "2", "s2": "0", "s": "", "t": "90'", "m": "Frankfurt player Ochipka scrambled for a foul and the opponent was given possession of the ball."}, {"id": "102", "s1": "2", "s2": "0", "s": "", "t": "87'", "m": "Ribery won a free kick for Bayern Munich."}, {"id": "101", "s1": "2", "s2": "0", "s": "", "t": "87'", "m": "Frankfurt player Matt Moore scrambled for a foul and his opponent gained possession of the ball."}, {"id": "100", "s1": "2", "s2": "0", "s": "", "t": "86'", "m": "Xavi Martinez handled the ball out of the line and Eintracht Frankfurt won a corner."}, {"id": "99", "s1": "2", "s2": "0", "s": "", "t": "86'", "m": "Frankfurt player Mayer's left-footed shot from outside the penalty area was blocked by a defender. It was Jung who gave him the pass."}, {"id": "98", "s1": "2", "s2": "0", "s": "", "t": "86'", "m": "Bayern Munich player Ribery tucked the ball straight into Müller, but the referee raised a flag to show that the latter was offside."}, {"id": "97", "s1": "2", "s2": "0", "s": "", "t": "84'", "m": "Frankfurt was replaced, and Ranij replaced Schwegler"}, {"id": "96", "s1": "2", "s2": "0", "s": "", "t": "83'", "m": "Bayern Munich player Dante scrambled for a foul and his opponent was given possession of the ball."}, {"id": "95", "s1": "2", "s2": "0", "s": "", "t": "83'", "m": "O'Sheen won a free kick for Eintracht Frankfurt on the right."}, {"id": "94", "s1": "2", "s2": "0", "s": "", "t": "82'", "m": "Shot!!! Bayern Munich player Schweinsterger's header from the centre of the penalty area was saved by the opposing goalkeeper. It was Muller who gave him the pass."}, {"id": "93", "s1": "2", "s2": "0", "s": "", "t": "82'", "m": "Shot!!! Bayern Munich player Robben's left-footed shot from the centre of the penalty area was saved by the opposing goalkeeper. It was Muller who gave him the pass."}, {"id": "92", "s1": "2", "s2": "0", "s": "", "t": "80'", "m": "Shot!!! Bayern Munich player Ribery's right-footed shot from the left side of the penalty area was saved by the opposing goalkeeper. It was Alaba who gave him the ball."}, {"id": "91", "s1": "2", "s2": "0", "s": "", "t": "79'", "m": "Bayern Munich player Alaba threw the ball straight into Ribery, but the referee raised a flag to show that the latter was offside."}, {"id": "90", "s1": "2", "s2": "0", "s": "", "t": "77'", "m": "Bayern Munich player Robben scrambled for a foul and his opponent was given possession of the ball."}, {"id": "89", "s1": "2", "s2": "0", "s": "", "t": "77'", "m": "Tomohiko Longgan won a free kick for Eintracht Frankfurt at the opposing half."}, {"id": "88", "s1": "2", "s2": "0", "s": "", "t": "77'", "m": "Goal!!! Bayern Munich player Alaba shot with a left foot, the ball flew into the goal from the bottom right corner and the ball went in! Bayern Munich 2-0 Frankfurt."}, {"id": "87", "s1": "1", "s2": "0", "s": "", "t": "76'", "m": "Penalty, Schweinsteg was violated inside the penalty area and Bayern Munich won the penalty."}, {"id": "86", "s1": "1", "s2": "0", "s": "", "t": "76'", "m": "Frankfurt player Demidov fouled and caused the opponent to receive a penalty."}, {"id": "85", "s1": "1", "s2": "0", "s": "", "t": "74'", "m": "Bayern Munich player Müller scrambled for a foul and his opponent gained possession of the ball."}, {"id": "84", "s1": "1", "s2": "0", "s": "", "t": "74'", "m": "Anderson won a free kick for Eintracht Frankfurt."}, {"id": "83", "s1": "1", "s2": "0", "s": "", "t": "73'", "m": "Bayern Munich player Javi Martinez scrambled for a foul and his opponent gained possession of the ball."}, {"id": "82", "s1": "1", "s2": "0", "s": "", "t": "73'", "m": "Schweigler won a free kick for Eintracht Frankfurt at the opposing half."}, {"id": "81", "s1": "1", "s2": "0", "s": "", "t": "73'", "m": "Frankfurt player O'Sheen was fouled for handball and the opponent was given the ball."}, {"id": "80", "s1": "1", "s2": "0", "s": "", "t": "72'", "m": "Müller handled the ball out of the bottom line and Frankfurt won a corner kick."}, {"id": "79", "s1": "1", "s2": "0", "s": "", "t": "72'", "m": "Dante handled the ball out of the bottom line and Eintracht Frankfurt won a corner."}, {"id": "78", "s1": "1", "s2": "0", "s": "", "t": "72'", "m": "Frankfurt's Svegler's right-footed shot from outside the penalty area was blocked by a defender. It was Matt Moore who gave him the pass."}, {"id": "77", "s1": "1", "s2": "0", "s": "", "t": "71'", "m": "Bayern Munich made a substitution, and Timoschuk replaced Kroos"}, {"id": "76", "s1": "1", "s2": "0", "s": "", "t": "69'", "m": "Frankfurt player Rod kicked the ball straight into Tomohiko Longgan, but the referee raised a flag to show that the latter was offside."}, {"id": "75", "s1": "1", "s2": "0", "s": "", "t": "68'", "m": "Bayern Munich player Van Bierten attempted a header on the right side of the penalty area, but unfortunately the ball was slightly offside the right goal. It was Robben who gave him the ball."}, {"id": "74", "s1": "1", "s2": "0", "s": "", "t": "67'", "m": "Anderson handled the ball out of the bottom line and Bayern Munich won a corner kick."}, {"id": "73", "s1": "1", "s2": "0", "s": "", "t": "65'", "m": "Bayern Munich player Xavi Martinez attempted a header in the centre of the penalty area, but the ball was deflected slightly off the right goal. It was Ribery who gave him the ball."}, {"id": "72", "s1": "1", "s2": "0", "s": "", "t": "64'", "m": "Ocipka handled the ball out of the bottom line and Bayern Munich won a corner kick."}, {"id": "71", "s1": "1", "s2": "0", "s": "", "t": "63'", "m": "Bayern Munich player Schweinsteiger made a dangerous move and the opponent gained possession of the ball."}, {"id": "70", "s1": "1", "s2": "0", "s": "", "t": "63'", "m": "Schweigler won a free kick for Eintracht Frankfurt."}, {"id": "69", "s1": "1", "s2": "0", "s": "", "t": "61'", "m": "Bayern Munich player Ribery scrambled for a foul and his opponent was given possession of the ball."}, {"id": "68", "s1": "1", "s2": "0", "s": "", "t": "61'", "m": "Trapp won a free kick for Eintracht Frankfurt."}, {"id": "67", "s1": "1", "s2": "0", "s": "", "t": "59'", "m": "Ribery won a free kick for Bayern Munich at the opposing half."}, {"id": "66", "s1": "1", "s2": "0", "s": "", "t": "59'", "m": "Frankfurt player Matt Moore scrambled for a foul and his opponent gained possession of the ball."}, {"id": "65", "s1": "1", "s2": "0", "s": "", "t": "58'", "m": "Frankfurt was replaced, with O'Sheen replacing Aigner"}, {"id": "64", "s1": "1", "s2": "0", "s": "", "t": "58'", "m": "Bayern Munich made a substitution, Müller replaced Pizarro"}, {"id": "63", "s1": "1", "s2": "0", "s": "", "t": "58'", "m": "Bayern Munich player Javi Martinez attempted a right-footed shot from outside the penalty area, but the ball was slightly above goal. It was Robben who gave him the ball."}, {"id": "62", "s1": "1", "s2": "0", "s": "", "t": "56'", "m": "Bayern Munich player Ribery's right-footed shot from outside the penalty area was blocked by a defender."}, {"id": "61", "s1": "1", "s2": "0", "s": "", "t": "56'", "m": "Shot!!! Frankfurt player Matt Moore's right-footed shot from outside the penalty area was saved by the opposing goalkeeper."}, {"id": "60", "s1": "1", "s2": "0", "s": "", "t": "55'", "m": "Bayern Munich player Kroos attempted a left-footed shot from the left side of the penalty area, but unfortunately the ball was slightly above goal. It was Ribery who gave him the ball."}, {"id": "59", "s1": "1", "s2": "0", "s": "", "t": "53'", "m": "Bayern Munich player Pizarro made a dangerous move and the opponent gained possession of the ball."}, {"id": "58", "s1": "1", "s2": "0", "s": "", "t": "53'", "m": "Anderson won a free kick for Eintracht Frankfurt."}, {"id": "57", "s1": "1", "s2": "0", "s": "", "t": "52'", "m": "Aigner handled the ball out of the bottom line and Bayern Munich won a corner kick."}, {"id": "56", "s1": "1", "s2": "0", "s": "", "t": "51'", "m": "Frankfurt player Rod tried his right-footed shot just outside the penalty area, but unfortunately the ball went high above goal."}, {"id": "55", "s1": "1", "s2": "0", "s": "", "t": "50'", "m": "Neuer won a free kick for Bayern Munich."}, {"id": "54", "s1": "1", "s2": "0", "s": "", "t": "50'", "m": "Frankfurt player Schweigler scrambled for a foul and his opponent was given possession of the ball."}, {"id": "53", "s1": "1", "s2": "0", "s": "", "t": "50'", "m": "Frankfurt player Anderson's header from the centre of the penalty area hit the goalpost crossbar. It was Mayer who gave him the pass."}, {"id": "52", "s1": "1", "s2": "0", "s": "", "t": "49'", "m": "Bayern Munich player Schweinsteiger scrambled for a foul and his opponent was given possession of the ball."}, {"id": "51", "s1": "1", "s2": "0", "s": "", "t": "49'", "m": "Schweigler won a free kick for Eintracht Frankfurt at the opposing half."}, {"id": "50", "s1": "1", "s2": "0", "s": "", "t": "", "m": "Starting the second half, Bayern Munich 1-0 Eintracht Frankfurt"}, {"id": "49", "s1": "1", "s2": "0", "s": "", "t": "45'+1'", "m": "At the end of the first half, Bayern Munich 1-0 Eintracht Frankfurt, a short break, we will take a look at the performance of the two teams in the second half."}, {"id": "48", "s1": "1", "s2": "0", "s": "", "t": "45'", "m": "Demidov handled the ball out of the bottom line and Bayern Munich won a corner kick."}, {"id": "47", "s1": "1", "s2": "0", "s": "", "t": "45'", "m": "Shot!!! Bayern Munich player Ribery's header from the centre of the penalty area was saved by the opposing goalkeeper. It was Kroos who gave him the ball."}, {"id": "46", "s1": "1", "s2": "0", "s": "", "t": "45'", "m": "Shot!!! Bayern Munich player Kroos' right-footed shot from the centre of the penalty area was saved by the opposing goalkeeper."}, {"id": "45", "s1": "1", "s2": "0", "s": "", "t": "44'", "m": "Goal!!! Bayern Munich player Ribery scored with a left foot from the left side of the penalty area, the ball flew from the bottom left corner into the goal, and the ball went in! Assisted by Harvey Martinez. Bayern Munich 1-0 Frankfurt."}, {"id": "44", "s1": "0", "s2": "0", "s": "", "t": "43'", "m": "Alaba handled the ball out of the bottom line and Eintracht Frankfurt won a corner."}, {"id": "43", "s1": "0", "s2": "0", "s": "", "t": "42'", "m": "Bayern Munich player Kroos kicked the ball straight into Van Beatten, but the referee raised a flag to show that the latter was offside."}, {"id": "42", "s1": "0", "s2": "0", "s": "", "t": "41'", "m": "Yellow! Frankfurt player Demidov was shown a yellow card by the referee for a malicious foul."}, {"id": "41", "s1": "0", "s2": "0", "s": "", "t": "41'", "m": "Pizarro won a free kick for Bayern Munich in the opposing half."}, {"id": "40", "s1": "0", "s2": "0", "s": "", "t": "41'", "m": "Frankfurt player Demidov scrambled for a foul and his opponent was given possession."}, {"id": "39", "s1": "0", "s2": "0", "s": "", "t": "41'", "m": "Bayern Munich player Robben's left-footed shot from outside the penalty area was blocked by a defender. It was Pizarro who gave him the pass."}, {"id": "38", "s1": "0", "s2": "0", "s": "", "t": "39'", "m": "Bayern Munich player Javi Martinez scrambled for a foul and his opponent gained possession of the ball."}, {"id": "37", "s1": "0", "s2": "0", "s": "", "t": "39'", "m": "Anderson won a free kick for Eintracht Frankfurt."}, {"id": "36", "s1": "0", "s2": "0", "s": "", "t": "38'", "m": "Kroos won a free kick for Bayern Munich at the opposing half."}, {"id": "35", "s1": "0", "s2": "0", "s": "", "t": "38'", "m": "Frankfurt player Demidov scrambled for a foul and his opponent was given possession."}, {"id": "34", "s1": "0", "s2": "0", "s": "", "t": "36'", "m": "Alaba won a free kick for Bayern Munich."}, {"id": "33", "s1": "0", "s2": "0", "s": "", "t": "36'", "m": "Frankfurt player Rod scrambled for a foul and the opponent was given possession of the ball."}, {"id": "32", "s1": "0", "s2": "0", "s": "", "t": "35'", "m": "Frankfurt's Svegler kicked the ball straight into Tomohiko Longgan, but the referee raised a flag to show that the latter was offside."}, {"id": "31", "s1": "0", "s2": "0", "s": "", "t": "35'", "m": "Bayern Munich player Kroos scrambled for a foul and the opponent was given possession."}, {"id": "30", "s1": "0", "s2": "0", "s": "", "t": "35'", "m": "Schweigler won a free kick for Eintracht Frankfurt on the right."}, {"id": "29", "s1": "0", "s2": "0", "s": "", "t": "35'", "m": "Frankfurt player Mayer tried to head the ball on the left side of the penalty area, but unfortunately the ball was slightly offside the right goal. The one who gave him the ball was Okipka."}, {"id": "28", "s1": "0", "s2": "0", "s": "", "t": "33'", "m": "Bayern Munich player Kroos kicked the ball straight into Robben, but the referee raised a flag to show that the latter was offside."}, {"id": "27", "s1": "0", "s2": "0", "s": "", "t": "32'", "m": "Bayern Munich substitutions, Van Beatten on, Boateng off with injury."}, {"id": "26", "s1": "0", "s2": "0", "s": "", "t": "28'", "m": "Frankfurt player Matt Moore tried his right-footed shot just outside the penalty area, but unfortunately the ball was slightly offside the left goal. It was Jung who gave him the pass."}, {"id": "25", "s1": "0", "s2": "0", "s": "", "t": "27'", "m": "Frankfurt's Yuhiko Longgan's right-footed shot from outside the penalty area was blocked by a defender. It was Rod who gave him the pass."}, {"id": "24", "s1": "0", "s2": "0", "s": "", "t": "26'", "m": "Trapp handled the ball out of the bottom line and Bayern Munich won a corner kick."}, {"id": "23", "s1": "0", "s2": "0", "s": "", "t": "26'", "m": "Shot!!! Bayern Munich player Ribery's right-footed shot from the centre of the penalty area was saved by the opposing goalkeeper. It was Kroos who gave him the ball."}, {"id": "22", "s1": "0", "s2": "0", "s": "", "t": "25'", "m": "Shot!!! Bayern Munich player Schweinsterger's left-footed shot from outside the penalty area was saved by the opposing goalkeeper. It was Ribery who gave him the ball."}, {"id": "21", "s1": "0", "s2": "0", "s": "", "t": "22'", "m": "Frankfurt player Rod tried to head the ball in the middle of the penalty area, but unfortunately the ball was slightly off the left goal. It was Jung who gave him the pass."}, {"id": "20", "s1": "0", "s2": "0", "s": "", "t": "20'", "m": "Trapp handled the ball out of the bottom line and Bayern Munich won a corner kick."}, {"id": "19", "s1": "0", "s2": "0", "s": "", "t": "20'", "m": "Shot!!! Bayern Munich player Alaba's left-footed shot from outside the penalty area was saved by the opposing goalkeeper."}, {"id": "18", "s1": "0", "s2": "0", "s": "", "t": "19'", "m": "Kroos won a free kick for Bayern Munich at the opposing half."}, {"id": "17", "s1": "0", "s2": "0", "s": "", "t": "19'", "m": "Frankfurt player Rod scrambled for a foul and the opponent was given possession of the ball."}, {"id": "16", "s1": "0", "s2": "0", "s": "", "t": "18'", "m": "Frankfurt player Aigner tried his header in the middle of the penalty area, but unfortunately the ball was high above goal. The one who gave him the ball was Okipka."}, {"id": "15", "s1": "0", "s2": "0", "s": "", "t": "17'", "m": "Frankfurt player Jung tried his right-footed shot from outside the penalty area, but unfortunately the ball was high above the top right corner."}, {"id": "14", "s1": "0", "s2": "0", "s": "", "t": "15'", "m": "Bayern Munich player Boateng threw the ball straight into Ribery, but the referee raised a flag to show that the latter was offside."}, {"id": "13", "s1": "0", "s2": "0", "s": "", "t": "14'", "m": "Shot!!! Frankfurt player Matt Moore's header from the centre of the penalty area was saved by the opposing goalkeeper. It was Mayer who gave him the pass."}, {"id": "12", "s1": "0", "s2": "0", "s": "", "t": "13'", "m": "Frankfurt player Matt Moore threw the ball straight into Mayer, but the referee raised a flag to show that the latter was offside."}, {"id": "11", "s1": "0", "s2": "0", "s": "", "t": "13'", "m": "Eintracht Frankfurt player Tomohiko Longgan was shown a yellow card by the referee."}, {"id": "10", "s1": "0", "s2": "0", "s": "", "t": "13'", "m": "Frankfurt player Tomohiko Longan fell in the penalty area, but the referee sentenced him to fake the fall!"}, {"id": "9", "s1": "0", "s2": "0", "s": "", "t": "12'", "m": "Bayern Munich player Ribery threw the ball straight into Pizarro, but the referee raised a flag to show that the latter was offside."}, {"id": "8", "s1": "0", "s2": "0", "s": "", "t": "9'", "m": "Bayern Munich player Robben attempted a right-footed shot from the right side of the penalty area, but unfortunately the ball was slightly offside the right goal. It was Kroos who gave him the ball."}, {"id": "7", "s1": "0", "s2": "0", "s": "", "t": "8'", "m": "Bayern Munich player Dante scrambled for a foul and his opponent was given possession of the ball."}, {"id": "6", "s1": "0", "s2": "0", "s": "", "t": "8'", "m": "Matt Moore won a free kick for Eintracht Frankfurt at the opposing half."}, {"id": "5", "s1": "0", "s2": "0", "s": "", "t": "6'", "m": "Frankfurt's Yuhiko Longgan's right-footed shot from outside the penalty area was blocked by a defender. It was Aigner who gave him the pass."}, {"id": "4", "s1": "0", "s2": "0", "s": "", "t": "4'", "m": "Yellow! Frankfurt player Aigner was shown a yellow card by the referee for a malicious foul."}, {"id": "3", "s1": "0", "s2": "0", "s": "", "t": "3'", "m": "Lahm won a free kick for Bayern Munich."}, {"id": "2", "s1": "0", "s2": "0", "s": "", "t": "3'", "m": "Frankfurt player Aigner scrambled for a foul and his opponent was given possession of the ball."}, {"id": "1", "s1": "0", "s2": "0", "s": "", "t": "", "m": "With a whistle from the referee, the first half of the game began."}]