[{"id": "122", "s1": "0", "s2": "2", "s": "", "t": "", "m": "The match ended with Braunschweig 0-2 Bayern Munich, thank you for watching The Sina Football Live."}, {"id": "121", "s1": "0", "s2": "2", "s": "", "t": "90'+3'", "m": "At the end of the second half, Brunswick 0-2 Bayern Munich"}, {"id": "120", "s1": "0", "s2": "2", "s": "", "t": "90'+2'", "m": "Weisser handled the ball out of the bottom line and Brunswick won the corner."}, {"id": "119", "s1": "0", "s2": "2", "s": "", "t": "90'+2'", "m": "Bayern Munich player Mandzukizi scrambled for a foul and the opponent gained possession of the ball."}, {"id": "118", "s1": "0", "s2": "2", "s": "", "t": "90'+2'", "m": "Doan won a free kick for Brunswick on the left."}, {"id": "117", "s1": "0", "s2": "2", "s": "", "t": "90'+1'", "m": "Bayern Munich player Mandzukizi threw the ball straight into Müller, but the referee raised a flag to show the latter was offside."}, {"id": "116", "s1": "0", "s2": "2", "s": "", "t": "89'", "m": "Bayern Munich player Schweinsteiger was shown a yellow card by the referee."}, {"id": "115", "s1": "0", "s2": "2", "s": "", "t": "89'", "m": "Bayern Munich player Schweinsteiger scrambled for a foul and his opponent was given possession of the ball."}, {"id": "114", "s1": "0", "s2": "2", "s": "", "t": "89'", "m": "Doan won a free kick for Brunswick."}, {"id": "113", "s1": "0", "s2": "2", "s": "", "t": "88'", "m": "Bayern Munich player Pierre-Emile Höjbjerg scrambled for a foul and the opponent received possession of the ball."}, {"id": "112", "s1": "0", "s2": "2", "s": "", "t": "88'", "m": "Ademi won a free kick for Brunswick."}, {"id": "111", "s1": "0", "s2": "2", "s": "", "t": "87'", "m": "Bayern Munich made a substitution, and Weisser replaced Ram"}, {"id": "110", "s1": "0", "s2": "2", "s": "", "t": "86'", "m": "Goal!!! Bayern Munich player Mandzukic scored with a left foot from the left side of the penalty area, the ball flew from the bottom left corner into the goal and the ball went in! Assisted by Reddell. Brunswick 0-2 Bayern Munich."}, {"id": "109", "s1": "0", "s2": "1", "s": "", "t": "86'", "m": "Bayern Munich player Boateng handball was fouled and the opponent was given the ball."}, {"id": "108", "s1": "0", "s2": "1", "s": "", "t": "85'", "m": "Harvey Martinez handled the ball out of the box and Brunswick won the corner."}, {"id": "107", "s1": "0", "s2": "1", "s": "", "t": "84'", "m": "Brunswick player Pfeitzner's left-footed shot from outside the penalty area was blocked by a defender."}, {"id": "106", "s1": "0", "s2": "1", "s": "", "t": "83'", "m": "Brunswick was replaced, and Admi replaced Krupke"}, {"id": "105", "s1": "0", "s2": "1", "s": "", "t": "83'", "m": "Braunschweig player Bolander tried a right-footed shot just outside the penalty area, but unfortunately the ball was high above goal. It was Pfetzna who gave him the pass."}, {"id": "104", "s1": "0", "s2": "1", "s": "", "t": "82'", "m": "Bayern Munich player Mandzukizi scrambled for a foul and the opponent gained possession of the ball."}, {"id": "103", "s1": "0", "s2": "1", "s": "", "t": "82'", "m": "Reicher won a free kick for Brunswick."}, {"id": "102", "s1": "0", "s2": "1", "s": "", "t": "81'", "m": "The suspension ended and the players resumed playing."}, {"id": "101", "s1": "0", "s2": "1", "s": "", "t": "80'", "m": "Brunswick Calijuri fell to the ground injured and the game was suspended"}, {"id": "100", "s1": "0", "s2": "1", "s": "", "t": "78'", "m": "Bayern Munich player Pizarro kicked the ball straight into Boateng, but the referee raised a flag to show that the latter was offside."}, {"id": "99", "s1": "0", "s2": "1", "s": "", "t": "78'", "m": "Bayern Munich player Mandzukizi's right-footed shot from a tight angle on the right side of the goal was blocked by a defender. Passing the ball to him was Pierre-Emile Höjbjerg."}, {"id": "98", "s1": "0", "s2": "1", "s": "", "t": "77'", "m": "Erlab de laOi handled the ball out of the bottom line and Bayern Munich won a corner kick."}, {"id": "97", "s1": "0", "s2": "1", "s": "", "t": "77'", "m": "Bayern Munich player Javi Martinez's right-footed shot from the centre of the penalty area was blocked by a defender. It was Mandzukizi who gave him the ball."}, {"id": "96", "s1": "0", "s2": "1", "s": "", "t": "76'", "m": "Yellow! Brunswick player Hen was shown a yellow card by the referee for a malicious foul."}, {"id": "95", "s1": "0", "s2": "1", "s": "", "t": "76'", "m": "Manjukizi won a free kick for Bayern Munich on the left side."}, {"id": "94", "s1": "0", "s2": "1", "s": "", "t": "76'", "m": "Brunswick player Hen scrambled for a foul and the opponent was given possession of the ball."}, {"id": "93", "s1": "0", "s2": "1", "s": "", "t": "75'", "m": "Goal!!! Bayern Munich player Pizarro shot with his left foot from the left side of the penalty area, the ball flew from the top left corner into the goal, and the ball went in! The assist was Götze. Brunswick 0-1 Bayern Munich."}, {"id": "92", "s1": "0", "s2": "0", "s": "", "t": "73'", "m": "Brunswick was replaced, and Pfetchner replaced Kratz"}, {"id": "91", "s1": "0", "s2": "0", "s": "", "t": "73'", "m": "Bayern Munich made a substitution and Mandzukizi replaced Robben"}, {"id": "90", "s1": "0", "s2": "0", "s": "", "t": "73'", "m": "Bayern Munich made a substitution, Müller replaced Ribery"}, {"id": "89", "s1": "0", "s2": "0", "s": "", "t": "72'", "m": "Brunswick was replaced, calijuri replaced Hochshait"}, {"id": "88", "s1": "0", "s2": "0", "s": "", "t": "72'", "m": "Xavi Martinez won a free kick for Bayern Munich."}, {"id": "87", "s1": "0", "s2": "0", "s": "", "t": "72'", "m": "Brunswick player Nelson scrambled for a foul and the opponent was given possession."}, {"id": "86", "s1": "0", "s2": "0", "s": "", "t": "69'", "m": "Ribery won a free kick for Bayern Munich."}, {"id": "85", "s1": "0", "s2": "0", "s": "", "t": "69'", "m": "Brunswick player Kratz scrambled for a foul and the opponent gained possession of the ball."}, {"id": "84", "s1": "0", "s2": "0", "s": "", "t": "67'", "m": "Bayern Munich player Dante attempted a header in the centre of the penalty area, but unfortunately the ball went high above goal. It was Robben who gave him the ball."}, {"id": "83", "s1": "0", "s2": "0", "s": "", "t": "67'", "m": "Hen handled the ball out of the bottom line and Bayern Munich won a corner kick."}, {"id": "82", "s1": "0", "s2": "0", "s": "", "t": "66'", "m": "Götze won a free kick for Bayern Munich in the opposing half."}, {"id": "81", "s1": "0", "s2": "0", "s": "", "t": "66'", "m": "Brunswick player Boland scrambled for a foul and the opponent was given possession of the ball."}, {"id": "80", "s1": "0", "s2": "0", "s": "", "t": "65'", "m": "Bayern Munich player Schweinsterger attempted a right-footed shot from outside the penalty area, but the ball was deflected slightly off the left goal. It was Ribery who gave him the ball."}, {"id": "79", "s1": "0", "s2": "0", "s": "", "t": "63'", "m": "Bayern Munich player Boateng tried his header in the centre of the penalty area, but unfortunately the ball was slightly offside the left goal. It was Ram who gave him the pass."}, {"id": "78", "s1": "0", "s2": "0", "s": "", "t": "63'", "m": "Ram won a free kick for Bayern Munich on the right."}, {"id": "77", "s1": "0", "s2": "0", "s": "", "t": "63'", "m": "Brunswick player Nelson scrambled for a foul and the opponent was given possession."}, {"id": "76", "s1": "0", "s2": "0", "s": "", "t": "61'", "m": "Pizarro won a free kick for Bayern Munich in the opposing half."}, {"id": "75", "s1": "0", "s2": "0", "s": "", "t": "61'", "m": "Brunswick player Erlabdraoi scrambled for a foul and the opponent was given possession."}, {"id": "74", "s1": "0", "s2": "0", "s": "", "t": "61'", "m": "Shot!!! Bayern Munich player Pierre Emile Höjbjerg's right-footed shot from outside the penalty area was saved by the opposing goalkeeper. It was Ribery who gave him the ball."}, {"id": "73", "s1": "0", "s2": "0", "s": "", "t": "60'", "m": "Götze won a free kick for Bayern Munich on the right."}, {"id": "72", "s1": "0", "s2": "0", "s": "", "t": "60'", "m": "Brunswick player Hochscheit scrambled for a foul and the opponent was given possession of the ball."}, {"id": "71", "s1": "0", "s2": "0", "s": "", "t": "57'", "m": "Dante won a free kick for Bayern Munich."}, {"id": "70", "s1": "0", "s2": "0", "s": "", "t": "57'", "m": "Brunswick player Hochscheit scrambled for a foul and the opponent was given possession of the ball."}, {"id": "69", "s1": "0", "s2": "0", "s": "", "t": "56'", "m": "Brunswick player Reicher thrust the ball straight into Hochshait, but the referee raised a flag to show the latter was offside."}, {"id": "68", "s1": "0", "s2": "0", "s": "", "t": "55'", "m": "Yellow! Brunswick player Hochscheit was shown a yellow card by the referee for a malicious foul."}, {"id": "67", "s1": "0", "s2": "0", "s": "", "t": "55'", "m": "Lahm won a free kick for Bayern Munich."}, {"id": "66", "s1": "0", "s2": "0", "s": "", "t": "55'", "m": "Brunswick player Toyle Kawf scrambled for a foul and the opponent was given possession of the ball."}, {"id": "65", "s1": "0", "s2": "0", "s": "", "t": "53'", "m": "Bayern Munich player Ribery scrambled for a foul and his opponent was given possession of the ball."}, {"id": "64", "s1": "0", "s2": "0", "s": "", "t": "53'", "m": "Henn was on the right for Brunswick and won a free kick."}, {"id": "63", "s1": "0", "s2": "0", "s": "", "t": "53'", "m": "Bayern Munich player Schweinsteiger scrambled for a foul and his opponent was given possession of the ball."}, {"id": "62", "s1": "0", "s2": "0", "s": "", "t": "53'", "m": "Nelson won a free kick for Brunswick at the opposing half."}, {"id": "61", "s1": "0", "s2": "0", "s": "", "t": "51'", "m": "Ribery won a free kick for Bayern Munich."}, {"id": "60", "s1": "0", "s2": "0", "s": "", "t": "51'", "m": "Brunswick player Erlabdraoi scrambled for a foul and the opponent was given possession."}, {"id": "59", "s1": "0", "s2": "0", "s": "", "t": "50'", "m": "Brunswick player Kratz tucked the ball straight into Nelson, but the referee raised a flag to show the latter was offside."}, {"id": "58", "s1": "0", "s2": "0", "s": "", "t": "50'", "m": "Bayern Munich player Schweinsteiger scrambled for a foul and his opponent was given possession of the ball."}, {"id": "57", "s1": "0", "s2": "0", "s": "", "t": "50'", "m": "Boland won a free kick for Brunswick."}, {"id": "56", "s1": "0", "s2": "0", "s": "", "t": "49'", "m": "Hen handled the ball out of the bottom line and Bayern Munich won a corner kick."}, {"id": "55", "s1": "0", "s2": "0", "s": "", "t": "48'", "m": "The suspension ended and the players resumed playing."}, {"id": "54", "s1": "0", "s2": "0", "s": "", "t": "48'", "m": "Brunswick Fell to the ground injured and the game was suspended"}, {"id": "53", "s1": "0", "s2": "0", "s": "", "t": "47'", "m": "Pizarro won a free kick for Bayern Munich."}, {"id": "52", "s1": "0", "s2": "0", "s": "", "t": "47'", "m": "Brunswick player Dogan scrambled for a foul and the opponent was given possession of the ball."}, {"id": "51", "s1": "0", "s2": "0", "s": "", "t": "47'", "m": "Bayern Munich player Robben made a dangerous move where the opponent gained possession of the ball."}, {"id": "50", "s1": "0", "s2": "0", "s": "", "t": "47'", "m": "Reicher won a free kick for Brunswick."}, {"id": "49", "s1": "0", "s2": "0", "s": "", "t": "", "m": "The second half began with Brunswick 0-0 Bayern Munich"}, {"id": "48", "s1": "0", "s2": "0", "s": "", "t": "45'+1'", "m": "At the end of the first half, Brunswick 0-0 Bayern Munich, with a short break, we will take a look at the performance of the two teams in the second half."}, {"id": "47", "s1": "0", "s2": "0", "s": "", "t": "45'", "m": "Götze won a free kick for Bayern Munich."}, {"id": "46", "s1": "0", "s2": "0", "s": "", "t": "45'", "m": "Brunswick player Hochscheit scrambled for a foul and the opponent was given possession of the ball."}, {"id": "45", "s1": "0", "s2": "0", "s": "", "t": "44'", "m": "The suspension ended and the players resumed playing."}, {"id": "44", "s1": "0", "s2": "0", "s": "", "t": "44'", "m": "Brunswick Fell to the ground injured and the game was suspended"}, {"id": "43", "s1": "0", "s2": "0", "s": "", "t": "43'", "m": "Brunswick player Krupke tucked the ball straight into Nelson, but the referee raised a flag to show that the latter was offside."}, {"id": "42", "s1": "0", "s2": "0", "s": "", "t": "41'", "m": "Brunswick player Hochshait attempted a left-footed shot from outside the penalty area, but unfortunately the ball was slightly above goal. It was Toilkaov who gave him the pass."}, {"id": "41", "s1": "0", "s2": "0", "s": "", "t": "39'", "m": "Brunswick player Hochscheit threw the ball straight into Boland, but the referee raised a flag to show that the latter was offside."}, {"id": "40", "s1": "0", "s2": "0", "s": "", "t": "39'", "m": "Brunswick player Reicher attempted a left-footed shot from outside the penalty area, but unfortunately the ball deflected off target."}, {"id": "39", "s1": "0", "s2": "0", "s": "", "t": "37'", "m": "Götze won a free kick for Bayern Munich on the left."}, {"id": "38", "s1": "0", "s2": "0", "s": "", "t": "37'", "m": "Brunswick player Erlabdraoi scrambled for a foul and the opponent was given possession."}, {"id": "37", "s1": "0", "s2": "0", "s": "", "t": "33'", "m": "Xavi Martinez won a free kick for Bayern Munich."}, {"id": "36", "s1": "0", "s2": "0", "s": "", "t": "33'", "m": "Brunswick player Nelson scrambled for a foul and the opponent was given possession."}, {"id": "35", "s1": "0", "s2": "0", "s": "", "t": "33'", "m": "Bayern Munich player Robben threw the ball straight into Pizarro, but the referee raised a flag to show that the latter was offside."}, {"id": "34", "s1": "0", "s2": "0", "s": "", "t": "32'", "m": "Pierre-Emile Höjbjerg won a free-kick for Bayern Munich."}, {"id": "33", "s1": "0", "s2": "0", "s": "", "t": "32'", "m": "Brunswick player Reicher made a dangerous move where the opponent gained possession."}, {"id": "32", "s1": "0", "s2": "0", "s": "", "t": "31'", "m": "Bayern Munich player Dante scrambled for a foul and his opponent was given possession of the ball."}, {"id": "31", "s1": "0", "s2": "0", "s": "", "t": "31'", "m": "Krupke won a free kick for Brunswick."}, {"id": "30", "s1": "0", "s2": "0", "s": "", "t": "31'", "m": "Bayern Munich player Schweinsterger's right-footed shot from outside the penalty area was blocked by a defender. It was Ribery who gave him the ball."}, {"id": "29", "s1": "0", "s2": "0", "s": "", "t": "30'", "m": "Braunschweig player Doan tucked the ball straight into Toilkaugh but the referee raised a flag to show the latter was offside."}, {"id": "28", "s1": "0", "s2": "0", "s": "", "t": "30'", "m": "Bayern Munich player Pierre-Emile Höjbjerg scrambled for a foul and the opponent received possession of the ball."}, {"id": "27", "s1": "0", "s2": "0", "s": "", "t": "30'", "m": "Krupke won a free kick for Brunswick at the opposing half."}, {"id": "26", "s1": "0", "s2": "0", "s": "", "t": "29'", "m": "Götze won a free kick for Bayern Munich on the left."}, {"id": "25", "s1": "0", "s2": "0", "s": "", "t": "29'", "m": "Brunswick player Hen scrambled for a foul and the opponent was given possession of the ball."}, {"id": "24", "s1": "0", "s2": "0", "s": "", "t": "27'", "m": "Bayern Munich player Pierre Emile Höjbjerg tried a right-footed shot from the centre of the penalty area, but unfortunately the ball went high above goal. It was Robben who gave him the ball."}, {"id": "23", "s1": "0", "s2": "0", "s": "", "t": "26'", "m": "Shot!!! Brunswick player Hochscheit's left-footed shot from the right side of the penalty area was saved by the opposing goalkeeper. It was Kratz who gave him the ball."}, {"id": "22", "s1": "0", "s2": "0", "s": "", "t": "25'", "m": "Bayern Munich player Pierre-Emile Höjbjerg scrambled for a foul and the opponent received possession of the ball."}, {"id": "21", "s1": "0", "s2": "0", "s": "", "t": "25'", "m": "Kratz won a free kick for Brunswick on the right."}, {"id": "20", "s1": "0", "s2": "0", "s": "", "t": "23'", "m": "Bayern Munich player Arjen Robben attempted a left-footed shot from outside the penalty area, but unfortunately the ball deflected off target."}, {"id": "19", "s1": "0", "s2": "0", "s": "", "t": "22'", "m": "Götze won a free kick for Bayern Munich."}, {"id": "18", "s1": "0", "s2": "0", "s": "", "t": "22'", "m": "Brunswick player Kratz scrambled for a foul and the opponent gained possession of the ball."}, {"id": "17", "s1": "0", "s2": "0", "s": "", "t": "21'", "m": "Bayern Munich player Pizarro scrambled for a foul and the opponent was given possession of the ball."}, {"id": "16", "s1": "0", "s2": "0", "s": "", "t": "21'", "m": "Hen won a free kick for Brunswick."}, {"id": "15", "s1": "0", "s2": "0", "s": "", "t": "21'", "m": "Bayern Munich player Ribery attempted a right-footed shot from outside the penalty area, but unfortunately the ball was slightly offside the left goal. It was Ram who gave him the pass."}, {"id": "14", "s1": "0", "s2": "0", "s": "", "t": "18'", "m": "Brunswick player Hochscheit attempted a header in the centre of the penalty area, but the ball was deflected slightly off the left goal. The one who passed the ball to him was Erlab de la Oy."}, {"id": "13", "s1": "0", "s2": "0", "s": "", "t": "16'", "m": "Xavi Martinez won a free kick for Bayern Munich."}, {"id": "12", "s1": "0", "s2": "0", "s": "", "t": "16'", "m": "Brunswick player Hochscheit scrambled for a foul and the opponent was given possession of the ball."}, {"id": "11", "s1": "0", "s2": "0", "s": "", "t": "16'", "m": "Bayern Munich player Javi Martinez was fouled for handball and the opponent was given the ball."}, {"id": "10", "s1": "0", "s2": "0", "s": "", "t": "14'", "m": "Bayern Munich player Pizarro made a dangerous move and the opponent gained possession of the ball."}, {"id": "9", "s1": "0", "s2": "0", "s": "", "t": "14'", "m": "Toilkaugh won a free kick for Brunswick."}, {"id": "8", "s1": "0", "s2": "0", "s": "", "t": "11'", "m": "Pierre-Emile Höjbjerg won a free-kick for Bayern Munich."}, {"id": "7", "s1": "0", "s2": "0", "s": "", "t": "11'", "m": "Brunswick player Boland scrambled for a foul and the opponent was given possession of the ball."}, {"id": "6", "s1": "0", "s2": "0", "s": "", "t": "11'", "m": "Brunswick player Boland's left-footed shot from outside the penalty area was blocked by a defender. The one who passed the ball to him was Erlab de la Oy."}, {"id": "5", "s1": "0", "s2": "0", "s": "", "t": "9'", "m": "Bayern Munich player Boateng scrambled for a foul and his opponent gained possession of the ball."}, {"id": "4", "s1": "0", "s2": "0", "s": "", "t": "9'", "m": "Toilkaugh won a free kick for Brunswick."}, {"id": "3", "s1": "0", "s2": "0", "s": "", "t": "7'", "m": "Brunswick player Hochshait threw the ball straight into Nelson, but the referee raised a flag to show the latter was offside."}, {"id": "2", "s1": "0", "s2": "0", "s": "", "t": "6'", "m": "Brunswick player Dogan kicked the ball straight into Krupke, but the referee raised a flag to show that the latter was offside."}, {"id": "1", "s1": "0", "s2": "0", "s": "", "t": "", "m": "With a whistle from the referee, the first half of the game began."}]