[{"id": "114", "s1": "2", "s2": "1", "s": "", "t": "", "m": "The match ended with Borussia Dortmund 2-1 Wolfsburg, thank you for watching the Sina Football Livestream."}, {"id": "113", "s1": "2", "s2": "1", "s": "", "t": "90'+3'", "m": "At the end of the second half, Borussia Dortmund 2-1 Wolfsburg"}, {"id": "112", "s1": "2", "s2": "1", "s": "", "t": "90'", "m": "Shot!!! Borussia Dortmund player Piszczek's header from the centre of the penalty area was saved by the opposing goalkeeper. It was Reus who gave him the pass."}, {"id": "111", "s1": "2", "s2": "1", "s": "", "t": "90'", "m": "Arnold handled the ball out of the bottom line and Borussia Dortmund won a corner kick."}, {"id": "110", "s1": "2", "s2": "1", "s": "", "t": "90'", "m": "Dortmund player Reuss' right-footed shot from the right side of the penalty area was blocked by a defender. The pass to him was Gros Kreuz."}, {"id": "109", "s1": "2", "s2": "1", "s": "", "t": "88'", "m": "Wolfsburg player Perisic tried a left-footed shot from a small angle on the left side of the goal, but unfortunately the ball was deflected off the goal. It was De Bruyne who passed the ball to him."}, {"id": "108", "s1": "2", "s2": "1", "s": "", "t": "87'", "m": "Wolfsburg player Oakes scrambled for a foul and the opponent gained possession of the ball."}, {"id": "107", "s1": "2", "s2": "1", "s": "", "t": "87'", "m": "Groß Kreuz won a free kick for Borussia Dortmund on the left."}, {"id": "106", "s1": "2", "s2": "1", "s": "", "t": "86'", "m": "Wolfsburg player Calijuri attempted a header in the middle of the penalty area, but unfortunately the ball was slightly above the goal. It was Rodriguez who passed the ball to him."}, {"id": "105", "s1": "2", "s2": "1", "s": "", "t": "84'", "m": "Wolfsburg player De Bruyne attempted a left-footed shot from the centre of the penalty area, but the ball was deflected slightly off the left goal. It was Calijuri who gave him the ball."}, {"id": "104", "s1": "2", "s2": "1", "s": "", "t": "83'", "m": "Wolfsburg player De Bruyne tried his right-footed shot from outside the penalty area, but the ball was slightly above goal."}, {"id": "103", "s1": "2", "s2": "1", "s": "", "t": "83'", "m": "De Bruyne won a free kick for Wolfsburg in the opposing half."}, {"id": "102", "s1": "2", "s2": "1", "s": "", "t": "83'", "m": "Borussia Dortmund player Papastathopoulos scrambled for a foul and the opponent was given possession of the ball."}, {"id": "101", "s1": "2", "s2": "1", "s": "", "t": "82'", "m": "Borussia Dortmund player Reuss was fouled for handball and the opponent was given the ball."}, {"id": "100", "s1": "2", "s2": "1", "s": "", "t": "80'", "m": "Calijuri won a free kick for Wolfsburg."}, {"id": "99", "s1": "2", "s2": "1", "s": "", "t": "80'", "m": "Borussia Dortmund player Kirsch scrambled for a foul and the opponent was given possession of the ball."}, {"id": "98", "s1": "2", "s2": "1", "s": "", "t": "79'", "m": "Wolfsburg made a substitution, Calijuri replaced Junior Malanda"}, {"id": "97", "s1": "2", "s2": "1", "s": "", "t": "77'", "m": "Goal!!! Dortmund player Reuss fired a left-footed shot from the centre of the penalty area, the ball flew into the middle of the box and the ball went in! Dortmund 2-1 Wolfsburg."}, {"id": "96", "s1": "1", "s2": "1", "s": "", "t": "76'", "m": "Dortmund made a substitution, Kirsch replaced Mkhitaryan"}, {"id": "95", "s1": "1", "s2": "1", "s": "", "t": "76'", "m": "Wolfsburg player Junior Malanda scrambled for a foul and the opponent was given possession of the ball."}, {"id": "94", "s1": "1", "s2": "1", "s": "", "t": "76'", "m": "Mkhitaryan won a free kick for Borussia Dortmund."}, {"id": "93", "s1": "1", "s2": "1", "s": "", "t": "74'", "m": "Oakes won a free kick for Wolfsburg on the right."}, {"id": "92", "s1": "1", "s2": "1", "s": "", "t": "74'", "m": "Dortmund player Gros Kreuz scrambled for a foul and the opponent gained possession of the ball."}, {"id": "91", "s1": "1", "s2": "1", "s": "", "t": "73'", "m": "Wolfsburg player Gustavo attempted a left-footed shot from outside the penalty area, but unfortunately the ball was slightly offside the left goal. It was De Bruyne who passed the ball to him."}, {"id": "90", "s1": "1", "s2": "1", "s": "", "t": "73'", "m": "Dortmund player Kyle scrambled for a foul and the opponent was given possession."}, {"id": "89", "s1": "1", "s2": "1", "s": "", "t": "73'", "m": "Junior Malanda won a free kick for Wolfsburg."}, {"id": "88", "s1": "1", "s2": "1", "s": "", "t": "70'", "m": "Borussia Dortmund's Mkhitaryan attempted a right-footed shot from the left side of the penalty area, but unfortunately the ball was slightly offside the right goal. It was Lewandowski who gave him the pass."}, {"id": "87", "s1": "1", "s2": "1", "s": "", "t": "69'", "m": "Piszczek handled the ball out of the line and Wolfsburg won a corner."}, {"id": "86", "s1": "1", "s2": "1", "s": "", "t": "69'", "m": "The suspension ended and the players resumed playing."}, {"id": "85", "s1": "1", "s2": "1", "s": "", "t": "69'", "m": "Wolfsburg made substitutions, Oakes on, Tresch on injury."}, {"id": "84", "s1": "1", "s2": "1", "s": "", "t": "68'", "m": "Tresch wolfsburg fell to the ground injured and the game was suspended"}, {"id": "83", "s1": "1", "s2": "1", "s": "", "t": "67'", "m": "Dortmund player Lewandowski scrambled for a foul and the opponent was given possession of the ball."}, {"id": "82", "s1": "1", "s2": "1", "s": "", "t": "67'", "m": "Tresch won a free kick for Wolfsburg."}, {"id": "81", "s1": "1", "s2": "1", "s": "", "t": "66'", "m": "Shot!!! Dortmund player Jokic's left-footed shot from outside the penalty area was saved by the opposing goalkeeper. It was Lewandowski who gave him the pass."}, {"id": "80", "s1": "1", "s2": "1", "s": "", "t": "65'", "m": "Wolfsburg player Naldo attempted a right-footed shot from outside the penalty area, but unfortunately the ball was high above the top right corner. It was Gustavo who gave him the pass."}, {"id": "79", "s1": "1", "s2": "1", "s": "", "t": "64'", "m": "Wolfsburg player Oric tried his right-footed shot from the left side of the penalty area, but the ball was slightly offside the left goal. It was Perisic who gave him the ball."}, {"id": "78", "s1": "1", "s2": "1", "s": "", "t": "60'", "m": "Hummels won a free kick for Borussia Dortmund."}, {"id": "77", "s1": "1", "s2": "1", "s": "", "t": "60'", "m": "Wolfsburg player Oric scrambled for a foul and the opponent gained possession of the ball."}, {"id": "76", "s1": "1", "s2": "1", "s": "", "t": "59'", "m": "Shot!!! Wolfsburg player Perisic's left-footed shot from the left side of the penalty area was saved by the opposing goalkeeper. It was De Bruyne who passed the ball to him."}, {"id": "75", "s1": "1", "s2": "1", "s": "", "t": "58'", "m": "Wolfsburg player Rodriguez kicked the ball straight to Orlic, but the referee raised a flag to show that the latter was offside."}, {"id": "74", "s1": "1", "s2": "1", "s": "", "t": "57'", "m": "Borussia Dortmund player Gros Kreuz threw the ball straight into Mkhitaryan but the referee raised a flag to show the latter was offside."}, {"id": "73", "s1": "1", "s2": "1", "s": "", "t": "57'", "m": "Dortmund player Kyle scrambled for a foul and the opponent was given possession."}, {"id": "72", "s1": "1", "s2": "1", "s": "", "t": "57'", "m": "Orlic won a free kick for Wolfsburg at the opposing half."}, {"id": "71", "s1": "1", "s2": "1", "s": "", "t": "55'", "m": "Yellow! Dortmund player Jokic was shown a yellow card by the referee for a malicious foul."}, {"id": "70", "s1": "1", "s2": "1", "s": "", "t": "55'", "m": "Borussia Dortmund player Jokic scrambled for a foul and the opponent gained possession of the ball."}, {"id": "69", "s1": "1", "s2": "1", "s": "", "t": "55'", "m": "Junior Malanda won a free kick for Wolfsburg."}, {"id": "68", "s1": "1", "s2": "1", "s": "", "t": "53'", "m": "Borussia Dortmund's Groskroyts attempted a header in the centre of the penalty area, but the ball was deflected slightly off the right goal. It was Lewandowski who gave him the pass."}, {"id": "67", "s1": "1", "s2": "1", "s": "", "t": "52'", "m": "Lewandowski won a free kick for Borussia Dortmund on the right."}, {"id": "66", "s1": "1", "s2": "1", "s": "", "t": "52'", "m": "Wolfsburg player Junior Malanda scrambled for a foul and the opponent was given possession of the ball."}, {"id": "65", "s1": "1", "s2": "1", "s": "", "t": "51'", "m": "Goal!!! Dortmund player Lewandowski went to the goal line and the ball flew into the goal from the bottom right corner and the ball went in! Assisted by Reuss. Dortmund 1-1 Wolfsburg."}, {"id": "64", "s1": "0", "s2": "1", "s": "", "t": "50'", "m": "Naldo handled the ball out of the bottom line and Borussia Dortmund won a corner kick."}, {"id": "63", "s1": "0", "s2": "1", "s": "", "t": "48'", "m": "Shot!!! Borussia Dortmund's right-footed shot from outside the penalty area was saved by the opposing goalkeeper."}, {"id": "62", "s1": "0", "s2": "1", "s": "", "t": "48'", "m": "Reuss won a free kick for Borussia Dortmund at the opposing half."}, {"id": "61", "s1": "0", "s2": "1", "s": "", "t": "48'", "m": "Wolfsburg player Gustavo scrambled for a foul and the opponent was given possession of the ball."}, {"id": "60", "s1": "0", "s2": "1", "s": "", "t": "47'", "m": "Wolfsburg player De Bruyne was fouled for handball and the opponent was given the ball."}, {"id": "59", "s1": "0", "s2": "1", "s": "", "t": "", "m": "The second half began with Borussia Dortmund 0-1 Wolfsburg"}, {"id": "58", "s1": "0", "s2": "1", "s": "", "t": "45'", "m": "Dortmund made a substitution, durm replaced Aubameyang"}, {"id": "57", "s1": "0", "s2": "1", "s": "", "t": "45'", "m": "Borussia Dortmund made a substitution, with Jokic replacing Shaheen"}, {"id": "56", "s1": "0", "s2": "1", "s": "", "t": "45'+1'", "m": "At the end of the first half, Borussia Dortmund 0-1 Wolfsburg, with a short break, we will take a look at the performance of the two teams in the second half."}, {"id": "55", "s1": "0", "s2": "1", "s": "", "t": "45'", "m": "Tresch handled the ball out of the bottom line and Borussia Dortmund won a corner kick."}, {"id": "54", "s1": "0", "s2": "1", "s": "", "t": "44'", "m": "Naldo handled the ball out of the bottom line and Borussia Dortmund won a corner kick."}, {"id": "53", "s1": "0", "s2": "1", "s": "", "t": "44'", "m": "Dortmund player Kyle's header from the goal line was blocked by a defender. It was Reus who gave him the pass."}, {"id": "52", "s1": "0", "s2": "1", "s": "", "t": "44'", "m": "Junior Malanda handled the ball out of the bottom line and Borussia Dortmund won the corner."}, {"id": "51", "s1": "0", "s2": "1", "s": "", "t": "41'", "m": "Borussia Dortmund player Papastathopoulos scrambled for a foul and the opponent was given possession of the ball."}, {"id": "50", "s1": "0", "s2": "1", "s": "", "t": "41'", "m": "Arnold won a free kick for Wolfsburg on the left."}, {"id": "49", "s1": "0", "s2": "1", "s": "", "t": "40'", "m": "Wolfsburg player Perisic attempted a right-footed shot from outside the penalty area, but the ball was deflected slightly off the right goal."}, {"id": "48", "s1": "0", "s2": "1", "s": "", "t": "40'", "m": "Wolfsburg player Orlic shot with his left foot in front of the goal line and hit the goalpost crossbar."}, {"id": "47", "s1": "0", "s2": "1", "s": "", "t": "40'", "m": "Wolfsburg player Orlic shot with his left foot in front of the goal line and hit the goalpost crossbar.给他传球的是德布劳内."}, {"id": "46", "s1": "0", "s2": "1", "s": "", "t": "39'", "m": "Borussia Dortmund player Pierre-Emerick Aubameyang scrambled for a foul and his opponent gained possession of the ball."}, {"id": "45", "s1": "0", "s2": "1", "s": "", "t": "39'", "m": "Gustavo won a free kick for Wolfsburg."}, {"id": "44", "s1": "0", "s2": "1", "s": "", "t": "37'", "m": "Lewandowski won a free kick for Borussia Dortmund."}, {"id": "43", "s1": "0", "s2": "1", "s": "", "t": "37'", "m": "Wolfsburg player Knoch scrambled for a foul and his opponent gained possession of the ball."}, {"id": "42", "s1": "0", "s2": "1", "s": "", "t": "37'", "m": "Yellow! Dortmund player Shaheen was shown a yellow card by the referee for a malicious foul."}, {"id": "41", "s1": "0", "s2": "1", "s": "", "t": "37'", "m": "Dortmund player Shaheen scrambled for a foul and the opponent gained possession."}, {"id": "40", "s1": "0", "s2": "1", "s": "", "t": "37'", "m": "Gustavo won a free kick for Wolfsburg."}, {"id": "39", "s1": "0", "s2": "1", "s": "", "t": "35'", "m": "Borussia Dortmund player Reuss attempted a left-footed shot from the left side of the penalty area, but unfortunately the ball was slightly offside the right goal. The one who gave him the ball was Papastathopoulos."}, {"id": "38", "s1": "0", "s2": "1", "s": "", "t": "34'", "m": "Goal!!! Wolfsburg player Orlic shot with his right foot in front of the goal line, the ball flew from the bottom left corner into the goal, the ball went in! Dortmund 0-1 Wolfsburg."}, {"id": "37", "s1": "0", "s2": "0", "s": "", "t": "34'", "m": "Shot!!! Wolfsburg player Junior Malanda's header from the centre of the penalty area was saved by the opposing goalkeeper. It was Rodriguez who passed the ball to him."}, {"id": "36", "s1": "0", "s2": "0", "s": "", "t": "32'", "m": "Yellow! Wolfsburg player Tresch was shown a yellow card by the referee for a malicious foul."}, {"id": "35", "s1": "0", "s2": "0", "s": "", "t": "32'", "m": "Lewandowski won a free kick for Borussia Dortmund."}, {"id": "34", "s1": "0", "s2": "0", "s": "", "t": "32'", "m": "Wolfsburg player Tresch scrambled for a foul and his opponent was given possession of the ball."}, {"id": "33", "s1": "0", "s2": "0", "s": "", "t": "29'", "m": "Dortmund player Kyle scrambled for a foul and the opponent was given possession."}, {"id": "32", "s1": "0", "s2": "0", "s": "", "t": "29'", "m": "Arnold won a free kick for Wolfsburg."}, {"id": "31", "s1": "0", "s2": "0", "s": "", "t": "28'", "m": "Papastathopoulos won a free kick for Borussia Dortmund on the right."}, {"id": "30", "s1": "0", "s2": "0", "s": "", "t": "28'", "m": "Wolfsburg player Arnold scrambled for a foul and the opponent was given possession of the ball."}, {"id": "29", "s1": "0", "s2": "0", "s": "", "t": "26'", "m": "Wolfsburg player Naldo attempted a header in the centre of the penalty area, but unfortunately the ball was slightly above the goal. It was Rodriguez who passed the ball to him."}, {"id": "28", "s1": "0", "s2": "0", "s": "", "t": "25'", "m": "Langrarch handled the ball out of the bottom line and Wolfsburg won a corner kick."}, {"id": "27", "s1": "0", "s2": "0", "s": "", "t": "24'", "m": "Wolfsburg player De Bruyne attempted a right-footed shot from the centre of the penalty area, but the ball was deflected slightly off the right goal."}, {"id": "26", "s1": "0", "s2": "0", "s": "", "t": "23'", "m": "Lewandowski won a free kick for Borussia Dortmund on the right."}, {"id": "25", "s1": "0", "s2": "0", "s": "", "t": "23'", "m": "Wolfsburg player Rodriguez scrambled for a foul and the opponent gained possession."}, {"id": "24", "s1": "0", "s2": "0", "s": "", "t": "22'", "m": "Green handled the ball out of the bottom line and Borussia Dortmund won a corner kick."}, {"id": "23", "s1": "0", "s2": "0", "s": "", "t": "21'", "m": "Borussia Dortmund player Pierre-Emerick Aubameyang scrambled for a foul and his opponent gained possession of the ball."}, {"id": "22", "s1": "0", "s2": "0", "s": "", "t": "21'", "m": "Rodriguez won a free kick for Wolfsburg."}, {"id": "21", "s1": "0", "s2": "0", "s": "", "t": "20'", "m": "Wolfsburg player Junior Malanda tried his right-footed shot from outside the penalty area, but unfortunately the ball was high above goal. It was Rodriguez who passed the ball to him."}, {"id": "20", "s1": "0", "s2": "0", "s": "", "t": "19'", "m": "Wolfsburg player Arnold scrambled for a foul and the opponent was given possession of the ball."}, {"id": "19", "s1": "0", "s2": "0", "s": "", "t": "19'", "m": "Kyle won a free kick for Borussia Dortmund at the opposing half."}, {"id": "18", "s1": "0", "s2": "0", "s": "", "t": "17'", "m": "Wolfsburg player Perisic scrambled for a foul and the opponent was given possession of the ball."}, {"id": "17", "s1": "0", "s2": "0", "s": "", "t": "17'", "m": "Shaheen won a free kick for Borussia Dortmund."}, {"id": "16", "s1": "0", "s2": "0", "s": "", "t": "16'", "m": "Wolfsburg player Junior Malanda tried his right-footed shot from the right side of the penalty area, but the ball was deflected slightly off the right goal."}, {"id": "15", "s1": "0", "s2": "0", "s": "", "t": "16'", "m": "Wolfsburg player Naldo's right-footed shot from outside the penalty area was blocked by a defender."}, {"id": "14", "s1": "0", "s2": "0", "s": "", "t": "15'", "m": "Arnold won a free kick for Wolfsburg in the opposing half."}, {"id": "13", "s1": "0", "s2": "0", "s": "", "t": "15'", "m": "Borussia Dortmund player Papastathopoulos scrambled for a foul and the opponent was given possession of the ball."}, {"id": "12", "s1": "0", "s2": "0", "s": "", "t": "13'", "m": "Wolfsburg player Rodriguez kicked the ball straight to Orlic, but the referee raised a flag to show that the latter was offside."}, {"id": "11", "s1": "0", "s2": "0", "s": "", "t": "13'", "m": "Borussia Dortmund player Piszczek was fouled for handball and the opponent was given the ball."}, {"id": "10", "s1": "0", "s2": "0", "s": "", "t": "10'", "m": "Wolfsburg player Orlic tried his left-footed shot in front of the goal line, but unfortunately the ball was slightly offside the right goal. It was Perisic who gave him the ball."}, {"id": "9", "s1": "0", "s2": "0", "s": "", "t": "8'", "m": "Gustavo handled the ball out of the bottom line and Borussia Dortmund won the corner."}, {"id": "8", "s1": "0", "s2": "0", "s": "", "t": "7'", "m": "Papastathopoulos won a free kick for Borussia Dortmund."}, {"id": "7", "s1": "0", "s2": "0", "s": "", "t": "7'", "m": "Wolfsburg player Oric scrambled for a foul and the opponent gained possession of the ball."}, {"id": "6", "s1": "0", "s2": "0", "s": "", "t": "6'", "m": "Wolfsburg player Gustavo kicked the ball straight into De Bruyne, but the referee raised a flag to show that the latter was offside."}, {"id": "5", "s1": "0", "s2": "0", "s": "", "t": "3'", "m": "Borussia Dortmund player Shaheen kicked the ball straight into Reuss, but the referee raised a flag to show the latter was offside."}, {"id": "4", "s1": "0", "s2": "0", "s": "", "t": "3'", "m": "Kyle won a free kick for Borussia Dortmund."}, {"id": "3", "s1": "0", "s2": "0", "s": "", "t": "3'", "m": "Wolfsburg player Junior Malanda scrambled for a foul and the opponent was given possession of the ball."}, {"id": "2", "s1": "0", "s2": "0", "s": "", "t": "2'", "m": "Borussia Dortmund player Reuss threw the ball straight into Aubameyang, but the referee raised a flag to show that the latter had been offside."}, {"id": "1", "s1": "0", "s2": "0", "s": "", "t": "", "m": "With a whistle from the referee, the first half of the game began."}]