[{"id": "3625734", "s1": "2", "s2": "0", "s": "Finish", "t": "", "m": "Today's game will explain this to you, welcome you to continue to pay attention to the other wonderful event live programs sent to you by Sina Sports, thank you!"}, {"id": "3625732", "s1": "", "s2": "", "s": "", "t": "", "m": "", "lnk": {"title": "【德甲第3轮 拜仁慕尼黑 2-0 纽伦堡】阿拉巴点球不进，没事！下半场罗贝里组合发威帮助球队最终取胜。但进攻端上，拜仁在下半场是浪费了大把的机会，瓜帅的细节修补，还未完！", "href": "http://weibo.com/1653472751/A6hiW7Azm", "type": "news", "extra": []}}, {"id": "3625730", "s1": "2", "s2": "0", "s": "Finish", "t": "", "m": "After taking a two-goal lead, Bayern still had a chance to extend the scoreline, but Manjukizi, Müller and Shaqiri did not seize the opportunity"}, {"id": "3625728", "s1": "2", "s2": "0", "s": "Finish", "t": "", "m": "Robben staged a dragon on the right and completely destroyed the Nuremberg defense"}, {"id": "3625726", "s1": "2", "s2": "0", "s": "Finish", "t": "", "m": "And this goal also blew the frenzy of Bayern's attack"}, {"id": "3625724", "s1": "2", "s2": "0", "s": "Finish", "t": "", "m": "In the second half, Ribery was also very excited after scoring the goal of Nuremberg"}, {"id": "3625722", "s1": "2", "s2": "0", "s": "Finish", "t": "", "m": "In the league, Bayern also won 3 consecutive wins"}, {"id": "3625720", "s1": "2", "s2": "0", "s": "Finish", "t": "", "m": "Thanks to the power of the Robery combination, Bayern beat Nuremberg 2-0 at home"}, {"id": "3625718", "s1": "2", "s2": "0", "s": "Finish", "t": "", "m": "The whole game is over!"}, {"id": "3625716", "s1": "2", "s2": "0", "s": "Next", "t": "47'", "m": "Kinczek's forward shot was deflected wide"}, {"id": "3625714", "s1": "2", "s2": "0", "s": "Next", "t": "47'", "m": "Nuremberg's cross from the left was sent into the box"}, {"id": "3625712", "s1": "2", "s2": "0", "s": "Next", "t": "46'", "m": "Mandzukic did not stop the ball well for the first time"}, {"id": "3625710", "s1": "2", "s2": "0", "s": "Next", "t": "46'", "m": "Müller took the ball and went into the box"}, {"id": "3625708", "s1": "2", "s2": "0", "s": "Next", "t": "46'", "m": "1 minute of second-half stoppage time!"}, {"id": "3625706", "s1": "2", "s2": "0", "s": "Next", "t": "46'", "m": "Robben hit the goal without making adjustments, and the ball hit the side-netting"}, {"id": "3625704", "s1": "2", "s2": "0", "s": "Next", "t": "45'", "m": "Alaba's pass from the left was sent to the back post"}, {"id": "3625702", "s1": "2", "s2": "0", "s": "Next", "t": "44'", "m": "Kiyotake Hiroshi dribbled the ball in front of him, split the ball, and no one ran"}, {"id": "3625700", "s1": "2", "s2": "0", "s": "Next", "t": "44'", "m": "Shaqiri made a mistake in stopping the ball in front of him"}, {"id": "3625696", "s1": "2", "s2": "0", "s": "Next", "t": "41'", "m": "Nuremberg also collapsed at the last minute"}, {"id": "3625694", "s1": "2", "s2": "0", "s": "Next", "t": "40'", "m": "Shaqiri's close-range push was to rub the column out"}, {"id": "3625692", "s1": "2", "s2": "0", "s": "Next", "t": "40'", "m": "Müller's bottom line on the right crossed the triangle"}, {"id": "3625688", "s1": "2", "s2": "0", "s": "Next", "t": "39'", "m": "But Mueller's low shot was deflected"}, {"id": "3625686", "s1": "2", "s2": "0", "s": "Next", "t": "39'", "m": "Alaba scored the ball from inside the penalty area on the left and crossed to give better Müller"}, {"id": "3625684", "s1": "2", "s2": "0", "s": "Next", "t": "39'", "m": "Bayern's last moments were in full swing"}, {"id": "3625682", "s1": "2", "s2": "0", "s": "Next", "t": "38'", "m": "Unfortunately, Mandzukizi's copy did not touch it"}, {"id": "3625680", "s1": "2", "s2": "0", "s": "Next", "t": "38'", "m": "Robben broke through to the bottom line and crossed the ball"}, {"id": "3625678", "s1": "2", "s2": "0", "s": "Next", "t": "38'", "m": "Shaqiri broke through from the left to Roben in the penalty area"}, {"id": "3625676", "s1": "2", "s2": "0", "s": "Next", "t": "38'", "m": "Shaqiri broke down the left to Ribery inside the penalty area"}, {"id": "3625674", "s1": "2", "s2": "0", "s": "Next", "t": "36'", "m": "Ribery was also very happy to be replaced"}, {"id": "3625672", "s1": "2", "s2": "0", "s": "Next", "t": "35'", "m": "Bayern substitutions, Ribery down, Shaqiri on!"}, {"id": "3625670", "s1": "2", "s2": "0", "s": "Next", "t": "35'", "m": "Sure enough, Peter Pan!!"}, {"id": "3625668", "s1": "2", "s2": "0", "s": "Next", "t": "35'", "m": "Bayern midfielder passed to Robben, Robben got the ball and cut inside the defender into the box, then Robben broke through the middle again under the two of them, and finally to the bottom line, facing the goalkeeper at a small angle, pushing the far corner, the ball hit the far post and bounced into the net!"}, {"id": "3625666", "s1": "2", "s2": "0", "s": "Next", "t": "33'", "m": "2-0！！！"}, {"id": "3625664", "s1": "2", "s2": "0", "s": "Next", "t": "33'", "m": "Robben !!!"}, {"id": "3625662", "s1": "1", "s2": "0", "s": "Next", "t": "32'", "m": "Nuremberg broke through on the left and did not pass"}, {"id": "3625660", "s1": "1", "s2": "0", "s": "Next", "t": "32'", "m": "Nuremberg picked up the ball on the right and sent it into the penalty area, where Stark's header was a threat"}, {"id": "3625658", "s1": "1", "s2": "0", "s": "Next", "t": "31'", "m": "Under Platenhart, kiyotake Hiroshi on!"}, {"id": "3625656", "s1": "1", "s2": "0", "s": "Next", "t": "30'", "m": "Nuremberg made another substitution"}, {"id": "3625654", "s1": "1", "s2": "0", "s": "Next", "t": "30'", "m": "Mueller's long-range shot from outside the penalty area was deflected wide"}, {"id": "3625652", "s1": "1", "s2": "0", "s": "Next", "t": "30'", "m": "Mueller picked up a pass from the top of the arc of the penalty area and did not pass"}, {"id": "3625650", "s1": "1", "s2": "0", "s": "Next", "t": "30'", "m": "Robben was destroyed with the ball on his back in front"}, {"id": "3625648", "s1": "1", "s2": "0", "s": "Next", "t": "29'", "m": "Alaba went through three men on the left and fired a low shot into the far corner of the penalty area that was deflected wide"}, {"id": "3625646", "s1": "1", "s2": "0", "s": "Next", "t": "28'", "m": "Robben did not receive it"}, {"id": "3625644", "s1": "1", "s2": "0", "s": "Next", "t": "28'", "m": "Bayern's long pass from the backline came to Robben"}, {"id": "3625642", "s1": "1", "s2": "0", "s": "Next", "t": "27'", "m": "Foyrna down, Franz on!"}, {"id": "3625640", "s1": "1", "s2": "0", "s": "Next", "t": "27'", "m": "The Nuremberg side was also replaced"}, {"id": "3625638", "s1": "1", "s2": "0", "s": "Next", "t": "26'", "m": "Ribery also received a yellow card for taking off his shirt"}, {"id": "3625636", "s1": "1", "s2": "0", "s": "Next", "t": "25'", "m": "Lam got the ball down the right and Ribery headed the ball into the far corner!"}, {"id": "3625634", "s1": "1", "s2": "0", "s": "Next", "t": "25'", "m": "Ribery also took off his shirt in excitement"}, {"id": "3625632", "s1": "1", "s2": "0", "s": "Next", "t": "25'", "m": "Ribery !!!"}, {"id": "3625630", "s1": "1", "s2": "0", "s": "Next", "t": "24'", "m": "Bayern scored!!"}, {"id": "3625628", "s1": "0", "s2": "0", "s": "Next", "t": "23'", "m": "Bayern substitutions, Götze under, Kroos on"}, {"id": "3625626", "s1": "0", "s2": "0", "s": "Next", "t": "22'", "m": "Mueller went down the right and the landing point was not good"}, {"id": "3625624", "s1": "0", "s2": "0", "s": "Next", "t": "22'", "m": "Ram passed the ball to Müller on the right"}, {"id": "3625622", "s1": "0", "s2": "0", "s": "Next", "t": "21'", "m": "He was plotted against Dante when he was just competing for a position"}, {"id": "3625620", "s1": "0", "s2": "0", "s": "Next", "t": "21'", "m": "Foyrna fell to the ground injured"}, {"id": "3625618", "s1": "0", "s2": "0", "s": "Next", "t": "20'", "m": "When Mueller plugged in, the shovel shot slowed down a little"}, {"id": "3625616", "s1": "0", "s2": "0", "s": "Next", "t": "20'", "m": "Robben sent a straight forward thrust into the penalty area"}, {"id": "3625614", "s1": "0", "s2": "0", "s": "Next", "t": "20'", "m": "The ball hit the side-netting."}, {"id": "3625612", "s1": "0", "s2": "0", "s": "Next", "t": "20'", "m": "Mueller hit the near corner unguarded"}, {"id": "3625610", "s1": "0", "s2": "0", "s": "Next", "t": "19'", "m": "Ribery took the ball from the left and gave it to Müller inside the penalty area"}, {"id": "3625608", "s1": "0", "s2": "0", "s": "Next", "t": "19'", "m": "The inverted triangle was released by the other side"}, {"id": "3625606", "s1": "0", "s2": "0", "s": "Next", "t": "19'", "m": "Robben took the ball from the right to the bottom line"}, {"id": "3625604", "s1": "0", "s2": "0", "s": "Next", "t": "19'", "m": "But the referee raised the flag first, offside"}, {"id": "3625602", "s1": "0", "s2": "0", "s": "Next", "t": "19'", "m": "Free kick sent to the back point"}, {"id": "3625600", "s1": "0", "s2": "0", "s": "Next", "t": "18'", "m": "Boateng grabbed the header when he pulled someone to foul"}, {"id": "3625594", "s1": "0", "s2": "0", "s": "Next", "t": "17'", "m": "Bayern substitutions, Thiago down, Muller on!"}, {"id": "3625592", "s1": "0", "s2": "0", "s": "Next", "t": "17'", "m": "Ram's close-range shot was blocked by the goalkeeper"}, {"id": "3625590", "s1": "0", "s2": "0", "s": "Next", "t": "16'", "m": "But fortunately the ball came out"}, {"id": "3625588", "s1": "0", "s2": "0", "s": "Next", "t": "16'", "m": "Bayern received the ball inside the penalty area"}, {"id": "3625582", "s1": "0", "s2": "0", "s": "Next", "t": "16'", "m": "A pass from the side was sent to the back post and Mandzukizi's header was deflected off the crossbar by Scheferto"}, {"id": "3625578", "s1": "0", "s2": "0", "s": "Next", "t": "15'", "m": "Ram came up on the right side of the assist"}, {"id": "3625576", "s1": "0", "s2": "0", "s": "Next", "t": "14'", "m": "Thiago, pushing and firing too straight"}, {"id": "3625574", "s1": "0", "s2": "0", "s": "Next", "t": "13'", "m": "Knock on the plug to Thiago"}, {"id": "3625572", "s1": "0", "s2": "0", "s": "Next", "t": "13'", "m": "Ribery clicked through the barrier to the top of the arc of the penalty area"}, {"id": "3625566", "s1": "0", "s2": "0", "s": "Next", "t": "12'", "m": "Götze went down the right and the ball was flicked by the defender's header"}, {"id": "3625564", "s1": "0", "s2": "0", "s": "Next", "t": "12'", "m": "Unguarded, Mandzukizi toped a bouncing ball that was received by the goalkeeper"}, {"id": "3625560", "s1": "0", "s2": "0", "s": "Next", "t": "12'", "m": "Alaba's pass from the left was sent to the back post"}, {"id": "3625556", "s1": "0", "s2": "0", "s": "Next", "t": "11'", "m": "Ribery's left side was straight to his teammates on the edges"}, {"id": "3625554", "s1": "0", "s2": "0", "s": "Next", "t": "11'", "m": "Kinczek didn't have a chance to shoot"}, {"id": "3625548", "s1": "0", "s2": "0", "s": "Next", "t": "11'", "m": "Nuremberg's low ball from the right was sent to the top of the penalty area"}, {"id": "3625542", "s1": "0", "s2": "0", "s": "Next", "t": "10'", "m": "Arabba on the edge of the penalty area tried to shoot long-range and hit high"}, {"id": "3625536", "s1": "0", "s2": "0", "s": "Next", "t": "9'", "m": "Bayern corner kicks out, no threat"}, {"id": "3625534", "s1": "0", "s2": "0", "s": "Next", "t": "9'", "m": "Robben plugged in and knocked sideways out of the bottom line"}, {"id": "3625532", "s1": "0", "s2": "0", "s": "Next", "t": "9'", "m": "Ram sent a straight block into the penalty area on the right"}, {"id": "3625530", "s1": "0", "s2": "0", "s": "Next", "t": "9'", "m": "Götze stepped in and nearly formed a chance to break the goal"}, {"id": "3625528", "s1": "0", "s2": "0", "s": "Next", "t": "8'", "m": "Bayern midfielder long pass behind"}, {"id": "3625526", "s1": "0", "s2": "0", "s": "Next", "t": "8'", "m": "Robben took the ball on the right and knocked it back into midfield"}, {"id": "3625524", "s1": "0", "s2": "0", "s": "Next", "t": "8'", "m": "Bayern did a wall-bumping fit in front of the field, and there was no past"}, {"id": "3625522", "s1": "0", "s2": "0", "s": "Next", "t": "7'", "m": "Robben broke through on the right and had movements in his hands"}, {"id": "3625520", "s1": "0", "s2": "0", "s": "Next", "t": "7'", "m": "The ball had not yet passed through midfield and was cut back by Bayern"}, {"id": "3625518", "s1": "0", "s2": "0", "s": "Next", "t": "6'", "m": "A tactical corner kick was sent out and Nuremberg snatched the ball down"}, {"id": "3625516", "s1": "0", "s2": "0", "s": "Next", "t": "6'", "m": "Win a corner kick opportunity"}, {"id": "3625514", "s1": "0", "s2": "0", "s": "Next", "t": "6'", "m": "Ribery took the ball from the left and went into the box"}, {"id": "3625512", "s1": "0", "s2": "0", "s": "Next", "t": "6'", "m": "A nice break from Dante's backcourt saved the ball"}, {"id": "3625510", "s1": "0", "s2": "0", "s": "Next", "t": "5'", "m": "Wanted a penalty, the referee did not award"}, {"id": "3625508", "s1": "0", "s2": "0", "s": "Next", "t": "5'", "m": "Ram took the ball inside the penalty area and fell"}, {"id": "3625506", "s1": "0", "s2": "0", "s": "Next", "t": "5'", "m": "The ball is big"}, {"id": "3625504", "s1": "0", "s2": "0", "s": "Next", "t": "4'", "m": "Ribery's left-hand under-the-line pass to the back post"}, {"id": "3625502", "s1": "0", "s2": "0", "s": "Next", "t": "4'", "m": "Bayern's dribble was cut off"}, {"id": "3625500", "s1": "0", "s2": "0", "s": "Next", "t": "3'", "m": "A pass from the wing was tipped over by Boateng"}, {"id": "3625498", "s1": "0", "s2": "0", "s": "Next", "t": "3'", "m": "A free kick made a tactic"}, {"id": "3625496", "s1": "0", "s2": "0", "s": "Next", "t": "3'", "m": "Ram got a yellow card!"}, {"id": "3625494", "s1": "0", "s2": "0", "s": "Next", "t": "2'", "m": "Ram bottom line defense Plattenhardt fouled"}, {"id": "3625492", "s1": "0", "s2": "0", "s": "Next", "t": "2'", "m": "Kinczek scored the ball on the left and Neche didn't pass"}, {"id": "3625490", "s1": "0", "s2": "0", "s": "Next", "t": "1'", "m": "At the beginning of the second half, Robben fell into the opponent's offside trap"}, {"id": "3625488", "s1": "0", "s2": "0", "s": "Next", "t": "1'", "m": "The second half was kicked off by Bayern"}, {"id": "3625486", "s1": "0", "s2": "0", "s": "Next", "t": "1'", "m": "The second half of the game begins!"}, {"id": "3625484", "s1": "0", "s2": "0", "s": "Midfielder", "t": "", "m": "The second half of the match between the two sides began immediately"}, {"id": "3625482", "s1": "0", "s2": "0", "s": "Midfielder", "t": "", "m": "Let's go back to the game"}, {"id": "3625480", "s1": "", "s2": "", "s": "", "t": "", "m": "", "lnk": {"title": "【德甲第3轮 拜仁慕尼黑 VS 纽伦堡】在联赛头2轮的较量中，拜仁虽然接连击败门兴和法兰克福，但球队的比赛场面难以令人感到满意。而拉姆也强调，瓜迪奥拉并没有试图改造球队，瓜帅只是在对拜仁的细节进行修补，这事您也是这么认为的吗？", "href": "http://weibo.com/1653472751/A6gfvB5dG", "type": "news", "extra": []}}, {"id": "3625478", "s1": "0", "s2": "0", "s": "Midfielder", "t": "", "m": "Let's take a break and bring you the second half of the game for you"}, {"id": "3625476", "s1": "0", "s2": "0", "s": "Midfielder", "t": "", "m": "At the end of the first half, Bayern continued to exert pressure, but still failed to rewrite the score"}, {"id": "3625474", "s1": "0", "s2": "0", "s": "Midfielder", "t": "", "m": "The penalty was saved with Alaba"}, {"id": "3625472", "s1": "0", "s2": "0", "s": "Midfielder", "t": "", "m": "First Kinchek shot at the crossbar from a distance"}, {"id": "3625470", "s1": "0", "s2": "0", "s": "Midfielder", "t": "", "m": "But in the first half, both teams missed a great chance to break the goal"}, {"id": "3625468", "s1": "0", "s2": "0", "s": "Midfielder", "t": "", "m": "In the second half of the first half, both teams attacked"}, {"id": "3625466", "s1": "0", "s2": "0", "s": "Midfielder", "t": "", "m": "After 45 minutes of the first half, the two teams were 0-0"}, {"id": "3625464", "s1": "0", "s2": "0", "s": "Midfielder", "t": "", "m": "The first half is over!"}, {"id": "3625462", "s1": "0", "s2": "0", "s": "on", "t": "48'", "m": "The ball is slightly above the crossbar"}, {"id": "3625460", "s1": "0", "s2": "0", "s": "on", "t": "48'", "m": "Robben won the ball on the right and directly opted for a long-range shot"}, {"id": "3625458", "s1": "0", "s2": "0", "s": "on", "t": "48'", "m": "Dabanle has also just been replaced"}, {"id": "3625456", "s1": "0", "s2": "0", "s": "on", "t": "47'", "m": "Dabanle was also limping"}, {"id": "3625454", "s1": "0", "s2": "0", "s": "on", "t": "47'", "m": "Dabanle was carried down by the two men"}, {"id": "3625452", "s1": "0", "s2": "0", "s": "on", "t": "47'", "m": "Dabanle fell to the ground in pain"}, {"id": "3625450", "s1": "0", "s2": "0", "s": "on", "t": "47'", "m": "But Mandzukizi also stepped on Dabanle's knee when he made up for the point"}, {"id": "3625448", "s1": "0", "s2": "0", "s": "on", "t": "46'", "m": "Mandzukizi was offside in stoppage time"}, {"id": "3625446", "s1": "0", "s2": "0", "s": "on", "t": "46'", "m": "Schaefer pounced on the ball and got out of hand"}, {"id": "3625444", "s1": "0", "s2": "0", "s": "on", "t": "46'", "m": "Boateng shoots from outside the box"}, {"id": "3625442", "s1": "0", "s2": "0", "s": "on", "t": "45'", "m": "The referee did not give a penalty this time"}, {"id": "3625440", "s1": "0", "s2": "0", "s": "on", "t": "45'", "m": "Ribery's pass from the left, inside the box, the ball hit Chandler's hand!!"}, {"id": "3625438", "s1": "0", "s2": "0", "s": "on", "t": "44'", "m": "Kinczek quickly followed, but Neuer came out early to head the ball off the line"}, {"id": "3625436", "s1": "0", "s2": "0", "s": "on", "t": "44'", "m": "A long pass from the Nuremberg backcourt hit the front"}, {"id": "3625434", "s1": "0", "s2": "0", "s": "on", "t": "43'", "m": "Kinczek scored inside the penalty area to win a corner kick for Nuremberg"}, {"id": "3625432", "s1": "0", "s2": "0", "s": "on", "t": "42'", "m": "Unfortunately, Schaefer predicted better and struck early to get the ball"}, {"id": "3625430", "s1": "0", "s2": "0", "s": "on", "t": "42'", "m": "Alaba's anti-offside success was also to kill into the penalty area"}, {"id": "3625428", "s1": "0", "s2": "0", "s": "on", "t": "42'", "m": "Thiago sent a straight forward into the penalty area"}, {"id": "3625426", "s1": "0", "s2": "0", "s": "on", "t": "41'", "m": "The ball didn't eat the upper part"}, {"id": "3625424", "s1": "0", "s2": "0", "s": "on", "t": "41'", "m": "Bayern were not far from the break, and Kinczek scored directly into the goal from inside the penalty area"}, {"id": "3625422", "s1": "0", "s2": "0", "s": "on", "t": "41'", "m": "Nuremberg forward yardstick sent straight"}, {"id": "3625420", "s1": "0", "s2": "0", "s": "on", "t": "41'", "m": "Pinola went down the left and Bayern's header was cleared"}, {"id": "3625418", "s1": "0", "s2": "0", "s": "on", "t": "40'", "m": "The front point was destroyed by Bayern players out of the sideline"}, {"id": "3625416", "s1": "0", "s2": "0", "s": "on", "t": "40'", "m": "The Nuremberg free-kick hit a low flat ball"}, {"id": "3625414", "s1": "0", "s2": "0", "s": "on", "t": "39'", "m": "Kinczek broke through on the left and was brought down"}, {"id": "3625412", "s1": "0", "s2": "0", "s": "on", "t": "39'", "m": "Thiago didn't make adjustments and got the ball straight to the goalkeeper to hit the ball high"}, {"id": "3625410", "s1": "0", "s2": "0", "s": "on", "t": "39'", "m": "Robben took the ball from the right and gave it to Thiago"}, {"id": "3625408", "s1": "0", "s2": "0", "s": "on", "t": "37'", "m": "Free kicks are sent into the penalty area and are not much of a threat"}, {"id": "3625406", "s1": "0", "s2": "0", "s": "on", "t": "37'", "m": "Nuremberg won a free kick on the right side of the field"}, {"id": "3625404", "s1": "0", "s2": "0", "s": "on", "t": "36'", "m": "Alaba defended fouls when counter-grabbing"}, {"id": "3625402", "s1": "0", "s2": "0", "s": "on", "t": "36'", "m": "Alaba waited for the ball and it was cut off"}, {"id": "3625400", "s1": "0", "s2": "0", "s": "on", "t": "36'", "m": "Ribery took the ball from the left to Alaba"}, {"id": "3625398", "s1": "0", "s2": "0", "s": "on", "t": "35'", "m": "Nuremberg substitutions, Neil Pine, Dabanle on!"}, {"id": "3625396", "s1": "0", "s2": "0", "s": "on", "t": "34'", "m": "Bayern conceded a penalty for the second time of the season"}, {"id": "3625394", "s1": "0", "s2": "0", "s": "on", "t": "33'", "m": "Alaba hit the right on a penalty and Schaefer saved the ball!!"}, {"id": "3625392", "s1": "0", "s2": "0", "s": "on", "t": "33'", "m": "Arabbalas punished"}, {"id": "3625390", "s1": "0", "s2": "0", "s": "on", "t": "33'", "m": "The penalty for this penalty is still somewhat controversial"}, {"id": "3625388", "s1": "0", "s2": "0", "s": "on", "t": "33'", "m": "Penalty kick!!"}, {"id": "3625386", "s1": "0", "s2": "0", "s": "on", "t": "33'", "m": "But Robben used his speed to overtake, and Nelson was also in a hurry to pull Robben down"}, {"id": "3625384", "s1": "0", "s2": "0", "s": "on", "t": "32'", "m": "Robben had been stuck"}, {"id": "3625382", "s1": "0", "s2": "0", "s": "on", "t": "32'", "m": "Bayern sent a straight forward into the penalty area"}, {"id": "3625380", "s1": "0", "s2": "0", "s": "on", "t": "31'", "m": "In the first 30 minutes, the most threatening shot on the pitch was a long-range shot over the crossbar near the top of the arc of the Kinczek penalty area"}, {"id": "3625378", "s1": "0", "s2": "0", "s": "on", "t": "31'", "m": "The first half came to 30 minutes and the score was still 0-0"}, {"id": "3625376", "s1": "0", "s2": "0", "s": "on", "t": "30'", "m": "Teammates didn't run"}, {"id": "3625374", "s1": "0", "s2": "0", "s": "on", "t": "30'", "m": "Bayern picked up the teleport inside the penalty area"}, {"id": "3625372", "s1": "0", "s2": "0", "s": "on", "t": "30'", "m": "Foyrna's starting ball from the flank was picked up by Neuer"}, {"id": "3625370", "s1": "0", "s2": "0", "s": "on", "t": "30'", "m": "Domić dribbled the ball forward and turned backwards to the right"}, {"id": "3625368", "s1": "0", "s2": "0", "s": "on", "t": "29'", "m": "Nuremberg broke the ball at the back"}, {"id": "3625366", "s1": "0", "s2": "0", "s": "on", "t": "29'", "m": "Boateng midfielder took the ball to steady the rhythm"}, {"id": "3625364", "s1": "0", "s2": "0", "s": "on", "t": "29'", "m": "Götze dribbled the ball in front of him and made a mistake of his own"}, {"id": "3625362", "s1": "0", "s2": "0", "s": "on", "t": "28'", "m": "The ball was too high and Schaefer got it"}, {"id": "3625360", "s1": "0", "s2": "0", "s": "on", "t": "28'", "m": "Bayern started from the right and sent the ball to the back post, and Mandzukizi headed the ball into the net"}, {"id": "3625358", "s1": "0", "s2": "0", "s": "on", "t": "28'", "m": "A yellow card for Kinczek!"}, {"id": "3625356", "s1": "0", "s2": "0", "s": "on", "t": "28'", "m": "Götze's dribble was brought down from the back of the side by Günchek"}, {"id": "3625354", "s1": "0", "s2": "0", "s": "on", "t": "27'", "m": "Dominic sent straight in midfield and Bayern's defence was in place"}, {"id": "3625352", "s1": "0", "s2": "0", "s": "on", "t": "27'", "m": "Ribery corner kicked into the middle and Schaefer punched the ball out with both fists"}, {"id": "3625350", "s1": "0", "s2": "0", "s": "on", "t": "26'", "m": "Ribery scored the ball in the middle of the penalty area and his low shot was blocked off the line"}, {"id": "3625348", "s1": "0", "s2": "0", "s": "on", "t": "26'", "m": "The referee also did not give a penalty"}, {"id": "3625346", "s1": "0", "s2": "0", "s": "on", "t": "26'", "m": "This ball Chandler moved badly"}, {"id": "3625344", "s1": "0", "s2": "0", "s": "on", "t": "26'", "m": "Robben at the latter point was also unaware"}, {"id": "3625342", "s1": "0", "s2": "0", "s": "on", "t": "25'", "m": "Mandzuki was plotted by Chandler when he took off"}, {"id": "3625340", "s1": "0", "s2": "0", "s": "on", "t": "25'", "m": "Alaba left down to the bottom to the front of the door"}, {"id": "3625338", "s1": "0", "s2": "0", "s": "on", "t": "24'", "m": "Inside the penalty area, neither player touched it"}, {"id": "3625336", "s1": "0", "s2": "0", "s": "on", "t": "24'", "m": "The ball bounced straight off the far post"}, {"id": "3625334", "s1": "0", "s2": "0", "s": "on", "t": "24'", "m": "Robben's free-kick was sent into the box"}, {"id": "3625332", "s1": "0", "s2": "0", "s": "on", "t": "23'", "m": "Götze broke through on the right and was brought down by Stark"}, {"id": "3625330", "s1": "0", "s2": "0", "s": "on", "t": "23'", "m": "Ram took the ball from the wing and knocked the ball back"}, {"id": "3625328", "s1": "0", "s2": "0", "s": "on", "t": "23'", "m": "Robben stopped the ball a bit too much and Schaefer struck to get the ball"}, {"id": "3625326", "s1": "0", "s2": "0", "s": "on", "t": "22'", "m": "Bayern launched an attack on the right and sent a low flat ball into the penalty area"}, {"id": "3625324", "s1": "0", "s2": "0", "s": "on", "t": "22'", "m": "At the edge of the penalty area, Alaba sent a straight line without passing"}, {"id": "3625322", "s1": "0", "s2": "0", "s": "on", "t": "21'", "m": "Ram assisted up front"}, {"id": "3625320", "s1": "0", "s2": "0", "s": "on", "t": "21'", "m": "Robben dribbled the ball on the right, somewhat large"}, {"id": "3625318", "s1": "0", "s2": "0", "s": "on", "t": "21'", "m": "Mandzukizi was pressed down as he scrambled for a header"}, {"id": "3625316", "s1": "0", "s2": "0", "s": "on", "t": "20'", "m": "The ball was hit in the side-netting"}, {"id": "3625314", "s1": "0", "s2": "0", "s": "on", "t": "20'", "m": "Ribery scored the ball on the left and hit the near corner after reaching the penalty area"}, {"id": "3625312", "s1": "0", "s2": "0", "s": "on", "t": "20'", "m": "Mandzukic stopped the ball in his thigh and was released by the opponent"}, {"id": "3625310", "s1": "0", "s2": "0", "s": "on", "t": "20'", "m": "Bayern's pass from the right was sent to the back post"}, {"id": "3625308", "s1": "0", "s2": "0", "s": "on", "t": "20'", "m": "Nuremberg's defense also left Bayern unable to find a chance"}, {"id": "3625306", "s1": "0", "s2": "0", "s": "on", "t": "19'", "m": "Bayern took the ball in midfield"}, {"id": "3625298", "s1": "0", "s2": "0", "s": "on", "t": "17'", "m": "Ribery received the ball in front of him and made a mistake"}, {"id": "3625292", "s1": "0", "s2": "0", "s": "on", "t": "17'", "m": "The ball was played so hard that Neuer made a slight mistake in his judgment, the ball rubbed Neuer and hit the crossbar, bouncing off the goal without bouncing into the goal"}, {"id": "3625290", "s1": "0", "s2": "0", "s": "on", "t": "16'", "m": "Kinczek's long-range shot from the top of the penalty area hit the crossbar!!"}, {"id": "3625288", "s1": "0", "s2": "0", "s": "on", "t": "15'", "m": "The adjusted low shot was blocked by the defender"}, {"id": "3625286", "s1": "0", "s2": "0", "s": "on", "t": "15'", "m": "Ribery scored from the top of the arc of the penalty area"}, {"id": "3625278", "s1": "0", "s2": "0", "s": "on", "t": "14'", "m": "Domić carried the ball into midfield and was destroyed off the sideline"}, {"id": "3625274", "s1": "0", "s2": "0", "s": "on", "t": "14'", "m": "Nuremberg was fully recycled to break the ball"}, {"id": "3625272", "s1": "0", "s2": "0", "s": "on", "t": "14'", "m": "The ball was still given to Ribery's side"}, {"id": "3625268", "s1": "0", "s2": "0", "s": "on", "t": "14'", "m": "Ribery's passing on the flank didn't land well"}, {"id": "3625264", "s1": "0", "s2": "0", "s": "on", "t": "13'", "m": "Bayern tactical corner kicks were fired"}, {"id": "3625262", "s1": "0", "s2": "0", "s": "on", "t": "13'", "m": "Nilsson slid the ball off the line"}, {"id": "3625258", "s1": "0", "s2": "0", "s": "on", "t": "13'", "m": "Ribery took the ball from the left and slammed it into the box"}, {"id": "3625250", "s1": "0", "s2": "0", "s": "on", "t": "13'", "m": "A teammate's header was picked up by Neuer"}, {"id": "3625248", "s1": "0", "s2": "0", "s": "on", "t": "13'", "m": "The ball from outside the right side of the Nuremberg penalty area was thrown straight into the box"}, {"id": "3625244", "s1": "0", "s2": "0", "s": "on", "t": "12'", "m": "The Kinczek midfielder was brought down by Schweinsteiger"}, {"id": "3625242", "s1": "0", "s2": "0", "s": "on", "t": "12'", "m": "The Nuremberg midfielder broke the ball"}, {"id": "3625230", "s1": "0", "s2": "0", "s": "on", "t": "10'", "m": "Robben somewhat did not arrive in ceremony"}, {"id": "3625226", "s1": "0", "s2": "0", "s": "on", "t": "10'", "m": "Penalty area arc top Götze pass robben"}, {"id": "3625224", "s1": "0", "s2": "0", "s": "on", "t": "10'", "m": "Thiago took the ball on the left and shifted laterally"}, {"id": "3625218", "s1": "0", "s2": "0", "s": "on", "t": "9'", "m": "Ribery picked up the ball on the left and didn't have a chance to knock it back"}, {"id": "3625210", "s1": "0", "s2": "0", "s": "on", "t": "9'", "m": "Götze was violated with the ball on his back"}, {"id": "3625204", "s1": "0", "s2": "0", "s": "on", "t": "9'", "m": "Bayern snatched the ball back in front of him"}, {"id": "3625196", "s1": "0", "s2": "0", "s": "on", "t": "8'", "m": "Robben broke through on the right and didn't pass"}, {"id": "3625194", "s1": "0", "s2": "0", "s": "on", "t": "8'", "m": "Chandler pushes a foul when scrambling up front"}, {"id": "3625184", "s1": "0", "s2": "0", "s": "on", "t": "8'", "m": "The Bayern players behind them were also shaken, and they did not grab this"}, {"id": "3625180", "s1": "0", "s2": "0", "s": "on", "t": "7'", "m": "As a result, the Nuremberg players did not kick the clearance"}, {"id": "3625178", "s1": "0", "s2": "0", "s": "on", "t": "7'", "m": "Ribery's diagonal pass from the left was sent into the box"}, {"id": "3625168", "s1": "0", "s2": "0", "s": "on", "t": "7'", "m": "Ram inserted the edge without forming a cross opportunity"}, {"id": "3625162", "s1": "0", "s2": "0", "s": "on", "t": "6'", "m": "Robben shoved straight into the penalty area"}, {"id": "3625160", "s1": "0", "s2": "0", "s": "on", "t": "6'", "m": "Götze took the ball and split it on the right"}, {"id": "3625158", "s1": "0", "s2": "0", "s": "on", "t": "6'", "m": "Ribery broke down the left and cut inside to the top of the penalty area"}, {"id": "3625148", "s1": "0", "s2": "0", "s": "on", "t": "6'", "m": "The referee also did not whistle"}, {"id": "3625144", "s1": "0", "s2": "0", "s": "on", "t": "5'", "m": "Götze was brought down with the ball in front of the field"}, {"id": "3625134", "s1": "0", "s2": "0", "s": "on", "t": "5'", "m": "Robben took the ball on the right and didn't have a good chance"}, {"id": "3625126", "s1": "0", "s2": "0", "s": "on", "t": "4'", "m": "Riberina cut and knocked the ball across"}, {"id": "3625124", "s1": "0", "s2": "0", "s": "on", "t": "4'", "m": "Bayern shifted the ball to the left"}, {"id": "3625120", "s1": "0", "s2": "0", "s": "on", "t": "4'", "m": "Ram took the ball back into midfield"}, {"id": "3625110", "s1": "0", "s2": "0", "s": "on", "t": "4'", "m": "Nuremberg took advantage of the numerical superiority to cut the ball off"}, {"id": "3625108", "s1": "0", "s2": "0", "s": "on", "t": "3'", "m": "Ribery midfielder took the ball and knocked it over"}, {"id": "3625102", "s1": "0", "s2": "0", "s": "on", "t": "3'", "m": "Manjukizika accidentally took it with him when he was in position"}, {"id": "3625094", "s1": "0", "s2": "0", "s": "on", "t": "3'", "m": "Chandler fought to the end"}, {"id": "3625084", "s1": "0", "s2": "0", "s": "on", "t": "2'", "m": "Inside the penalty area, Robben did not stop the ball for the first time"}, {"id": "3625082", "s1": "0", "s2": "0", "s": "on", "t": "2'", "m": "Boateng took the ball on the right and pushed forward"}, {"id": "3625074", "s1": "0", "s2": "0", "s": "on", "t": "1'", "m": "The Thiago midfielder took the ball and knocked it across"}, {"id": "3625058", "s1": "0", "s2": "0", "s": "on", "t": "1'", "m": "Bayern attacked from right to left in the first half"}, {"id": "3625056", "s1": "0", "s2": "0", "s": "on", "t": "1'", "m": "The first to kick off was Nuremberg"}, {"id": "3625054", "s1": "0", "s2": "0", "s": "on", "t": "1'", "m": "The first half of the game begins!"}, {"id": "3625046", "s1": "0", "s2": "0", "s": "Not matched", "t": "", "m": "Nuremberg wears a white match shirt"}, {"id": "3625038", "s1": "0", "s2": "0", "s": "Not matched", "t": "", "m": "Bayern wore a red match shirt today"}, {"id": "3625022", "s1": "0", "s2": "0", "s": "Not matched", "t": "", "m": "Players from both sides have entered"}, {"id": "3625016", "s1": "0", "s2": "0", "s": "Not matched", "t": "", "m": "Let's come to the game"}, {"id": "3624926", "s1": "0", "s2": "0", "s": "Not matched", "t": "", "m": "Nuremberg starters: 1 Schaefer; 2- Pogatts 3- Nielsson 25- Pinola 26- Chandler; 7- Foyner 21-Platenhardt 16-Stark 5-Balich; 18-Domić 11-Ginczek"}, {"id": "3624902", "s1": "0", "s2": "0", "s": "Not matched", "t": "", "m": "Bayern starters: 1- Neuer; 21- Ram, 17- Jerome Boateng, 4-Dante, 27-Arabba; 31- Schweinsteiger, 6-Thiago, 10-Robben, 19-Götze, 7-Ribery; 9 - Mandzukizi"}, {"id": "3624478", "s1": "0", "s2": "0", "s": "Not matched", "t": "", "m": "At present, the starting lineup of the two teams has been announced"}, {"id": "3624472", "s1": "", "s2": "", "s": "", "t": "", "m": "", "lnk": {"title": "【德甲第3轮 拜仁慕尼黑 VS 纽伦堡】在联赛头2轮的较量中，拜仁虽然接连击败门兴和法兰克福，但球队的比赛场面难以令人感到满意。而拉姆也强调，瓜迪奥拉并没有试图改造球队，瓜帅只是在对拜仁的细节进行修补，这事您也是这么认为的吗？", "href": "http://weibo.com/1653472751/A6gfvB5dG", "type": "news", "extra": []}}, {"id": "3624460", "s1": "", "s2": "", "s": "", "t": "", "m": "", "lnk": {"title": "【德甲第3轮 拜仁慕尼黑 VS 纽伦堡 收视指南】21：30 中央五套直播，新浪图文直播室http://t.cn/z8h6QJ8", "href": "http://weibo.com/1653472751/A6gcxeFB1", "type": "news", "extra": []}}, {"id": "3624446", "s1": "", "s2": "", "s": "", "t": "", "m": "", "lnk": {"title": "边看直播边竞猜，轻松赢取手机大奖，点击加入本场赛事竞猜吧！", "href": "http://cai.weibo.com/web/?c=recomment&id=20001403", "type": "news", "extra": []}}, {"id": "3621702", "s1": "0", "s2": "0", "s": "Not matched", "t": "", "m": "Ribery, who had an ankle upset after last weekend's league match against Eintracht Frankfurt, has recovered from injury and joined the team's training session on Thursday"}, {"id": "3621700", "s1": "0", "s2": "0", "s": "Not matched", "t": "", "m": "Preparing for the Bavarian derby in a relaxed atmosphere, Bayern's good news is constant"}, {"id": "3621698", "s1": "0", "s2": "0", "s": "Not matched", "t": "", "m": "Bayern's training ground this week was even more fun, first Mandzukic pretending to be hit by an arrow, and then Ribery led Mandzukic and Shaqiri to play the handstand"}, {"id": "3621696", "s1": "0", "s2": "0", "s": "Not matched", "t": "", "m": "At the same time, Ram also stressed that Guardiola is not trying to transform the team, guardiola is only tinkering with the details of Bayern."}, {"id": "3621694", "s1": "0", "s2": "0", "s": "Not matched", "t": "", "m": "Bayern captain Ram said the team had just started to adjust and it would take some time to adapt"}, {"id": "3621692", "s1": "0", "s2": "0", "s": "Not matched", "t": "", "m": "In the first round against Borussia Moncheng and the second round against Eintracht Frankfurt, Bayern gave their opponents a lot of opportunities, but they just won thrillingly"}, {"id": "3621690", "s1": "0", "s2": "0", "s": "Not matched", "t": "", "m": "In the new season, Bayern manager Guardiola has made adjustments to the team, but in the first two rounds of the league, Bayern's performance is not satisfactory."}, {"id": "3621688", "s1": "0", "s2": "0", "s": "Not matched", "t": "", "m": "Hello everyone, welcome to the Bundesliga Round 3 brought to you by Sina Sports Bayern Munich vs Nuremberg"}]