[{"id": "115", "s1": "2", "s2": "3", "s": "", "t": "", "m": "The match ended with Augsburg 2-3 Dortmund, thank you for watching The Sina Football Live."}, {"id": "114", "s1": "2", "s2": "3", "s": "", "t": "90'+4'", "m": "At the end of the second half, Augsburg 2-3 Borussia Dortmund"}, {"id": "113", "s1": "2", "s2": "3", "s": "", "t": "90'+3'", "m": "Borussia Dortmund player Durm tucked the ball straight into Adrian Ramos, but the referee raised a flag to show the latter was offside."}, {"id": "112", "s1": "2", "s2": "3", "s": "", "t": "90'+1'", "m": "Augsburg player Carlson Brack scrambled for a foul and the opponent was given possession of the ball."}, {"id": "111", "s1": "2", "s2": "3", "s": "", "t": "90'+1'", "m": "Subotic won a free kick for Borussia Dortmund."}, {"id": "110", "s1": "2", "s2": "3", "s": "", "t": "90'+1'", "m": "Weidenfeller handled the ball out of the box and Augsburg won a corner kick."}, {"id": "109", "s1": "2", "s2": "3", "s": "", "t": "90'+1'", "m": "Shot!!! Augsburg player Werner's left-footed shot from the left side of the penalty area was saved by the opposing goalkeeper. The one who gave him the pass was Alten top."}, {"id": "108", "s1": "2", "s2": "3", "s": "", "t": "89'", "m": "Goal!!! Augsburg player Matafoz' header from the centre of the penalty area, the ball deflected up from the midfield and into the net, the ball was scored! The assist was assisted by Rahman Baba. Augsburg 2-3 Dortmund."}, {"id": "107", "s1": "1", "s2": "3", "s": "", "t": "89'", "m": "Dortmund player Adrian Ramos attempted a left-footed shot from outside the box, but unfortunately the ball was slightly above goal. It was Aubameyang who gave him the ball."}, {"id": "106", "s1": "1", "s2": "3", "s": "", "t": "87'", "m": "Augsburg player Carlson Brack scrambled for a foul and the opponent was given possession of the ball."}, {"id": "105", "s1": "1", "s2": "3", "s": "", "t": "87'", "m": "Adrian Ramos won a free kick for Borussia Dortmund."}, {"id": "104", "s1": "1", "s2": "3", "s": "", "t": "87'", "m": "Dortmund made a substitution, with J-Hoffmann replacing Reuss"}, {"id": "103", "s1": "1", "s2": "3", "s": "", "t": "86'", "m": "Ferhach won a free kick for Augsburg."}, {"id": "102", "s1": "1", "s2": "3", "s": "", "t": "86'", "m": "Borussia Dortmund player Adrian Ramos scrambled for a foul and the opponent was given possession of the ball."}, {"id": "101", "s1": "1", "s2": "3", "s": "", "t": "85'", "m": "Augsburg player Kerr tried his left-footed shot from outside the penalty area, but unfortunately the ball was high above goal."}, {"id": "100", "s1": "1", "s2": "3", "s": "", "t": "85'", "m": "Papastathopoulos handled the ball out of the bottom line and Augsburg won a corner."}, {"id": "99", "s1": "1", "s2": "3", "s": "", "t": "84'", "m": "Augsburg player Werner tried his left-footed shot from outside the penalty area, but unfortunately the ball deflected off the post. It was Bayer who gave him the ball."}, {"id": "98", "s1": "1", "s2": "3", "s": "", "t": "84'", "m": "Altentop won a free kick for Augsburg in the opposing half."}, {"id": "97", "s1": "1", "s2": "3", "s": "", "t": "84'", "m": "Dortmund player Kyle scrambled for a foul and the opponent was given possession."}, {"id": "96", "s1": "1", "s2": "3", "s": "", "t": "82'", "m": "Goal!!! Augsburg player Bovadilla shot with a right foot in the middle of the penalty area, the ball flew from the middle of the road and the ball went in! The assist was assisted by Rahman Baba. Augsburg 1-3 Dortmund."}, {"id": "95", "s1": "0", "s2": "3", "s": "", "t": "82'", "m": "Piszczek handled the ball out of the bottom line and Augsburg won the corner."}, {"id": "94", "s1": "0", "s2": "3", "s": "", "t": "82'", "m": "Augsburg made a substitution, and Kohl replaced Kizutić"}, {"id": "93", "s1": "0", "s2": "3", "s": "", "t": "81'", "m": "Dortmund player Reuss attempted a right-footed shot just outside the penalty area, but unfortunately the ball was slightly offside the right goal. It was Aubameyang who gave him the ball."}, {"id": "92", "s1": "0", "s2": "3", "s": "", "t": "78'", "m": "Goal!!! Dortmund player Adrian Ramos fired a left-footed shot from the centre of the penalty area, the ball flew from the middle of the box and the ball went in! Augsburg 0-3 Dortmund."}, {"id": "91", "s1": "0", "s2": "2", "s": "", "t": "78'", "m": "Shot!!! Dortmund player Mkhitaryan's right-footed shot from outside the penalty area was saved by the opposing goalkeeper."}, {"id": "90", "s1": "0", "s2": "2", "s": "", "t": "78'", "m": "Claván handled the ball out of the bottom line and Borussia Dortmund won the corner."}, {"id": "89", "s1": "0", "s2": "2", "s": "", "t": "78'", "m": "Borussia Dortmund player Reuss' right-footed shot from outside the penalty area was blocked by a defender."}, {"id": "88", "s1": "0", "s2": "2", "s": "", "t": "77'", "m": "Augsburg player Altentop scrambled for a foul and the opponent was given possession."}, {"id": "87", "s1": "0", "s2": "2", "s": "", "t": "77'", "m": "Reuss won a free kick for Borussia Dortmund at the opposing half."}, {"id": "86", "s1": "0", "s2": "2", "s": "", "t": "76'", "m": "Shot!!! Borussia Dortmund player Aubameyang's right-footed shot from the left side of the penalty area was saved by the opposing goalkeeper. It was Reus who gave him the pass."}, {"id": "85", "s1": "0", "s2": "2", "s": "", "t": "75'", "m": "Carlson Brack won a free kick for Augsburg."}, {"id": "84", "s1": "0", "s2": "2", "s": "", "t": "75'", "m": "Borussia Dortmund player Adrian Ramos scrambled for a foul and the opponent was given possession of the ball."}, {"id": "83", "s1": "0", "s2": "2", "s": "", "t": "74'", "m": "Augsburg player Bova dillha attempted a right-footed shot from outside the penalty area, but unfortunately the ball deflected off the goal."}, {"id": "82", "s1": "0", "s2": "2", "s": "", "t": "73'", "m": "Yellow! Borussia Dortmund player Bender was shown a yellow card by the referee for a malicious foul."}, {"id": "81", "s1": "0", "s2": "2", "s": "", "t": "73'", "m": "The suspension ended and the players resumed playing."}, {"id": "80", "s1": "0", "s2": "2", "s": "", "t": "73'", "m": "Dortmund made a substitution, with Adrian Ramos replacing Gros Kreuz"}, {"id": "79", "s1": "0", "s2": "2", "s": "", "t": "73'", "m": "Augsburg Altentoop fell to the ground injured and the game was suspended"}, {"id": "78", "s1": "0", "s2": "2", "s": "", "t": "72'", "m": "Altentop won a free kick for Augsburg in the opposing half."}, {"id": "77", "s1": "0", "s2": "2", "s": "", "t": "72'", "m": "Borussia Dortmund player Bender scrambled for a foul and the opponent gained possession of the ball."}, {"id": "76", "s1": "0", "s2": "2", "s": "", "t": "70'", "m": "Yellow! Dortmund player Subotic was shown a yellow card by the referee for a malicious foul."}, {"id": "75", "s1": "0", "s2": "2", "s": "", "t": "70'", "m": "Kizutić won a free kick for Augsburg in the opposing half."}, {"id": "74", "s1": "0", "s2": "2", "s": "", "t": "70'", "m": "Dortmund player Subotic scrambled for a foul and the opponent gained possession of the ball."}, {"id": "73", "s1": "0", "s2": "2", "s": "", "t": "69'", "m": "Augsburg was replaced and Matafoz replaced Foyrna"}, {"id": "72", "s1": "0", "s2": "2", "s": "", "t": "64'", "m": "Borussia Dortmund replaced him, with Bendel replacing Jokic"}, {"id": "71", "s1": "0", "s2": "2", "s": "", "t": "63'", "m": "Augsburg player Bayer threw the ball straight into Werner, but the referee raised a flag to show that the latter was offside."}, {"id": "70", "s1": "0", "s2": "2", "s": "", "t": "63'", "m": "Augsburg player Carlson Brack's right-footed shot from outside the penalty area was blocked by a defender. It was Bayer who gave him the ball."}, {"id": "69", "s1": "0", "s2": "2", "s": "", "t": "63'", "m": "Augsburg player Bova dillha's right-footed shot from outside the penalty area was blocked by a defender."}, {"id": "68", "s1": "0", "s2": "2", "s": "", "t": "62'", "m": "Altentop won a free kick for Augsburg in the opposing half."}, {"id": "67", "s1": "0", "s2": "2", "s": "", "t": "62'", "m": "Borussia Dortmund player Piszczek scrambled for a foul and the opponent was given possession of the ball."}, {"id": "66", "s1": "0", "s2": "2", "s": "", "t": "61'", "m": "Augsburg made a substitution and Bovadilla replaced Parker"}, {"id": "65", "s1": "0", "s2": "2", "s": "", "t": "60'", "m": "Claván handled the ball out of the bottom line and Borussia Dortmund won the corner."}, {"id": "64", "s1": "0", "s2": "2", "s": "", "t": "60'", "m": "Borussia Dortmund's Piszczek's left-footed shot from the right side of the penalty area was blocked by a defender."}, {"id": "63", "s1": "0", "s2": "2", "s": "", "t": "57'", "m": "Borussia Dortmund jokic tucked the ball straight into Aubameyang, but the referee raised a flag to show the latter was offside."}, {"id": "62", "s1": "0", "s2": "2", "s": "", "t": "57'", "m": "Borussia Dortmund player Reuss' right-footed shot from outside the penalty area was blocked by a defender."}, {"id": "61", "s1": "0", "s2": "2", "s": "", "t": "55'", "m": "Augsburg player Verner kicked the ball straight into Carlson Brack, but the referee raised a flag to show that the latter was offside."}, {"id": "60", "s1": "0", "s2": "2", "s": "", "t": "54'", "m": "Yellow! Dortmund player Jokic was shown a yellow card by the referee for a malicious foul."}, {"id": "59", "s1": "0", "s2": "2", "s": "", "t": "54'", "m": "Bayer won a free kick for Augsburg at the opposing half."}, {"id": "58", "s1": "0", "s2": "2", "s": "", "t": "54'", "m": "Borussia Dortmund player Jokic scrambled for a foul and the opponent gained possession of the ball."}, {"id": "57", "s1": "0", "s2": "2", "s": "", "t": "53'", "m": "Borussia Dortmund player Aubameyang tried his right-footed shot from the centre of the penalty area, but unfortunately the ball was slightly above the goal. The pass to him was Gros Kreuz."}, {"id": "56", "s1": "0", "s2": "2", "s": "", "t": "53'", "m": "Shot!!! Borussia Dortmund's Groskroyts left-footed shot from outside the penalty area was saved by the opposing goalkeeper."}, {"id": "55", "s1": "0", "s2": "2", "s": "", "t": "51'", "m": "Augsburg player AltenTop attempted a right-footed shot from outside the penalty area, but unfortunately the ball was high above the top right corner. The one who passed the ball to him was Rahman Baba."}, {"id": "54", "s1": "0", "s2": "2", "s": "", "t": "50'", "m": "Foyrna won a free kick for Augsburg on the right."}, {"id": "53", "s1": "0", "s2": "2", "s": "", "t": "50'", "m": "Dortmund player Kyle scrambled for a foul and the opponent was given possession."}, {"id": "52", "s1": "0", "s2": "2", "s": "", "t": "50'", "m": "Augsburg player Voyerna attempted a right-footed shot from outside the penalty area, but unfortunately the ball was high above goal. It was Parker who gave him the ball."}, {"id": "51", "s1": "0", "s2": "2", "s": "", "t": "48'", "m": "Borussia Dortmund attempted a right-footed shot from outside the penalty area, but the ball deflected slightly off the right goal."}, {"id": "50", "s1": "0", "s2": "2", "s": "", "t": "48'", "m": "Verner won a free kick for Augsburg on the left."}, {"id": "49", "s1": "0", "s2": "2", "s": "", "t": "48'", "m": "Borussia Dortmund player Piszczek scrambled for a foul and the opponent was given possession of the ball."}, {"id": "48", "s1": "0", "s2": "2", "s": "", "t": "", "m": "The second half began, Augsburg 0-2 Borussia Dortmund"}, {"id": "47", "s1": "0", "s2": "2", "s": "", "t": "45'+2'", "m": "At the end of the first half, Augsburg 0-2 Borussia Dortmund, with a short break, we will take a look at the performance of the two teams in the second half."}, {"id": "46", "s1": "0", "s2": "2", "s": "", "t": "45'+2'", "m": "Borussia Dortmund's Mkhitaryan attempted a right-footed shot from outside the penalty area, but the ball was deflected slightly off the left goal. The pass to him was Gros Kreuz."}, {"id": "45", "s1": "0", "s2": "2", "s": "", "t": "43'", "m": "Augsburg player Ferhach was shown a yellow card by the referee."}, {"id": "44", "s1": "0", "s2": "2", "s": "", "t": "43'", "m": "Yellow! Augsburg player Werner was shown a yellow card by the referee for a malicious foul."}, {"id": "43", "s1": "0", "s2": "2", "s": "", "t": "42'", "m": "Augsburg player Werner scrambled for a foul and the opponent was given possession of the ball."}, {"id": "42", "s1": "0", "s2": "2", "s": "", "t": "42'", "m": "Durm won a free kick for Borussia Dortmund on the left."}, {"id": "41", "s1": "0", "s2": "2", "s": "", "t": "42'", "m": "Altentop won a free kick for Augsburg on the left."}, {"id": "40", "s1": "0", "s2": "2", "s": "", "t": "42'", "m": "Dortmund player Subotic scrambled for a foul and the opponent gained possession of the ball."}, {"id": "39", "s1": "0", "s2": "2", "s": "", "t": "40'", "m": "Augsburg player Foyrna scrambled for a foul and the opponent was given possession of the ball."}, {"id": "38", "s1": "0", "s2": "2", "s": "", "t": "40'", "m": "Mkhitaryan won a free kick for Borussia Dortmund at the opposing half."}, {"id": "37", "s1": "0", "s2": "2", "s": "", "t": "40'", "m": "Shot!!! Borussia Dortmund player Aubameyang's right-footed shot from the centre of the penalty area was saved by the opposing goalkeeper. It was Reus who gave him the pass."}, {"id": "36", "s1": "0", "s2": "2", "s": "", "t": "40'", "m": "The suspension ended and the players resumed playing."}, {"id": "35", "s1": "0", "s2": "2", "s": "", "t": "39'", "m": "Dortmund Kyle fell to the ground injured and the game was suspended"}, {"id": "34", "s1": "0", "s2": "2", "s": "", "t": "38'", "m": "Augsburg player Foyrna scrambled for a foul and the opponent was given possession of the ball."}, {"id": "33", "s1": "0", "s2": "2", "s": "", "t": "38'", "m": "Kyle won a free kick for Borussia Dortmund at the opposing half."}, {"id": "32", "s1": "0", "s2": "2", "s": "", "t": "37'", "m": "Augsburg player Kizutic tried his left-footed shot from the left side of the penalty area, but the ball was slightly offside the right goal. It was Foyrna who passed the ball to him."}, {"id": "31", "s1": "0", "s2": "2", "s": "", "t": "37'", "m": "Verner won a free kick for Augsburg on the left."}, {"id": "30", "s1": "0", "s2": "2", "s": "", "t": "37'", "m": "Dortmund player Subotic scrambled for a foul and the opponent gained possession of the ball."}, {"id": "29", "s1": "0", "s2": "2", "s": "", "t": "36'", "m": "Dortmund player Gros Kreuz's right-footed shot from the left side of the penalty area was blocked by a defender. It was Mkhitaryan who gave him the ball."}, {"id": "28", "s1": "0", "s2": "2", "s": "", "t": "35'", "m": "Borussia Dortmund player Papastathopoulos attempted a header in the centre of the penalty area, but unfortunately the ball was slightly offside the right goal. It was Reus who gave him the pass."}, {"id": "27", "s1": "0", "s2": "2", "s": "", "t": "34'", "m": "Claván handled the ball out of the bottom line and Borussia Dortmund won the corner."}, {"id": "26", "s1": "0", "s2": "2", "s": "", "t": "34'", "m": "Dortmund player Papastathopoulos' header from the centre of the penalty area was blocked by a defender. The pass to him was Gros Kreuz."}, {"id": "25", "s1": "0", "s2": "2", "s": "", "t": "33'", "m": "Hirtz handled the ball out of the bottom line and Borussia Dortmund won a corner kick."}, {"id": "24", "s1": "0", "s2": "2", "s": "", "t": "33'", "m": "Shot!!! Borussia Dortmund player Pierre-Emerick Aubameyang's right-footed shot from the right side of the penalty area was saved by the opposing goalkeeper. It was Reus who gave him the pass."}, {"id": "23", "s1": "0", "s2": "2", "s": "", "t": "31'", "m": "Augsburg player Foyrna kicked the ball straight into Kizutic, but the referee raised a flag to show that the latter was offside."}, {"id": "22", "s1": "0", "s2": "2", "s": "", "t": "30'", "m": "Shot!!! Dortmund player Mkhitaryan's right-footed shot from outside the penalty area was saved by the opposing goalkeeper.给他传球的是奥巴梅扬."}, {"id": "21", "s1": "0", "s2": "2", "s": "", "t": "29'", "m": "Augsburg player Ferhach scrambled for a foul and his opponent was given possession of the ball."}, {"id": "20", "s1": "0", "s2": "2", "s": "", "t": "29'", "m": "Durm won a free kick for Borussia Dortmund."}, {"id": "19", "s1": "0", "s2": "2", "s": "", "t": "28'", "m": "Borussia Dortmund's Mkhitaryan's right-footed shot from outside the penalty area was blocked by a defender."}, {"id": "18", "s1": "0", "s2": "2", "s": "", "t": "25'", "m": "Augsburg player Alten Top threw the ball straight into Kizutic, but the referee raised a flag to show that the latter was offside."}, {"id": "17", "s1": "0", "s2": "2", "s": "", "t": "23'", "m": "Augsburg player Foyrna scrambled for a foul and the opponent was given possession of the ball."}, {"id": "16", "s1": "0", "s2": "2", "s": "", "t": "23'", "m": "Groß Kreuz won a free kick for Borussia Dortmund on the left."}, {"id": "15", "s1": "0", "s2": "2", "s": "", "t": "23'", "m": "Augsburg player Rahman Baba threw the ball straight into Werner, but the referee raised a flag to show that the latter was offside."}, {"id": "14", "s1": "0", "s2": "2", "s": "", "t": "17'", "m": "Augsburg player Ferhach kicked the ball straight into Foyrna, but the referee raised a flag to show that the latter was offside."}, {"id": "13", "s1": "0", "s2": "2", "s": "", "t": "14'", "m": "Goal!!! Dortmund player Papastathopoulos' header from the centre of the penalty area, the ball flew from the bottom left corner into the goal and the ball went in! Assisted by Reuss. Augsburg 0-2 Dortmund."}, {"id": "12", "s1": "0", "s2": "1", "s": "", "t": "14'", "m": "Claván handled the ball out of the bottom line and Borussia Dortmund won the corner."}, {"id": "11", "s1": "0", "s2": "1", "s": "", "t": "11'", "m": "Goal!!! Dortmund player Reuss fired a left-footed shot from the centre of the penalty area, the ball flew into the goal from the bottom right corner and the ball went in! The assist was Groskroyts. Augsburg 0-1 Dortmund."}, {"id": "10", "s1": "0", "s2": "0", "s": "", "t": "8'", "m": "Augsburg player Fervach threw the ball straight into Altentop, but the referee raised a flag to show that the latter was offside."}, {"id": "9", "s1": "0", "s2": "0", "s": "", "t": "7'", "m": "Claván handled the ball out of the bottom line and Borussia Dortmund won the corner."}, {"id": "8", "s1": "0", "s2": "0", "s": "", "t": "7'", "m": "Borussia Dortmund's Mkhitaryan's right-footed shot from outside the penalty area was blocked by a defender.给他传球的是罗伊斯."}, {"id": "7", "s1": "0", "s2": "0", "s": "", "t": "5'", "m": "Augsburg player Rahman Baba scrambled for a foul and the opponent was given possession of the ball."}, {"id": "6", "s1": "0", "s2": "0", "s": "", "t": "5'", "m": "Mkhitaryan won a free kick for Borussia Dortmund at the opposing half."}, {"id": "5", "s1": "0", "s2": "0", "s": "", "t": "5'", "m": "Augsburg player Voyerna attempted a right-footed shot from outside the penalty area, but unfortunately the ball was high above goal. It was Werner who gave him the pass."}, {"id": "4", "s1": "0", "s2": "0", "s": "", "t": "4'", "m": "Verner won a free kick for Augsburg in the opposing half."}, {"id": "3", "s1": "0", "s2": "0", "s": "", "t": "4'", "m": "Dortmund player Subotic scrambled for a foul and the opponent gained possession of the ball."}, {"id": "2", "s1": "0", "s2": "0", "s": "", "t": "4'", "m": "Augsburg player Bayer threw the ball straight into Werner, but the referee raised a flag to show that the latter was offside."}, {"id": "1", "s1": "0", "s2": "0", "s": "", "t": "", "m": "With a whistle from the referee, the first half of the game began."}]