[{"id": "132", "s1": "0", "s2": "2", "s": "", "t": "", "m": "The match ended with Wolfsburg 0-2 Bayern Munich and thank you for watching the Sina Football Live."}, {"id": "131", "s1": "0", "s2": "2", "s": "", "t": "90'+4'", "m": "At the end of the second half, Wolfsburg 0-2 Bayern Munich"}, {"id": "130", "s1": "0", "s2": "2", "s": "", "t": "90'+2'", "m": "Goal!!! Bayern Munich player Robben shot with his left foot in the centre of the penalty area, the ball flew into the goal from the bottom right corner, and the ball went in! Assisted by Mueller. Wolfsburg 0-2 Bayern Munich."}, {"id": "129", "s1": "0", "s2": "1", "s": "", "t": "90'+1'", "m": "Müller won a free kick for Bayern Munich."}, {"id": "128", "s1": "0", "s2": "1", "s": "", "t": "90'+1'", "m": "Wolfsburg player Dost scrambled for a foul and his opponent was given possession."}, {"id": "127", "s1": "0", "s2": "1", "s": "", "t": "90'", "m": "Bayern Munich player Schweinsteiger scrambled for a foul and his opponent was given possession of the ball."}, {"id": "126", "s1": "0", "s2": "1", "s": "", "t": "90'", "m": "Diego won a free kick for Wolfsburg in the opposing half."}, {"id": "125", "s1": "0", "s2": "1", "s": "", "t": "90'", "m": "Bayern Munich player Robben scrambled for a foul and his opponent was given possession of the ball."}, {"id": "124", "s1": "0", "s2": "1", "s": "", "t": "90'", "m": "Fagney won a free kick for Wolfsburg."}, {"id": "123", "s1": "0", "s2": "1", "s": "", "t": "87'", "m": "Dante handled the ball out of the bottom line and Wolfsburg won the corner."}, {"id": "122", "s1": "0", "s2": "1", "s": "", "t": "86'", "m": "Bayern Munich player Dante threw the ball straight into Gomez, but the referee raised a flag to show that the latter was offside."}, {"id": "121", "s1": "0", "s2": "1", "s": "", "t": "85'", "m": "Robben won a free kick for Bayern Munich."}, {"id": "120", "s1": "0", "s2": "1", "s": "", "t": "85'", "m": "Wolfsburg player Fagney scrambled for a foul and his opponent gained possession of the ball."}, {"id": "119", "s1": "0", "s2": "1", "s": "", "t": "84'", "m": "Alaba handled the ball out of the bottom line and Wolfsburg won the corner."}, {"id": "118", "s1": "0", "s2": "1", "s": "", "t": "83'", "m": "Bayern Munich made a substitution, and Gomez replaced Mandzukic"}, {"id": "117", "s1": "0", "s2": "1", "s": "", "t": "83'", "m": "Schweinsterge won a free kick for Bayern Munich."}, {"id": "116", "s1": "0", "s2": "1", "s": "", "t": "83'", "m": "Wolfsburg player Makoto Hasebe scrambled for a foul and his opponent was given possession."}, {"id": "115", "s1": "0", "s2": "1", "s": "", "t": "82'", "m": "Bayern Munich player Schweinsteiger tucked the ball straight into Müller, but the referee raised a flag to show that the latter was offside."}, {"id": "114", "s1": "0", "s2": "1", "s": "", "t": "81'", "m": "Gustavo won a free kick for Bayern Munich."}, {"id": "113", "s1": "0", "s2": "1", "s": "", "t": "81'", "m": "Wolfsburg player Pollack scrambled for a foul and the opponent gained possession."}, {"id": "112", "s1": "0", "s2": "1", "s": "", "t": "80'", "m": "Yellow! Wolfsburg player Naldo was shown a yellow card by the referee for a malicious foul."}, {"id": "111", "s1": "0", "s2": "1", "s": "", "t": "80'", "m": "Mandzukic won a free kick for Bayern Munich on the left."}, {"id": "110", "s1": "0", "s2": "1", "s": "", "t": "80'", "m": "Wolfsburg player Naldo scrambled for a foul and his opponent gained possession of the ball."}, {"id": "109", "s1": "0", "s2": "1", "s": "", "t": "79'", "m": "Bayern Munich made a substitution, and Timoschuk replaced Kroos"}, {"id": "108", "s1": "0", "s2": "1", "s": "", "t": "78'", "m": "Bayern Munich made a substitution, and Robben replaced Ribery"}, {"id": "107", "s1": "0", "s2": "1", "s": "", "t": "77'", "m": "Wolfsburg player Perisic tried a right-footed shot on the right side of the penalty area, but unfortunately the ball was slightly offside the right goal."}, {"id": "106", "s1": "0", "s2": "1", "s": "", "t": "77'", "m": "Shot!!! Wolfsburg player Diego's right-footed shot from outside the penalty area was saved by the opposing goalkeeper."}, {"id": "105", "s1": "0", "s2": "1", "s": "", "t": "76'", "m": "Yellow! Bayern Munich player Dante was shown a yellow card by the referee for a malicious foul."}, {"id": "104", "s1": "0", "s2": "1", "s": "", "t": "76'", "m": "Bayern Munich player Dante scrambled for a foul and his opponent was given possession of the ball."}, {"id": "103", "s1": "0", "s2": "1", "s": "", "t": "76'", "m": "Dost won a free kick for Wolfsburg in the opposing half."}, {"id": "102", "s1": "0", "s2": "1", "s": "", "t": "75'", "m": "Wolfsburg was replaced and Helmers replaced Vernia"}, {"id": "101", "s1": "0", "s2": "1", "s": "", "t": "75'", "m": "Wolfsburg made a substitution, and Fagney replaced Tresch"}, {"id": "100", "s1": "0", "s2": "1", "s": "", "t": "75'", "m": "Bayern Munich player Mandzukic scrambled for a foul and the opponent gained possession of the ball."}, {"id": "99", "s1": "0", "s2": "1", "s": "", "t": "75'", "m": "Pollack won a free kick for Wolfsburg in the opposing half."}, {"id": "98", "s1": "0", "s2": "1", "s": "", "t": "73'", "m": "Yellow! Wolfsburg player Makoto Hasebe was shown a yellow card by the referee for a malicious foul."}, {"id": "97", "s1": "0", "s2": "1", "s": "", "t": "73'", "m": "Ribery won a free kick for Bayern Munich on the left."}, {"id": "96", "s1": "0", "s2": "1", "s": "", "t": "73'", "m": "Wolfsburg player Makoto Hasebe scrambled for a foul and his opponent was given possession."}, {"id": "95", "s1": "0", "s2": "1", "s": "", "t": "71'", "m": "Wolfsburg player Makoto Hasebe was fouled for handball and the opponent was given the ball."}, {"id": "94", "s1": "0", "s2": "1", "s": "", "t": "70'", "m": "Bayern Munich player Müller scrambled for a foul and his opponent gained possession of the ball."}, {"id": "93", "s1": "0", "s2": "1", "s": "", "t": "70'", "m": "Naldo won a free kick for Wolfsburg."}, {"id": "92", "s1": "0", "s2": "1", "s": "", "t": "68'", "m": "Ribery won a free kick for Bayern Munich on the left."}, {"id": "91", "s1": "0", "s2": "1", "s": "", "t": "68'", "m": "Wolfsburg player Makoto Hasebe scrambled for a foul and his opponent was given possession."}, {"id": "90", "s1": "0", "s2": "1", "s": "", "t": "68'", "m": "Wolfsburg player Tresch was fouled for handball and the opponent was given the ball."}, {"id": "89", "s1": "0", "s2": "1", "s": "", "t": "67'", "m": "Bayern Munich player Gustavo attempted a right-footed shot from outside the penalty area, but unfortunately the ball was high above the top right corner. It was Muller who gave him the pass."}, {"id": "88", "s1": "0", "s2": "1", "s": "", "t": "65'", "m": "Mandzukic won a free kick for Bayern Munich."}, {"id": "87", "s1": "0", "s2": "1", "s": "", "t": "65'", "m": "Wolfsburg player Perisic scrambled for a foul and the opponent gained possession."}, {"id": "86", "s1": "0", "s2": "1", "s": "", "t": "65'", "m": "Wolfsburg made a substitution, and Perisic replaced Oric"}, {"id": "85", "s1": "0", "s2": "1", "s": "", "t": "62'", "m": "Bayern Munich player Mandzukic scrambled for a foul and the opponent gained possession of the ball."}, {"id": "84", "s1": "0", "s2": "1", "s": "", "t": "62'", "m": "Shaffir won a free kick for Wolfsburg."}, {"id": "83", "s1": "0", "s2": "1", "s": "", "t": "62'", "m": "Müller won a free kick for Bayern Munich on the right."}, {"id": "82", "s1": "0", "s2": "1", "s": "", "t": "62'", "m": "Wolfsburg player Diego scrambled for a foul and his opponent gained possession of the ball."}, {"id": "81", "s1": "0", "s2": "1", "s": "", "t": "61'", "m": "Bayern Munich player Mandzukic scrambled for a foul and the opponent gained possession of the ball."}, {"id": "80", "s1": "0", "s2": "1", "s": "", "t": "61'", "m": "Naldo won a free kick for Wolfsburg."}, {"id": "79", "s1": "0", "s2": "1", "s": "", "t": "60'", "m": "Wolfsburg player Pollack attempted a right-footed shot from outside the penalty area, but unfortunately the ball was slightly offside the right goal."}, {"id": "78", "s1": "0", "s2": "1", "s": "", "t": "59'", "m": "The suspension ended and the players resumed playing."}, {"id": "77", "s1": "0", "s2": "1", "s": "", "t": "58'", "m": "Wolfsburg Wernia fell to the ground injured and the game was suspended"}, {"id": "76", "s1": "0", "s2": "1", "s": "", "t": "57'", "m": "Yellow! Bayern Munich player Ribery was shown a yellow card by the referee for a malicious foul."}, {"id": "75", "s1": "0", "s2": "1", "s": "", "t": "57'", "m": "Bayern Munich player Ribery scrambled for a foul and his opponent was given possession of the ball."}, {"id": "74", "s1": "0", "s2": "1", "s": "", "t": "57'", "m": "Vernia won a free kick for Wolfsburg."}, {"id": "73", "s1": "0", "s2": "1", "s": "", "t": "56'", "m": "Bayern Munich player Müller's right-footed shot from the centre of the penalty area was blocked by a defender. It was Mandzukic who gave him the pass."}, {"id": "72", "s1": "0", "s2": "1", "s": "", "t": "55'", "m": "Ram won a free kick for Bayern Munich on the right."}, {"id": "71", "s1": "0", "s2": "1", "s": "", "t": "55'", "m": "Wolfsburg player Oric scrambled for a foul and the opponent gained possession of the ball."}, {"id": "70", "s1": "0", "s2": "1", "s": "", "t": "54'", "m": "Wolfsburg player Diego's right-footed shot from outside the penalty area was blocked by a defender. It was Vernia who gave him the pass."}, {"id": "69", "s1": "0", "s2": "1", "s": "", "t": "51'", "m": "Bayern Munich player Müller scrambled for a foul and his opponent gained possession of the ball."}, {"id": "68", "s1": "0", "s2": "1", "s": "", "t": "51'", "m": "Pollack won a free kick for Wolfsburg."}, {"id": "67", "s1": "0", "s2": "1", "s": "", "t": "51'", "m": "Wolfsburg player Vernia attempted a left-footed shot from outside the penalty area, but unfortunately the ball deflected off goal. It was Oric who gave him the pass."}, {"id": "66", "s1": "0", "s2": "1", "s": "", "t": "50'", "m": "Wolfsburg player Vernia's left-footed shot from outside the penalty area was blocked by a defender."}, {"id": "65", "s1": "0", "s2": "1", "s": "", "t": "50'", "m": "Bayern Munich player Ribery scrambled for a foul and his opponent was given possession of the ball."}, {"id": "64", "s1": "0", "s2": "1", "s": "", "t": "50'", "m": "Vernia won a free kick for Wolfsburg on the right."}, {"id": "63", "s1": "0", "s2": "1", "s": "", "t": "49'", "m": "Bayern Munich player Van Beateng kicked the ball straight into Mandzukic, but the referee raised a flag to show that the latter was offside."}, {"id": "62", "s1": "0", "s2": "1", "s": "", "t": "49'", "m": "Bayern Munich player Müller's left-footed shot from the centre of the penalty area was blocked by a defender. It was Ram who gave him the pass."}, {"id": "61", "s1": "0", "s2": "1", "s": "", "t": "47'", "m": "Makoto Hasebe handled the ball out of the bottom line and Bayern Munich won a corner kick."}, {"id": "60", "s1": "0", "s2": "1", "s": "", "t": "", "m": "The second half began with Wolfsburg 0-1 Bayern Munich"}, {"id": "59", "s1": "0", "s2": "1", "s": "", "t": "45'+2'", "m": "At the end of the first half, Wolfsburg 0-1 Bayern Munich, a short break, we will take a look at the performance of the two teams in the second half."}, {"id": "58", "s1": "0", "s2": "1", "s": "", "t": "45'+1'", "m": "Wolfsburg player Dost was shown a yellow card by the referee."}, {"id": "57", "s1": "0", "s2": "1", "s": "", "t": "45'+1'", "m": "Van Bitten won a free kick for Bayern Munich."}, {"id": "56", "s1": "0", "s2": "1", "s": "", "t": "45'+1'", "m": "Wolfsburg player Dost scrambled for a foul and his opponent was given possession."}, {"id": "55", "s1": "0", "s2": "1", "s": "", "t": "45'+1'", "m": "Bayern Munich player Müller made a dangerous move and the opponent gained possession of the ball."}, {"id": "54", "s1": "0", "s2": "1", "s": "", "t": "45'+1'", "m": "Pollack won a free kick for Wolfsburg."}, {"id": "53", "s1": "0", "s2": "1", "s": "", "t": "45'", "m": "Mandzukic won a free kick for Bayern Munich on the right."}, {"id": "52", "s1": "0", "s2": "1", "s": "", "t": "45'", "m": "Wolfsburg player Madeleine madried for a foul and his opponent was given possession."}, {"id": "51", "s1": "0", "s2": "1", "s": "", "t": "44'", "m": "Müller won a free kick for Bayern Munich."}, {"id": "50", "s1": "0", "s2": "1", "s": "", "t": "44'", "m": "Wolfsburg player Oric scrambled for a foul and the opponent gained possession of the ball."}, {"id": "49", "s1": "0", "s2": "1", "s": "", "t": "42'", "m": "Wolfsburg player Pollack tried his header in the middle of the penalty area, but unfortunately the ball was high above goal. It was Diego who gave him the pass."}, {"id": "48", "s1": "0", "s2": "1", "s": "", "t": "42'", "m": "Alaba handled the ball out of the bottom line and Wolfsburg won the corner."}, {"id": "47", "s1": "0", "s2": "1", "s": "", "t": "41'", "m": "Bayern Munich player Mandzukic scrambled for a foul and the opponent gained possession of the ball."}, {"id": "46", "s1": "0", "s2": "1", "s": "", "t": "41'", "m": "Diego won a free kick for Wolfsburg."}, {"id": "45", "s1": "0", "s2": "1", "s": "", "t": "41'", "m": "Gustavo won a free kick for Bayern Munich."}, {"id": "44", "s1": "0", "s2": "1", "s": "", "t": "41'", "m": "Wolfsburg player Tresch scrambled for a foul and his opponent was given possession of the ball."}, {"id": "43", "s1": "0", "s2": "1", "s": "", "t": "36'", "m": "Goal!!! Bayern Munich player Mandzukic fired a right-footed shot from the centre of the penalty area, the ball flew into the goal from the bottom left corner and the ball went in! The assist was Schweinsteg. Wolfsburg 0-1 Bayern Munich."}, {"id": "42", "s1": "0", "s2": "0", "s": "", "t": "35'", "m": "Yellow! Wolfsburg player Vernia was shown a yellow card by the referee for a malicious foul."}, {"id": "41", "s1": "0", "s2": "0", "s": "", "t": "35'", "m": "Alaba won a free kick for Bayern Munich on the left."}, {"id": "40", "s1": "0", "s2": "0", "s": "", "t": "35'", "m": "Wolfsburg player Vernia scrambled for a foul and his opponent was given possession."}, {"id": "39", "s1": "0", "s2": "0", "s": "", "t": "34'", "m": "Bayern Munich player Mandzukic scrambled for a foul and the opponent gained possession of the ball."}, {"id": "38", "s1": "0", "s2": "0", "s": "", "t": "34'", "m": "Diego won a free kick for Wolfsburg."}, {"id": "37", "s1": "0", "s2": "0", "s": "", "t": "33'", "m": "Gustavo won a free kick for Bayern Munich on the left."}, {"id": "36", "s1": "0", "s2": "0", "s": "", "t": "33'", "m": "Wolfsburg player Diego scrambled for a foul and his opponent gained possession of the ball."}, {"id": "35", "s1": "0", "s2": "0", "s": "", "t": "33'", "m": "Bayern Munich player Kroos scrambled for a foul and the opponent was given possession."}, {"id": "34", "s1": "0", "s2": "0", "s": "", "t": "33'", "m": "Diego won a free kick for Wolfsburg in the opposing half."}, {"id": "33", "s1": "0", "s2": "0", "s": "", "t": "32'", "m": "Bayern Munich player Kroos scrambled for a foul and the opponent was given possession."}, {"id": "32", "s1": "0", "s2": "0", "s": "", "t": "32'", "m": "Makoto Hasebe won a free kick for Wolfsburg."}, {"id": "31", "s1": "0", "s2": "0", "s": "", "t": "31'", "m": "Makoto Hasebe handled the ball out of the bottom line and Bayern Munich won a corner kick."}, {"id": "30", "s1": "0", "s2": "0", "s": "", "t": "29'", "m": "Bayern Munich player Müller scrambled for a foul and his opponent gained possession of the ball."}, {"id": "29", "s1": "0", "s2": "0", "s": "", "t": "29'", "m": "Diego won a free kick for Wolfsburg on the left."}, {"id": "28", "s1": "0", "s2": "0", "s": "", "t": "27'", "m": "Schweinsterger won a free kick for Bayern Munich at the opposing half."}, {"id": "27", "s1": "0", "s2": "0", "s": "", "t": "27'", "m": "Wolfsburg player Tresch scrambled for a foul and his opponent was given possession of the ball."}, {"id": "26", "s1": "0", "s2": "0", "s": "", "t": "24'", "m": "Yellow! Wolfsburg player Madeleine Wasladu was shown a yellow card by the referee for a malicious foul."}, {"id": "25", "s1": "0", "s2": "0", "s": "", "t": "24'", "m": "Mandzukic won a free kick for Bayern Munich at the opposing half."}, {"id": "24", "s1": "0", "s2": "0", "s": "", "t": "24'", "m": "Wolfsburg player Madeleine madried for a foul and his opponent was given possession."}, {"id": "23", "s1": "0", "s2": "0", "s": "", "t": "24'", "m": "Müller won a free kick for Bayern Munich."}, {"id": "22", "s1": "0", "s2": "0", "s": "", "t": "24'", "m": "Wolfsburg player Pollack scrambled for a foul and the opponent gained possession."}, {"id": "21", "s1": "0", "s2": "0", "s": "", "t": "23'", "m": "Bayern Munich player Kroos kicked the ball straight into Ram, but the referee raised a flag to show that the latter was offside."}, {"id": "20", "s1": "0", "s2": "0", "s": "", "t": "20'", "m": "Lahm won a free kick for Bayern Munich."}, {"id": "19", "s1": "0", "s2": "0", "s": "", "t": "20'", "m": "Wolfsburg player Dost scrambled for a foul and his opponent was given possession."}, {"id": "18", "s1": "0", "s2": "0", "s": "", "t": "19'", "m": "Bayern Munich player Mandzukic attempted a right-footed shot from the centre of the penalty area, but unfortunately the ball went high above the top right corner."}, {"id": "17", "s1": "0", "s2": "0", "s": "", "t": "18'", "m": "Ribery won a free kick for Bayern Munich on the left."}, {"id": "16", "s1": "0", "s2": "0", "s": "", "t": "18'", "m": "Wolfsburg player Makoto Hasebe scrambled for a foul and his opponent was given possession."}, {"id": "15", "s1": "0", "s2": "0", "s": "", "t": "14'", "m": "Müller won a free kick for Bayern Munich on the right."}, {"id": "14", "s1": "0", "s2": "0", "s": "", "t": "14'", "m": "Wolfsburg player Madeleine madried for a foul and his opponent was given possession."}, {"id": "13", "s1": "0", "s2": "0", "s": "", "t": "12'", "m": "Bayern Munich player Schweinsteiger scrambled for a foul and his opponent was given possession of the ball."}, {"id": "12", "s1": "0", "s2": "0", "s": "", "t": "12'", "m": "Tresch won a free kick for Wolfsburg in the opposing half."}, {"id": "11", "s1": "0", "s2": "0", "s": "", "t": "12'", "m": "Ribery won a free kick for Bayern Munich."}, {"id": "10", "s1": "0", "s2": "0", "s": "", "t": "12'", "m": "Wolfsburg player Makoto Hasebe scrambled for a foul and his opponent was given possession."}, {"id": "9", "s1": "0", "s2": "0", "s": "", "t": "10'", "m": "Wolfsburg player Vernia attempted a right-footed shot just outside the penalty area, but unfortunately the ball was slightly offside the right goal. It was Pollack who gave him the ball."}, {"id": "8", "s1": "0", "s2": "0", "s": "", "t": "9'", "m": "Bayern Munich player Ribery threw the ball straight into Mandzukic, but the referee raised a flag to show the latter was offside."}, {"id": "7", "s1": "0", "s2": "0", "s": "", "t": "9'", "m": "Mandzukic won a free kick for Bayern Munich."}, {"id": "6", "s1": "0", "s2": "0", "s": "", "t": "9'", "m": "Wolfsburg player Madeleine madried for a foul and his opponent was given possession."}, {"id": "5", "s1": "0", "s2": "0", "s": "", "t": "8'", "m": "Bayern Munich player Alaba scrambled for a foul and the opponent was given possession of the ball."}, {"id": "4", "s1": "0", "s2": "0", "s": "", "t": "8'", "m": "Vernia won a free kick for Wolfsburg."}, {"id": "3", "s1": "0", "s2": "0", "s": "", "t": "4'", "m": "Wolfsburg player Tresch tucked the ball straight into Dost, but the referee raised a flag to show that the latter was offside."}, {"id": "2", "s1": "0", "s2": "0", "s": "", "t": "3'", "m": "Bayern Munich player Müller attempted a header in front of the goal line, but unfortunately the ball was slightly offside the right goal. It was Mandzukic who gave him the pass."}, {"id": "1", "s1": "0", "s2": "0", "s": "", "t": "", "m": "With a whistle from the referee, the first half of the game began."}]