[{"id": "147", "s1": "4", "s2": "5", "s": "", "t": "", "m": "The match ended with Eintracht Frankfurt 4-5 Stuttgart, thank you for watching the Sina Football Live."}, {"id": "146", "s1": "4", "s2": "5", "s": "", "t": "90'+6'", "m": "End of the second half, Eintracht Frankfurt 4-5 Stuttgart"}, {"id": "145", "s1": "4", "s2": "5", "s": "", "t": "90'+5'", "m": "Eintracht Frankfurt player Stendra scrambled for a foul and his opponent was given possession of the ball."}, {"id": "144", "s1": "4", "s2": "5", "s": "", "t": "90'+5'", "m": "Filip Kostic won a free kick for Stuttgart on the left."}, {"id": "143", "s1": "4", "s2": "5", "s": "", "t": "90'+5'", "m": "Stendra handled the ball out of the bottom line and Stuttgart won a corner kick."}, {"id": "142", "s1": "4", "s2": "5", "s": "", "t": "90'+1'", "m": "Shot!!! Frankfurt player Aigner's right-footed shot from the centre of the penalty area was saved by the opposing goalkeeper. It was Mayer who gave him the pass."}, {"id": "141", "s1": "4", "s2": "5", "s": "", "t": "90'+1'", "m": "Stuttgart player Hanik kicked the ball straight into Kakao, but the referee raised a flag to show that the latter was offside."}, {"id": "140", "s1": "4", "s2": "5", "s": "", "t": "90'", "m": "Ignoniovsky won a free kick for Eintracht Frankfurt."}, {"id": "139", "s1": "4", "s2": "5", "s": "", "t": "90'", "m": "Stuttgart player Kako scrambled for a foul and the opponent was given possession."}, {"id": "138", "s1": "4", "s2": "5", "s": "", "t": "89'", "m": "Eintracht Frankfurt player Makoto Hasebe scrambled for a foul and his opponent gained possession of the ball."}, {"id": "137", "s1": "4", "s2": "5", "s": "", "t": "89'", "m": "Romeu won a free kick for Stuttgart."}, {"id": "136", "s1": "4", "s2": "5", "s": "", "t": "87'", "m": "Stuttgart player Romeu attempted a left-footed shot from outside the penalty area, but unfortunately the ball was high above goal. It was Kacao who gave him the pass."}, {"id": "135", "s1": "4", "s2": "5", "s": "", "t": "86'", "m": "Frankfurt player Ruth was shown a yellow card by the referee."}, {"id": "134", "s1": "4", "s2": "5", "s": "", "t": "86'", "m": "Frankfurt player Ruth scrambled for a foul and the opponent was given possession of the ball."}, {"id": "133", "s1": "4", "s2": "5", "s": "", "t": "86'", "m": "Harnick won a free kick for Stuttgart."}, {"id": "132", "s1": "4", "s2": "5", "s": "", "t": "86'", "m": "Maderang won a free kick for Eintracht Frankfurt."}, {"id": "131", "s1": "4", "s2": "5", "s": "", "t": "86'", "m": "Stuttgart player Hanik scrambled for a foul and the opponent was given possession of the ball."}, {"id": "130", "s1": "4", "s2": "5", "s": "", "t": "86'", "m": "The referee sent Eintracht Frankfurt's Seferović a direct red card."}, {"id": "129", "s1": "4", "s2": "5", "s": "", "t": "85'", "m": "Frankfurt player Aigner was shown a yellow card by the referee."}, {"id": "128", "s1": "4", "s2": "5", "s": "", "t": "85'", "m": "Frankfurt player Aigner scrambled for a foul and his opponent was given possession of the ball."}, {"id": "127", "s1": "4", "s2": "5", "s": "", "t": "85'", "m": "Kako won a free kick for Stuttgart."}, {"id": "126", "s1": "4", "s2": "5", "s": "", "t": "84'", "m": "Goal!!! Stuttgart player Gentner shot with his right foot in front of the goal line, the ball flew from the top right corner into the goal, the ball went in! Frankfurt 4-5 Stuttgart."}, {"id": "125", "s1": "4", "s2": "4", "s": "", "t": "84'", "m": "Shot!!! Stuttgart player Filip Kostic's left-footed shot from a wide distance on the right was saved by the opposing goalkeeper."}, {"id": "124", "s1": "4", "s2": "4", "s": "", "t": "83'", "m": "Yellow! Frankfurt player Ochipka was shown a yellow card by the referee for a malicious foul."}, {"id": "123", "s1": "4", "s2": "4", "s": "", "t": "83'", "m": "Frankfurt player Ochipka scrambled for a foul and the opponent was given possession of the ball."}, {"id": "122", "s1": "4", "s2": "4", "s": "", "t": "83'", "m": "Filip Kostic won a free kick for Stuttgart at the opposing half."}, {"id": "121", "s1": "4", "s2": "4", "s": "", "t": "83'", "m": "Yellow! Stuttgart player Romeu was shown a yellow card by the referee for a malicious foul."}, {"id": "120", "s1": "4", "s2": "4", "s": "", "t": "83'", "m": "Eintracht Frankfurter Seferović tried his left-footed shot from outside the penalty area, but unfortunately the ball deflected off the post. It was Mayer who gave him the pass."}, {"id": "119", "s1": "4", "s2": "4", "s": "", "t": "83'", "m": "Shot!!! Eintracht Frankfurt player Seferović's left-footed shot from outside the penalty area was saved by the opposing goalkeeper. It was Aigner who gave him the pass."}, {"id": "118", "s1": "4", "s2": "4", "s": "", "t": "81'", "m": "Goal!!! Stuttgart player Kakao's left-footed shot from the left side of the penalty area flew into the net from the middle and the ball went in! Assisted by Niedermeier. Frankfurt 4-4 Stuttgart."}, {"id": "117", "s1": "4", "s2": "3", "s": "", "t": "81'", "m": "Frankfurt player Ranishi scrambled for a foul and his opponent was given possession of the ball."}, {"id": "116", "s1": "4", "s2": "3", "s": "", "t": "81'", "m": "Filip Kostic won a free kick for Stuttgart on the right."}, {"id": "115", "s1": "4", "s2": "3", "s": "", "t": "80'", "m": "Frankfurt player Seferović scrambled for a foul and his opponent was given possession of the ball."}, {"id": "114", "s1": "4", "s2": "3", "s": "", "t": "80'", "m": "Rudiger won a free kick for Stuttgart."}, {"id": "113", "s1": "4", "s2": "3", "s": "", "t": "79'", "m": "Lanij handled the ball out of the bottom line and Stuttgart won the corner."}, {"id": "112", "s1": "4", "s2": "3", "s": "", "t": "79'", "m": "Frankfurt made a substitution, and Ranishi replaced Anderson"}, {"id": "111", "s1": "4", "s2": "3", "s": "", "t": "78'", "m": "Stuttgart made a substitution, and Hlosek replaced Florian Klein"}, {"id": "110", "s1": "4", "s2": "3", "s": "", "t": "78'", "m": "Frankfurt player Aigner scrambled for a foul and his opponent was given possession of the ball."}, {"id": "109", "s1": "4", "s2": "3", "s": "", "t": "78'", "m": "Kako won a free kick for Stuttgart."}, {"id": "108", "s1": "4", "s2": "3", "s": "", "t": "78'", "m": "Shot!!! Frankfurt's Egener's right-footed shot from the right side of the penalty area was saved by the opposing goalkeeper. It was Mayer who gave him the pass."}, {"id": "107", "s1": "4", "s2": "3", "s": "", "t": "77'", "m": "Eintracht Frankfurt player Mayer shot with his right foot in front of the goal line and hit the right upright of the goalpost."}, {"id": "106", "s1": "4", "s2": "3", "s": "", "t": "77'", "m": "Frankfurt player Seferović's right-footed shot from the left side of the penalty area was blocked by a defender. It was Stendra who gave him the ball."}, {"id": "105", "s1": "4", "s2": "3", "s": "", "t": "76'", "m": "Stuttgart player Niedermeier was shown a yellow card by the referee."}, {"id": "104", "s1": "4", "s2": "3", "s": "", "t": "76'", "m": "Seferovic won a free kick for Eintracht Frankfurt at the opposing half."}, {"id": "103", "s1": "4", "s2": "3", "s": "", "t": "76'", "m": "Stuttgart player Niedermeier scrambled for a foul and the opponent was given possession of the ball."}, {"id": "102", "s1": "4", "s2": "3", "s": "", "t": "75'", "m": "Makoto Hasebe won a free kick for Eintracht Frankfurt."}, {"id": "101", "s1": "4", "s2": "3", "s": "", "t": "75'", "m": "Stuttgart player Gentner scrambled for a foul and the opponent gained possession of the ball."}, {"id": "100", "s1": "4", "s2": "3", "s": "", "t": "75'", "m": "Eintracht Frankfurt player Makoto Hasebe threw the ball straight into Seferović, but the referee raised a flag to show that the latter was offside."}, {"id": "99", "s1": "4", "s2": "3", "s": "", "t": "74'", "m": "Frankfurt player Anderson scrambled for a foul and his opponent gained possession of the ball."}, {"id": "98", "s1": "4", "s2": "3", "s": "", "t": "74'", "m": "Maxim won a free kick for Stuttgart."}, {"id": "97", "s1": "4", "s2": "3", "s": "", "t": "73'", "m": "Niedermeier handled the ball out of the line and Eintracht Frankfurt won a corner."}, {"id": "96", "s1": "4", "s2": "3", "s": "", "t": "72'", "m": "Stuttgart player Romeu was fouled for handball and the opponent was given the ball."}, {"id": "95", "s1": "4", "s2": "3", "s": "", "t": "71'", "m": "Stuttgart was replaced, and Kako replaced Sararell"}, {"id": "94", "s1": "4", "s2": "3", "s": "", "t": "70'", "m": "Yellow! Stuttgart player Rudiger was shown a yellow card by the referee for a malicious foul."}, {"id": "93", "s1": "4", "s2": "3", "s": "", "t": "70'", "m": "Aigner won a free kick for Eintracht Frankfurt on the left."}, {"id": "92", "s1": "4", "s2": "3", "s": "", "t": "70'", "m": "Stuttgart player Rudiger scrambled for a foul and the opponent was given possession of the ball."}, {"id": "91", "s1": "4", "s2": "3", "s": "", "t": "68'", "m": "Wiederwald won a free kick for Eintracht Frankfurt."}, {"id": "90", "s1": "4", "s2": "3", "s": "", "t": "68'", "m": "Stuttgart player Gentner scrambled for a foul and the opponent gained possession of the ball."}, {"id": "89", "s1": "4", "s2": "3", "s": "", "t": "65'", "m": "Goal!!! Frankfurt player Madeleine's header from the centre of the penalty area, the ball flew from the bottom left corner into the goal and the ball went in! The assist was Steindra. Frankfurt 4-3 Stuttgart."}, {"id": "88", "s1": "3", "s2": "3", "s": "", "t": "64'", "m": "Stendra won a free kick for Eintracht Frankfurt at the opposing half."}, {"id": "87", "s1": "3", "s2": "3", "s": "", "t": "64'", "m": "Stuttgart player Schwab scrambled for a foul and the opponent was given possession of the ball."}, {"id": "86", "s1": "3", "s2": "3", "s": "", "t": "64'", "m": "Eintracht Frankfurter Seferović tried his left-footed shot from outside the penalty area, but unfortunately the ball deflected off the post. The one who gave him the ball was Okipka."}, {"id": "85", "s1": "3", "s2": "3", "s": "", "t": "64'", "m": "Stuttgart player Florian Klein tucked the ball straight into Gentner, but the referee raised a flag to show that the latter was offside."}, {"id": "84", "s1": "3", "s2": "3", "s": "", "t": "63'", "m": "Frankfurt player Ochipka scrambled for a foul and the opponent was given possession of the ball."}, {"id": "83", "s1": "3", "s2": "3", "s": "", "t": "63'", "m": "Maxim won a free kick for Stuttgart at the opposing half."}, {"id": "82", "s1": "3", "s2": "3", "s": "", "t": "61'", "m": "Stuttgart was replaced, and Rudiger replaced Takatoku Sakai"}, {"id": "81", "s1": "3", "s2": "3", "s": "", "t": "61'", "m": "Goal!!! Frankfurt player Aigner's right-footed shot from the right side of the penalty area flew into the goal from the bottom left corner and the ball went in! The assist was Ruth. Frankfurt 3-3 Stuttgart."}, {"id": "80", "s1": "2", "s2": "3", "s": "", "t": "58'", "m": "Ochipka handled the ball out of the bottom line and Stuttgart won the corner."}, {"id": "79", "s1": "2", "s2": "3", "s": "", "t": "57'", "m": "Goal!!! Frankfurt player Mayer shot with his right foot in front of the goal line, the ball flew into the middle of the goal, the ball was in! Frankfurt 2-3 Stuttgart."}, {"id": "78", "s1": "1", "s2": "3", "s": "", "t": "57'", "m": "Shot!!! Frankfurt player Aigner's right-footed shot from the centre of the penalty area was saved by the opposing goalkeeper. It was Seferović who gave him the pass."}, {"id": "77", "s1": "1", "s2": "3", "s": "", "t": "56'", "m": "Anderson handled the ball out of the bottom line and Stuttgart won the corner."}, {"id": "76", "s1": "1", "s2": "3", "s": "", "t": "56'", "m": "Stuttgart player Salarell's right-footed shot from the right side of the penalty area was blocked by a defender. The one who passed the ball to him was Florian Klein."}, {"id": "75", "s1": "1", "s2": "3", "s": "", "t": "55'", "m": "Eintracht Frankfurt's Seferović's left-footed shot from the centre of the penalty area was blocked by a defender. It was Stendra who gave him the ball."}, {"id": "74", "s1": "1", "s2": "3", "s": "", "t": "54'", "m": "Yellow! Eintracht Frankfurt player Stendra was shown a yellow card by the referee for a malicious foul."}, {"id": "73", "s1": "1", "s2": "3", "s": "", "t": "53'", "m": "Shot!!! Frankfurt player Mayer's left-footed shot from outside the penalty area was saved by the opposing goalkeeper. It was Makoto Hasebe who gave him the pass."}, {"id": "72", "s1": "1", "s2": "3", "s": "", "t": "52'", "m": "Seferovic won a free kick for Eintracht Frankfurt at the opposing half."}, {"id": "71", "s1": "1", "s2": "3", "s": "", "t": "52'", "m": "Stuttgart player Niedermeier scrambled for a foul and the opponent was given possession of the ball."}, {"id": "70", "s1": "1", "s2": "3", "s": "", "t": "51'", "m": "Goal!!! Stuttgart player Gentner fired a right-footed shot from the left side of the penalty area, the ball flew from the bottom right corner into the goal, and the ball went in! The assist was Maxim. Frankfurt 1-3 Stuttgart."}, {"id": "69", "s1": "1", "s2": "2", "s": "", "t": "50'", "m": "Stuttgart player Maxim tried his right-footed shot from outside the penalty area, but unfortunately the ball went high above goal."}, {"id": "68", "s1": "1", "s2": "2", "s": "", "t": "49'", "m": "Yellow! Frankfurt player Anderson was shown a yellow card by the referee for a malicious foul."}, {"id": "67", "s1": "1", "s2": "2", "s": "", "t": "49'", "m": "Frankfurt player Anderson scrambled for a foul and his opponent gained possession of the ball."}, {"id": "66", "s1": "1", "s2": "2", "s": "", "t": "49'", "m": "Harnick won a free kick for Stuttgart at the opposing half."}, {"id": "65", "s1": "1", "s2": "2", "s": "", "t": "47'", "m": "Ignowski handled the ball out of the box and Stuttgart won a corner."}, {"id": "64", "s1": "1", "s2": "2", "s": "", "t": "47'", "m": "Stuttgart player Filip Kostic's left-footed shot from the left side of the penalty area was blocked by a defender. The one who passed the ball to him was Florian Klein."}, {"id": "63", "s1": "1", "s2": "2", "s": "", "t": "46'", "m": "Hanik handled the ball out of the bottom line and Eintracht Frankfurt won a corner kick."}, {"id": "62", "s1": "1", "s2": "2", "s": "", "t": "46'", "m": "Frankfurt player Mayer's left-footed shot from outside the penalty area was blocked by a defender. It was Aigner who gave him the pass."}, {"id": "61", "s1": "1", "s2": "2", "s": "", "t": "", "m": "The second half began, Eintracht Frankfurt 1-2 Stuttgart"}, {"id": "60", "s1": "1", "s2": "2", "s": "", "t": "45'", "m": "Frankfurt was replaced, and Aigner replaced the dry nobles"}, {"id": "59", "s1": "1", "s2": "2", "s": "", "t": "45'", "m": "Frankfurt was replaced, and Stendra replaced Piazone"}, {"id": "58", "s1": "1", "s2": "2", "s": "", "t": "45'+3'", "m": "At the end of the first half, Eintracht Frankfurt 1-2 Stuttgart, with a short break, we will take a look at the performance of the two teams in the second half."}, {"id": "57", "s1": "1", "s2": "2", "s": "", "t": "45'+2'", "m": "Shot!!! Frankfurt's right-footed shot from the right side of the penalty area was saved by the opposing goalkeeper. It was Mayer who gave him the pass."}, {"id": "56", "s1": "1", "s2": "2", "s": "", "t": "45'+1'", "m": "Stuttgart player Filip Kostic attempted a left-footed shot from outside the penalty area, but unfortunately the ball was slightly offside the left goal."}, {"id": "55", "s1": "1", "s2": "2", "s": "", "t": "44'", "m": "Ochipka won a free kick for Eintracht Frankfurt."}, {"id": "54", "s1": "1", "s2": "2", "s": "", "t": "44'", "m": "Stuttgart player Romeu scrambled for a foul and the opponent was given possession of the ball."}, {"id": "53", "s1": "1", "s2": "2", "s": "", "t": "44'", "m": "Anderson handled the ball out of the bottom line and Stuttgart won the corner."}, {"id": "52", "s1": "1", "s2": "2", "s": "", "t": "43'", "m": "Frankfurt player Ruth scrambled for a foul and the opponent was given possession of the ball."}, {"id": "51", "s1": "1", "s2": "2", "s": "", "t": "43'", "m": "Romeu won a free kick for Stuttgart."}, {"id": "50", "s1": "1", "s2": "2", "s": "", "t": "42'", "m": "Frankfurt player Mayer tried to head the ball in the middle of the penalty area, but unfortunately the ball was slightly offside the right goal. The one who gave him the ball was Okipka."}, {"id": "49", "s1": "1", "s2": "2", "s": "", "t": "42'", "m": "Seferovic won a free kick for Eintracht Frankfurt on the left."}, {"id": "48", "s1": "1", "s2": "2", "s": "", "t": "42'", "m": "Stuttgart player Schwab scrambled for a foul and the opponent was given possession of the ball."}, {"id": "47", "s1": "1", "s2": "2", "s": "", "t": "41'", "m": "Frankfurt player Ignonovsky scrambled for a foul and his opponent was given possession."}, {"id": "46", "s1": "1", "s2": "2", "s": "", "t": "41'", "m": "Filip Kostic won a free kick for Stuttgart."}, {"id": "45", "s1": "1", "s2": "2", "s": "", "t": "40'", "m": "Makoto Hasebe won a free kick for Eintracht Frankfurt."}, {"id": "44", "s1": "1", "s2": "2", "s": "", "t": "40'", "m": "Stuttgart player Salarell scrambled for a foul and the opponent gained possession of the ball."}, {"id": "43", "s1": "1", "s2": "2", "s": "", "t": "38'", "m": "Seferovic won a free kick for Eintracht Frankfurt at the opposing half."}, {"id": "42", "s1": "1", "s2": "2", "s": "", "t": "38'", "m": "Stuttgart player Niedermeier scrambled for a foul and the opponent was given possession of the ball."}, {"id": "41", "s1": "1", "s2": "2", "s": "", "t": "36'", "m": "Goal!!! Stuttgart player Hanik fired a right-footed shot from the centre of the penalty area and the ball flew into the net from the bottom left corner and the ball went in! The assist was Maxim. Frankfurt 1-2 Stuttgart."}, {"id": "40", "s1": "1", "s2": "1", "s": "", "t": "36'", "m": "Stuttgart player Maxim attempted a right-footed shot from the centre of the penalty area, but unfortunately the ball was slightly offside the left goal. It was Sala Real who gave him the pass."}, {"id": "39", "s1": "1", "s2": "1", "s": "", "t": "36'", "m": "Frankfurt player Seferović scrambled for a foul and his opponent was given possession of the ball."}, {"id": "38", "s1": "1", "s2": "1", "s": "", "t": "36'", "m": "Takatoku Sakai won a free kick for Stuttgart."}, {"id": "37", "s1": "1", "s2": "1", "s": "", "t": "36'", "m": "Shot!!! Stuttgart player Hanik's right-footed shot from the right side of the penalty area was saved by the opposing goalkeeper. It was Maxim who passed the ball to him."}, {"id": "36", "s1": "1", "s2": "1", "s": "", "t": "34'", "m": "Goal!!! Stuttgart player Hanik fired a right-footed shot from the centre of the penalty area, the ball flew into the goal from the bottom right corner and the ball went in! Frankfurt 1-1 Stuttgart."}, {"id": "35", "s1": "1", "s2": "0", "s": "", "t": "33'", "m": "The Drys won a free kick for Eintracht Frankfurt."}, {"id": "34", "s1": "1", "s2": "0", "s": "", "t": "33'", "m": "Stuttgart player Schwab scrambled for a foul and the opponent was given possession of the ball."}, {"id": "33", "s1": "1", "s2": "0", "s": "", "t": "33'", "m": "Frankfurt player Makoto Hasebe made a dangerous move and the opponent gained possession of the ball."}, {"id": "32", "s1": "1", "s2": "0", "s": "", "t": "33'", "m": "Sararell won a free kick for Stuttgart."}, {"id": "31", "s1": "1", "s2": "0", "s": "", "t": "32'", "m": "Frankfurt player Seferović's right-footed shot from outside the penalty area was blocked by a defender. It was Piazun who gave him the ball."}, {"id": "30", "s1": "1", "s2": "0", "s": "", "t": "31'", "m": "Shot!!! Stuttgart player Filip Kostic's left-footed shot from outside the penalty area was saved by the opposing goalkeeper. The one who passed the ball to him was Florian Klein."}, {"id": "29", "s1": "1", "s2": "0", "s": "", "t": "29'", "m": "Stuttgart player Niedermeier scrambled for a foul and the opponent was given possession of the ball."}, {"id": "28", "s1": "1", "s2": "0", "s": "", "t": "29'", "m": "Seferovic won a free kick for Eintracht Frankfurt."}, {"id": "27", "s1": "1", "s2": "0", "s": "", "t": "28'", "m": "Madeleine handled the ball out of the bottom line and Stuttgart won a corner kick."}, {"id": "26", "s1": "1", "s2": "0", "s": "", "t": "27'", "m": "Ignowski handled the ball out of the box and Stuttgart won a corner."}, {"id": "25", "s1": "1", "s2": "0", "s": "", "t": "25'", "m": "Stuttgart player Salarell tried a right-footed shot from the right side of the penalty area, but unfortunately the ball was slightly offside the right goal. It was Romeu who gave him the pass."}, {"id": "24", "s1": "1", "s2": "0", "s": "", "t": "24'", "m": "Shot!!! Frankfurt player Igeniowski's left-footed shot from outside the penalty area was saved by the opposing goalkeeper. It was Makoto Hasebe who gave him the pass."}, {"id": "23", "s1": "1", "s2": "0", "s": "", "t": "21'", "m": "Goal!!! Eintracht Frankfurter Madeleine shot with his right foot on the goal line and the ball flew into the net from the middle of the net, and the ball went in! Frankfurt 1-0 Stuttgart."}, {"id": "22", "s1": "0", "s2": "0", "s": "", "t": "21'", "m": "Eintracht Frankfurt player Seferović headed a header at the goal line and hit the goalpost crossbar. It was Anderson who gave him the pass."}, {"id": "21", "s1": "0", "s2": "0", "s": "", "t": "20'", "m": "Florian Klein handled the ball out of the box and Eintracht Frankfurt won a corner."}, {"id": "20", "s1": "0", "s2": "0", "s": "", "t": "19'", "m": "Stuttgart player Gentner attempted a left-footed shot from the right side of the penalty area, but unfortunately the ball deflected off goal. It was Maxim who passed the ball to him."}, {"id": "19", "s1": "0", "s2": "0", "s": "", "t": "16'", "m": "Madeleine handled the ball out of the bottom line and Stuttgart won a corner kick."}, {"id": "18", "s1": "0", "s2": "0", "s": "", "t": "15'", "m": "Shot!!! Frankfurt player Mayer's header from the centre of the penalty area was saved by the opposing goalkeeper. It was Ignowski who gave him the pass."}, {"id": "17", "s1": "0", "s2": "0", "s": "", "t": "12'", "m": "Shot!!! Stuttgart player Filip Kostic's left-footed shot from the right side of the penalty area was saved by the opposing goalkeeper. It was Sala Real who gave him the pass."}, {"id": "16", "s1": "0", "s2": "0", "s": "", "t": "11'", "m": "Stuttgart player Gentner shoved the ball straight into Maxim, but the referee raised a flag to show that the latter was offside."}, {"id": "15", "s1": "0", "s2": "0", "s": "", "t": "10'", "m": "Stuttgart player Filip Kostic's left-footed shot from outside the penalty area was blocked by a defender."}, {"id": "14", "s1": "0", "s2": "0", "s": "", "t": "9'", "m": "Filip Kostic won a free kick for Stuttgart on the right."}, {"id": "13", "s1": "0", "s2": "0", "s": "", "t": "9'", "m": "Frankfurt player Qian Guishi scrambled for fouls and the opponent was given possession of the ball."}, {"id": "12", "s1": "0", "s2": "0", "s": "", "t": "8'", "m": "Frankfurt player Ochipka kicked the ball straight into the drys, but the referee raised a flag to show that the latter had been offside."}, {"id": "11", "s1": "0", "s2": "0", "s": "", "t": "6'", "m": "Seferovic won a free kick for Eintracht Frankfurt on the right."}, {"id": "10", "s1": "0", "s2": "0", "s": "", "t": "6'", "m": "Stuttgart player Takatoku Sakai scrambled for a foul and the opponent was given possession of the ball."}, {"id": "9", "s1": "0", "s2": "0", "s": "", "t": "5'", "m": "Maxim won a free kick for Stuttgart on the right."}, {"id": "8", "s1": "0", "s2": "0", "s": "", "t": "5'", "m": "Frankfurt player Ruth scrambled for a foul and the opponent was given possession of the ball."}, {"id": "7", "s1": "0", "s2": "0", "s": "", "t": "4'", "m": "Stuttgart player Salarell scrambled for a foul and the opponent gained possession of the ball."}, {"id": "6", "s1": "0", "s2": "0", "s": "", "t": "4'", "m": "Ruth won a free kick for Eintracht Frankfurt."}, {"id": "5", "s1": "0", "s2": "0", "s": "", "t": "3'", "m": "Shot!!! Stuttgart player Gentner's right-footed shot from the centre of the penalty area was saved by the opposing goalkeeper. The one who passed the ball to him was Florian Klein."}, {"id": "4", "s1": "0", "s2": "0", "s": "", "t": "3'", "m": "Stuttgart player Maxim's left-footed shot from the centre of the penalty area was blocked by a defender."}, {"id": "3", "s1": "0", "s2": "0", "s": "", "t": "1'", "m": "Stuttgart player Hanik scrambled for a foul and the opponent was given possession of the ball."}, {"id": "2", "s1": "0", "s2": "0", "s": "", "t": "1'", "m": "Ignowski won a free kick for Eintracht Frankfurt at the opposing half."}, {"id": "1", "s1": "0", "s2": "0", "s": "", "t": "", "m": "With a whistle from the referee, the first half of the game began."}]