[{"id": "125", "s1": "4", "s2": "0", "s": "", "t": "90'+2'", "m": "The second half ended with Wolfsburg 4-0 Schalke 04"}, {"id": "124", "s1": "4", "s2": "0", "s": "", "t": "90'+2'", "m": "Sauloy won a free kick for Schalke 04."}, {"id": "123", "s1": "4", "s2": "0", "s": "", "t": "90'+2'", "m": "Wolfsburg player Naldo scrambled for a foul and his opponent gained possession of the ball."}, {"id": "122", "s1": "4", "s2": "0", "s": "", "t": "90'+1'", "m": "Goal!!! Wolfsburg player Kuchik's right-footed shot from the centre of the penalty area flew into the net from the middle of the box and the ball went in! The assist was Schaefer. Wolfsburg 4-0 Schalke 04."}, {"id": "121", "s1": "3", "s2": "0", "s": "", "t": "89'", "m": "Uchida handled the ball out of the bottom line and Wolfsburg won a corner kick."}, {"id": "120", "s1": "3", "s2": "0", "s": "", "t": "89'", "m": "Shot!!! The Wolfsburg player had a header from the goal line and was saved by the opposing goalkeeper. It was Kuchik who gave him the pass."}, {"id": "119", "s1": "3", "s2": "0", "s": "", "t": "89'", "m": "Wolfsburg player Viernia's right-footed shot from the right side of the penalty area hit the left upright of the goalpost. It was Schaefer who gave him the ball."}, {"id": "118", "s1": "3", "s2": "0", "s": "", "t": "88'", "m": "Wolfsburg player Kuchik tried a right-footed shot from the right side of the penalty area, but unfortunately the ball was higher than the goal. It was Nardù who gave him the pass."}, {"id": "117", "s1": "3", "s2": "0", "s": "", "t": "88'", "m": "Schalke 04 player Puke scrambled for a foul and the opponent was given possession of the ball."}, {"id": "116", "s1": "3", "s2": "0", "s": "", "t": "88'", "m": "Pollack won a free kick for Wolfsburg on the right."}, {"id": "115", "s1": "3", "s2": "0", "s": "", "t": "86'", "m": "Wolfsburg made a substitution, kuchik replaced Perisic"}, {"id": "114", "s1": "3", "s2": "0", "s": "", "t": "86'", "m": "Schalke 04 player C-Fux attempted a left-footed shot from outside the penalty area, but unfortunately the ball deflected off target."}, {"id": "113", "s1": "3", "s2": "0", "s": "", "t": "85'", "m": "Puke won a free kick for Schalke 04 at the opposing half."}, {"id": "112", "s1": "3", "s2": "0", "s": "", "t": "85'", "m": "Wolfsburg player Knoch scrambled for a foul and his opponent gained possession of the ball."}, {"id": "111", "s1": "3", "s2": "0", "s": "", "t": "85'", "m": "Uchida won a free kick for Schalke 04."}, {"id": "110", "s1": "3", "s2": "0", "s": "", "t": "85'", "m": "Wolfsburg player Schaefer scrambled for a foul and his opponent was given possession of the ball."}, {"id": "109", "s1": "3", "s2": "0", "s": "", "t": "84'", "m": "Wolfsburg player Naldo attempted a header in the middle of the penalty area, but unfortunately the ball went high above goal. It was Diego who gave him the pass."}, {"id": "108", "s1": "3", "s2": "0", "s": "", "t": "84'", "m": "Uchida handled the ball out of the bottom line and Wolfsburg won a corner kick."}, {"id": "107", "s1": "3", "s2": "0", "s": "", "t": "84'", "m": "Wolfsburg player Diego's right-footed shot from outside the penalty area was blocked by a defender."}, {"id": "106", "s1": "3", "s2": "0", "s": "", "t": "83'", "m": "Uchida handled the ball out of the bottom line and Wolfsburg won a corner kick."}, {"id": "105", "s1": "3", "s2": "0", "s": "", "t": "82'", "m": "Schalke 04 player Hegel scrambled for a foul and the opponent gained possession of the ball."}, {"id": "104", "s1": "3", "s2": "0", "s": "", "t": "82'", "m": "Rodriguez won a free kick for Wolfsburg."}, {"id": "103", "s1": "3", "s2": "0", "s": "", "t": "81'", "m": "Rodriguez handled the ball out of the bottom line and Schalke 04 won a corner kick."}, {"id": "102", "s1": "3", "s2": "0", "s": "", "t": "81'", "m": "Shot!!! Schalke 04 player Draxler's right-footed shot from outside the penalty area was saved by the opposing goalkeeper. The pass to him was Jermaine Jones."}, {"id": "101", "s1": "3", "s2": "0", "s": "", "t": "81'", "m": "Wolfsburg made a substitution and Schaefer replaced Orich"}, {"id": "100", "s1": "3", "s2": "0", "s": "", "t": "80'", "m": "Santana won a free kick for Schalke 04."}, {"id": "99", "s1": "3", "s2": "0", "s": "", "t": "80'", "m": "Wolfsburg player Naldo scrambled for a foul and his opponent gained possession of the ball."}, {"id": "98", "s1": "3", "s2": "0", "s": "", "t": "79'", "m": "Santana handled the ball out of the box and Wolfsburg won the corner."}, {"id": "97", "s1": "3", "s2": "0", "s": "", "t": "79'", "m": "Wolfsburg player Orlic's right-footed shot from the right side of the penalty area was blocked by a defender. It was Viernia who gave him the pass."}, {"id": "96", "s1": "3", "s2": "0", "s": "", "t": "79'", "m": "Wolfsburg player Perisic's right-footed shot from the centre of the penalty area was blocked by a defender. It was Diego who gave him the pass."}, {"id": "95", "s1": "3", "s2": "0", "s": "", "t": "78'", "m": "Schalke 04 player C-Fuchs scrambled for a foul and the opponent was given possession of the ball."}, {"id": "94", "s1": "3", "s2": "0", "s": "", "t": "78'", "m": "Viernia won a free kick for Wolfsburg on the right."}, {"id": "93", "s1": "3", "s2": "0", "s": "", "t": "76'", "m": "Wolfsburg made a substitution, pollack replaced Gustavo"}, {"id": "92", "s1": "3", "s2": "0", "s": "", "t": "73'", "m": "Schalke 04 player M.M. Mayer scrambled for a foul and the opponent was given possession."}, {"id": "91", "s1": "3", "s2": "0", "s": "", "t": "73'", "m": "Gustavo won a free kick for Wolfsburg."}, {"id": "90", "s1": "3", "s2": "0", "s": "", "t": "73'", "m": "Schalke made a substitution in 04 and M.M. Mayer replaced Farfan"}, {"id": "89", "s1": "3", "s2": "0", "s": "", "t": "73'", "m": "Santana won a free kick for Schalke 04."}, {"id": "88", "s1": "3", "s2": "0", "s": "", "t": "73'", "m": "Wolfsburg player Oric scrambled for a foul and the opponent gained possession of the ball."}, {"id": "87", "s1": "3", "s2": "0", "s": "", "t": "71'", "m": "Jermein Jones won a free kick for Schalke 04."}, {"id": "86", "s1": "3", "s2": "0", "s": "", "t": "71'", "m": "Wolfsburg player Tresch scrambled for a foul and his opponent was given possession of the ball."}, {"id": "85", "s1": "3", "s2": "0", "s": "", "t": "69'", "m": "Viernia won a free kick for Wolfsburg."}, {"id": "84", "s1": "3", "s2": "0", "s": "", "t": "69'", "m": "Schalke 04 player C-Fuchs scrambled for a foul and the opponent was given possession of the ball."}, {"id": "83", "s1": "3", "s2": "0", "s": "", "t": "67'", "m": "Goal!!! Wolfsburg player Naldo's right-footed shot from the centre of the penalty area flew into the net from the middle and the ball went in! Wolfsburg 3-0 Schalke 04."}, {"id": "82", "s1": "2", "s2": "0", "s": "", "t": "67'", "m": "Shot!!! Wolfsburg player Naldo's right-footed shot from the centre of the penalty area was saved by the opposing goalkeeper. It was Diego who gave him the pass."}, {"id": "81", "s1": "2", "s2": "0", "s": "", "t": "67'", "m": "Jermaine Jones handled the ball off the line and Wolfsburg won a corner."}, {"id": "80", "s1": "2", "s2": "0", "s": "", "t": "67'", "m": "The Wolfsburg player had a right-footed shot from outside the penalty area that was blocked by a defender. It was Oric who gave him the pass."}, {"id": "79", "s1": "2", "s2": "0", "s": "", "t": "66'", "m": "Shot!!! Wolfsburg player Diego's left-footed shot from the centre of the penalty area was saved by the opposing goalkeeper. It was Viernia who gave him the pass."}, {"id": "78", "s1": "2", "s2": "0", "s": "", "t": "64'", "m": "Wolfsburg player Perisic scrambled for a foul and the opponent was given possession of the ball."}, {"id": "77", "s1": "2", "s2": "0", "s": "", "t": "64'", "m": "Hegel won a free kick for Schalke 04 on the right."}, {"id": "76", "s1": "2", "s2": "0", "s": "", "t": "63'", "m": "Schalke 04 substitution, Puke replaced Clemens"}, {"id": "75", "s1": "2", "s2": "0", "s": "", "t": "61'", "m": "Goal!!! Wolfsburg player Viernia's left-footed shot from the right side of the penalty area flew into the goal from the bottom left corner and the ball went in! Wolfsburg 2-0 Schalke 04."}, {"id": "74", "s1": "1", "s2": "0", "s": "", "t": "60'", "m": "Schalke 04 player Jermein Jones threw the ball straight into Clemens, but the referee raised a flag to show that the latter was offside."}, {"id": "73", "s1": "1", "s2": "0", "s": "", "t": "58'", "m": "C-Fux handled the ball out of the line and Wolfsburg won a corner."}, {"id": "72", "s1": "1", "s2": "0", "s": "", "t": "57'", "m": "Schalke 04 player Santana kicked the ball straight to Sholoy, but the referee raised a flag to show that the latter was offside."}, {"id": "71", "s1": "1", "s2": "0", "s": "", "t": "56'", "m": "Wolfsburg player Viernia scrambled for a foul and his opponent gained possession of the ball."}, {"id": "70", "s1": "1", "s2": "0", "s": "", "t": "56'", "m": "C- Fuchs won a free kick for Schalke 04."}, {"id": "69", "s1": "1", "s2": "0", "s": "", "t": "55'", "m": "Goal!!! Wolfsburg player Knoch fired a left-footed shot from the centre of the penalty area, the ball flew up from the middle of the box and the ball went in! Assisted by Perisic. Wolfsburg 1-0 Schalke 04."}, {"id": "68", "s1": "0", "s2": "0", "s": "", "t": "54'", "m": "C-Fux handled the ball out of the line and Wolfsburg won a corner."}, {"id": "67", "s1": "0", "s2": "0", "s": "", "t": "54'", "m": "Gustavo won a free kick for Wolfsburg."}, {"id": "66", "s1": "0", "s2": "0", "s": "", "t": "54'", "m": "Schalke 04 player Draxler scrambled for a foul and the opponent was given possession of the ball."}, {"id": "65", "s1": "0", "s2": "0", "s": "", "t": "52'", "m": "Schalke 04 player Clemens scrambled for a foul and the opponent gained possession of the ball."}, {"id": "64", "s1": "0", "s2": "0", "s": "", "t": "52'", "m": "Viernia won a free kick for Wolfsburg."}, {"id": "63", "s1": "0", "s2": "0", "s": "", "t": "50'", "m": "Shot!!! Schalke 04 player Clemens' left-footed shot from the left side of the penalty area was saved by the opposing goalkeeper. It was Draxler who gave him the pass."}, {"id": "62", "s1": "0", "s2": "0", "s": "", "t": "49'", "m": "Yellow! Schalke 04 player Jermaine Jones was shown a yellow card by the referee for a malicious foul."}, {"id": "61", "s1": "0", "s2": "0", "s": "", "t": "49'", "m": "Schalke 04 player Jermaine Jones scrambled for a foul and the opponent was given possession of the ball."}, {"id": "60", "s1": "0", "s2": "0", "s": "", "t": "49'", "m": "Gu Zizhe won a free kick for Wolfsburg in the opposing half."}, {"id": "59", "s1": "0", "s2": "0", "s": "", "t": "49'", "m": "Schalke 04 player Hévedes tried to head the ball on the left side of the penalty area, but unfortunately the ball was slightly offside the left goal. It was Clemens who gave him the pass."}, {"id": "58", "s1": "0", "s2": "0", "s": "", "t": "48'", "m": "Trach handled the ball out of the bottom line and Schalke 04 won a corner kick."}, {"id": "57", "s1": "0", "s2": "0", "s": "", "t": "46'", "m": "Knoch won a free kick for Wolfsburg."}, {"id": "56", "s1": "0", "s2": "0", "s": "", "t": "46'", "m": "Schalke 04 player Sholoy scrambled for a foul and the opponent was given possession of the ball."}, {"id": "55", "s1": "0", "s2": "0", "s": "", "t": "", "m": "The second half began with Wolfsburg 0-0 Schalke 04"}, {"id": "54", "s1": "0", "s2": "0", "s": "", "t": "45'", "m": "Schalke 04 substitution, Sholoy on, Huntelaar due to injury."}, {"id": "53", "s1": "0", "s2": "0", "s": "", "t": "45'+2'", "m": "At the end of the first half, Wolfsburg 0-0 Schalke 04, a short break, we will take a look at the performance of the two teams in the second half."}, {"id": "52", "s1": "0", "s2": "0", "s": "", "t": "44'", "m": "Wolfsburg player Viernia scrambled for a foul and his opponent gained possession of the ball."}, {"id": "51", "s1": "0", "s2": "0", "s": "", "t": "44'", "m": "Clemens won a free kick for Schalke 04."}, {"id": "50", "s1": "0", "s2": "0", "s": "", "t": "43'", "m": "Schalke 04 player Huntelaar scrambled for a foul and the opponent was given possession of the ball."}, {"id": "49", "s1": "0", "s2": "0", "s": "", "t": "43'", "m": "Bernalio won a free kick for Wolfsburg."}, {"id": "48", "s1": "0", "s2": "0", "s": "", "t": "42'", "m": "Wolfsburg player Tresch scrambled for a foul and his opponent was given possession of the ball."}, {"id": "47", "s1": "0", "s2": "0", "s": "", "t": "42'", "m": "C- Fuchs won a free kick for Schalke 04 on the left."}, {"id": "46", "s1": "0", "s2": "0", "s": "", "t": "41'", "m": "Wolfsburg player Rodriguez scrambled for a foul and the opponent gained possession."}, {"id": "45", "s1": "0", "s2": "0", "s": "", "t": "41'", "m": "Farfan won a free kick for Schalke 04 on the right."}, {"id": "44", "s1": "0", "s2": "0", "s": "", "t": "40'", "m": "Schalke 04 player Huntelaar's left-footed shot from the left side of the penalty area hit the right upright post."}, {"id": "43", "s1": "0", "s2": "0", "s": "", "t": "38'", "m": "Wolfsburg player Naldo attempted a header in the centre of the penalty area, but unfortunately the ball was slightly offside the left goal. It was Diego who gave him the pass."}, {"id": "42", "s1": "0", "s2": "0", "s": "", "t": "38'", "m": "Uchida handled the ball out of the bottom line and Wolfsburg won a corner kick."}, {"id": "41", "s1": "0", "s2": "0", "s": "", "t": "37'", "m": "Yellow! Schalke 04 player Huntelaar was shown a yellow card by the referee for a malicious foul."}, {"id": "40", "s1": "0", "s2": "0", "s": "", "t": "37'", "m": "Gustavo won a free kick for Wolfsburg."}, {"id": "39", "s1": "0", "s2": "0", "s": "", "t": "37'", "m": "Schalke 04 player Huntelaar scrambled for a foul and the opponent was given possession of the ball."}, {"id": "38", "s1": "0", "s2": "0", "s": "", "t": "36'", "m": "Wolfsburg player Viernia attempted a right-footed shot from the right side of the penalty area, but the ball was deflected slightly off the left goal. It was Rodriguez who passed the ball to him."}, {"id": "37", "s1": "0", "s2": "0", "s": "", "t": "34'", "m": "The Wolfsburg player attempted a right-footed shot from outside the penalty area, but unfortunately the ball was slightly offside the right goal. It was Perisic who gave him the ball."}, {"id": "36", "s1": "0", "s2": "0", "s": "", "t": "29'", "m": "Hegel won a free kick for Schalke 04 on the right."}, {"id": "35", "s1": "0", "s2": "0", "s": "", "t": "29'", "m": "Wolfsburg player Gustavo scrambled for a foul and the opponent was given possession of the ball."}, {"id": "34", "s1": "0", "s2": "0", "s": "", "t": "28'", "m": "Huntelaar won a free kick for Schalke 04 at the opposing half."}, {"id": "33", "s1": "0", "s2": "0", "s": "", "t": "28'", "m": "Wolfsburg player Viernia scrambled for a foul and his opponent gained possession of the ball."}, {"id": "32", "s1": "0", "s2": "0", "s": "", "t": "28'", "m": "Schalke 04 player Huntelaar scrambled for a foul and the opponent was given possession of the ball."}, {"id": "31", "s1": "0", "s2": "0", "s": "", "t": "28'", "m": "Gustavo won a free kick for Wolfsburg."}, {"id": "30", "s1": "0", "s2": "0", "s": "", "t": "26'", "m": "Wolfsburg player Orlic tried his left-footed shot from the left side of the penalty area, but unfortunately the ball was slightly above the goal. It was Tresch who gave him the ball."}, {"id": "29", "s1": "0", "s2": "0", "s": "", "t": "24'", "m": "Wolfsburg player Naldo shoved the ball straight into Oric, but the referee raised a flag to show that the latter was offside."}, {"id": "28", "s1": "0", "s2": "0", "s": "", "t": "23'", "m": "Wolfsburg player Rodriguez kicked the ball straight to Orlic, but the referee raised a flag to show that the latter was offside."}, {"id": "27", "s1": "0", "s2": "0", "s": "", "t": "20'", "m": "Diego won a free kick for Wolfsburg."}, {"id": "26", "s1": "0", "s2": "0", "s": "", "t": "20'", "m": "Schalke 04 player Takori Uchida scrambled for a foul and the opponent was given possession of the ball."}, {"id": "25", "s1": "0", "s2": "0", "s": "", "t": "20'", "m": "Wolfsburg player Gustavo scrambled for a foul and the opponent was given possession of the ball."}, {"id": "24", "s1": "0", "s2": "0", "s": "", "t": "20'", "m": "Jermein Jones won a free kick for Schalke 04."}, {"id": "23", "s1": "0", "s2": "0", "s": "", "t": "18'", "m": "Wolfsburg player Naldo scrambled for a foul and his opponent gained possession of the ball."}, {"id": "22", "s1": "0", "s2": "0", "s": "", "t": "18'", "m": "Santana won a free kick for Schalke 04."}, {"id": "21", "s1": "0", "s2": "0", "s": "", "t": "17'", "m": "Orlic won a free kick for Wolfsburg on the right."}, {"id": "20", "s1": "0", "s2": "0", "s": "", "t": "17'", "m": "Schalke 04 player Hévedes scrambled for a foul and the opponent was given possession of the ball."}, {"id": "19", "s1": "0", "s2": "0", "s": "", "t": "17'", "m": "Shot!!! Wolfsburg player Naldo's right-footed shot from outside the penalty area was saved by the opposing goalkeeper."}, {"id": "18", "s1": "0", "s2": "0", "s": "", "t": "16'", "m": "Diego won a free kick for Wolfsburg in the opposing half."}, {"id": "17", "s1": "0", "s2": "0", "s": "", "t": "16'", "m": "Schalke 04 player Jermaine Jones scrambled for a foul and the opponent was given possession of the ball."}, {"id": "16", "s1": "0", "s2": "0", "s": "", "t": "13'", "m": "Schalke 04 player Draxler's right-footed shot from the centre of the penalty area was blocked by a defender. The one who passed the ball to him was C-Fuchs."}, {"id": "15", "s1": "0", "s2": "0", "s": "", "t": "12'", "m": "Wolfsburg player Tresch scrambled for a foul and his opponent was given possession of the ball."}, {"id": "14", "s1": "0", "s2": "0", "s": "", "t": "12'", "m": "Clemens won a free kick for Schalke 04 on the left."}, {"id": "13", "s1": "0", "s2": "0", "s": "", "t": "11'", "m": "Santana handled the ball out of the box and Wolfsburg won the corner."}, {"id": "12", "s1": "0", "s2": "0", "s": "", "t": "10'", "m": "Uchida handled the ball out of the bottom line and Wolfsburg won a corner kick."}, {"id": "11", "s1": "0", "s2": "0", "s": "", "t": "8'", "m": "Wolfsburg player Diego threw the ball straight into Naldo, but the referee raised a flag to show that the latter was offside."}, {"id": "10", "s1": "0", "s2": "0", "s": "", "t": "8'", "m": "Draxler handled the ball out of the line and Wolfsburg won a corner kick."}, {"id": "9", "s1": "0", "s2": "0", "s": "", "t": "8'", "m": "Wolfsburg player Rodriguez's left-footed shot was blocked by a defender."}, {"id": "8", "s1": "0", "s2": "0", "s": "", "t": "7'", "m": "Diego won a free kick for Wolfsburg in the opposing half."}, {"id": "7", "s1": "0", "s2": "0", "s": "", "t": "7'", "m": "Schalke 04 player Jermaine Jones scrambled for a foul and the opponent was given possession of the ball."}, {"id": "6", "s1": "0", "s2": "0", "s": "", "t": "6'", "m": "Orlic handled the ball out of the bottom line and Schalke 04 won a corner kick."}, {"id": "5", "s1": "0", "s2": "0", "s": "", "t": "5'", "m": "Wolfsburg players were fouled and opponents were given possession of the ball."}, {"id": "4", "s1": "0", "s2": "0", "s": "", "t": "5'", "m": "Jermein Jones won a free kick on the right for Schalke 04."}, {"id": "3", "s1": "0", "s2": "0", "s": "", "t": "1'", "m": "Wolfsburg player Rodriguez scrambled for a foul and the opponent gained possession."}, {"id": "2", "s1": "0", "s2": "0", "s": "", "t": "1'", "m": "Farfan won a free kick for Schalke 04."}, {"id": "1", "s1": "0", "s2": "0", "s": "", "t": "", "m": "With a whistle from the referee, the first half of the game began."}]