[{"id": "88", "s1": "4", "s2": "0", "s": "", "t": "", "m": "The match was over, Bayern Munich 4-0 Schalke 04, thank you for watching The Sina Football Live."}, {"id": "87", "s1": "4", "s2": "0", "s": "", "t": "90'+1'", "m": "At the end of the second half, Bayern Munich 4-0 Schalke 04"}, {"id": "86", "s1": "4", "s2": "0", "s": "", "t": "90'", "m": "Dante won a free kick for Bayern Munich."}, {"id": "85", "s1": "4", "s2": "0", "s": "", "t": "90'", "m": "Schalke 04 player Edu scrambled for a foul and the opponent was given possession of the ball."}, {"id": "84", "s1": "4", "s2": "0", "s": "", "t": "88'", "m": "Bayern Munich player Rafinha scrambled for a foul and his opponent was given possession."}, {"id": "83", "s1": "4", "s2": "0", "s": "", "t": "88'", "m": "Baneta won a free kick for Schalke 04 on the left."}, {"id": "82", "s1": "4", "s2": "0", "s": "", "t": "87'", "m": "Bayern Munich player Rafinha kicked the ball straight into Gomez, but the referee raised a flag to show that the latter was offside."}, {"id": "81", "s1": "4", "s2": "0", "s": "", "t": "85'", "m": "Bayern Munich player Alaba made a dangerous move and the opponent gained possession of the ball."}, {"id": "80", "s1": "4", "s2": "0", "s": "", "t": "85'", "m": "Farfan won a free kick for Schalke 04."}, {"id": "79", "s1": "4", "s2": "0", "s": "", "t": "84'", "m": "Kolasnac handled the ball out of the bottom line and Bayern Munich won a corner kick."}, {"id": "78", "s1": "4", "s2": "0", "s": "", "t": "82'", "m": "Bayern Munich player Gustavo scrambled for a foul and the opponent was given possession of the ball."}, {"id": "77", "s1": "4", "s2": "0", "s": "", "t": "82'", "m": "Farfan won a free kick for Schalke 04."}, {"id": "76", "s1": "4", "s2": "0", "s": "", "t": "81'", "m": "Gomez won a free kick for Bayern Munich on the right."}, {"id": "75", "s1": "4", "s2": "0", "s": "", "t": "81'", "m": "Schalke 04 player Jermaine Jones scrambled for a foul and the opponent was given possession of the ball."}, {"id": "74", "s1": "4", "s2": "0", "s": "", "t": "79'", "m": "Bayern Munich player Robben tucked the ball straight into Gomez, but the referee raised a flag to show that the latter was offside."}, {"id": "73", "s1": "4", "s2": "0", "s": "", "t": "79'", "m": "Shot!!! Bayern Munich player Robben's left-footed shot from outside the penalty area was saved by the opposing goalkeeper."}, {"id": "72", "s1": "4", "s2": "0", "s": "", "t": "78'", "m": "Schalke 04 substitution, Edu replaced Puki"}, {"id": "71", "s1": "4", "s2": "0", "s": "", "t": "73'", "m": "Bayern Munich made a substitution, with Kenttento replacing Ribery"}, {"id": "70", "s1": "4", "s2": "0", "s": "", "t": "73'", "m": "Bayern Munich made a substitution, rafinha replaced Ram"}, {"id": "69", "s1": "4", "s2": "0", "s": "", "t": "73'", "m": "Bayern Munich made a substitution, Gustavo replaced Schweinsteiger"}, {"id": "68", "s1": "4", "s2": "0", "s": "", "t": "72'", "m": "Schalke made a substitution in 04 and Falfan replaced Michel Bastos"}, {"id": "67", "s1": "4", "s2": "0", "s": "", "t": "72'", "m": "Schalke 04 player Michel Bastos tried his left-footed shot from outside the penalty area, but unfortunately the ball was slightly offside the left goal. It was Puki who gave him the pass."}, {"id": "66", "s1": "4", "s2": "0", "s": "", "t": "64'", "m": "Bayern Munich player Kroos scrambled for a foul and the opponent was given possession."}, {"id": "65", "s1": "4", "s2": "0", "s": "", "t": "64'", "m": "Metzelder won a free kick for Schalke 04."}, {"id": "64", "s1": "4", "s2": "0", "s": "", "t": "64'", "m": "Schalke 04 substitution, Raphael replaced Hoggle"}, {"id": "63", "s1": "4", "s2": "0", "s": "", "t": "63'", "m": "Goal!!! Bayern Munich player Gomez fired a right-footed shot from the centre of the penalty area, the ball flew into the goal from the bottom left corner and the ball went in! Assisted by Robben. Bayern Munich 4-0 Schalke 04."}, {"id": "62", "s1": "3", "s2": "0", "s": "", "t": "61'", "m": "Robben won a free kick for Bayern Munich."}, {"id": "61", "s1": "3", "s2": "0", "s": "", "t": "61'", "m": "Schalke 04 player Kolasnak scrambled for a foul and the opponent was given possession of the ball."}, {"id": "60", "s1": "3", "s2": "0", "s": "", "t": "60'", "m": "Metzelder handled the ball off the line and Bayern Munich won a corner kick."}, {"id": "59", "s1": "3", "s2": "0", "s": "", "t": "60'", "m": "Bayern Munich player Gomez's header from the centre of the penalty area was blocked by a defender. It was Alaba who gave him the ball."}, {"id": "58", "s1": "3", "s2": "0", "s": "", "t": "56'", "m": "Yellow! Schalke 04 player Hoggle was shown a yellow card by the referee for a malicious foul."}, {"id": "57", "s1": "3", "s2": "0", "s": "", "t": "56'", "m": "Ribery won a free kick for Bayern Munich on the left."}, {"id": "56", "s1": "3", "s2": "0", "s": "", "t": "56'", "m": "Schalke 04 player Hoggle scrambled for a foul and the opponent was given possession of the ball."}, {"id": "55", "s1": "3", "s2": "0", "s": "", "t": "55'", "m": "Bayern Munich player Robben tried his left-footed shot from the right side of the penalty area, but unfortunately the ball was slightly above the goal. It was Ribery who gave him the ball."}, {"id": "54", "s1": "3", "s2": "0", "s": "", "t": "55'", "m": "Bayern Munich player Alaba scrambled for a foul and the opponent was given possession of the ball."}, {"id": "53", "s1": "3", "s2": "0", "s": "", "t": "55'", "m": "Baneta won a free kick for Schalke 04 at the opposing half."}, {"id": "52", "s1": "3", "s2": "0", "s": "", "t": "54'", "m": "Dante handled the ball out of the bottom line and Schalke 04 won the corner."}, {"id": "51", "s1": "3", "s2": "0", "s": "", "t": "51'", "m": "Goal!!! Bayern Munich player Alaba's left-footed shot from the centre of the penalty area flew into the net from the bottom right corner and the ball went in! Assisted by Gomez. Bayern Munich 3-0 Schalke 04."}, {"id": "50", "s1": "2", "s2": "0", "s": "", "t": "50'", "m": "Ribery won a free kick for Bayern Munich on the left."}, {"id": "49", "s1": "2", "s2": "0", "s": "", "t": "50'", "m": "Schalke 04 player Hévedes scrambled for a foul and the opponent was given possession of the ball."}, {"id": "48", "s1": "2", "s2": "0", "s": "", "t": "", "m": "The second half began with Bayern Munich 2-0 Schalke 04"}, {"id": "47", "s1": "2", "s2": "0", "s": "", "t": "45'+1'", "m": "At the end of the first half, Bayern Munich 2-0 Schalke 04, with a short break, we will take a look at the performance of the two teams in the second half."}, {"id": "46", "s1": "2", "s2": "0", "s": "", "t": "44'", "m": "Bayern Munich player Gomez attempted a header in the centre of the penalty area, but unfortunately the ball went high above goal. It was Kroos who gave him the ball."}, {"id": "45", "s1": "2", "s2": "0", "s": "", "t": "43'", "m": "Matip handled the ball out of the bottom line and Bayern Munich won a corner kick."}, {"id": "44", "s1": "2", "s2": "0", "s": "", "t": "42'", "m": "Bayern Munich player Kroos attempted a right-footed shot from the centre of the penalty area, but unfortunately the ball was slightly offside the left goal."}, {"id": "43", "s1": "2", "s2": "0", "s": "", "t": "42'", "m": "Michel Bastos handled the ball off the line and Bayern Munich won a corner kick."}, {"id": "42", "s1": "2", "s2": "0", "s": "", "t": "41'", "m": "Kolasnac handled the ball out of the bottom line and Bayern Munich won a corner kick."}, {"id": "41", "s1": "2", "s2": "0", "s": "", "t": "40'", "m": "Matip handled the ball out of the bottom line and Bayern Munich won a corner kick."}, {"id": "40", "s1": "2", "s2": "0", "s": "", "t": "40'", "m": "Bayern Munich player Robben's left-footed shot from the centre of the penalty area was blocked by a defender. It was Kroos who gave him the ball."}, {"id": "39", "s1": "2", "s2": "0", "s": "", "t": "39'", "m": "Schalke 04 player Hoggle tried his left-footed shot just outside the penalty area, but unfortunately the ball was slightly offside the left goal. The pass to him was Jermaine Jones."}, {"id": "38", "s1": "2", "s2": "0", "s": "", "t": "38'", "m": "Dante handled the ball out of the bottom line and Schalke 04 won the corner."}, {"id": "37", "s1": "2", "s2": "0", "s": "", "t": "37'", "m": "Schalke 04 player Michel Bastos tried his left-footed shot from outside the penalty area, but unfortunately the ball was deflected off target."}, {"id": "36", "s1": "2", "s2": "0", "s": "", "t": "36'", "m": "Bayern Munich player Javi Martinez scrambled for a foul and his opponent gained possession of the ball."}, {"id": "35", "s1": "2", "s2": "0", "s": "", "t": "36'", "m": "Baneta won a free kick for Schalke 04 at the opposing half."}, {"id": "34", "s1": "2", "s2": "0", "s": "", "t": "34'", "m": "Bayern Munich player Gomez scrambled for a foul and the opponent gained possession of the ball."}, {"id": "33", "s1": "2", "s2": "0", "s": "", "t": "34'", "m": "Matip won a free kick for Schalke 04."}, {"id": "32", "s1": "2", "s2": "0", "s": "", "t": "32'", "m": "Goal!!! Bayern Munich player Schweinsteiger fired a right-footed shot that flew from the bottom left corner into the goal and the ball went in! Bayern Munich 2-0 Schalke 04."}, {"id": "31", "s1": "1", "s2": "0", "s": "", "t": "31'", "m": "Robben won a free kick for Bayern Munich in the opposing half."}, {"id": "30", "s1": "1", "s2": "0", "s": "", "t": "31'", "m": "Schalke 04 player Kolasnak scrambled for a foul and the opponent was given possession of the ball."}, {"id": "29", "s1": "1", "s2": "0", "s": "", "t": "29'", "m": "Bayern Munich player Gomez attempted a header in the centre of the penalty area, but unfortunately the ball was slightly offside the left goal. It was Kroos who gave him the ball."}, {"id": "28", "s1": "1", "s2": "0", "s": "", "t": "28'", "m": "Kroos won a free kick for Bayern Munich on the left."}, {"id": "27", "s1": "1", "s2": "0", "s": "", "t": "28'", "m": "Schalke 04 player Matip scrambled for a foul and the opponent gained possession of the ball."}, {"id": "26", "s1": "1", "s2": "0", "s": "", "t": "27'", "m": "Bayern Munich player Schweinsteiger attempted a header in the centre of the penalty area, but the ball was deflected slightly off the right goal. It was Alaba who gave him the ball."}, {"id": "25", "s1": "1", "s2": "0", "s": "", "t": "27'", "m": "Matip handled the ball out of the bottom line and Bayern Munich won a corner kick."}, {"id": "24", "s1": "1", "s2": "0", "s": "", "t": "22'", "m": "Dante handled the ball out of the bottom line and Schalke 04 won the corner."}, {"id": "23", "s1": "1", "s2": "0", "s": "", "t": "21'", "m": "Bayern Munich player Ribery scrambled for a foul and his opponent was given possession of the ball."}, {"id": "22", "s1": "1", "s2": "0", "s": "", "t": "21'", "m": "Metzelder won a free kick for Schalke 04."}, {"id": "21", "s1": "1", "s2": "0", "s": "", "t": "19'", "m": "Goal!!! Bayern Munich player Alaba shot with his left foot, the ball flew from the bottom left corner into the goal and the ball went in! Bayern Munich 1-0 Schalke 04."}, {"id": "20", "s1": "0", "s2": "0", "s": "", "t": "18'", "m": "Penalty, Ribery was violated inside the penalty area and Bayern Munich received a penalty."}, {"id": "19", "s1": "0", "s2": "0", "s": "", "t": "18'", "m": "Schalke 04 player Hoggle fouled and caused the opponent to get a penalty."}, {"id": "18", "s1": "0", "s2": "0", "s": "", "t": "17'", "m": "Bayern Munich player Robben attempted a header in the centre of the penalty area, but unfortunately the ball was slightly offside the right goal. It was Schweinsteiger who passed the ball."}, {"id": "17", "s1": "0", "s2": "0", "s": "", "t": "16'", "m": "Matip handled the ball out of the bottom line and Bayern Munich won a corner kick."}, {"id": "16", "s1": "0", "s2": "0", "s": "", "t": "12'", "m": "Bayern Munich player Ribery's right-footed shot from the left side of the penalty area was blocked by a defender."}, {"id": "15", "s1": "0", "s2": "0", "s": "", "t": "12'", "m": "Michel Bastos handled the ball off the line and Bayern Munich won a corner kick."}, {"id": "14", "s1": "0", "s2": "0", "s": "", "t": "10'", "m": "Schalke 04 player Michel Bastos tried his left-footed shot from a tight angle away from goal, but unfortunately the ball was slightly off the left goal. It was Baneta who gave him the ball."}, {"id": "13", "s1": "0", "s2": "0", "s": "", "t": "8'", "m": "Shot!!! Bayern Munich player Gomez's header from the centre of the penalty area was saved by the opposing goalkeeper. It was Robben who gave him the ball."}, {"id": "12", "s1": "0", "s2": "0", "s": "", "t": "8'", "m": "Kolasnac handled the ball out of the bottom line and Bayern Munich won a corner kick."}, {"id": "11", "s1": "0", "s2": "0", "s": "", "t": "7'", "m": "Bayern Munich player Schweinsteiger scrambled for a foul and his opponent was given possession of the ball."}, {"id": "10", "s1": "0", "s2": "0", "s": "", "t": "7'", "m": "Jermein Jones won a free kick for Schalke 04."}, {"id": "9", "s1": "0", "s2": "0", "s": "", "t": "6'", "m": "Xavi Martinez won a free kick for Bayern Munich at the opposing half."}, {"id": "8", "s1": "0", "s2": "0", "s": "", "t": "6'", "m": "Schalke 04 player Puke scrambled for a foul and the opponent was given possession of the ball."}, {"id": "7", "s1": "0", "s2": "0", "s": "", "t": "5'", "m": "Bayern Munich player Schweinsteiger scrambled for a foul and his opponent was given possession of the ball."}, {"id": "6", "s1": "0", "s2": "0", "s": "", "t": "5'", "m": "Baneta won a free kick for Schalke 04."}, {"id": "5", "s1": "0", "s2": "0", "s": "", "t": "2'", "m": "Gomez won a free kick for Bayern Munich at the opposing half."}, {"id": "4", "s1": "0", "s2": "0", "s": "", "t": "2'", "m": "Schalke 04 player Neustedt scrambled for a foul and the opponent was given possession of the ball."}, {"id": "3", "s1": "0", "s2": "0", "s": "", "t": "1'", "m": "Schalke 04 player Puke scrambled for a foul and the opponent was given possession of the ball."}, {"id": "2", "s1": "0", "s2": "0", "s": "", "t": "1'", "m": "Dante won a free kick for Bayern Munich."}, {"id": "1", "s1": "0", "s2": "0", "s": "", "t": "", "m": "With a whistle from the referee, the first half of the game began."}]