[{"id": "145", "s1": "4", "s2": "1", "s": "", "t": "", "m": "The match ended with Hoffenheim 4-1 Stuttgart, thank you for watching The Sina Football Live."}, {"id": "144", "s1": "4", "s2": "1", "s": "", "t": "90'+3'", "m": "At the end of the second half, Hoffenheim 4-1 Stuttgart"}, {"id": "143", "s1": "4", "s2": "1", "s": "", "t": "90'+2'", "m": "Goal!!! Hoffenheim player Firmino shot with his right foot, the ball flew from the top left corner into the goal, the ball went in! Hoffenheim 4-1 Stuttgart."}, {"id": "142", "s1": "3", "s2": "1", "s": "", "t": "90'+2'", "m": "Stuttgart player Niedermeier was fouled and caused the opponent to receive a penalty."}, {"id": "141", "s1": "3", "s2": "1", "s": "", "t": "90'+2'", "m": "Penalty, Modeste was violated inside the penalty area and Hoffenheim received a penalty."}, {"id": "140", "s1": "3", "s2": "1", "s": "", "t": "90'", "m": "Maxim handled the ball out of the bottom line and Hoffenheim won the corner."}, {"id": "139", "s1": "3", "s2": "1", "s": "", "t": "90'", "m": "Rudiger handled the ball out of the line and Hoffenheim won a corner kick."}, {"id": "138", "s1": "3", "s2": "1", "s": "", "t": "90'", "m": "Shot!!! Hoffenheim player Modeste's right-footed shot from a tight angle on the left side of the goal was saved by the opposing goalkeeper. It was Polanski who gave him the ball."}, {"id": "137", "s1": "3", "s2": "1", "s": "", "t": "89'", "m": "Hoffenheim player Firmino was fouled for handball and the opponent was given the ball."}, {"id": "136", "s1": "3", "s2": "1", "s": "", "t": "88'", "m": "Boca handled the ball out of the box and Hoffenheim won a corner kick."}, {"id": "135", "s1": "3", "s2": "1", "s": "", "t": "86'", "m": "Kako won a free kick for Stuttgart on the left."}, {"id": "134", "s1": "3", "s2": "1", "s": "", "t": "86'", "m": "Hoffenheim player Girroan Hamad scrambled for a foul and his opponent was given possession of the ball."}, {"id": "133", "s1": "3", "s2": "1", "s": "", "t": "86'", "m": "Hoffenheim made a substitution, with Giroan Hamad replacing Salihović"}, {"id": "132", "s1": "3", "s2": "1", "s": "", "t": "85'", "m": "Niedermeier won a free kick for Stuttgart."}, {"id": "131", "s1": "3", "s2": "1", "s": "", "t": "85'", "m": "Hoffenheim player Firmino scrambled for a foul and his opponent gained possession of the ball."}, {"id": "130", "s1": "3", "s2": "1", "s": "", "t": "84'", "m": "Stuttgart player Schwab threw the ball straight into Abdel-Lavey, but the referee raised a flag to show that the latter was offside."}, {"id": "129", "s1": "3", "s2": "1", "s": "", "t": "84'", "m": "Stuttgart was replaced, with Robin Yalcin replacing Kako"}, {"id": "128", "s1": "3", "s2": "1", "s": "", "t": "83'", "m": "Hoffenheim player Sallihovic kicked the ball straight into Modeste, but the referee raised a flag to show that the latter was offside."}, {"id": "127", "s1": "3", "s2": "1", "s": "", "t": "83'", "m": "Niedermeier won a free kick for Stuttgart."}, {"id": "126", "s1": "3", "s2": "1", "s": "", "t": "83'", "m": "Hoffenheim player Modeste scrambled for a foul and his opponent was given possession of the ball."}, {"id": "125", "s1": "3", "s2": "1", "s": "", "t": "81'", "m": "Stuttgart player Traoré scrambled for a foul and the opponent was given possession."}, {"id": "124", "s1": "3", "s2": "1", "s": "", "t": "81'", "m": "Salihovic won a free kick for Hoffenheim on the left."}, {"id": "123", "s1": "3", "s2": "1", "s": "", "t": "81'", "m": "Stuttgart player Maxim scrambled for a foul and the opponent gained possession of the ball."}, {"id": "122", "s1": "3", "s2": "1", "s": "", "t": "81'", "m": "Flanders won a free kick for Hoffenheim at the opposing half."}, {"id": "121", "s1": "3", "s2": "1", "s": "", "t": "80'", "m": "Stuttgart player Leitner was shown a second yellow card by the referee for a malicious foul."}, {"id": "120", "s1": "3", "s2": "1", "s": "", "t": "79'", "m": "Stuttgart player Leitner scrambled for a foul and the opponent was given possession of the ball."}, {"id": "119", "s1": "3", "s2": "1", "s": "", "t": "79'", "m": "Jules won a free kick for Hoffenheim."}, {"id": "118", "s1": "3", "s2": "1", "s": "", "t": "78'", "m": "Hoffenheim player David Abraham tucked the ball straight into Modeste, but the referee raised a flag to show that the latter was offside."}, {"id": "117", "s1": "3", "s2": "1", "s": "", "t": "78'", "m": "Goal!!! Stuttgart player Rudiger's header from the left side of the penalty area flew into the goal from the top left corner and the ball went in! The assist was Maxim. Hoffenheim 3-1 Stuttgart."}, {"id": "116", "s1": "3", "s2": "0", "s": "", "t": "78'", "m": "Baker handled the ball out of the bottom line and Stuttgart won the corner."}, {"id": "115", "s1": "3", "s2": "0", "s": "", "t": "77'", "m": "Yellow! Hoffenheim player Flanders was shown a yellow card by the referee for a malicious foul."}, {"id": "114", "s1": "3", "s2": "0", "s": "", "t": "77'", "m": "Maxim won a free kick for Stuttgart on the left."}, {"id": "113", "s1": "3", "s2": "0", "s": "", "t": "77'", "m": "Hoffenheim player Forland scrambled for a foul and his opponent was given possession."}, {"id": "112", "s1": "3", "s2": "0", "s": "", "t": "76'", "m": "Stuttgart player Rudiger attempted a header in the centre of the penalty area, but unfortunately the ball was slightly offside the left goal. It was Maxim who passed the ball to him."}, {"id": "111", "s1": "3", "s2": "0", "s": "", "t": "76'", "m": "Abdul Rave won a free kick for Stuttgart at the opposing half."}, {"id": "110", "s1": "3", "s2": "0", "s": "", "t": "76'", "m": "Hoffenheim player David Abraham scrambled for a foul and his opponent gained possession of the ball."}, {"id": "109", "s1": "3", "s2": "0", "s": "", "t": "75'", "m": "Stuttgart player Urreich was shown a yellow card by the referee."}, {"id": "108", "s1": "3", "s2": "0", "s": "", "t": "74'", "m": "Rudiger won a free kick for Stuttgart."}, {"id": "107", "s1": "3", "s2": "0", "s": "", "t": "74'", "m": "Hoffenheim player Baker scrambled for a foul and the opponent was given possession of the ball."}, {"id": "106", "s1": "3", "s2": "0", "s": "", "t": "73'", "m": "Hoffenheim made a substitution, and Modeste replaced Syplock"}, {"id": "105", "s1": "3", "s2": "0", "s": "", "t": "72'", "m": "Boca won a free kick for Stuttgart."}, {"id": "104", "s1": "3", "s2": "0", "s": "", "t": "72'", "m": "Hoffenheim player Forland scrambled for a foul and his opponent was given possession."}, {"id": "103", "s1": "3", "s2": "0", "s": "", "t": "72'", "m": "Stuttgart player Niedermeier threw the ball straight into Abdel-Lavey, but the referee raised a flag to show that the latter was offside."}, {"id": "102", "s1": "3", "s2": "0", "s": "", "t": "72'", "m": "Boca won a free kick for Stuttgart."}, {"id": "101", "s1": "3", "s2": "0", "s": "", "t": "72'", "m": "Hoffenheim player Forland scrambled for a foul and his opponent was given possession."}, {"id": "100", "s1": "3", "s2": "0", "s": "", "t": "71'", "m": "Hoffenheim player Syplock was shown a yellow card by the referee."}, {"id": "99", "s1": "3", "s2": "0", "s": "", "t": "70'", "m": "Hoffenheim player Syplock fell in the penalty area, but the referee sentenced him to a fake fall!"}, {"id": "98", "s1": "3", "s2": "0", "s": "", "t": "68'", "m": "Stuttgart player Kakao attempted a right-footed shot just outside the penalty area, but the ball was deflected slightly off the left goal. It was Schwab who gave him the ball."}, {"id": "97", "s1": "3", "s2": "0", "s": "", "t": "66'", "m": "Goal!!! Hoffenheim player Siplock fired a right-footed shot from outside the penalty area and the ball flew from the bottom right corner into the goal and the ball went in! Assisted by Firmino. Hoffenheim 3-0 Stuttgart."}, {"id": "96", "s1": "2", "s2": "0", "s": "", "t": "65'", "m": "Stuttgart player Maxim attempted a right-footed shot from outside the penalty area, but unfortunately the ball was slightly offside the right goal. It was Kacao who gave him the pass."}, {"id": "95", "s1": "2", "s2": "0", "s": "", "t": "65'", "m": "Stuttgart made a substitution, and Maxim replaced R.Khedira"}, {"id": "94", "s1": "2", "s2": "0", "s": "", "t": "65'", "m": "Niedermeier won a free kick for Stuttgart on the left."}, {"id": "93", "s1": "2", "s2": "0", "s": "", "t": "65'", "m": "Hoffenheim player Syplock scrambled for a foul and the opponent was given possession of the ball."}, {"id": "92", "s1": "2", "s2": "0", "s": "", "t": "64'", "m": "Shot!!! Hoffenheim player Flanders' left-footed shot from the right side of the penalty area was saved by the opposing goalkeeper. It was Stroble who gave him the ball."}, {"id": "91", "s1": "2", "s2": "0", "s": "", "t": "63'", "m": "Stuttgart player Leitner's right-footed shot from a tight angle away from goal was blocked by a defender. It was Traore who gave him the ball."}, {"id": "90", "s1": "2", "s2": "0", "s": "", "t": "63'", "m": "Polanski handled the ball out of the bottom line and Stuttgart won the corner."}, {"id": "89", "s1": "2", "s2": "0", "s": "", "t": "62'", "m": "Hoffenheim made a substitution and Stroble replaced Hedlin"}, {"id": "88", "s1": "2", "s2": "0", "s": "", "t": "60'", "m": "Yellow! Stuttgart player Kako was shown a yellow card by the referee for a malicious foul."}, {"id": "87", "s1": "2", "s2": "0", "s": "", "t": "60'", "m": "Stuttgart player Kako scrambled for a foul and the opponent was given possession."}, {"id": "86", "s1": "2", "s2": "0", "s": "", "t": "60'", "m": "Polanski won a free kick for Hoffenheim."}, {"id": "85", "s1": "2", "s2": "0", "s": "", "t": "59'", "m": "Stuttgart player Kako scrambled for a foul and the opponent was given possession."}, {"id": "84", "s1": "2", "s2": "0", "s": "", "t": "59'", "m": "Fabian Johnson won a free kick for Hoffenheim."}, {"id": "83", "s1": "2", "s2": "0", "s": "", "t": "58'", "m": "Stuttgart player Abdel-Lavey scrambled for a foul and his opponent received possession of the ball."}, {"id": "82", "s1": "2", "s2": "0", "s": "", "t": "58'", "m": "Jules won a free kick for Hoffenheim."}, {"id": "81", "s1": "2", "s2": "0", "s": "", "t": "58'", "m": "Stuttgart was replaced, and Kako replaced Hanik"}, {"id": "80", "s1": "2", "s2": "0", "s": "", "t": "57'", "m": "Hoffenheim player Firmino attempted a header in the centre of the penalty area, but unfortunately the ball went high above goal. It was Salihovic who gave him the ball."}, {"id": "79", "s1": "2", "s2": "0", "s": "", "t": "57'", "m": "Stuttgart player Hanik scrambled for a foul and the opponent was given possession of the ball."}, {"id": "78", "s1": "2", "s2": "0", "s": "", "t": "57'", "m": "Hedlin won a free kick for Hoffenheim on the left."}, {"id": "77", "s1": "2", "s2": "0", "s": "", "t": "56'", "m": "Stuttgart player Hanik scrambled for a foul and the opponent was given possession of the ball."}, {"id": "76", "s1": "2", "s2": "0", "s": "", "t": "56'", "m": "Sallihovic won a free kick for Hoffenheim."}, {"id": "75", "s1": "2", "s2": "0", "s": "", "t": "55'", "m": "Polanski handled the ball out of the bottom line and Stuttgart won the corner."}, {"id": "74", "s1": "2", "s2": "0", "s": "", "t": "55'", "m": "Shot!!! Hoffenheim player Flanders' left-footed shot from the right side of the penalty area was saved by the opposing goalkeeper. It was Firmino who passed the ball to him."}, {"id": "73", "s1": "2", "s2": "0", "s": "", "t": "54'", "m": "Shot!!! Stuttgart player Boca's left-footed shot from outside the penalty area was saved by the opposing goalkeeper."}, {"id": "72", "s1": "2", "s2": "0", "s": "", "t": "54'", "m": "Stuttgart player Boca's left-footed shot from outside the penalty area was blocked by a defender."}, {"id": "71", "s1": "2", "s2": "0", "s": "", "t": "54'", "m": "Fabian Johnson handled the ball out of the bottom line and Stuttgart won a corner kick."}, {"id": "70", "s1": "2", "s2": "0", "s": "", "t": "53'", "m": "Yellow! Stuttgart player Hanik was shown a yellow card by the referee for a malicious foul."}, {"id": "69", "s1": "2", "s2": "0", "s": "", "t": "53'", "m": "Hoffenheim player Polanski was shown a yellow card by the referee."}, {"id": "68", "s1": "2", "s2": "0", "s": "", "t": "52'", "m": "Stuttgart player Hanik scrambled for a foul and the opponent was given possession of the ball."}, {"id": "67", "s1": "2", "s2": "0", "s": "", "t": "52'", "m": "Baker won a free kick for Hoffenheim."}, {"id": "66", "s1": "2", "s2": "0", "s": "", "t": "51'", "m": "Yellow! Stuttgart player R-Khedira was shown a yellow card by the referee for a malicious foul."}, {"id": "65", "s1": "2", "s2": "0", "s": "", "t": "51'", "m": "Stuttgart player R-Khedira scrambled for a foul and the opponent was given possession of the ball."}, {"id": "64", "s1": "2", "s2": "0", "s": "", "t": "51'", "m": "Polanski won a free kick for Hoffenheim."}, {"id": "63", "s1": "2", "s2": "0", "s": "", "t": "50'", "m": "Stuttgart player Rudiger scrambled for a foul and the opponent was given possession of the ball."}, {"id": "62", "s1": "2", "s2": "0", "s": "", "t": "50'", "m": "Polanski won a free kick for Hoffenheim."}, {"id": "61", "s1": "2", "s2": "0", "s": "", "t": "50'", "m": "Leitner won a free kick for Stuttgart on the right."}, {"id": "60", "s1": "2", "s2": "0", "s": "", "t": "50'", "m": "Hoffenheim player Salihovic scrambled for a foul and his opponent was given possession of the ball."}, {"id": "59", "s1": "2", "s2": "0", "s": "", "t": "49'", "m": "Goal!!! Hoffenheim player Flanders fired a right-footed shot from the bottom right corner of the penalty area and the ball flew into the goal! The assist was Salihović. Hoffenheim 2-0 Stuttgart."}, {"id": "58", "s1": "1", "s2": "0", "s": "", "t": "", "m": "The second half began with Hoffenheim 1-0 Stuttgart"}, {"id": "57", "s1": "1", "s2": "0", "s": "", "t": "45'+1'", "m": "At the end of the first half, Hoffenheim 1-0 Stuttgart, with a short break, we will take a look at the performance of the two teams in the second half."}, {"id": "56", "s1": "1", "s2": "0", "s": "", "t": "43'", "m": "Stuttgart player Rudiger scrambled for a foul and the opponent was given possession of the ball."}, {"id": "55", "s1": "1", "s2": "0", "s": "", "t": "43'", "m": "Hedlin won a free kick for Hoffenheim at the opposing half."}, {"id": "54", "s1": "1", "s2": "0", "s": "", "t": "41'", "m": "Hoffenheim player Sallihovic's left-footed shot from outside the box hit the right upright post."}, {"id": "53", "s1": "1", "s2": "0", "s": "", "t": "40'", "m": "Stuttgart player Niedermeier scrambled for a foul and the opponent was given possession of the ball."}, {"id": "52", "s1": "1", "s2": "0", "s": "", "t": "40'", "m": "Firmino won a free kick for Hoffenheim."}, {"id": "51", "s1": "1", "s2": "0", "s": "", "t": "40'", "m": "Schwab won a free kick for Stuttgart."}, {"id": "50", "s1": "1", "s2": "0", "s": "", "t": "40'", "m": "Hoffenheim player Syplock scrambled for a foul and the opponent was given possession of the ball."}, {"id": "49", "s1": "1", "s2": "0", "s": "", "t": "39'", "m": "Stuttgart player Kako attempted a right-footed shot just outside the penalty area, but unfortunately the ball was slightly offside the right goal. The one who passed the ball to him was Abdul Ravey."}, {"id": "48", "s1": "1", "s2": "0", "s": "", "t": "37'", "m": "Hoffenheim player Hedlin was fouled for handball and the opponent was given the ball."}, {"id": "47", "s1": "1", "s2": "0", "s": "", "t": "37'", "m": "Hoffenheim player Forland scrambled for a foul and his opponent was given possession."}, {"id": "46", "s1": "1", "s2": "0", "s": "", "t": "37'", "m": "Traore won a free kick for Stuttgart."}, {"id": "45", "s1": "1", "s2": "0", "s": "", "t": "33'", "m": "Stuttgart player Leitner attempted a left-footed shot from outside the penalty area, but unfortunately the ball was slightly offside the left goal."}, {"id": "44", "s1": "1", "s2": "0", "s": "", "t": "32'", "m": "Hoffenheim player Syplock threw the ball straight into Hedlin, but the referee raised a flag to show that the latter was offside."}, {"id": "43", "s1": "1", "s2": "0", "s": "", "t": "32'", "m": "Firmino won a free kick for Hoffenheim at the opposing half."}, {"id": "42", "s1": "1", "s2": "0", "s": "", "t": "32'", "m": "Stuttgart player R-Khedira scrambled for a foul and the opponent was given possession of the ball."}, {"id": "41", "s1": "1", "s2": "0", "s": "", "t": "31'", "m": "Hoffenheim player Flanders tried his left-footed shot from outside the penalty area, but unfortunately the ball was high above goal. It was Firmino who passed the ball to him."}, {"id": "40", "s1": "1", "s2": "0", "s": "", "t": "30'", "m": "Stuttgart player Rudiger scrambled for a foul and the opponent was given possession of the ball."}, {"id": "39", "s1": "1", "s2": "0", "s": "", "t": "30'", "m": "Flanders won a free kick for Hoffenheim."}, {"id": "38", "s1": "1", "s2": "0", "s": "", "t": "30'", "m": "Stuttgart player Traoré's left-footed shot from outside the penalty area was blocked by a defender."}, {"id": "37", "s1": "1", "s2": "0", "s": "", "t": "29'", "m": "R-Khedira won a free kick for Stuttgart at the opposing half."}, {"id": "36", "s1": "1", "s2": "0", "s": "", "t": "29'", "m": "Hoffenheim player Hedlin scrambled for a foul and his opponent gained possession of the ball."}, {"id": "35", "s1": "1", "s2": "0", "s": "", "t": "28'", "m": "Leitner won a free kick for Stuttgart on the left."}, {"id": "34", "s1": "1", "s2": "0", "s": "", "t": "28'", "m": "Hoffenheim player Fabian Johnson scrambled for a foul and his opponent was given possession of the ball."}, {"id": "33", "s1": "1", "s2": "0", "s": "", "t": "25'", "m": "Yellow! Stuttgart player Leitner was shown a yellow card by the referee for a malicious foul."}, {"id": "32", "s1": "1", "s2": "0", "s": "", "t": "25'", "m": "Stuttgart player Leitner scrambled for a foul and the opponent was given possession of the ball."}, {"id": "31", "s1": "1", "s2": "0", "s": "", "t": "25'", "m": "Hedlin won a free kick for Hoffenheim."}, {"id": "30", "s1": "1", "s2": "0", "s": "", "t": "24'", "m": "Firmino won a free kick for Hoffenheim at the opposing half."}, {"id": "29", "s1": "1", "s2": "0", "s": "", "t": "24'", "m": "Stuttgart player Boca scrambled for a foul and the opponent was given possession of the ball."}, {"id": "28", "s1": "1", "s2": "0", "s": "", "t": "23'", "m": "Flanders won a free kick for Hoffenheim."}, {"id": "27", "s1": "1", "s2": "0", "s": "", "t": "23'", "m": "Stuttgart player Kako scrambled for a foul and the opponent was given possession."}, {"id": "26", "s1": "1", "s2": "0", "s": "", "t": "21'", "m": "Stuttgart player Leitner kicked the ball straight into Traoré, but the referee raised a flag to show that the latter was offside."}, {"id": "25", "s1": "1", "s2": "0", "s": "", "t": "19'", "m": "Hoffenheim player Sallihovic kicked the ball straight into Siplock, but the referee raised a flag to show that the latter was offside."}, {"id": "24", "s1": "1", "s2": "0", "s": "", "t": "18'", "m": "Hoffenheim player Firmino threw the ball straight into Forland, but the referee raised a flag to show that the latter was offside."}, {"id": "23", "s1": "1", "s2": "0", "s": "", "t": "15'", "m": "Niedermeier won a free kick for Stuttgart at the opposing half."}, {"id": "22", "s1": "1", "s2": "0", "s": "", "t": "15'", "m": "Hoffenheim player Firmino scrambled for a foul and his opponent gained possession of the ball."}, {"id": "21", "s1": "1", "s2": "0", "s": "", "t": "14'", "m": "Hoffenheim player Salihovic attempted a left-footed shot from the left side of the penalty area, but unfortunately the ball was slightly offside the right goal. It was Firmino who passed the ball to him."}, {"id": "20", "s1": "1", "s2": "0", "s": "", "t": "14'", "m": "Shot!!! Stuttgart player Kako's left-footed shot from the centre of the penalty area was saved by the opposing goalkeeper."}, {"id": "19", "s1": "1", "s2": "0", "s": "", "t": "12'", "m": "Goal!!! Hoffenheim player Siplock fired a right-footed shot from the centre of the penalty area, the ball flew into the middle of the box and the ball went in! Hoffenheim 1-0 Stuttgart."}, {"id": "18", "s1": "0", "s2": "0", "s": "", "t": "9'", "m": "Rudiger handled the ball out of the line and Hoffenheim won a corner kick."}, {"id": "17", "s1": "0", "s2": "0", "s": "", "t": "9'", "m": "Stuttgart player Niedermeier scrambled for a foul and the opponent was given possession of the ball."}, {"id": "16", "s1": "0", "s2": "0", "s": "", "t": "9'", "m": "Syplock won a free kick for Hoffenheim on the left."}, {"id": "15", "s1": "0", "s2": "0", "s": "", "t": "7'", "m": "Abdul Rave won a free kick for Stuttgart."}, {"id": "14", "s1": "0", "s2": "0", "s": "", "t": "7'", "m": "Hoffenheim player Polanski scrambled for a foul and his opponent was given possession of the ball."}, {"id": "13", "s1": "0", "s2": "0", "s": "", "t": "7'", "m": "Stuttgart player Hanik tried his right-footed shot from the right side of the penalty area, but unfortunately the ball was slightly offside the right goal. The one who passed the ball to him was Abdul Ravey."}, {"id": "12", "s1": "0", "s2": "0", "s": "", "t": "5'", "m": "Hoffenheim player Firmino threw the ball straight into Salihovic, but the referee raised a flag to show that the latter was offside."}, {"id": "11", "s1": "0", "s2": "0", "s": "", "t": "5'", "m": "Ulreich handled the ball off the line and Hoffenheim won a corner kick."}, {"id": "10", "s1": "0", "s2": "0", "s": "", "t": "5'", "m": "Hoffenheim player Baker tried his right-footed shot from outside the penalty area, but unfortunately the ball was slightly offside the left goal."}, {"id": "9", "s1": "0", "s2": "0", "s": "", "t": "4'", "m": "Stuttgart player Rudiger attempted a right-footed shot from outside the penalty area, but the ball was deflected slightly off the left goal."}, {"id": "8", "s1": "0", "s2": "0", "s": "", "t": "3'", "m": "Boca won a free kick for Stuttgart at the opposing half."}, {"id": "7", "s1": "0", "s2": "0", "s": "", "t": "3'", "m": "Hoffenheim player Salihovic scrambled for a foul and his opponent was given possession of the ball."}, {"id": "6", "s1": "0", "s2": "0", "s": "", "t": "2'", "m": "Harnick won a free kick for Stuttgart on the right."}, {"id": "5", "s1": "0", "s2": "0", "s": "", "t": "2'", "m": "Hoffenheim player Jule scrambled for fouls and the opponent gained possession."}, {"id": "4", "s1": "0", "s2": "0", "s": "", "t": "2'", "m": "Hoffenheim player Fabian Johnson's right-footed shot from the centre of the penalty area was blocked by a defender. It was Salihovic who gave him the ball."}, {"id": "3", "s1": "0", "s2": "0", "s": "", "t": "1'", "m": "R-Khedira won a free kick for Stuttgart on the right."}, {"id": "2", "s1": "0", "s2": "0", "s": "", "t": "1'", "m": "Hoffenheim player Baker scrambled for a foul and the opponent was given possession of the ball."}, {"id": "1", "s1": "0", "s2": "0", "s": "", "t": "", "m": "With a whistle from the referee, the first half of the game began."}]