[{"id": "135", "s1": "3", "s2": "3", "s": "", "t": "", "m": "The match ended with Hoffenheim 3-3 Freiburg and thank you for watching the Sina Football Livestream."}, {"id": "134", "s1": "3", "s2": "3", "s": "", "t": "90'+5'", "m": "At the end of the second half, Hoffenheim 3-3 Freiburg"}, {"id": "133", "s1": "3", "s2": "3", "s": "", "t": "90'+4'", "m": "Shot!!! Hoffenheim player Modeste's right-footed shot from outside the penalty area was saved by the opposing goalkeeper."}, {"id": "132", "s1": "3", "s2": "3", "s": "", "t": "90'+4'", "m": "Hoffenheim player Modeste shot from the centre of the penalty area hit the left upright of the goalpost. It was Baker who gave him the pass."}, {"id": "131", "s1": "3", "s2": "3", "s": "", "t": "90'", "m": "The referee sent Muhammadi of Freiburg a direct red card."}, {"id": "130", "s1": "3", "s2": "3", "s": "", "t": "90'", "m": "Freiburg player Mohammed fought for a foul and the opponent gained possession of the ball."}, {"id": "129", "s1": "3", "s2": "3", "s": "", "t": "90'", "m": "Westergaard won a free kick for Hoffenheim."}, {"id": "128", "s1": "3", "s2": "3", "s": "", "t": "89'", "m": "Hoffenheim player Forlander tucked the ball straight into Modeste, but the referee raised a flag to show that the latter was offside."}, {"id": "127", "s1": "3", "s2": "3", "s": "", "t": "88'", "m": "Heffler won a free kick for Freiburg."}, {"id": "126", "s1": "3", "s2": "3", "s": "", "t": "88'", "m": "Hoffenheim player Forland scrambled for a foul and his opponent was given possession."}, {"id": "125", "s1": "3", "s2": "3", "s": "", "t": "88'", "m": "Ginter handled the ball out of the line and Hoffenheim won the corner."}, {"id": "124", "s1": "3", "s2": "3", "s": "", "t": "88'", "m": "Hoffenheim player Stroble's left-footed shot was blocked by a defender."}, {"id": "123", "s1": "3", "s2": "3", "s": "", "t": "87'", "m": "Freiburg player Mohammed fought for a foul and the opponent gained possession of the ball."}, {"id": "122", "s1": "3", "s2": "3", "s": "", "t": "87'", "m": "Baker won a free kick for Hoffenheim."}, {"id": "121", "s1": "3", "s2": "3", "s": "", "t": "86'", "m": "Hoffenheim player Modeste was fouled for handball and the opponent was given the ball."}, {"id": "120", "s1": "3", "s2": "3", "s": "", "t": "86'", "m": "The suspension ended and the players resumed playing."}, {"id": "119", "s1": "3", "s2": "3", "s": "", "t": "85'", "m": "Freiburg Günter fell to the ground injured and the game was suspended"}, {"id": "118", "s1": "3", "s2": "3", "s": "", "t": "84'", "m": "Hoffenheim player David Abraham's right-footed shot from outside the penalty area was blocked by a defender."}, {"id": "117", "s1": "3", "s2": "3", "s": "", "t": "84'", "m": "Freiburg player Fernandez scrambled for a foul and the opponent gained possession."}, {"id": "116", "s1": "3", "s2": "3", "s": "", "t": "84'", "m": "David Abraham won a free kick for Hoffenheim on the right."}, {"id": "115", "s1": "3", "s2": "3", "s": "", "t": "83'", "m": "Freiburg was replaced, and Heffler replaced Muiza"}, {"id": "114", "s1": "3", "s2": "3", "s": "", "t": "82'", "m": "Hoffenheim player Syplock's right-footed shot from outside the penalty area was blocked by a defender."}, {"id": "113", "s1": "3", "s2": "3", "s": "", "t": "80'", "m": "Yellow! Freiburg player Fernandez was shown a yellow card by the referee for a malicious foul."}, {"id": "112", "s1": "3", "s2": "3", "s": "", "t": "80'", "m": "Freiburg player Fernandez scrambled for a foul and the opponent gained possession."}, {"id": "111", "s1": "3", "s2": "3", "s": "", "t": "80'", "m": "Modeste won a free kick for Hoffenheim on the right."}, {"id": "110", "s1": "3", "s2": "3", "s": "", "t": "79'", "m": "Muiza won a free kick for Freiburg."}, {"id": "109", "s1": "3", "s2": "3", "s": "", "t": "79'", "m": "Hoffenheim player Firmino scrambled for a foul and his opponent gained possession of the ball."}, {"id": "108", "s1": "3", "s2": "3", "s": "", "t": "77'", "m": "Goal!!! Hoffenheim player Stroble fired a right-footed shot from outside the penalty area and the ball flew into the goal from the top right corner and the ball went in! Hoffenheim 3-3 Freiburg."}, {"id": "107", "s1": "2", "s2": "3", "s": "", "t": "76'", "m": "Shot!!! Hoffenheim player Siplock's right-footed shot from the centre of the penalty area was saved by the opposing goalkeeper. It was Flanders who gave him the ball."}, {"id": "106", "s1": "2", "s2": "3", "s": "", "t": "75'", "m": "The suspension ended and the players resumed playing."}, {"id": "105", "s1": "2", "s2": "3", "s": "", "t": "75'", "m": "Freiburg were replaced, Kermasch was on, Diagne went off with injury."}, {"id": "104", "s1": "2", "s2": "3", "s": "", "t": "75'", "m": "Diagne Freiburg fell to the ground injured and the game was suspended"}, {"id": "103", "s1": "2", "s2": "3", "s": "", "t": "74'", "m": "Hoffenheim player Firmino's right-footed shot from outside the box was blocked by a defender."}, {"id": "102", "s1": "2", "s2": "3", "s": "", "t": "73'", "m": "Yellow! Freiburg player Muiza was shown a yellow card by the referee for a malicious foul."}, {"id": "101", "s1": "2", "s2": "3", "s": "", "t": "73'", "m": "Freiburg player Muiza scrambled for a foul and the opponent gained possession."}, {"id": "100", "s1": "2", "s2": "3", "s": "", "t": "73'", "m": "Firmino won a free kick for Hoffenheim at the opposing half."}, {"id": "99", "s1": "2", "s2": "3", "s": "", "t": "72'", "m": "Hoffenheim was replaced, and Syplok replaced Polanski"}, {"id": "98", "s1": "2", "s2": "3", "s": "", "t": "72'", "m": "Freiburg was replaced, and Muhammady replaced Gad"}, {"id": "97", "s1": "2", "s2": "3", "s": "", "t": "69'", "m": "Hoffenheim player David Abraham tucked the ball straight into Modeste, but the referee raised a flag to show that the latter was offside."}, {"id": "96", "s1": "2", "s2": "3", "s": "", "t": "69'", "m": "Freiburg player Schuster scrambled for a foul and the opponent gained possession of the ball."}, {"id": "95", "s1": "2", "s2": "3", "s": "", "t": "69'", "m": "Flanders won a free kick for Hoffenheim on the right."}, {"id": "94", "s1": "2", "s2": "3", "s": "", "t": "68'", "m": "Freis won a free kick for Freiburg on the left."}, {"id": "93", "s1": "2", "s2": "3", "s": "", "t": "68'", "m": "Hoffenheim player Baker scrambled for a foul and the opponent was given possession of the ball."}, {"id": "92", "s1": "2", "s2": "3", "s": "", "t": "68'", "m": "The suspension ended and the players resumed playing."}, {"id": "91", "s1": "2", "s2": "3", "s": "", "t": "67'", "m": "Diagne Freiburg fell to the ground injured and the game was suspended"}, {"id": "90", "s1": "2", "s2": "3", "s": "", "t": "66'", "m": "Diagne won a free kick for Freiburg."}, {"id": "89", "s1": "2", "s2": "3", "s": "", "t": "66'", "m": "Hoffenheim player Modeste scrambled for a foul and his opponent was given possession of the ball."}, {"id": "88", "s1": "2", "s2": "3", "s": "", "t": "65'", "m": "Goal!!! Freiburg player Fryes shot with his right foot in the centre of the penalty area, the ball flew from the top right corner of the goal and the ball went in! The assist was Schmid. Hoffenheim 2-3 Freiburg."}, {"id": "87", "s1": "2", "s2": "2", "s": "", "t": "65'", "m": "Westgaard handled the ball out of the line and Freiburg won a corner kick."}, {"id": "86", "s1": "2", "s2": "2", "s": "", "t": "65'", "m": "Freiburg player Freis fired a right-footed shot from the centre of the penalty area that was blocked by a defender."}, {"id": "85", "s1": "2", "s2": "2", "s": "", "t": "64'", "m": "David Abraham handled the ball off the line and Freiburg won a corner kick."}, {"id": "84", "s1": "2", "s2": "2", "s": "", "t": "63'", "m": "Gader won a free kick for Freiburg at the opposing half."}, {"id": "83", "s1": "2", "s2": "2", "s": "", "t": "63'", "m": "Hoffenheim player Westergaard scrambled for a foul and the opponent was given possession of the ball."}, {"id": "82", "s1": "2", "s2": "2", "s": "", "t": "62'", "m": "Freiburg player Zorg scrambled for a foul and his opponent was given possession of the ball."}, {"id": "81", "s1": "2", "s2": "2", "s": "", "t": "62'", "m": "Flanders won a free kick for Hoffenheim on the right."}, {"id": "80", "s1": "2", "s2": "2", "s": "", "t": "61'", "m": "Freiburg player Günter scrambled for a foul and the opponent was given possession of the ball."}, {"id": "79", "s1": "2", "s2": "2", "s": "", "t": "61'", "m": "Modeste won a free kick for Hoffenheim on the right."}, {"id": "78", "s1": "2", "s2": "2", "s": "", "t": "60'", "m": "Freiburg player Sorge kicked the ball straight into Freis, but the referee raised a flag to show that the latter was offside."}, {"id": "77", "s1": "2", "s2": "2", "s": "", "t": "60'", "m": "Hoffenheim player Moderst attempted a right-footed shot just outside the penalty area, but the ball deflected slightly off the right goal. It was Flanders who gave him the ball."}, {"id": "76", "s1": "2", "s2": "2", "s": "", "t": "56'", "m": "Hoffenheim player Moderst tucked the ball straight into Firmino, but the referee raised a flag to show that the latter was offside."}, {"id": "75", "s1": "2", "s2": "2", "s": "", "t": "54'", "m": "Shot!!! Freiburg player Schmid's right-footed shot from the centre of the penalty area was saved by the opposing goalkeeper. It was Muiza who gave him the pass."}, {"id": "74", "s1": "2", "s2": "2", "s": "", "t": "53'", "m": "Freiburg player Freis scrambled for a foul and the opponent was given possession of the ball."}, {"id": "73", "s1": "2", "s2": "2", "s": "", "t": "53'", "m": "Baker won a free kick for Hoffenheim."}, {"id": "72", "s1": "2", "s2": "2", "s": "", "t": "51'", "m": "Hoffenheim player Polanski shoved the ball straight to Firmino, but the referee raised a flag to show that the latter was offside."}, {"id": "71", "s1": "2", "s2": "2", "s": "", "t": "50'", "m": "Freiburg player Freis attempted a header in the centre of the penalty area, but unfortunately the ball was slightly offside the left goal. It was Schmid who gave him the ball."}, {"id": "70", "s1": "2", "s2": "2", "s": "", "t": "49'", "m": "David Abraham handled the ball off the line and Freiburg won a corner kick."}, {"id": "69", "s1": "2", "s2": "2", "s": "", "t": "49'", "m": "Freis won a free kick for Freiburg at the opposing half."}, {"id": "68", "s1": "2", "s2": "2", "s": "", "t": "49'", "m": "Hoffenheim player Polanski scrambled for a foul and his opponent was given possession of the ball."}, {"id": "67", "s1": "2", "s2": "2", "s": "", "t": "48'", "m": "Ginter won a free kick for Freiburg."}, {"id": "66", "s1": "2", "s2": "2", "s": "", "t": "48'", "m": "Hoffenheim player Modeste scrambled for a foul and his opponent was given possession of the ball."}, {"id": "65", "s1": "2", "s2": "2", "s": "", "t": "48'", "m": "Hoffenheim player Fabian Johnson's right-footed shot from outside the box was blocked by a defender."}, {"id": "64", "s1": "2", "s2": "2", "s": "", "t": "47'", "m": "Freiburg player Schuster was fouled for handball and the opponent was given the ball."}, {"id": "63", "s1": "2", "s2": "2", "s": "", "t": "", "m": "The second half began with Hoffenheim 2-2 Freiburg"}, {"id": "62", "s1": "2", "s2": "2", "s": "", "t": "45'+3'", "m": "At the end of the first half, Hoffenheim 2-2 Freiburg, with a short break, we will take a look at the performance of the two teams in the second half."}, {"id": "61", "s1": "2", "s2": "2", "s": "", "t": "45'+2'", "m": "Freiburg player Schmid scrambled for a foul and the opponent was given possession of the ball."}, {"id": "60", "s1": "2", "s2": "2", "s": "", "t": "45'+2'", "m": "Fabian Johnson won a free kick for Hoffenheim."}, {"id": "59", "s1": "2", "s2": "2", "s": "", "t": "44'", "m": "Gader won a free kick for Freiburg."}, {"id": "58", "s1": "2", "s2": "2", "s": "", "t": "44'", "m": "Hoffenheim player Polanski scrambled for a foul and his opponent was given possession of the ball."}, {"id": "57", "s1": "2", "s2": "2", "s": "", "t": "44'", "m": "Hoffenheim player Moderst's left-footed shot was blocked by a defender."}, {"id": "56", "s1": "2", "s2": "2", "s": "", "t": "43'", "m": "The referee sent Freiburg off a direct red card."}, {"id": "55", "s1": "2", "s2": "2", "s": "", "t": "41'", "m": "Freiburg player Cochrane was shown a second yellow card by the referee for a malicious foul."}, {"id": "54", "s1": "2", "s2": "2", "s": "", "t": "41'", "m": "Freiburg player Cochrane scrambled for a foul and the opponent was given possession of the ball."}, {"id": "53", "s1": "2", "s2": "2", "s": "", "t": "41'", "m": "Flanders won a free kick for Hoffenheim."}, {"id": "52", "s1": "2", "s2": "2", "s": "", "t": "40'", "m": "Yellow! Freiburg player Cochrane was shown a yellow card by the referee for a malicious foul."}, {"id": "51", "s1": "2", "s2": "2", "s": "", "t": "40'", "m": "Freiburg player Cochrane scrambled for a foul and the opponent was given possession of the ball."}, {"id": "50", "s1": "2", "s2": "2", "s": "", "t": "40'", "m": "Flanders won a free kick for Hoffenheim."}, {"id": "49", "s1": "2", "s2": "2", "s": "", "t": "40'", "m": "Freiburg player Freis attempted a right-footed shot from outside the penalty area, but unfortunately the ball went high above goal. It was Cochrane who gave him the pass."}, {"id": "48", "s1": "2", "s2": "2", "s": "", "t": "39'", "m": "Freis won a free kick for Freiburg."}, {"id": "47", "s1": "2", "s2": "2", "s": "", "t": "39'", "m": "Hoffenheim player David Abraham scrambled for a foul and his opponent gained possession of the ball."}, {"id": "46", "s1": "2", "s2": "2", "s": "", "t": "38'", "m": "Freiburg player Freis scrambled for a foul and the opponent was given possession of the ball."}, {"id": "45", "s1": "2", "s2": "2", "s": "", "t": "38'", "m": "Westergaard won a free kick for Hoffenheim."}, {"id": "44", "s1": "2", "s2": "2", "s": "", "t": "38'", "m": "Freiburg player Fernandez scrambled for a foul and the opponent gained possession."}, {"id": "43", "s1": "2", "s2": "2", "s": "", "t": "38'", "m": "Fabian Johnson won a free kick for Hoffenheim at the opposing half."}, {"id": "42", "s1": "2", "s2": "2", "s": "", "t": "35'", "m": "Fernandez won a free kick for Freiburg."}, {"id": "41", "s1": "2", "s2": "2", "s": "", "t": "35'", "m": "Hoffenheim player Polanski scrambled for a foul and his opponent was given possession of the ball."}, {"id": "40", "s1": "2", "s2": "2", "s": "", "t": "33'", "m": "Hoffenheim made a substitution, and Stroble replaced Yunussi"}, {"id": "39", "s1": "2", "s2": "2", "s": "", "t": "32'", "m": "Freiburg player Sorge tried his left-footed shot in the centre of the penalty area, but unfortunately the ball deflected off the goal. It was Schmid who gave him the ball."}, {"id": "38", "s1": "2", "s2": "2", "s": "", "t": "32'", "m": "David Abraham handled the ball off the line and Freiburg won a corner kick."}, {"id": "37", "s1": "2", "s2": "2", "s": "", "t": "31'", "m": "Freiburg player Muiza scrambled for a foul and the opponent gained possession."}, {"id": "36", "s1": "2", "s2": "2", "s": "", "t": "31'", "m": "Modeste won a free kick for Hoffenheim."}, {"id": "35", "s1": "2", "s2": "2", "s": "", "t": "30'", "m": "Yellow! Hoffenheim player Yunusi was shown a yellow card by the referee for a malicious foul."}, {"id": "34", "s1": "2", "s2": "2", "s": "", "t": "29'", "m": "Goal!!! Freiburg player Gader shot with his right foot in front of the goal line, the ball flew from the middle of the road into the goal, the ball went in! The assist was Schuster. Hoffenheim 2-2 Freiburg."}, {"id": "33", "s1": "2", "s2": "1", "s": "", "t": "29'", "m": "Shot!!! Freiburg player Schmid's right-footed shot from outside the penalty area was saved by the opposing goalkeeper."}, {"id": "32", "s1": "2", "s2": "1", "s": "", "t": "28'", "m": "Schuster won a free kick for Freiburg in the opposing half."}, {"id": "31", "s1": "2", "s2": "1", "s": "", "t": "28'", "m": "Hoffenheim player Polanski scrambled for a foul and his opponent was given possession of the ball."}, {"id": "30", "s1": "2", "s2": "1", "s": "", "t": "25'", "m": "Goal!!! Hoffenheim player Flanders fired a left-footed shot from the left side of the penalty area, the ball flew into the goal from the top right corner and the ball went in! The assist was Westgaux. Hoffenheim 2-1 Freiburg."}, {"id": "29", "s1": "1", "s2": "1", "s": "", "t": "25'", "m": "Freiburg player Freis made a dangerous move and the opponent gained possession of the ball."}, {"id": "28", "s1": "1", "s2": "1", "s": "", "t": "25'", "m": "Westergaard won a free kick for Hoffenheim."}, {"id": "27", "s1": "1", "s2": "1", "s": "", "t": "24'", "m": "Freiburg player Schuster tucked the ball straight into Freis, but the referee raised a flag to show that the latter was offside."}, {"id": "26", "s1": "1", "s2": "1", "s": "", "t": "23'", "m": "Freis won a free kick for Freiburg at the opposing half."}, {"id": "25", "s1": "1", "s2": "1", "s": "", "t": "23'", "m": "Hoffenheim player Yunusi scrambled for a foul and his opponent was given possession."}, {"id": "24", "s1": "1", "s2": "1", "s": "", "t": "22'", "m": "Freiburg player Fernandez scrambled for a foul and the opponent gained possession."}, {"id": "23", "s1": "1", "s2": "1", "s": "", "t": "22'", "m": "Baker won a free kick for Hoffenheim on the right."}, {"id": "22", "s1": "1", "s2": "1", "s": "", "t": "22'", "m": "Freiburg player Zorg scrambled for a foul and his opponent was given possession of the ball."}, {"id": "21", "s1": "1", "s2": "1", "s": "", "t": "22'", "m": "Flanders won a free kick for Hoffenheim."}, {"id": "20", "s1": "1", "s2": "1", "s": "", "t": "21'", "m": "Freiburg player Cochrane scrambled for a foul and the opponent was given possession of the ball."}, {"id": "19", "s1": "1", "s2": "1", "s": "", "t": "21'", "m": "Flanders won a free kick for Hoffenheim on the right."}, {"id": "18", "s1": "1", "s2": "1", "s": "", "t": "19'", "m": "Shot!!! Freiburg player Cochrane's right-footed shot from the right side of the penalty area was saved by the opposing goalkeeper. It was Schmid who gave him the ball."}, {"id": "17", "s1": "1", "s2": "1", "s": "", "t": "18'", "m": "Schmid won a free kick for Freiburg on the right."}, {"id": "16", "s1": "1", "s2": "1", "s": "", "t": "18'", "m": "Hoffenheim player Fabian Johnson scrambled for a foul and his opponent was given possession of the ball."}, {"id": "15", "s1": "1", "s2": "1", "s": "", "t": "14'", "m": "Freiburg player Baumann tucked the ball straight into Gade, but the referee raised a flag to show that the latter was offside."}, {"id": "14", "s1": "1", "s2": "1", "s": "", "t": "13'", "m": "Goal!!! Freiburg player Sorge shot with his right foot from outside the penalty area and the ball flew into the goal from the bottom left corner and the ball went in! The assist was Schmid. Hoffenheim 1-1 Freiburg."}, {"id": "13", "s1": "1", "s2": "0", "s": "", "t": "12'", "m": "Gader won a free kick for Freiburg on the right."}, {"id": "12", "s1": "1", "s2": "0", "s": "", "t": "12'", "m": "Hoffenheim player Yunusi scrambled for a foul and his opponent was given possession."}, {"id": "11", "s1": "1", "s2": "0", "s": "", "t": "9'", "m": "The referee sent Hoffenheim's Salihović a direct red card."}, {"id": "10", "s1": "1", "s2": "0", "s": "", "t": "9'", "m": "Goal!!! Hoffenheim player Sallihovic shot with a left-footed shot that flew from the middle of the road into the goal and the ball went in! Hoffenheim 1-0 Freiburg."}, {"id": "9", "s1": "0", "s2": "0", "s": "", "t": "9'", "m": "Yellow! Freiburg player Sorge was shown a yellow card by the referee for a malicious foul."}, {"id": "8", "s1": "0", "s2": "0", "s": "", "t": "8'", "m": "Penalty, Flanders was violated inside the penalty area and Hoffenheim received the penalty."}, {"id": "7", "s1": "0", "s2": "0", "s": "", "t": "8'", "m": "Freiburg player Zorg fouled and caused the opponent to receive a penalty."}, {"id": "6", "s1": "0", "s2": "0", "s": "", "t": "8'", "m": "Freiburg player Freis tried his left-footed shot from the centre of the penalty area, but unfortunately the ball was slightly offside the left goal. It was Fernandez who gave him the pass."}, {"id": "5", "s1": "0", "s2": "0", "s": "", "t": "5'", "m": "Hoffenheim player West thrust the ball straight into Modeste but the referee raised a flag to show the latter was offside."}, {"id": "4", "s1": "0", "s2": "0", "s": "", "t": "4'", "m": "Sorge handled the ball out of the box and Hoffenheim won the corner."}, {"id": "3", "s1": "0", "s2": "0", "s": "", "t": "3'", "m": "Modeste won a free kick for Hoffenheim at the opposing half."}, {"id": "2", "s1": "0", "s2": "0", "s": "", "t": "3'", "m": "Freiburg player Diagne scrambled for a foul and the opponent was given possession of the ball."}, {"id": "1", "s1": "0", "s2": "0", "s": "", "t": "", "m": "With a whistle from the referee, the first half of the game began."}]