[{"id": "115", "s1": "4", "s2": "1", "s": "", "t": "", "m": "The match ended with Wolfsburg 4-1 Nuremberg, thank you for watching Sina Football Live."}, {"id": "114", "s1": "4", "s2": "1", "s": "", "t": "90'+1'", "m": "End of the second half, Wolfsburg 4-1 Nuremberg"}, {"id": "113", "s1": "4", "s2": "1", "s": "", "t": "90'+1'", "m": "Wolfsburg player Knoch scrambled for a foul and his opponent gained possession of the ball."}, {"id": "112", "s1": "4", "s2": "1", "s": "", "t": "90'+1'", "m": "Foyner won a free kick for Nuremberg on the right."}, {"id": "111", "s1": "4", "s2": "1", "s": "", "t": "89'", "m": "Wolfsburg player Viernia's right-footed shot from the centre of the penalty area was blocked by a defender. It was De Bruyne who passed the ball to him."}, {"id": "110", "s1": "4", "s2": "1", "s": "", "t": "89'", "m": "Tresch won a free kick for Wolfsburg on the right."}, {"id": "109", "s1": "4", "s2": "1", "s": "", "t": "89'", "m": "Nuremberg player Delmić scrambled for a foul and his opponent was given possession of the ball."}, {"id": "108", "s1": "4", "s2": "1", "s": "", "t": "88'", "m": "Wolfsburg player Junior Malanda scrambled for a foul and the opponent was given possession of the ball."}, {"id": "107", "s1": "4", "s2": "1", "s": "", "t": "88'", "m": "R-Mark won a free kick for Nuremberg."}, {"id": "106", "s1": "4", "s2": "1", "s": "", "t": "87'", "m": "Wolfsburg player Calijuri tried his left-footed shot from the right side of the penalty area, but unfortunately the ball went high above goal. It was Tresch who gave him the ball."}, {"id": "105", "s1": "4", "s2": "1", "s": "", "t": "86'", "m": "Wolfsburg made a substitution and Viernia replaced Perisic"}, {"id": "104", "s1": "4", "s2": "1", "s": "", "t": "85'", "m": "Balić handled the ball out of the bottom line and Wolfsburg won the corner."}, {"id": "103", "s1": "4", "s2": "1", "s": "", "t": "84'", "m": "Wolfsburg replaced and Jan Polák replaced Gustavo"}, {"id": "102", "s1": "4", "s2": "1", "s": "", "t": "82'", "m": "Goal!!! Wolfsburg player Perisic shot with his right foot in front of the goal line, the ball flew into the goal from the bottom right corner, and the ball went in! The assist was Olich. Wolfsburg 4-1 Nuremberg."}, {"id": "101", "s1": "3", "s2": "1", "s": "", "t": "82'", "m": "Wolfsburg player Calijuri kicked the ball straight into Perisic, but the referee raised a flag to show that the latter was offside."}, {"id": "100", "s1": "3", "s2": "1", "s": "", "t": "80'", "m": "Nuremberg player Foyrna scrambled for a foul and the opponent was given possession of the ball."}, {"id": "99", "s1": "3", "s2": "1", "s": "", "t": "80'", "m": "Perisic won a free kick for Wolfsburg."}, {"id": "98", "s1": "3", "s2": "1", "s": "", "t": "80'", "m": "Pogatts won a free kick for Nuremberg."}, {"id": "97", "s1": "3", "s2": "1", "s": "", "t": "80'", "m": "Wolfsburg player De Bruyne scrambled for a foul and his opponent was given possession."}, {"id": "96", "s1": "3", "s2": "1", "s": "", "t": "79'", "m": "Balici won a free kick for Nuremberg."}, {"id": "95", "s1": "3", "s2": "1", "s": "", "t": "79'", "m": "Wolfsburg player Junior Malanda scrambled for a foul and the opponent was given possession of the ball."}, {"id": "94", "s1": "3", "s2": "1", "s": "", "t": "79'", "m": "Wolfsburg player Perisic's right-footed shot from the left side of the penalty area was blocked by a defender. It was Calijuri who gave him the ball."}, {"id": "93", "s1": "3", "s2": "1", "s": "", "t": "78'", "m": "Nuremberg made a substitution, and Peckhart replaced Anga"}, {"id": "92", "s1": "3", "s2": "1", "s": "", "t": "78'", "m": "Nuremberg player Foyrna scrambled for a foul and the opponent was given possession of the ball."}, {"id": "91", "s1": "3", "s2": "1", "s": "", "t": "78'", "m": "Gustavo won a free kick for Wolfsburg."}, {"id": "90", "s1": "3", "s2": "1", "s": "", "t": "77'", "m": "Nuremberg player Campana scrambled for a foul and the opponent was given possession of the ball."}, {"id": "89", "s1": "3", "s2": "1", "s": "", "t": "77'", "m": "Calijuri won a free kick for Wolfsburg."}, {"id": "88", "s1": "3", "s2": "1", "s": "", "t": "76'", "m": "Wolfsburg player Naldo attempted a header in the centre of the penalty area, but unfortunately the ball was slightly offside the right goal. It was De Bruyne who passed the ball to him."}, {"id": "87", "s1": "3", "s2": "1", "s": "", "t": "76'", "m": "Platenhardt handled the ball out of the bottom line and Wolfsburg won a corner kick."}, {"id": "86", "s1": "3", "s2": "1", "s": "", "t": "74'", "m": "Naldo handled the ball out of the bottom line and Nuremberg won a corner kick."}, {"id": "85", "s1": "3", "s2": "1", "s": "", "t": "74'", "m": "Nuremberg player Delmić's right-footed shot from the left side of the penalty area was blocked by a defender. It was Hiroshi Kiyotake who gave him the pass."}, {"id": "84", "s1": "3", "s2": "1", "s": "", "t": "73'", "m": "Wolfsburg made a substitution, calijuri replaced Arnold"}, {"id": "83", "s1": "3", "s2": "1", "s": "", "t": "73'", "m": "Wolfsburg player Junior Malanda scrambled for a foul and the opponent was given possession of the ball."}, {"id": "82", "s1": "3", "s2": "1", "s": "", "t": "73'", "m": "Angga won a free kick for Nuremberg on the right."}, {"id": "81", "s1": "3", "s2": "1", "s": "", "t": "72'", "m": "Wolfsburg player Gustavo attempted a header in the centre of the penalty area, but unfortunately the ball was slightly offside the right goal. It was Rodriguez who passed the ball to him."}, {"id": "80", "s1": "3", "s2": "1", "s": "", "t": "71'", "m": "Pogatts handled the ball out of the bottom line and Wolfsburg won the corner."}, {"id": "79", "s1": "3", "s2": "1", "s": "", "t": "69'", "m": "Nuremberg player Plattenhardt was shown a yellow card by the referee."}, {"id": "78", "s1": "3", "s2": "1", "s": "", "t": "69'", "m": "Goal!!! Wolfsburg player Junior Malanda shot with his left foot from outside the penalty area, the ball flew from the bottom left corner into the goal, and the ball went in! Assisted by Arnold. Wolfsburg 3-1 Nuremberg."}, {"id": "77", "s1": "2", "s2": "1", "s": "", "t": "69'", "m": "Nuremberg player Angga's left-footed shot from outside the penalty area was blocked by a defender. It was Foyrna who passed the ball to him."}, {"id": "76", "s1": "2", "s2": "1", "s": "", "t": "68'", "m": "Wolfsburg player Gustavo scrambled for a foul and the opponent was given possession of the ball."}, {"id": "75", "s1": "2", "s2": "1", "s": "", "t": "68'", "m": "Kiyotake Hiroshi won a free kick for Nuremberg in the opposing half."}, {"id": "74", "s1": "2", "s2": "1", "s": "", "t": "67'", "m": "Nuremberg player Angah threw the ball straight into Foyerna, but the referee raised a flag to show that the latter was offside."}, {"id": "73", "s1": "2", "s2": "1", "s": "", "t": "67'", "m": "Wolfsburg player Oric kicked the ball straight into Knoch, but the referee raised a flag to show that the latter was offside."}, {"id": "72", "s1": "2", "s2": "1", "s": "", "t": "67'", "m": "R-Mark handled the ball out of the bottom line and Wolfsburg won a corner kick."}, {"id": "71", "s1": "2", "s2": "1", "s": "", "t": "66'", "m": "Junior Malanda won a free kick for Wolfsburg."}, {"id": "70", "s1": "2", "s2": "1", "s": "", "t": "66'", "m": "Nuremberg player Ballic scrambled for a foul and the opponent gained possession of the ball."}, {"id": "69", "s1": "2", "s2": "1", "s": "", "t": "65'", "m": "Nuremberg player Plattenhardt threw the ball straight into Delmich, but the referee raised a flag to show that the latter was offside."}, {"id": "68", "s1": "2", "s2": "1", "s": "", "t": "64'", "m": "Wolfsburg player Oric tried his left-footed shot from the left side of the penalty area, but unfortunately the ball was slightly offside the right goal. It was Arnold who gave him the pass."}, {"id": "67", "s1": "2", "s2": "1", "s": "", "t": "63'", "m": "Nuremberg made a substitution, with R-Mark replacing Hlosek"}, {"id": "66", "s1": "2", "s2": "1", "s": "", "t": "62'", "m": "Campana handled the ball out of the bottom line and Wolfsburg won a corner."}, {"id": "65", "s1": "2", "s2": "1", "s": "", "t": "62'", "m": "Wolfsburg player Naldo attempted a header in the centre of the penalty area, but unfortunately the ball was slightly offside the left goal."}, {"id": "64", "s1": "2", "s2": "1", "s": "", "t": "62'", "m": "Hiroshi Kiyotake handled the ball out of the line and Wolfsburg won a corner kick."}, {"id": "63", "s1": "2", "s2": "1", "s": "", "t": "61'", "m": "Wolfsburg player De Bruyne's left-footed shot from the right side of the penalty area was blocked by a defender. It was Nardù who gave him the pass."}, {"id": "62", "s1": "2", "s2": "1", "s": "", "t": "60'", "m": "Wolfsburg player De Bruyne scrambled for a foul and his opponent was given possession."}, {"id": "61", "s1": "2", "s2": "1", "s": "", "t": "60'", "m": "Pogatts won a free kick for Nuremberg."}, {"id": "60", "s1": "2", "s2": "1", "s": "", "t": "59'", "m": "Wolfsburg player Orlic attempted a header in the centre of the penalty area, but unfortunately the ball was slightly offside the left goal. It was De Bruyne who passed the ball to him."}, {"id": "59", "s1": "2", "s2": "1", "s": "", "t": "59'", "m": "Platenhardt handled the ball out of the bottom line and Wolfsburg won a corner kick."}, {"id": "58", "s1": "2", "s2": "1", "s": "", "t": "56'", "m": "Wolfsburg player Arnold attempted a left-footed shot from outside the penalty area, but unfortunately the ball was high above goal. It was Perisic who gave him the ball."}, {"id": "57", "s1": "2", "s2": "1", "s": "", "t": "53'", "m": "Nuremberg player Ballic tried his header in the middle of the penalty area, but unfortunately the ball was high above goal. It was Plattenhardt who gave him the pass."}, {"id": "56", "s1": "2", "s2": "1", "s": "", "t": "53'", "m": "Rodriguez handled the ball out of the bottom line and Nuremberg won a corner kick."}, {"id": "55", "s1": "2", "s2": "1", "s": "", "t": "52'", "m": "Nuremberg player Campana attempted a right-footed shot from the right side of the penalty area, but unfortunately the ball was slightly offside the left goal. It was Onga who gave him the pass."}, {"id": "54", "s1": "2", "s2": "1", "s": "", "t": "50'", "m": "Wolfsburg player Oric was fouled for handball and the opponent was given the ball."}, {"id": "53", "s1": "2", "s2": "1", "s": "", "t": "49'", "m": "Shot!!! Wolfsburg player De Bruyne's left-footed shot from outside the penalty area was saved by the opposing goalkeeper. It was Perisic who gave him the ball."}, {"id": "52", "s1": "2", "s2": "1", "s": "", "t": "48'", "m": "Wolfsburg player Rodriguez scrambled for a foul and the opponent gained possession."}, {"id": "51", "s1": "2", "s2": "1", "s": "", "t": "48'", "m": "Foyner won a free kick for Nuremberg at the opposing half."}, {"id": "50", "s1": "2", "s2": "1", "s": "", "t": "47'", "m": "Wolfsburg player Arnold scrambled for a foul and the opponent was given possession of the ball."}, {"id": "49", "s1": "2", "s2": "1", "s": "", "t": "47'", "m": "Campana won a free kick for Nuremberg."}, {"id": "48", "s1": "2", "s2": "1", "s": "", "t": "", "m": "The second half began with Wolfsburg 2-1 Nuremberg"}, {"id": "47", "s1": "2", "s2": "1", "s": "", "t": "45'+2'", "m": "At the end of the first half, Wolfsburg 2-1 Nuremberg, with a short break, we will take a look at the performance of the two teams in the second half."}, {"id": "46", "s1": "2", "s2": "1", "s": "", "t": "45'", "m": "Shot!!! Wolfsburg player De Bruyne's right-footed shot from a wide distance on the left was saved by the opposing goalkeeper. It was Oric who gave him the pass."}, {"id": "45", "s1": "2", "s2": "1", "s": "", "t": "44'", "m": "Arnold won a free kick for Wolfsburg."}, {"id": "44", "s1": "2", "s2": "1", "s": "", "t": "44'", "m": "Nuremberg player Ballic scrambled for a foul and the opponent gained possession of the ball."}, {"id": "43", "s1": "2", "s2": "1", "s": "", "t": "43'", "m": "Wolfsburg player Arnold tried his left-footed shot from outside the penalty area, but the ball was slightly offside the left goal. It was Tresch who gave him the ball."}, {"id": "42", "s1": "2", "s2": "1", "s": "", "t": "40'", "m": "Junior Malanda won a free kick for Wolfsburg on the right."}, {"id": "41", "s1": "2", "s2": "1", "s": "", "t": "40'", "m": "Nuremberg player Plattenhardt scrambled for a foul and the opponent gained possession of the ball."}, {"id": "40", "s1": "2", "s2": "1", "s": "", "t": "38'", "m": "Stark handled the ball out of the bottom line and Wolfsburg won the corner."}, {"id": "39", "s1": "2", "s2": "1", "s": "", "t": "36'", "m": "Yellow! Nuremberg player Hloszek was shown a yellow card by the referee for a malicious foul."}, {"id": "38", "s1": "2", "s2": "1", "s": "", "t": "36'", "m": "De Bruyne won a free kick for Wolfsburg."}, {"id": "37", "s1": "2", "s2": "1", "s": "", "t": "36'", "m": "Nuremberg player Hloszek scrambled for a foul and his opponent was given possession of the ball."}, {"id": "36", "s1": "2", "s2": "1", "s": "", "t": "34'", "m": "Stark handled the ball out of the bottom line and Wolfsburg won the corner."}, {"id": "35", "s1": "2", "s2": "1", "s": "", "t": "32'", "m": "Wolfsburg player Junior Malanda scrambled for a foul and the opponent was given possession of the ball."}, {"id": "34", "s1": "2", "s2": "1", "s": "", "t": "32'", "m": "Balici won a free kick for Nuremberg."}, {"id": "33", "s1": "2", "s2": "1", "s": "", "t": "31'", "m": "Angga handled the ball out of the bottom line and Wolfsburg won the corner."}, {"id": "32", "s1": "2", "s2": "1", "s": "", "t": "29'", "m": "Nuremberg player Campana tucked the ball straight into Foyrna, but the referee raised a flag to show that the latter was offside."}, {"id": "31", "s1": "2", "s2": "1", "s": "", "t": "28'", "m": "Wolfsburg player Gustavo scrambled for a foul and the opponent was given possession of the ball."}, {"id": "30", "s1": "2", "s2": "1", "s": "", "t": "28'", "m": "Kiyotake won a free kick for Nuremberg."}, {"id": "29", "s1": "2", "s2": "1", "s": "", "t": "25'", "m": "Nuremberg substitutions, Campana on, Franz off with injury."}, {"id": "28", "s1": "2", "s2": "1", "s": "", "t": "24'", "m": "Wolfsburg player Perisic attempted a header in the centre of the penalty area, but unfortunately the ball was slightly offside the right goal. It was De Bruyne who passed the ball to him."}, {"id": "27", "s1": "2", "s2": "1", "s": "", "t": "24'", "m": "Arnold won a free kick for Wolfsburg in the opposing half."}, {"id": "26", "s1": "2", "s2": "1", "s": "", "t": "24'", "m": "Nuremberg player Stark scrambled for a foul and his opponent gained possession of the ball."}, {"id": "25", "s1": "2", "s2": "1", "s": "", "t": "24'", "m": "The suspension ended and the players resumed playing."}, {"id": "24", "s1": "2", "s2": "1", "s": "", "t": "23'", "m": "Nuremberg Franz fell to the ground injured and the game was suspended"}, {"id": "23", "s1": "2", "s2": "1", "s": "", "t": "22'", "m": "Goal!!! Wolfsburg player Perisic's left-footed shot from the centre of the penalty area flew into the net and the ball went in! Assisted by De Bruyne. Wolfsburg 2-1 Nuremberg."}, {"id": "22", "s1": "1", "s2": "1", "s": "", "t": "19'", "m": "Goal!!! Wolfsburg player Orlic shot with his left foot in the centre of the penalty area, the ball flew from the top left corner into the goal, and the ball went in! Assisted by De Bruyne. Wolfsburg 1-1 Nuremberg."}, {"id": "21", "s1": "0", "s2": "1", "s": "", "t": "18'", "m": "Wolfsburg player Arnold scrambled for a foul and the opponent was given possession of the ball."}, {"id": "20", "s1": "0", "s2": "1", "s": "", "t": "18'", "m": "Franz won a free kick for Nuremberg."}, {"id": "19", "s1": "0", "s2": "1", "s": "", "t": "17'", "m": "Nuremberg player Hloszek tucked the ball straight into Foyrna, but the referee raised a flag to show that the latter was offside."}, {"id": "18", "s1": "0", "s2": "1", "s": "", "t": "16'", "m": "Junior Malanda won a free kick for Wolfsburg."}, {"id": "17", "s1": "0", "s2": "1", "s": "", "t": "16'", "m": "Nuremberg player Ballic scrambled for a foul and the opponent gained possession of the ball."}, {"id": "16", "s1": "0", "s2": "1", "s": "", "t": "14'", "m": "Wolfsburg player Oric tried to head the ball in the middle of the penalty area, but unfortunately the ball was high above the goal. It was Rodriguez who passed the ball to him."}, {"id": "15", "s1": "0", "s2": "1", "s": "", "t": "11'", "m": "Nuremberg player Anga scrambled for a foul and his opponent gained possession of the ball."}, {"id": "14", "s1": "0", "s2": "1", "s": "", "t": "11'", "m": "Gustavo won a free kick for Wolfsburg."}, {"id": "13", "s1": "0", "s2": "1", "s": "", "t": "10'", "m": "Wolfsburg player Naldo attempted a right-footed shot from outside the penalty area, but unfortunately the ball was slightly above the goal."}, {"id": "12", "s1": "0", "s2": "1", "s": "", "t": "9'", "m": "Nuremberg player Plattenhardt scrambled for a foul and the opponent gained possession of the ball."}, {"id": "11", "s1": "0", "s2": "1", "s": "", "t": "9'", "m": "Arnold won a free kick for Wolfsburg in the opposing half."}, {"id": "10", "s1": "0", "s2": "1", "s": "", "t": "9'", "m": "Nuremberg player Foyrna scrambled for a foul and the opponent was given possession of the ball."}, {"id": "9", "s1": "0", "s2": "1", "s": "", "t": "9'", "m": "Rodriguez won a free kick for Wolfsburg on the left."}, {"id": "8", "s1": "0", "s2": "1", "s": "", "t": "8'", "m": "Goal!!! Nuremberg player Voyerna fired a left-footed shot from the centre of the penalty area, the ball flew into the goal from the top left corner and the ball went in! Assisted by Kiyotake Hiroshi. Wolfsburg 0-1 Nuremberg."}, {"id": "7", "s1": "0", "s2": "0", "s": "", "t": "7'", "m": "Wolfsburg player Naldo's central header from the penalty area was blocked by a defender. It was De Bruyne who passed the ball to him."}, {"id": "6", "s1": "0", "s2": "0", "s": "", "t": "6'", "m": "Schaefer handled the ball out of the bottom line and Wolfsburg won a corner kick."}, {"id": "5", "s1": "0", "s2": "0", "s": "", "t": "6'", "m": "Shot!!! Wolfsburg player Orlic's right-footed shot from the right side of the penalty area was saved by the opposing goalkeeper. It was De Bruyne who passed the ball to him."}, {"id": "4", "s1": "0", "s2": "0", "s": "", "t": "5'", "m": "Wolfsburg player Junior Malanda's left-footed shot from outside the penalty area was blocked by a defender."}, {"id": "3", "s1": "0", "s2": "0", "s": "", "t": "5'", "m": "Wolfsburg player Arnold's left-footed shot from the centre of the penalty area was blocked by a defender. It was Tresch who gave him the ball."}, {"id": "2", "s1": "0", "s2": "0", "s": "", "t": "5'", "m": "Wolfsburg player Knoch threw the ball straight into Oric, but the referee raised a flag to show that the latter was offside."}, {"id": "1", "s1": "0", "s2": "0", "s": "", "t": "", "m": "With a whistle from the referee, the first half of the game began."}]