[{"id": "103", "s1": "9", "s2": "2", "s": "", "t": "", "m": "The match ended with Bayern Munich 9-2 Hamburg, thank you for watching Sina Football Live."}, {"id": "102", "s1": "9", "s2": "2", "s": "", "t": "90'+1'", "m": "At the end of the second half, Bayern Munich 9-2 Hamburg"}, {"id": "101", "s1": "9", "s2": "2", "s": "", "t": "90'+1'", "m": "Bayern Munich player Kroos attempted a right-footed shot from the centre of the penalty area, but unfortunately the ball was slightly offside the right goal. It was Muller who gave him the pass."}, {"id": "100", "s1": "9", "s2": "2", "s": "", "t": "90'", "m": "Dante handled the ball out of the bottom line and Hamburg won a corner kick."}, {"id": "99", "s1": "9", "s2": "2", "s": "", "t": "89'", "m": "Adler handled the ball out of the bottom line and Bayern Munich won a corner kick."}, {"id": "98", "s1": "9", "s2": "2", "s": "", "t": "88'", "m": "Schweinsterger won a free kick for Bayern Munich at the opposing half."}, {"id": "97", "s1": "9", "s2": "2", "s": "", "t": "88'", "m": "Hamburg player Aslan scrambled for a foul and the opponent was given possession."}, {"id": "96", "s1": "9", "s2": "2", "s": "", "t": "88'", "m": "Bruma handled the ball out of the bottom line and Bayern Munich won a corner kick."}, {"id": "95", "s1": "9", "s2": "2", "s": "", "t": "87'", "m": "Schweinsterger won a free kick for Bayern Munich on the right."}, {"id": "94", "s1": "9", "s2": "2", "s": "", "t": "87'", "m": "Hamburg player Ogo scrambled for a foul and the opponent was given possession."}, {"id": "93", "s1": "9", "s2": "2", "s": "", "t": "86'", "m": "Goal!!! Hamburg player Westermann's header from the centre of the penalty area, the ball flew from the top right corner into the goal and the ball went in! The assist was vandervette. Bayern Munich 9-2 Hamburg."}, {"id": "92", "s1": "9", "s2": "1", "s": "", "t": "85'", "m": "Neuer handled the ball out of the bottom line and Hamburg won a corner kick."}, {"id": "91", "s1": "9", "s2": "1", "s": "", "t": "85'", "m": "Shot!!! Hamburg player Van der Vaart's left-footed shot from outside the penalty area was saved by the opposing goalkeeper. It was Shelby who gave him the pass."}, {"id": "90", "s1": "9", "s2": "1", "s": "", "t": "84'", "m": "Bayern Munich player Ribery tucked the ball straight into Gustavo, but the referee raised a flag to show the latter was offside."}, {"id": "89", "s1": "9", "s2": "1", "s": "", "t": "83'", "m": "The suspension ended and the players resumed playing."}, {"id": "88", "s1": "9", "s2": "1", "s": "", "t": "83'", "m": "Bayern Munich Schweinsteiger fell to the ground injured and the game was suspended"}, {"id": "87", "s1": "9", "s2": "1", "s": "", "t": "82'", "m": "Pizarro won a free kick for Bayern Munich."}, {"id": "86", "s1": "9", "s2": "1", "s": "", "t": "82'", "m": "Hamburg player Cachar scrambled for a foul and the opponent gained possession of the ball."}, {"id": "85", "s1": "9", "s2": "1", "s": "", "t": "81'", "m": "Hamburg was replaced, Cachar was replaced by Chindelgi"}, {"id": "84", "s1": "9", "s2": "1", "s": "", "t": "81'", "m": "Bayern Munich player Javi Martinez scrambled for a foul and his opponent gained possession of the ball."}, {"id": "83", "s1": "9", "s2": "1", "s": "", "t": "81'", "m": "DickMyer won a free kick for Hamburg."}, {"id": "82", "s1": "9", "s2": "1", "s": "", "t": "79'", "m": "Shot!!! Bayern Munich player Rafinha's right-footed shot from the right side of the penalty area was saved by the opposing goalkeeper. It was Pizarro who gave him the pass."}, {"id": "81", "s1": "9", "s2": "1", "s": "", "t": "76'", "m": "Goal!!! Bayern Munich player Ribery shot with his right foot from the left side of the penalty area, the ball flew from the bottom right corner into the goal and the ball went in! The assist was Schweinsteg. Bayern Munich 9-1 Hamburg."}, {"id": "80", "s1": "8", "s2": "1", "s": "", "t": "75'", "m": "Goal!!! Hamburg player Bruma's header from the centre of the penalty area, the ball flew into the goal from the bottom left corner and the ball went in! The assist was vandervette. Bayern Munich 8-1 Hamburg."}, {"id": "79", "s1": "8", "s2": "0", "s": "", "t": "74'", "m": "Neuer handled the ball out of the bottom line and Hamburg won a corner kick."}, {"id": "78", "s1": "8", "s2": "0", "s": "", "t": "74'", "m": "Shot!!! Hamburg player Van der Vaart's left-footed shot was saved by the opposing goalkeeper. It was Shelby who gave him the pass."}, {"id": "77", "s1": "8", "s2": "0", "s": "", "t": "72'", "m": "Bayern Munich player Kroos attempted a right-footed shot from the centre of the penalty area, but unfortunately the ball was slightly offside the right goal. It was Pizarro who gave him the pass."}, {"id": "76", "s1": "8", "s2": "0", "s": "", "t": "72'", "m": "Bayern Munich player Pizarro attempted a right-footed shot from the centre of the penalty area, but the ball was deflected slightly off the right goal. It was Gustavo who gave him the pass."}, {"id": "75", "s1": "8", "s2": "0", "s": "", "t": "71'", "m": "Bruma handled the ball out of the bottom line and Bayern Munich won a corner kick."}, {"id": "74", "s1": "8", "s2": "0", "s": "", "t": "71'", "m": "Shot!!! Bayern Munich player Ribery's left-footed shot from the left side of the penalty area was saved by the opposing goalkeeper. It was Kroos who gave him the ball."}, {"id": "73", "s1": "8", "s2": "0", "s": "", "t": "71'", "m": "Bayern Munich player Pizarro attempted a header in the centre of the penalty area, but unfortunately the ball went high above goal. It was Kroos who gave him the ball."}, {"id": "72", "s1": "8", "s2": "0", "s": "", "t": "70'", "m": "Rajkovic handled the ball off the line and Bayern Munich won a corner kick."}, {"id": "71", "s1": "8", "s2": "0", "s": "", "t": "69'", "m": "Xavi Martinez won a free kick for Bayern Munich."}, {"id": "70", "s1": "8", "s2": "0", "s": "", "t": "69'", "m": "Hamburg player Aslan scrambled for a foul and the opponent was given possession."}, {"id": "69", "s1": "8", "s2": "0", "s": "", "t": "69'", "m": "Shot!!! Hamburg player Ogo's left-footed shot from the left side of the penalty area was saved by the opposing goalkeeper. It was Aslan who gave him the pass."}, {"id": "68", "s1": "8", "s2": "0", "s": "", "t": "68'", "m": "Goal!!! Bayern Munich player Pizarro shot with his right foot in front of the goal line, the ball flew from the middle of the road into the goal, the ball went in! Assisted by Mueller. Bayern Munich 8-0 Hamburg."}, {"id": "67", "s1": "7", "s2": "0", "s": "", "t": "65'", "m": "Bayern Munich made a substitution and Ribery replaced Shakiri"}, {"id": "66", "s1": "7", "s2": "0", "s": "", "t": "64'", "m": "Bayern Munich made a substitution, and Müller replaced Robben"}, {"id": "65", "s1": "7", "s2": "0", "s": "", "t": "64'", "m": "Hamburg player Van der Vaart tried to shoot with his right foot, but the ball was deflected slightly off the left goal. It was Shelby who gave him the pass."}, {"id": "64", "s1": "7", "s2": "0", "s": "", "t": "63'", "m": "Bayern Munich player Shakiri attempted a left-footed shot from outside the penalty area, but unfortunately the ball was slightly above goal. It was Robben who gave him the ball."}, {"id": "63", "s1": "7", "s2": "0", "s": "", "t": "61'", "m": "Bayern Munich made a substitution, rafinha replaced Ram"}, {"id": "62", "s1": "7", "s2": "0", "s": "", "t": "60'", "m": "Robben won a free kick for Bayern Munich."}, {"id": "61", "s1": "7", "s2": "0", "s": "", "t": "60'", "m": "Hamburg player Aslan scrambled for a foul and the opponent was given possession."}, {"id": "60", "s1": "7", "s2": "0", "s": "", "t": "57'", "m": "Hamburg was replaced, and Aslan replaced Sun Xingmin"}, {"id": "59", "s1": "7", "s2": "0", "s": "", "t": "57'", "m": "Hamburg made a substitution, and Rajkovic replaced Ricken"}, {"id": "58", "s1": "7", "s2": "0", "s": "", "t": "56'", "m": "Shot!!! Hamburg player Rud neves' right-footed shot from outside the penalty area was saved by the opposing goalkeeper. It was Van der Vaart who gave him the ball."}, {"id": "57", "s1": "7", "s2": "0", "s": "", "t": "55'", "m": "Bayern Munich player Dante scrambled for a foul and his opponent was given possession of the ball."}, {"id": "56", "s1": "7", "s2": "0", "s": "", "t": "55'", "m": "Rudnevez won a free kick for Hamburg in the opposing half."}, {"id": "55", "s1": "7", "s2": "0", "s": "", "t": "54'", "m": "Goal!!! Bayern Munich player Robben fired a left-footed shot from the left side of the penalty area, the ball flew into the goal from the bottom left corner and the ball went in! Assisted by Pizarro. Bayern Munich 7-0 Hamburg."}, {"id": "54", "s1": "6", "s2": "0", "s": "", "t": "53'", "m": "Goal!!! Bayern Munich player Pizarro shot with his right foot in front of the goal line, the ball flew from the middle of the road into the goal, the ball went in! Assisted by Robben. Bayern Munich 6-0 Hamburg."}, {"id": "53", "s1": "5", "s2": "0", "s": "", "t": "52'", "m": "Bayern Munich player Shakiri tried his left-footed shot from outside the penalty area, but unfortunately the ball was slightly offside the left goal. It was Schweinsteiger who passed the ball."}, {"id": "52", "s1": "5", "s2": "0", "s": "", "t": "51'", "m": "Shakiri won a free kick for Bayern Munich."}, {"id": "51", "s1": "5", "s2": "0", "s": "", "t": "51'", "m": "Hamburg player Riken scrambled for a foul and the opponent was given possession of the ball."}, {"id": "50", "s1": "5", "s2": "0", "s": "", "t": "47'", "m": "Shakiri won a free kick for Bayern Munich."}, {"id": "49", "s1": "5", "s2": "0", "s": "", "t": "47'", "m": "Hamburg player Riken scrambled for a foul and the opponent was given possession of the ball."}, {"id": "48", "s1": "5", "s2": "0", "s": "", "t": "46'", "m": "Shot!!! Hamburg player Sun Xingmin's left-footed shot from outside the penalty area was saved by the opposing goalkeeper. It was Van der Vaart who gave him the ball."}, {"id": "47", "s1": "5", "s2": "0", "s": "", "t": "", "m": "At the start of the second half, Bayern Munich 5-0 Hamburg"}, {"id": "46", "s1": "5", "s2": "0", "s": "", "t": "45'+1'", "m": "At the end of the first half, Bayern Munich 5-0 Hamburg, a short break, we will take a look at the performance of the two teams in the second half."}, {"id": "45", "s1": "5", "s2": "0", "s": "", "t": "45'", "m": "Goal!!! Bayern Munich player Pizarro's left-footed shot from the centre of the penalty area flew into the net from the bottom right corner and the ball went in! Bayern Munich 5-0 Hamburg."}, {"id": "44", "s1": "4", "s2": "0", "s": "", "t": "45'", "m": "Bayern Munich player Shakiri's right-footed shot from the centre of the penalty area hit the right upright post. It was Gustavo who gave him the pass."}, {"id": "43", "s1": "4", "s2": "0", "s": "", "t": "44'", "m": "Bayern Munich player Robben attempted a right-footed shot from the right side of the penalty area, but unfortunately the ball was slightly offside the left goal. It was Schweinsteiger who passed the ball."}, {"id": "42", "s1": "4", "s2": "0", "s": "", "t": "41'", "m": "Bruma handled the ball out of the bottom line and Bayern Munich won a corner kick."}, {"id": "41", "s1": "4", "s2": "0", "s": "", "t": "37'", "m": "Shot!!! Bayern Munich player Shakiri's left-footed shot from a tight angle on the left side of the goal was saved by the opposing goalkeeper. It was Kroos who gave him the ball."}, {"id": "40", "s1": "4", "s2": "0", "s": "", "t": "37'", "m": "Pizarro won a free kick for Bayern Munich on the left."}, {"id": "39", "s1": "4", "s2": "0", "s": "", "t": "37'", "m": "Hamburg player Bruma scrambled for a foul and the opponent was given possession of the ball."}, {"id": "38", "s1": "4", "s2": "0", "s": "", "t": "33'", "m": "Goal!!! Bayern Munich player Robben shot with his left foot in the centre of the penalty area, the ball flew into the goal from the bottom right corner, and the ball went in! Assisted by Pizarro. Bayern Munich 4-0 Hamburg."}, {"id": "37", "s1": "3", "s2": "0", "s": "", "t": "33'", "m": "Shakiri won a free kick for Bayern Munich on the left."}, {"id": "36", "s1": "3", "s2": "0", "s": "", "t": "33'", "m": "Hamburg player Riken scrambled for a foul and the opponent was given possession of the ball."}, {"id": "35", "s1": "3", "s2": "0", "s": "", "t": "30'", "m": "Goal!!! Bayern Munich player Pizarro shot with his right foot in front of the goal line, the ball flew from the bottom right corner of the goal and the ball went in! Assisted by Harvey Martinez. Bayern Munich 3-0 Hamburg."}, {"id": "34", "s1": "2", "s2": "0", "s": "", "t": "30'", "m": "Adler handled the ball out of the bottom line and Bayern Munich won a corner kick."}, {"id": "33", "s1": "2", "s2": "0", "s": "", "t": "30'", "m": "Shot!!! Bayern Munich player Robben's left-footed shot from the left side of the penalty area was saved by the opposing goalkeeper. It was Pizarro who gave him the pass."}, {"id": "32", "s1": "2", "s2": "0", "s": "", "t": "28'", "m": "Bayern Munich player Schweinsteiger scrambled for a foul and his opponent was given possession of the ball."}, {"id": "31", "s1": "2", "s2": "0", "s": "", "t": "28'", "m": "Van der Vaart won a free kick for Hamburg at the opposing half."}, {"id": "30", "s1": "2", "s2": "0", "s": "", "t": "27'", "m": "Hamburg player Van der Vaart tucked the ball straight into Bruma, but the referee raised a flag to show that the latter was offside."}, {"id": "29", "s1": "2", "s2": "0", "s": "", "t": "26'", "m": "Bayern Munich player Javi Martinez scrambled for a foul and his opponent gained possession of the ball."}, {"id": "28", "s1": "2", "s2": "0", "s": "", "t": "26'", "m": "Badergi won a free kick for Hamburg at the opposing half."}, {"id": "27", "s1": "2", "s2": "0", "s": "", "t": "26'", "m": "Hamburg player Rud neves' right-footed shot from outside the penalty area was blocked by a defender. It was Sun Xingmin who gave him the ball."}, {"id": "26", "s1": "2", "s2": "0", "s": "", "t": "24'", "m": "Shot!!! Bayern Munich player Xavi Martinez's header from the centre of the penalty area was saved by the opposing goalkeeper. It was Robben who gave him the ball."}, {"id": "25", "s1": "2", "s2": "0", "s": "", "t": "23'", "m": "Xavi Martinez won a free kick for Bayern Munich on the right."}, {"id": "24", "s1": "2", "s2": "0", "s": "", "t": "23'", "m": "Hamburg player Van der Vaart scrambled for a foul and the opponent was given possession of the ball."}, {"id": "23", "s1": "2", "s2": "0", "s": "", "t": "22'", "m": "Xavi Martinez won a free kick for Bayern Munich."}, {"id": "22", "s1": "2", "s2": "0", "s": "", "t": "22'", "m": "Hamburg player Rud neves scrambled for a foul and his opponent was given possession of the ball."}, {"id": "21", "s1": "2", "s2": "0", "s": "", "t": "21'", "m": "Bayern Munich player Pizarro attempted a right-footed shot from the right side of the penalty area, but the ball was slightly offside the left goal. It was Ram who gave him the pass."}, {"id": "20", "s1": "2", "s2": "0", "s": "", "t": "21'", "m": "Bayern Munich player Kroos' left-footed shot from outside the penalty area was blocked by a defender. It was Schweinsteiger who passed the ball."}, {"id": "19", "s1": "2", "s2": "0", "s": "", "t": "19'", "m": "Goal!!! Bayern Munich player Schweinsterge headed a header at the goal line and the ball flew into the goal from the bottom left corner and the ball went in! Assisted by Shakiri. Bayern Munich 2-0 Hamburg."}, {"id": "18", "s1": "1", "s2": "0", "s": "", "t": "18'", "m": "DickMyer handled the ball out of the bottom line and Bayern Munich won a corner kick."}, {"id": "17", "s1": "1", "s2": "0", "s": "", "t": "17'", "m": "Shot!!! Hamburg player Sun Xingmin's right-footed shot from outside the penalty area was saved by the opposing goalkeeper. It was Ogo who gave him the pass."}, {"id": "16", "s1": "1", "s2": "0", "s": "", "t": "16'", "m": "Bayern Munich player Boateng threw the ball straight into Robben, but the referee raised a flag to show that the latter was offside."}, {"id": "15", "s1": "1", "s2": "0", "s": "", "t": "15'", "m": "Hamburg player Riken made a dangerous move and the opponent gained possession of the ball."}, {"id": "14", "s1": "1", "s2": "0", "s": "", "t": "15'", "m": "Pizarro won a free kick for Bayern Munich."}, {"id": "13", "s1": "1", "s2": "0", "s": "", "t": "12'", "m": "Bayern Munich player Neuer kicked the ball straight into Pizarro, but the referee raised a flag to show the latter was offside."}, {"id": "12", "s1": "1", "s2": "0", "s": "", "t": "11'", "m": "Schweinsterge won a free kick for Bayern Munich."}, {"id": "11", "s1": "1", "s2": "0", "s": "", "t": "11'", "m": "Hamburg player Van der Vaart scrambled for a foul and the opponent was given possession of the ball."}, {"id": "10", "s1": "1", "s2": "0", "s": "", "t": "10'", "m": "Bayern Munich player Gustavo scrambled for a foul and the opponent was given possession of the ball."}, {"id": "9", "s1": "1", "s2": "0", "s": "", "t": "10'", "m": "Rud neves won a free kick for Hamburg."}, {"id": "8", "s1": "1", "s2": "0", "s": "", "t": "7'", "m": "Bayern Munich player Schweinsteiger scrambled for a foul and his opponent was given possession of the ball."}, {"id": "7", "s1": "1", "s2": "0", "s": "", "t": "7'", "m": "Adler won a free kick for Hamburg."}, {"id": "6", "s1": "1", "s2": "0", "s": "", "t": "7'", "m": "Shot!!! Bayern Munich player Pizarro's header from the centre of the penalty area was saved by the opposing goalkeeper. It was Kroos who gave him the ball."}, {"id": "5", "s1": "1", "s2": "0", "s": "", "t": "6'", "m": "Robben won a free kick for Bayern Munich on the right."}, {"id": "4", "s1": "1", "s2": "0", "s": "", "t": "6'", "m": "Hamburg player Riken scrambled for a foul and the opponent was given possession of the ball."}, {"id": "3", "s1": "1", "s2": "0", "s": "", "t": "5'", "m": "Goal!!! Bayern Munich player Shakiri shot with a left foot from outside the penalty area and the ball flew into the goal from the bottom right corner and the ball went in! The assist was Kroos. Bayern Munich 1-0 Hamburg."}, {"id": "2", "s1": "0", "s2": "0", "s": "", "t": "3'", "m": "Bayern Munich player Neuer kicked the ball straight into Kroos, but the referee raised a flag to show that the latter was offside."}, {"id": "1", "s1": "0", "s2": "0", "s": "", "t": "", "m": "With a whistle from the referee, the first half of the game began."}]