[{"id": "113", "s1": "4", "s2": "1", "s": "", "t": "", "m": "The match ended with Hannover 96 4-1 Mainz, thank you for watching The Sina Football Live."}, {"id": "112", "s1": "4", "s2": "1", "s": "", "t": "90'+2'", "m": "At the end of the second half, Hannover 96 4-1 Mainz"}, {"id": "111", "s1": "4", "s2": "1", "s": "", "t": "90'+2'", "m": "Perspierch handled the ball out of the bottom line and Hannover 96 won a corner kick."}, {"id": "110", "s1": "4", "s2": "1", "s": "", "t": "90'+2'", "m": "Shot!!! Hannover's 96 player Steyndall's right-footed shot from the right side of the penalty area was saved by the opposing goalkeeper. It was Prieb who gave him the pass."}, {"id": "109", "s1": "4", "s2": "1", "s": "", "t": "90'", "m": "Mainz player Poulter tucked the ball straight into Shubo Motin, but the referee raised a flag to show that the latter was offside."}, {"id": "108", "s1": "4", "s2": "1", "s": "", "t": "90'", "m": "Park Joo-ho won a free kick for Mainz on the left side."}, {"id": "107", "s1": "4", "s2": "1", "s": "", "t": "90'", "m": "Hannover 96 players than Danggu scrambled fouls and the opponent gained possession of the ball."}, {"id": "106", "s1": "4", "s2": "1", "s": "", "t": "89'", "m": "Steendel handled the ball out of the bottom line and Mainz won the corner."}, {"id": "105", "s1": "4", "s2": "1", "s": "", "t": "89'", "m": "Mainz player Guys fired a right-footed shot from a tight angle away from goal on the left and was blocked by a defender."}, {"id": "104", "s1": "4", "s2": "1", "s": "", "t": "88'", "m": "Yellow! Hannover 96 player Hiroki Sakai was shown a yellow card by the referee for a malicious foul."}, {"id": "103", "s1": "4", "s2": "1", "s": "", "t": "88'", "m": "Poulter won a free kick for Mainz on the left."}, {"id": "102", "s1": "4", "s2": "1", "s": "", "t": "88'", "m": "Hannover 96 player Hiroki Sakai scrambled for a foul and the opponent was given possession of the ball."}, {"id": "101", "s1": "4", "s2": "1", "s": "", "t": "88'", "m": "The Hannover 96er attempted a right-footed shot from outside the penalty area but unfortunately the ball was higher than the top right corner. It was Prieb who gave him the pass."}, {"id": "100", "s1": "4", "s2": "1", "s": "", "t": "88'", "m": "Hannover's 96 player Beatangu's left-footed shot from outside the penalty area was blocked by a defender. It was Ya-Konan who gave him the pass."}, {"id": "99", "s1": "4", "s2": "1", "s": "", "t": "86'", "m": "Hannover's 96 player attempted a right-footed shot from the right side of the penalty area, but unfortunately the ball was slightly offside the left goal. It was Andreassen who passed the ball."}, {"id": "98", "s1": "4", "s2": "1", "s": "", "t": "86'", "m": "Schultz handled the ball out of the bottom line and Mainz won a corner kick."}, {"id": "97", "s1": "4", "s2": "1", "s": "", "t": "86'", "m": "Mainz player Shubo Motin's right-footed shot from the centre of the penalty area was blocked by a defender. It was Novyski who gave him the ball."}, {"id": "96", "s1": "4", "s2": "1", "s": "", "t": "85'", "m": "Andreyassen handled the ball out of the line and Mainz won a corner."}, {"id": "95", "s1": "4", "s2": "1", "s": "", "t": "85'", "m": "Hannover made a 96 substitution, schultz replaced Mammé Diouf"}, {"id": "94", "s1": "4", "s2": "1", "s": "", "t": "85'", "m": "Shinji Okazaki won a free kick for Mainz at the opposing half."}, {"id": "93", "s1": "4", "s2": "1", "s": "", "t": "85'", "m": "Hannover 96 player Sane scrambled for a foul and the opponent was given possession."}, {"id": "92", "s1": "4", "s2": "1", "s": "", "t": "82'", "m": "Goal!!! Hannover 96 player Prieb shot with his left foot from the left side of the penalty area, the ball flew from the top left corner into the goal, the ball went in! The assist was Assisted by Andrea Yatsen. Hanover 96 4-1 Mainz."}, {"id": "91", "s1": "3", "s2": "1", "s": "", "t": "82'", "m": "Mainz player Gass kicked the ball straight into Shubo Motin, but the referee raised a flag to show that the latter was offside."}, {"id": "90", "s1": "3", "s2": "1", "s": "", "t": "81'", "m": "Mainz replaced, Poulter replaced Moritz"}, {"id": "89", "s1": "3", "s2": "1", "s": "", "t": "80'", "m": "Goal!!! Hannover 96 player A-Konan shot with his right foot just outside the penalty area and the ball flew into the net from the bottom left corner and the ball went in! The assist is Bidangu. Hanover 96 3-1 Mainz."}, {"id": "88", "s1": "2", "s2": "1", "s": "", "t": "79'", "m": "The suspension ended and the players resumed playing."}, {"id": "87", "s1": "2", "s2": "1", "s": "", "t": "79'", "m": "Mainz fell to the ground injured and the game was suspended"}, {"id": "86", "s1": "2", "s2": "1", "s": "", "t": "74'", "m": "Mainz player Gas scrambled for a foul and the opponent gained possession."}, {"id": "85", "s1": "2", "s2": "1", "s": "", "t": "74'", "m": "Andrea Yatsen won a free kick for Hannover 96 at the opposing half."}, {"id": "84", "s1": "2", "s2": "1", "s": "", "t": "73'", "m": "Mainz player Gass tried a right-footed shot from a small angle on the right side of the goal, but unfortunately the ball was higher than the goal."}, {"id": "83", "s1": "2", "s2": "1", "s": "", "t": "73'", "m": "Nikola Müller won a free kick for Mainz in the opposing half."}, {"id": "82", "s1": "2", "s2": "1", "s": "", "t": "73'", "m": "Hannover 96 player Marcelo scrambled for a foul and the opponent was given possession of the ball."}, {"id": "81", "s1": "2", "s2": "1", "s": "", "t": "71'", "m": "Novyski handled the ball out of the bottom line and Hannover 96 won a corner kick."}, {"id": "80", "s1": "2", "s2": "1", "s": "", "t": "70'", "m": "Hanover made a 96 substitution, with A-Konan replacing Sobeh"}, {"id": "79", "s1": "2", "s2": "1", "s": "", "t": "69'", "m": "Yellow! Mainz player Svensson was shown a yellow card by the referee for a malicious foul."}, {"id": "78", "s1": "2", "s2": "1", "s": "", "t": "69'", "m": "Mainz player Svensson scrambled for a foul and the opponent was given possession of the ball."}, {"id": "77", "s1": "2", "s2": "1", "s": "", "t": "69'", "m": "Sobeh won a free kick for the Hannover 96."}, {"id": "76", "s1": "2", "s2": "1", "s": "", "t": "69'", "m": "Mainz player Shubo Motin's right-footed shot from the centre of the penalty area was blocked by a defender. It was Park Joo-ho who gave him the ball."}, {"id": "75", "s1": "2", "s2": "1", "s": "", "t": "68'", "m": "Mainz made a substitution, and Parker replaced Himlin"}, {"id": "74", "s1": "2", "s2": "1", "s": "", "t": "68'", "m": "Hannover 96 player Andre Yasen tried his right-footed shot from outside the penalty area, but unfortunately the ball was high above the top right corner."}, {"id": "73", "s1": "2", "s2": "1", "s": "", "t": "66'", "m": "Mainz player Simlin tried his left-footed shot from the left side of the penalty area, but unfortunately the ball was slightly above goal. It was Park Joo-ho who gave him the ball."}, {"id": "72", "s1": "2", "s2": "1", "s": "", "t": "66'", "m": "Novyski won a free kick for Mainz."}, {"id": "71", "s1": "2", "s2": "1", "s": "", "t": "66'", "m": "Hannover 96 player Sobech scrambled for a foul and the opponent was given possession."}, {"id": "70", "s1": "2", "s2": "1", "s": "", "t": "65'", "m": "Mainz player Novyski tried to head the ball in the center of the penalty area, but unfortunately the ball was high above the goal. It was Geis who gave him the ball."}, {"id": "69", "s1": "2", "s2": "1", "s": "", "t": "64'", "m": "Shubo Motin won a free kick for Mainz on the left."}, {"id": "68", "s1": "2", "s2": "1", "s": "", "t": "64'", "m": "Hannover 96 player Styndall scrambled for a foul and the opponent was given possession of the ball."}, {"id": "67", "s1": "2", "s2": "1", "s": "", "t": "61'", "m": "Mainz player Moritz scrambles for a foul and the opponent gains possession."}, {"id": "66", "s1": "2", "s2": "1", "s": "", "t": "61'", "m": "Sobeh won a free kick for the Hannover 96."}, {"id": "65", "s1": "2", "s2": "1", "s": "", "t": "60'", "m": "Mainz player Moritz scrambles for a foul and the opponent gains possession."}, {"id": "64", "s1": "2", "s2": "1", "s": "", "t": "60'", "m": "Steendell won a free kick for Hannover 96 at the opposing half."}, {"id": "63", "s1": "2", "s2": "1", "s": "", "t": "58'", "m": "Hannover 96 player Mammé Diouf attempted a left-footed shot from the centre of the penalty area, but the ball was deflected slightly off the right. The one who gave him the ball was Poconioli."}, {"id": "62", "s1": "2", "s2": "1", "s": "", "t": "56'", "m": "Hannover 96 player Marcelo tried to head the ball in the middle of the penalty area, but unfortunately the ball was slightly offside the left goal. It was Prieb who gave him the pass."}, {"id": "61", "s1": "2", "s2": "1", "s": "", "t": "56'", "m": "Novyski handled the ball out of the bottom line and Hannover 96 won a corner kick."}, {"id": "60", "s1": "2", "s2": "1", "s": "", "t": "56'", "m": "Hannover's 96 player Sobiech's right-footed shot from outside the penalty area was blocked by a defender. It was Andreassen who passed the ball."}, {"id": "59", "s1": "2", "s2": "1", "s": "", "t": "55'", "m": "Moritz won a free kick for Mainz."}, {"id": "58", "s1": "2", "s2": "1", "s": "", "t": "55'", "m": "Hanover 96 player Sobech made a dangerous move where the opponent gained possession of the ball."}, {"id": "57", "s1": "2", "s2": "1", "s": "", "t": "52'", "m": "Mainz player Nikola Müller scrambled for a foul and the opponent was given possession of the ball."}, {"id": "56", "s1": "2", "s2": "1", "s": "", "t": "52'", "m": "Steendel won a free kick for the Hanover 96."}, {"id": "55", "s1": "2", "s2": "1", "s": "", "t": "51'", "m": "Hannover 96 player Mammé Diouf tried his right-footed shot from the right side of the penalty area, but unfortunately the ball was slightly offside the right goal. It was Sobiech who passed the ball to him."}, {"id": "54", "s1": "2", "s2": "1", "s": "", "t": "50'", "m": "Yellow! Hannover 96 player Bidangu was shown a yellow card by the referee for a malicious foul."}, {"id": "53", "s1": "2", "s2": "1", "s": "", "t": "50'", "m": "Hannover 96 players than Danggu scrambled fouls and the opponent gained possession of the ball."}, {"id": "52", "s1": "2", "s2": "1", "s": "", "t": "50'", "m": "Simlin won a free kick for Mainz."}, {"id": "51", "s1": "2", "s2": "1", "s": "", "t": "49'", "m": "Park Joo-ho won a free kick for Mainz."}, {"id": "50", "s1": "2", "s2": "1", "s": "", "t": "49'", "m": "Hannover 96 player Mammé Diouf scrambled for a foul and the opponent was given possession of the ball."}, {"id": "49", "s1": "2", "s2": "1", "s": "", "t": "48'", "m": "Mainz player Shubo Motin attempted a right-footed shot from outside the penalty area, but unfortunately the ball was slightly offside the right goal. It was The Simlin who passed the ball to him."}, {"id": "48", "s1": "2", "s2": "1", "s": "", "t": "", "m": "At the start of the second half, Hannover 96 2-1 Mainz"}, {"id": "47", "s1": "2", "s2": "1", "s": "", "t": "45'", "m": "Hanover 96 substitutions, Bidangu replaced Hoffman"}, {"id": "46", "s1": "2", "s2": "1", "s": "", "t": "45'", "m": "Mainz was replaced, with Shubo Motin replacing Baumgartlinger"}, {"id": "45", "s1": "2", "s2": "1", "s": "", "t": "45'+1'", "m": "At the end of the first half, Hannover 96 2-1 Mainz, with a short break, we will take a look at the performance of the two teams in the second half."}, {"id": "44", "s1": "2", "s2": "1", "s": "", "t": "45'", "m": "Mainz player Moritz was fouled for handball and the opponent was given the ball."}, {"id": "43", "s1": "2", "s2": "1", "s": "", "t": "42'", "m": "Hiroki Sakai won a free kick for the Hannover 96."}, {"id": "42", "s1": "2", "s2": "1", "s": "", "t": "42'", "m": "Mainz player Shinji Okazaki scrambled for a foul and his opponent gained possession of the ball."}, {"id": "41", "s1": "2", "s2": "1", "s": "", "t": "39'", "m": "Mainz player Shinji Okazaki tried a right-footed shot from the right side of the penalty area, but unfortunately the ball was high above goal."}, {"id": "40", "s1": "2", "s2": "1", "s": "", "t": "39'", "m": "Mainz player Nikola Müller's right-footed shot from the right side of the penalty area was blocked by a defender. It was Shinji Okazaki who gave him the pass."}, {"id": "39", "s1": "2", "s2": "1", "s": "", "t": "39'", "m": "Hannover 96 player Hoffmann scrambled for a foul and the opponent was given possession of the ball."}, {"id": "38", "s1": "2", "s2": "1", "s": "", "t": "39'", "m": "BaumgartLinger won a free kick for Mainz on the right."}, {"id": "37", "s1": "2", "s2": "1", "s": "", "t": "38'", "m": "Hannover 96 player Pokonioli scrambled for a foul and the opponent was given possession."}, {"id": "36", "s1": "2", "s2": "1", "s": "", "t": "38'", "m": "Gass won a free kick for Mainz."}, {"id": "35", "s1": "2", "s2": "1", "s": "", "t": "38'", "m": "Novyski won a free kick for Mainz."}, {"id": "34", "s1": "2", "s2": "1", "s": "", "t": "38'", "m": "Hannover 96 player Mammé Diouf scrambled for a foul and the opponent was given possession of the ball."}, {"id": "33", "s1": "2", "s2": "1", "s": "", "t": "37'", "m": "Goal!!! Hannover 96 player Sobech headed the ball in front of the goal line, the ball flew from the top left corner into the goal, the ball went in! The assist was Steindel. Hannover 96 2-1 Mainz."}, {"id": "32", "s1": "1", "s2": "1", "s": "", "t": "36'", "m": "Yellow! Hannover 96 player Pokonioli was shown a yellow card by the referee for a malicious foul."}, {"id": "31", "s1": "1", "s2": "1", "s": "", "t": "36'", "m": "Hannover 96 player Pokonioli scrambled for a foul and the opponent was given possession."}, {"id": "30", "s1": "1", "s2": "1", "s": "", "t": "36'", "m": "Moritz won a free kick for Mainz."}, {"id": "29", "s1": "1", "s2": "1", "s": "", "t": "35'", "m": "Hannover 96 player Marcelo's right-footed shot from the centre of the penalty area was blocked by a defender."}, {"id": "28", "s1": "1", "s2": "1", "s": "", "t": "35'", "m": "Hannover 96 player Marcelo's header from the centre of the penalty area was blocked by a defender. It was Styndall who gave him the pass."}, {"id": "27", "s1": "1", "s2": "1", "s": "", "t": "35'", "m": "Svensson handled the ball out of the bottom line and Hannover 96 won a corner kick."}, {"id": "26", "s1": "1", "s2": "1", "s": "", "t": "33'", "m": "Andreassen won a free kick for Hannover 96."}, {"id": "25", "s1": "1", "s2": "1", "s": "", "t": "33'", "m": "Mainz player Simlin scrambled for a foul and the opponent gained possession of the ball."}, {"id": "24", "s1": "1", "s2": "1", "s": "", "t": "31'", "m": "Goal!!! Hannover 96 player Mammé Diouf headed the ball in front of the goal line, the ball flew into the goal from the middle of the road, and the ball went in! Assisted by Prieb. Hanover 96 1-1 Mainz."}, {"id": "23", "s1": "0", "s2": "1", "s": "", "t": "31'", "m": "Gas handled the ball out of the bottom line and Hannover 96 won a corner kick."}, {"id": "22", "s1": "0", "s2": "1", "s": "", "t": "30'", "m": "Hiroki Sakai won a free kick for Hannover 96 on the right."}, {"id": "21", "s1": "0", "s2": "1", "s": "", "t": "30'", "m": "Mainz player Shinji Okazaki scrambled for a foul and his opponent gained possession of the ball."}, {"id": "20", "s1": "0", "s2": "1", "s": "", "t": "29'", "m": "Mamme Diouf won a free kick for Hannover 96 at the opposing half."}, {"id": "19", "s1": "0", "s2": "1", "s": "", "t": "29'", "m": "Mainz player Baum Gatlinger scrambled for a foul and the opponent was given possession of the ball."}, {"id": "18", "s1": "0", "s2": "1", "s": "", "t": "28'", "m": "Shot!!! Mainz player Shinji Okazaki's right-footed shot from the right side of the penalty area was saved by the opposing goalkeeper. It was The Simlin who passed the ball to him."}, {"id": "17", "s1": "0", "s2": "1", "s": "", "t": "27'", "m": "Hannover 96 player Sobech scrambled for a foul and the opponent was given possession."}, {"id": "16", "s1": "0", "s2": "1", "s": "", "t": "27'", "m": "Novyski won a free kick for Mainz."}, {"id": "15", "s1": "0", "s2": "1", "s": "", "t": "25'", "m": "Hannover 96 player Mammé Diouf tried his header in the centre of the penalty area, but the ball was deflected slightly off the left goal. It was Prieb who gave him the pass."}, {"id": "14", "s1": "0", "s2": "1", "s": "", "t": "20'", "m": "Hannover 96 player Hiroki Sakai scrambled for a foul and the opponent was given possession of the ball."}, {"id": "13", "s1": "0", "s2": "1", "s": "", "t": "20'", "m": "Shinji Okazaki won a free kick for Mainz."}, {"id": "12", "s1": "0", "s2": "1", "s": "", "t": "19'", "m": "Mainz player Gass attempted a right-footed shot from outside the penalty area, but unfortunately the ball was slightly offside the left goal. It was Moritz who gave him the ball."}, {"id": "11", "s1": "0", "s2": "1", "s": "", "t": "19'", "m": "Hannover 96 player Sobech scrambled for a foul and the opponent was given possession."}, {"id": "10", "s1": "0", "s2": "1", "s": "", "t": "19'", "m": "Novyski won a free kick for Mainz."}, {"id": "9", "s1": "0", "s2": "1", "s": "", "t": "16'", "m": "Hannover 96 player Styndall scrambled for a foul and the opponent was given possession of the ball."}, {"id": "8", "s1": "0", "s2": "1", "s": "", "t": "16'", "m": "Shinji Okazaki won a free kick for Mainz."}, {"id": "7", "s1": "0", "s2": "1", "s": "", "t": "12'", "m": "Goal!!! Mainz player Nikola Müller fired a right-footed shot from the centre of the penalty area, the ball flew into the middle of the box and the ball went in! The assist was Perspierich. Hanover 96 0-1 Mainz."}, {"id": "6", "s1": "0", "s2": "0", "s": "", "t": "11'", "m": "Hanover 96 player Andreassen scrambled for a foul and the opponent was given possession of the ball."}, {"id": "5", "s1": "0", "s2": "0", "s": "", "t": "11'", "m": "Moritz won a free kick for Mainz."}, {"id": "4", "s1": "0", "s2": "0", "s": "", "t": "9'", "m": "Mainz player Gass fired a left-footed shot that was blocked by a defender."}, {"id": "3", "s1": "0", "s2": "0", "s": "", "t": "3'", "m": "Hannover 96 player Pokonioli scrambled for a foul and the opponent was given possession."}, {"id": "2", "s1": "0", "s2": "0", "s": "", "t": "3'", "m": "Nikola Müller won a free kick for Mainz on the right."}, {"id": "1", "s1": "0", "s2": "0", "s": "", "t": "", "m": "With a whistle from the referee, the first half of the game began."}]