[{"id": "121", "s1": "5", "s2": "0", "s": "", "t": "", "m": "The match ended with Mainz 5-0 Paderborn, thank you for watching The Sina Football Live."}, {"id": "120", "s1": "5", "s2": "0", "s": "", "t": "90'+1'", "m": "The second half ended with Mainz 5-0 Paderborn"}, {"id": "119", "s1": "5", "s2": "0", "s": "", "t": "90'", "m": "Brasis won a free kick for Mainz."}, {"id": "118", "s1": "5", "s2": "0", "s": "", "t": "90'", "m": "Paderburn player Kuchik scrambled for fouls and the opponent gained possession of the ball."}, {"id": "117", "s1": "5", "s2": "0", "s": "", "t": "89'", "m": "Paderburn player Alban Meha tried his right-footed shot from a small angle away from goal on the left, but unfortunately the ball was slightly off the right goal."}, {"id": "116", "s1": "5", "s2": "0", "s": "", "t": "89'", "m": "Bunget handled the ball out of the bottom line and Paderborn won the corner."}, {"id": "115", "s1": "5", "s2": "0", "s": "", "t": "88'", "m": "Paderburn player Jens Wemmer's right-footed shot from the right side of the penalty area was blocked by a defender. It was Rupp who gave him the pass."}, {"id": "114", "s1": "5", "s2": "0", "s": "", "t": "87'", "m": "Goal!!! Mainz player Gass fired a right-footed shot and the ball flew into the goal from the bottom left corner and the ball went in! Mainz 5-0 Paderborn."}, {"id": "113", "s1": "4", "s2": "0", "s": "", "t": "86'", "m": "Penalty, Aragi was violated inside the penalty area and Mainz received the penalty."}, {"id": "112", "s1": "4", "s2": "0", "s": "", "t": "86'", "m": "Paderborn player Patrick Ziegler was fouled and caused the opponent to get a penalty."}, {"id": "111", "s1": "4", "s2": "0", "s": "", "t": "86'", "m": "Mainz player Soto's left-footed shot from the centre of the penalty area was blocked by a defender. It was Araji who gave him the pass."}, {"id": "110", "s1": "4", "s2": "0", "s": "", "t": "82'", "m": "Goal!!! Mainz player Aragi's header from the centre of the penalty area, the ball flew from the bottom right corner into the goal and the ball went in! Assisted by Bentsson. Mainz 4-0 Paderborn."}, {"id": "109", "s1": "3", "s2": "0", "s": "", "t": "82'", "m": "Brasis won a free kick for Mainz on the left."}, {"id": "108", "s1": "3", "s2": "0", "s": "", "t": "82'", "m": "Paderburn player Mario Francic scrambled for a foul and the opponent was given possession of the ball."}, {"id": "107", "s1": "3", "s2": "0", "s": "", "t": "81'", "m": "Mainz player Brasis attempted a header in the centre of the penalty area, but unfortunately the ball was slightly offside the left goal. It was Clemens who gave him the pass."}, {"id": "106", "s1": "3", "s2": "0", "s": "", "t": "81'", "m": "Patrick Ziegler handled the ball out of the box and Mainz won a corner."}, {"id": "105", "s1": "3", "s2": "0", "s": "", "t": "80'", "m": "Mainz was replaced, and Bunget replaced Baumgartlinger"}, {"id": "104", "s1": "3", "s2": "0", "s": "", "t": "80'", "m": "Mainz made a substitution, Soto replaced Marley"}, {"id": "103", "s1": "3", "s2": "0", "s": "", "t": "79'", "m": "Mainz player Baum Gatlinger scrambled for a foul and the opponent was given possession of the ball."}, {"id": "102", "s1": "3", "s2": "0", "s": "", "t": "79'", "m": "Kuchik won a free kick for Paderburn in the opposing half."}, {"id": "101", "s1": "3", "s2": "0", "s": "", "t": "77'", "m": "Paderburn player Rafa slammed the ball straight into Bakaloz but the referee raised a flag to show that the latter was offside."}, {"id": "100", "s1": "3", "s2": "0", "s": "", "t": "77'", "m": "Mainz player Brosinski scrambled for a foul and the opponent gained possession of the ball."}, {"id": "99", "s1": "3", "s2": "0", "s": "", "t": "77'", "m": "Alban Meha won a free kick for Paderborn on the left."}, {"id": "98", "s1": "3", "s2": "0", "s": "", "t": "74'", "m": "Shot!!! Mainz player Gass fired a right-footed shot that was saved by the opposing goalkeeper."}, {"id": "97", "s1": "3", "s2": "0", "s": "", "t": "74'", "m": "Paderborn made a substitution, alban Meha replaced Stobokamp"}, {"id": "96", "s1": "3", "s2": "0", "s": "", "t": "73'", "m": "BaumgartLinger won a free kick for Mainz at the opposing half."}, {"id": "95", "s1": "3", "s2": "0", "s": "", "t": "73'", "m": "Paderburn player Kuchik scrambled for fouls and the opponent gained possession of the ball."}, {"id": "94", "s1": "3", "s2": "0", "s": "", "t": "73'", "m": "Mainz player Aragi's right-footed shot from the centre of the penalty area was blocked by a defender."}, {"id": "93", "s1": "3", "s2": "0", "s": "", "t": "73'", "m": "Mainz player Clemens attempted a right-footed shot from the centre of the penalty area, but unfortunately the ball was slightly offside the left goal. It was Araji who gave him the pass."}, {"id": "92", "s1": "3", "s2": "0", "s": "", "t": "71'", "m": "Mainz player Aragi scrambled for a foul and the opponent was given possession of the ball."}, {"id": "91", "s1": "3", "s2": "0", "s": "", "t": "71'", "m": "Jens Wemmer won a free kick for Paderborn."}, {"id": "90", "s1": "3", "s2": "0", "s": "", "t": "71'", "m": "Mainz player Baumgartlinger attempted a header in the centre of the penalty area, but unfortunately the ball was slightly offside the left goal. It was Geis who gave him the ball."}, {"id": "89", "s1": "3", "s2": "0", "s": "", "t": "70'", "m": "Patrick Ziegler handled the ball out of the box and Mainz won a corner."}, {"id": "88", "s1": "3", "s2": "0", "s": "", "t": "69'", "m": "Mainz was replaced, and Araji replaced Shinji Okazaki"}, {"id": "87", "s1": "3", "s2": "0", "s": "", "t": "69'", "m": "Goal!!! Mainz player Blasis shot with his right foot just outside the penalty area and the ball flew into the goal from the top right corner and the ball went in! Assisted by Marley. Mainz 3-0 Paderborn."}, {"id": "86", "s1": "2", "s2": "0", "s": "", "t": "67'", "m": "Baumgartlinger won a free kick for Mainz."}, {"id": "85", "s1": "2", "s2": "0", "s": "", "t": "67'", "m": "Paderburn player Mario Francic scrambled for a foul and the opponent was given possession of the ball."}, {"id": "84", "s1": "2", "s2": "0", "s": "", "t": "65'", "m": "Gas handled the ball out of the bottom line and Paderburn won the corner."}, {"id": "83", "s1": "2", "s2": "0", "s": "", "t": "64'", "m": "Mainz player Bale tried his header in the middle of the penalty area, but unfortunately the ball was high above goal. It was Geis who gave him the ball."}, {"id": "82", "s1": "2", "s2": "0", "s": "", "t": "63'", "m": "Mario Frankic handled the ball out of the box and Mainz won the corner."}, {"id": "81", "s1": "2", "s2": "0", "s": "", "t": "63'", "m": "Mainz player Clemens' right-footed shot from outside the penalty area was blocked by a defender. It was Geis who gave him the ball."}, {"id": "80", "s1": "2", "s2": "0", "s": "", "t": "62'", "m": "Hunemer handled the ball out of the bottom line and Mainz won the corner."}, {"id": "79", "s1": "2", "s2": "0", "s": "", "t": "62'", "m": "Mainz player Marley's right-footed shot from outside the penalty area was blocked by a defender. It was Blasis who gave him the pass."}, {"id": "78", "s1": "2", "s2": "0", "s": "", "t": "61'", "m": "Paderborn made a substitution and Rakić replaced Süleyman Koc"}, {"id": "77", "s1": "2", "s2": "0", "s": "", "t": "61'", "m": "Brosinski won a free kick for Mainz."}, {"id": "76", "s1": "2", "s2": "0", "s": "", "t": "61'", "m": "Paderburn player Kuchik scrambled for fouls and the opponent gained possession of the ball."}, {"id": "75", "s1": "2", "s2": "0", "s": "", "t": "58'", "m": "Mainz player Baum Gatlinger scrambled for a foul and the opponent was given possession of the ball."}, {"id": "74", "s1": "2", "s2": "0", "s": "", "t": "58'", "m": "Kuchik won a free kick for Paderburn on the right."}, {"id": "73", "s1": "2", "s2": "0", "s": "", "t": "57'", "m": "Mainz player Blasis scrambles for a foul and the opponent gains possession."}, {"id": "72", "s1": "2", "s2": "0", "s": "", "t": "57'", "m": "Jens Wemmer won a free kick for Paderburn at the opposing half."}, {"id": "71", "s1": "2", "s2": "0", "s": "", "t": "56'", "m": "Mainz player Clemens scrambled for a foul and his opponent gained possession of the ball."}, {"id": "70", "s1": "2", "s2": "0", "s": "", "t": "56'", "m": "Jens Wemmer won a free kick for Paderborn."}, {"id": "69", "s1": "2", "s2": "0", "s": "", "t": "55'", "m": "Shot!!! Mainz player Bale's header from the centre of the penalty area was saved by the opposing goalkeeper. It was Bentsson who gave him the ball."}, {"id": "68", "s1": "2", "s2": "0", "s": "", "t": "55'", "m": "Hunemer handled the ball out of the bottom line and Mainz won the corner."}, {"id": "67", "s1": "2", "s2": "0", "s": "", "t": "54'", "m": "Clemens won a free kick for Mainz at the opposing half."}, {"id": "66", "s1": "2", "s2": "0", "s": "", "t": "54'", "m": "Paderburn player Bakaloz scrambles for a foul and the opponent gains possession."}, {"id": "65", "s1": "2", "s2": "0", "s": "", "t": "53'", "m": "Paderborn made a substitution, mario Frančic replaced Christian Strohdiek"}, {"id": "64", "s1": "2", "s2": "0", "s": "", "t": "52'", "m": "Mainz player Bentsson scrambled for a foul and his opponent gained possession."}, {"id": "63", "s1": "2", "s2": "0", "s": "", "t": "52'", "m": "Rupp won a free kick for Paderburn."}, {"id": "62", "s1": "2", "s2": "0", "s": "", "t": "50'", "m": "Mainz player Baum Gatlinger scrambled for a foul and the opponent was given possession of the ball."}, {"id": "61", "s1": "2", "s2": "0", "s": "", "t": "50'", "m": "Stobokamp won a free kick for Paderburn."}, {"id": "60", "s1": "2", "s2": "0", "s": "", "t": "48'", "m": "Jens Wemmer handled the ball out of the bottom line and Mainz won the corner."}, {"id": "59", "s1": "2", "s2": "0", "s": "", "t": "47'", "m": "Mainz player Bell scrambled for a foul and the opponent was given possession of the ball."}, {"id": "58", "s1": "2", "s2": "0", "s": "", "t": "47'", "m": "Stobokamp won a free kick for Paderburn on the left."}, {"id": "57", "s1": "2", "s2": "0", "s": "", "t": "46'", "m": "Goal!!! Mainz player Marley fired a left-footed shot from the left side of the penalty area, the ball flew from the bottom right corner into the goal, and the ball went in! Assisted by Brasis. Mainz 2-0 Paderborn."}, {"id": "56", "s1": "1", "s2": "0", "s": "", "t": "", "m": "The second half began with Mainz 1-0 Paderborn"}, {"id": "55", "s1": "1", "s2": "0", "s": "", "t": "45'+1'", "m": "At the end of the first half, Mainz 1-0 Paderborn, with a short break, we will take a look at the performance of the two teams in the second half."}, {"id": "54", "s1": "1", "s2": "0", "s": "", "t": "45'+1'", "m": "Paderburn player Jens Wemmer tried his right-footed shot just outside the penalty area, but unfortunately the ball was slightly offside the right goal."}, {"id": "53", "s1": "1", "s2": "0", "s": "", "t": "45'", "m": "Bale handled the ball out of the bottom line and Paderburn won the corner."}, {"id": "52", "s1": "1", "s2": "0", "s": "", "t": "44'", "m": "Mainz player Marley scrambled for a foul and the opponent gained possession of the ball."}, {"id": "51", "s1": "1", "s2": "0", "s": "", "t": "44'", "m": "Hunnemeier won a free kick for Paderborn."}, {"id": "50", "s1": "1", "s2": "0", "s": "", "t": "43'", "m": "Mainz player Bentsson attempted a left-footed shot just outside the penalty area, but unfortunately the ball was slightly offside the left goal. It was Geis who gave him the ball."}, {"id": "49", "s1": "1", "s2": "0", "s": "", "t": "42'", "m": "Mainz player Clemens tried his right-footed shot from the right side of the penalty area, but unfortunately the ball was higher than goal. It was Blasis who gave him the pass."}, {"id": "48", "s1": "1", "s2": "0", "s": "", "t": "40'", "m": "Mainz player Gas scrambled for a foul and the opponent gained possession."}, {"id": "47", "s1": "1", "s2": "0", "s": "", "t": "40'", "m": "Barkaloz won a free kick for Paderburn at the opposing half."}, {"id": "46", "s1": "1", "s2": "0", "s": "", "t": "38'", "m": "Kalius handled the ball out of the bottom line and Paderborn won a corner kick."}, {"id": "45", "s1": "1", "s2": "0", "s": "", "t": "38'", "m": "Shot!!! Paderburn player Stobokamp's right-footed shot from the centre of the penalty area was saved by the opposing goalkeeper. It was Rupp who gave him the pass."}, {"id": "44", "s1": "1", "s2": "0", "s": "", "t": "38'", "m": "Paderburn player Rupp shot from just outside the penalty area hit the post crossbar. The one who gave him the pass was Stobokamp."}, {"id": "43", "s1": "1", "s2": "0", "s": "", "t": "37'", "m": "Mainz player Blasis scrambles for a foul and the opponent gains possession."}, {"id": "42", "s1": "1", "s2": "0", "s": "", "t": "37'", "m": "Jens Wemmer won a free kick for Paderborn."}, {"id": "41", "s1": "1", "s2": "0", "s": "", "t": "35'", "m": "Shot!!! Paderburn player Rafa's left-footed shot from the centre of the penalty area was saved by the opposing goalkeeper. The pass to him was Süleyman Koc."}, {"id": "40", "s1": "1", "s2": "0", "s": "", "t": "35'", "m": "Paderburn player Hunnemeier attempted a right-footed shot from the centre of the penalty area, but unfortunately the ball was slightly offside the left goal."}, {"id": "39", "s1": "1", "s2": "0", "s": "", "t": "34'", "m": "Mainz player Bell scrambled for a foul and the opponent was given possession of the ball."}, {"id": "38", "s1": "1", "s2": "0", "s": "", "t": "34'", "m": "Stobokamp won a free kick for Paderburn at the opposing half."}, {"id": "37", "s1": "1", "s2": "0", "s": "", "t": "32'", "m": "Yellow! Paderburn player Rafa was shown a yellow card by the referee for a malicious foul."}, {"id": "36", "s1": "1", "s2": "0", "s": "", "t": "32'", "m": "Marley won a free kick for Mainz at the opposing half."}, {"id": "35", "s1": "1", "s2": "0", "s": "", "t": "32'", "m": "Paderburn player Rafa scrambled for a foul and the opponent gained possession of the ball."}, {"id": "34", "s1": "1", "s2": "0", "s": "", "t": "32'", "m": "Mainz player Brosinski kicked the ball straight into Shinji Okazaki, but the referee raised a flag to show that the latter was offside."}, {"id": "33", "s1": "1", "s2": "0", "s": "", "t": "32'", "m": "Shot!!! Mainz player Marley's right-footed shot from outside the penalty area was saved by the opposing goalkeeper."}, {"id": "32", "s1": "1", "s2": "0", "s": "", "t": "31'", "m": "Shinji Okazaki won a free kick for Mainz."}, {"id": "31", "s1": "1", "s2": "0", "s": "", "t": "31'", "m": "Paderburn player Bakaloz scrambles for a foul and the opponent gains possession."}, {"id": "30", "s1": "1", "s2": "0", "s": "", "t": "30'", "m": "Bale won a free kick for Mainz."}, {"id": "29", "s1": "1", "s2": "0", "s": "", "t": "30'", "m": "Paderburn player Kuchik scrambled for fouls and the opponent gained possession of the ball."}, {"id": "28", "s1": "1", "s2": "0", "s": "", "t": "30'", "m": "Paderburn player Rupp tried his right-footed shot from the left side of the penalty area, but unfortunately the ball was slightly offside the right goal. The one who gave him the pass was Stobokamp."}, {"id": "27", "s1": "1", "s2": "0", "s": "", "t": "27'", "m": "Paderburn's right-footed shot from outside the penalty area was blocked by a defender."}, {"id": "26", "s1": "1", "s2": "0", "s": "", "t": "26'", "m": "Mainz player Clemens attempted a right-footed shot just outside the penalty area, but the ball was deflected slightly off the left goal. It was Marley who gave him the pass."}, {"id": "25", "s1": "1", "s2": "0", "s": "", "t": "26'", "m": "Baumgartlinger won a free kick for Mainz."}, {"id": "24", "s1": "1", "s2": "0", "s": "", "t": "26'", "m": "Paderburn player Rupp scrambled for a foul and the opponent was given possession of the ball."}, {"id": "23", "s1": "1", "s2": "0", "s": "", "t": "24'", "m": "Paderburn player Jens Wemmer tucked the ball straight into Süleyman Koc, but the referee raised a flag to show the latter was offside."}, {"id": "22", "s1": "1", "s2": "0", "s": "", "t": "23'", "m": "Mainz player Bale tried in the middle of the penalty area, but unfortunately the ball was slightly offside the right goal. It was Bentsson who gave him the ball."}, {"id": "21", "s1": "1", "s2": "0", "s": "", "t": "22'", "m": "Hunemer handled the ball out of the bottom line and Mainz won the corner."}, {"id": "20", "s1": "1", "s2": "0", "s": "", "t": "21'", "m": "Bale won a free kick for Mainz on the right."}, {"id": "19", "s1": "1", "s2": "0", "s": "", "t": "21'", "m": "Paderburn player Kuchik scrambled for fouls and the opponent gained possession of the ball."}, {"id": "18", "s1": "1", "s2": "0", "s": "", "t": "20'", "m": "Bale won a free kick for Mainz."}, {"id": "17", "s1": "1", "s2": "0", "s": "", "t": "20'", "m": "Paderburn player Kuchik scrambled for fouls and the opponent gained possession of the ball."}, {"id": "16", "s1": "1", "s2": "0", "s": "", "t": "18'", "m": "Paderburn player Stobokamp attempted a right-footed shot from outside the penalty area, but unfortunately the ball was high above the top right corner. It was Rupp who gave him the pass."}, {"id": "15", "s1": "1", "s2": "0", "s": "", "t": "17'", "m": "Brasis won a free kick for Mainz."}, {"id": "14", "s1": "1", "s2": "0", "s": "", "t": "17'", "m": "Paderburn player Rafa scrambled for a foul and the opponent gained possession of the ball."}, {"id": "13", "s1": "1", "s2": "0", "s": "", "t": "15'", "m": "Mainz player Bentsson attempted a left-footed shot from outside the penalty area, but the ball was deflected slightly off the right goal. It was Geis who gave him the ball."}, {"id": "12", "s1": "1", "s2": "0", "s": "", "t": "14'", "m": "Hunemer handled the ball out of the bottom line and Mainz won the corner."}, {"id": "11", "s1": "1", "s2": "0", "s": "", "t": "13'", "m": "Mainz player Hala scrambled for a foul and the opponent was given possession."}, {"id": "10", "s1": "1", "s2": "0", "s": "", "t": "13'", "m": "Kuchik won a free kick for Paderburn."}, {"id": "9", "s1": "1", "s2": "0", "s": "", "t": "13'", "m": "Clemens won a free kick for Mainz."}, {"id": "8", "s1": "1", "s2": "0", "s": "", "t": "13'", "m": "Paderburn player Jens Wemmer scrambled for a foul and the opponent was given possession of the ball."}, {"id": "7", "s1": "1", "s2": "0", "s": "", "t": "11'", "m": "Rupp handled the ball out of the bottom line and Mainz won the corner."}, {"id": "6", "s1": "1", "s2": "0", "s": "", "t": "6'", "m": "Goal!!! Mainz player Marley shot with his left foot in the centre of the penalty area, the ball flew from the bottom left corner into the goal, and the ball went in! Assisted by Brasis. Mainz 1-0 Paderborn."}, {"id": "5", "s1": "0", "s2": "0", "s": "", "t": "2'", "m": "Baumgartlinger won a free kick for Mainz."}, {"id": "4", "s1": "0", "s2": "0", "s": "", "t": "2'", "m": "Paderburn player Rupp scrambled for a foul and the opponent was given possession of the ball."}, {"id": "3", "s1": "0", "s2": "0", "s": "", "t": "1'", "m": "Shinji Okazaki won a free kick for Mainz on the right."}, {"id": "2", "s1": "0", "s2": "0", "s": "", "t": "1'", "m": "Paderborn player Hunnemeier scrambled for a foul and the opponent was given possession of the ball."}, {"id": "1", "s1": "0", "s2": "0", "s": "", "t": "", "m": "With a whistle from the referee, the first half of the game began."}]