[{"id": "107", "s1": "1", "s2": "3", "s": "", "t": " ", "m": "The match ended with Paderborn 1-3 Wolfsburg, thank you for watching Sina Football Live."}, {"id": "106", "s1": "1", "s2": "3", "s": "", "t": "90'+1'", "m": "At the end of the second half, Paderborn 1-3 Wolfsburg"}, {"id": "105", "s1": "1", "s2": "3", "s": "", "t": "90'+1'", "m": "Goal!!! Paderburn player Rupp shot with his right foot in the centre of the penalty area, the ball flew from the top right corner into the goal, and the ball went in! Paderborn 1-3 Wolfsburg."}, {"id": "104", "s1": "0", "s2": "3", "s": "", "t": "90'", "m": "Naldo handled the ball out of the bottom line and Paderburn won the corner."}, {"id": "103", "s1": "0", "s2": "3", "s": "", "t": "90'", "m": "Süleyman Koc won a free kick for Paderburn at the opposing half."}, {"id": "102", "s1": "0", "s2": "3", "s": "", "t": "90'", "m": "Wolfsburg player Arnold scrambled for a foul and the opponent was given possession of the ball."}, {"id": "101", "s1": "0", "s2": "3", "s": "", "t": "89'", "m": "Shot!!! Paderburn player Sallek's right-footed shot from the centre of the penalty area was saved by the opposing goalkeeper. The one who gave him the pass was Stobokamp."}, {"id": "100", "s1": "0", "s2": "3", "s": "", "t": "89'", "m": "Daniel Brückner won a free kick for Paderborn on the left."}, {"id": "99", "s1": "0", "s2": "3", "s": "", "t": "89'", "m": "Wolfsburg player Tresch scrambled for a foul and his opponent was given possession of the ball."}, {"id": "98", "s1": "0", "s2": "3", "s": "", "t": "87'", "m": "Paderburn player Rupp attempted a right-footed shot from outside the penalty area, but unfortunately the ball was slightly offside the left goal."}, {"id": "97", "s1": "0", "s2": "3", "s": "", "t": "85'", "m": "Kasonga won a free kick for Paderborn on the left."}, {"id": "96", "s1": "0", "s2": "3", "s": "", "t": "85'", "m": "Wolfsburg player Gulavogu scrambled for a foul and the opponent was given possession of the ball."}, {"id": "95", "s1": "0", "s2": "3", "s": "", "t": "84'", "m": "Klose handled the ball out of the bottom line and Paderburn won the corner."}, {"id": "94", "s1": "0", "s2": "3", "s": "", "t": "83'", "m": "Wolfsburg made a substitution, and Schüller replaced Perisic"}, {"id": "93", "s1": "0", "s2": "3", "s": "", "t": "82'", "m": "Goal!!! Wolfsburg player Dost fired a right-footed shot from the right side of the penalty area, the ball flew from the bottom right corner into the goal, and the ball went in! Paderborn 0-3 Wolfsburg."}, {"id": "92", "s1": "0", "s2": "2", "s": "", "t": "82'", "m": "Shot!!! Wolfsburg player Arnold's right-footed shot from the centre of the penalty area was saved by the opposing goalkeeper. It was Perisic who gave him the ball."}, {"id": "91", "s1": "0", "s2": "2", "s": "", "t": "81'", "m": "Dost won a free kick for Wolfsburg on the right."}, {"id": "90", "s1": "0", "s2": "2", "s": "", "t": "81'", "m": "Paderburn player Kassonga scrambled for a foul and the opponent was given possession of the ball."}, {"id": "89", "s1": "0", "s2": "2", "s": "", "t": "81'", "m": "Paderburn player Stobokamp tried a right-footed shot from outside the penalty area, but unfortunately the ball went high above goal. The pass to him was Süleyman Koc."}, {"id": "88", "s1": "0", "s2": "2", "s": "", "t": "78'", "m": "Wolfsburg replaced and Schaefer replaced Rodriguez"}, {"id": "87", "s1": "0", "s2": "2", "s": "", "t": "77'", "m": "Paderborn made a substitution, and Salek replaced Francesc"}, {"id": "86", "s1": "0", "s2": "2", "s": "", "t": "77'", "m": "Yellow! Wolfsburg player Perisic was shown a yellow card by the referee for a malicious foul."}, {"id": "85", "s1": "0", "s2": "2", "s": "", "t": "77'", "m": "Wolfsburg player Perisic scrambled for a foul and the opponent gained possession."}, {"id": "84", "s1": "0", "s2": "2", "s": "", "t": "77'", "m": "Francis scored a free kick for Paderburn at the opposing half."}, {"id": "83", "s1": "0", "s2": "2", "s": "", "t": "73'", "m": "Paderburn player Süleyman Koc's right-footed shot from the right side of the penalty area was blocked by a defender. It was Rupp who gave him the pass."}, {"id": "82", "s1": "0", "s2": "2", "s": "", "t": "72'", "m": "Yellow! Wolfsburg player Dost was shown a yellow card by the referee for a malicious foul."}, {"id": "81", "s1": "0", "s2": "2", "s": "", "t": "72'", "m": "Wolfsburg player Dost scrambled for a foul and his opponent was given possession."}, {"id": "80", "s1": "0", "s2": "2", "s": "", "t": "72'", "m": "Daniel Brückner won a free kick for Paderborn at the opposing half."}, {"id": "79", "s1": "0", "s2": "2", "s": "", "t": "72'", "m": "Paderburn player Marc Vucinovic's right-footed shot from outside the penalty area was blocked by a defender. It was Rupp who gave him the pass."}, {"id": "78", "s1": "0", "s2": "2", "s": "", "t": "71'", "m": "Paderburn player Rakić was fouled for handball and the opponent was given the ball."}, {"id": "77", "s1": "0", "s2": "2", "s": "", "t": "70'", "m": "Wolfsburg player Naldo attempted a header in the centre of the penalty area, but unfortunately the ball was slightly above the goal. It was Rodriguez who passed the ball to him."}, {"id": "76", "s1": "0", "s2": "2", "s": "", "t": "70'", "m": "Marc Vucinovic handled the ball out of the line and Wolfsburg won the corner."}, {"id": "75", "s1": "0", "s2": "2", "s": "", "t": "68'", "m": "Gulavogu won a free kick for Wolfsburg in the opposing half."}, {"id": "74", "s1": "0", "s2": "2", "s": "", "t": "68'", "m": "Paderburn player Rakić scrambled for a foul and the opponent gained possession of the ball."}, {"id": "73", "s1": "0", "s2": "2", "s": "", "t": "66'", "m": "Paderborn was replaced and Rakić was replaced by Jawalots"}, {"id": "72", "s1": "0", "s2": "2", "s": "", "t": "62'", "m": "Gulavogu won a free kick for Wolfsburg in the opposing half."}, {"id": "71", "s1": "0", "s2": "2", "s": "", "t": "62'", "m": "Paderburn player Daniel Brückner scrambled for a foul and the opponent was given possession of the ball."}, {"id": "70", "s1": "0", "s2": "2", "s": "", "t": "62'", "m": "Wolfsburg player Rodriguez was fouled for handball and the opponent was given the ball."}, {"id": "69", "s1": "0", "s2": "2", "s": "", "t": "61'", "m": "Wolfsburg made a substitution, and Arnold replaced Calijuri"}, {"id": "68", "s1": "0", "s2": "2", "s": "", "t": "60'", "m": "De Bruyne won a free kick for Wolfsburg."}, {"id": "67", "s1": "0", "s2": "2", "s": "", "t": "60'", "m": "Paderborn player Hunnemeier scrambled for a foul and the opponent was given possession of the ball."}, {"id": "66", "s1": "0", "s2": "2", "s": "", "t": "59'", "m": "Wolfsburg player Gustavo's left-footed shot from outside the penalty area was blocked by a defender."}, {"id": "65", "s1": "0", "s2": "2", "s": "", "t": "58'", "m": "Wolfsburg player Tresch scrambled for a foul and his opponent was given possession of the ball."}, {"id": "64", "s1": "0", "s2": "2", "s": "", "t": "58'", "m": "Stobokamp won a free kick for Paderburn on the left."}, {"id": "63", "s1": "0", "s2": "2", "s": "", "t": "57'", "m": "Paderburn player Süleyman Koc attempted a right-footed shot from outside the penalty area, but unfortunately the ball was slightly offside the left goal. It was Hunemeier who gave him the ball."}, {"id": "62", "s1": "0", "s2": "2", "s": "", "t": "56'", "m": "Klose handled the ball out of the bottom line and Paderburn won the corner."}, {"id": "61", "s1": "0", "s2": "2", "s": "", "t": "54'", "m": "Paderborn player Kassonn tried his right-footed shot from the centre of the penalty area, but unfortunately the ball went just over the goal. It was Francic who gave him the pass."}, {"id": "60", "s1": "0", "s2": "2", "s": "", "t": "54'", "m": "Naldo handled the ball out of the bottom line and Paderburn won the corner."}, {"id": "59", "s1": "0", "s2": "2", "s": "", "t": "53'", "m": "Paderburn player Hunnemeier's header from the centre of the penalty area was blocked by a defender. It was Francic who gave him the pass."}, {"id": "58", "s1": "0", "s2": "2", "s": "", "t": "53'", "m": "Naldo handled the ball out of the bottom line and Paderburn won the corner."}, {"id": "57", "s1": "0", "s2": "2", "s": "", "t": "53'", "m": "Wolfsburg player Gulavogu scrambled for a foul and the opponent was given possession of the ball."}, {"id": "56", "s1": "0", "s2": "2", "s": "", "t": "53'", "m": "Barkaroz won a free kick for Paderburn on the right."}, {"id": "55", "s1": "0", "s2": "2", "s": "", "t": "52'", "m": "Paderburn player Daniel Brückner tucked the ball straight into Stobokamp, but the referee raised a flag to show the latter was offside."}, {"id": "54", "s1": "0", "s2": "2", "s": "", "t": "51'", "m": "Bernalio handled the ball off the line and Paderburn won the corner."}, {"id": "53", "s1": "0", "s2": "2", "s": "", "t": "51'", "m": "Shot!!! Paderburn player Süleyman Koc's right-footed shot from the right side of the penalty area was saved by the opposing goalkeeper. It was Bakaloz who gave him the ball."}, {"id": "52", "s1": "0", "s2": "2", "s": "", "t": "49'", "m": "Wolfsburg player Gustavo scrambled for a foul and the opponent was given possession of the ball."}, {"id": "51", "s1": "0", "s2": "2", "s": "", "t": "49'", "m": "Rupp won a free kick for Paderburn."}, {"id": "50", "s1": "0", "s2": "2", "s": "", "t": "48'", "m": "Shot!!! Wolfsburg player Perisic's left-footed shot from the right side of the penalty area was saved by the opposing goalkeeper. It was Calijuri who gave him the ball."}, {"id": "49", "s1": "0", "s2": "2", "s": "", "t": "48'", "m": "Tresch won a free kick for Wolfsburg."}, {"id": "48", "s1": "0", "s2": "2", "s": "", "t": "48'", "m": "Paderburn player Kassonga scrambled for a foul and the opponent was given possession of the ball."}, {"id": "47", "s1": "0", "s2": "2", "s": "", "t": "46'", "m": "Wolfsburg player Calijuri was shown a yellow card by the referee."}, {"id": "46", "s1": "0", "s2": "2", "s": "", "t": "46'", "m": "Wolfsburg player Calijuri fell in the penalty area, but the referee sentenced him to a fake fall!"}, {"id": "45", "s1": "0", "s2": "2", "s": "", "t": " ", "m": "The second half began with Paderborn 0-2 Wolfsburg"}, {"id": "44", "s1": "0", "s2": "2", "s": "", "t": "45'", "m": "Paderborn made a substitution and Süleyman Koc replaced Heinlot"}, {"id": "43", "s1": "0", "s2": "2", "s": "", "t": "45'+1'", "m": "At the end of the first half, Paderborn 0-2 Wolfsburg, a short break, we will take a look at the performance of the two teams in the second half."}, {"id": "42", "s1": "0", "s2": "2", "s": "", "t": "45'", "m": "Wolfsburg player De Bruyne attempted a right-footed shot from the centre of the penalty area, but the ball was deflected slightly off the right goal."}, {"id": "41", "s1": "0", "s2": "2", "s": "", "t": "44'", "m": "Francis handled the ball out of the bottom line and Wolfsburg won the corner."}, {"id": "40", "s1": "0", "s2": "2", "s": "", "t": "43'", "m": "Hein Lott won a free kick for Paderborn on the right."}, {"id": "39", "s1": "0", "s2": "2", "s": "", "t": "43'", "m": "Wolfsburg player Calijuri scrambled for a foul and his opponent gained possession of the ball."}, {"id": "38", "s1": "0", "s2": "2", "s": "", "t": "41'", "m": "Kassonga won a free kick for Paderborn on the right."}, {"id": "37", "s1": "0", "s2": "2", "s": "", "t": "41'", "m": "Wolfsburg player Klose scrambled for a foul and the opponent was given possession."}, {"id": "36", "s1": "0", "s2": "2", "s": "", "t": "41'", "m": "Wolfsburg player Gulavogu scrambled for a foul and the opponent was given possession of the ball."}, {"id": "35", "s1": "0", "s2": "2", "s": "", "t": "41'", "m": "Barkaroz won a free kick for Paderburn."}, {"id": "34", "s1": "0", "s2": "2", "s": "", "t": "37'", "m": "Shot!!! Paderburn player Rupp's left-footed shot from outside the penalty area was saved by the opposing goalkeeper. It was Hein Lotte who gave him the ball."}, {"id": "33", "s1": "0", "s2": "2", "s": "", "t": "37'", "m": "Bernalio handled the ball off the line and Paderburn won the corner."}, {"id": "32", "s1": "0", "s2": "2", "s": "", "t": "37'", "m": "Paderburn's right-footed shot from outside the penalty area was blocked by a defender. It was Rupp who gave him the pass."}, {"id": "31", "s1": "0", "s2": "2", "s": "", "t": "36'", "m": "Hunnemeier won a free kick for Paderborn."}, {"id": "30", "s1": "0", "s2": "2", "s": "", "t": "36'", "m": "Wolfsburg player Perisic scrambled for a foul and the opponent gained possession."}, {"id": "29", "s1": "0", "s2": "2", "s": "", "t": "34'", "m": "Wolfsburg player Naldo scrambled for a foul and his opponent gained possession of the ball."}, {"id": "28", "s1": "0", "s2": "2", "s": "", "t": "34'", "m": "Kasonga won a free kick for Paderborn on the left."}, {"id": "27", "s1": "0", "s2": "2", "s": "", "t": "33'", "m": "Wolfsburg player De Bruyne tried his right-footed shot, but the ball was deflected slightly off the left goal. It was Gustavo who gave him the pass."}, {"id": "26", "s1": "0", "s2": "2", "s": "", "t": "33'", "m": "Wolfsburg player Calijuri kicked the ball straight into Rodriguez, but the referee raised a flag to show that the latter was offside."}, {"id": "25", "s1": "0", "s2": "2", "s": "", "t": "27'", "m": "Wolfsburg player De Bruyne scrambled for a foul and his opponent was given possession."}, {"id": "24", "s1": "0", "s2": "2", "s": "", "t": "27'", "m": "Barkaroz won a free kick for Paderburn."}, {"id": "23", "s1": "0", "s2": "2", "s": "", "t": "26'", "m": "Paderburn's right-footed shot from outside the penalty area was blocked by a defender. Passing the ball to him was Daniel Brückner."}, {"id": "22", "s1": "0", "s2": "2", "s": "", "t": "25'", "m": "Goal!!! Wolfsburg player Dost fired a right-footed shot from the right side of the penalty area, the ball flew from the bottom right corner into the goal, and the ball went in! Assisted by Perisic. Paderborn 0-2 Wolfsburg."}, {"id": "21", "s1": "0", "s2": "1", "s": "", "t": "24'", "m": "Paderburn player Francic tried his left-footed shot from outside the penalty area, but unfortunately the ball was slightly above goal."}, {"id": "20", "s1": "0", "s2": "1", "s": "", "t": "23'", "m": "Wolfsburg player Naldo scrambled for a foul and his opponent gained possession of the ball."}, {"id": "19", "s1": "0", "s2": "1", "s": "", "t": "23'", "m": "Stobokamp won a free kick for Paderburn at the opposing half."}, {"id": "18", "s1": "0", "s2": "1", "s": "", "t": "22'", "m": "Tresch handled the ball out of the bottom line and Paderburn won the corner."}, {"id": "17", "s1": "0", "s2": "1", "s": "", "t": "21'", "m": "Gulavogu handled the ball out of the bottom line and Paderburn won the corner."}, {"id": "16", "s1": "0", "s2": "1", "s": "", "t": "20'", "m": "Paderburn player Marc Vucinovic tried his right-footed shot from outside the penalty area but unfortunately the ball was high above the top right corner."}, {"id": "15", "s1": "0", "s2": "1", "s": "", "t": "19'", "m": "Wolfsburg player De Bruyne scrambled for a foul and his opponent was given possession."}, {"id": "14", "s1": "0", "s2": "1", "s": "", "t": "19'", "m": "Barkaloz won a free kick for Paderburn at the opposing half."}, {"id": "13", "s1": "0", "s2": "1", "s": "", "t": "16'", "m": "Goal!!! Wolfsburg player Klose's header from the centre of the penalty area, the ball flew from the bottom right corner into the goal, the ball was scored! Assisted by Rodriguez. Paderborn 0-1 Wolfsburg."}, {"id": "12", "s1": "0", "s2": "0", "s": "", "t": "16'", "m": "Hühnemeier handled the ball out of the line and Wolfsburg won a corner."}, {"id": "11", "s1": "0", "s2": "0", "s": "", "t": "15'", "m": "Gulavogu won a free kick for Wolfsburg."}, {"id": "10", "s1": "0", "s2": "0", "s": "", "t": "15'", "m": "Paderburn player Rupp scrambled for a foul and the opponent was given possession of the ball."}, {"id": "9", "s1": "0", "s2": "0", "s": "", "t": "13'", "m": "Gustavo handled the ball out of the bottom line and Paderburn won the corner."}, {"id": "8", "s1": "0", "s2": "0", "s": "", "t": "13'", "m": "Naldo handled the ball out of the bottom line and Paderburn won the corner."}, {"id": "7", "s1": "0", "s2": "0", "s": "", "t": "12'", "m": "Wolfsburg player Perisic attempted a left-footed shot from outside the penalty area, but the ball was deflected slightly off the right. It was Calijuri who gave him the ball."}, {"id": "6", "s1": "0", "s2": "0", "s": "", "t": "11'", "m": "Gulavogu won a free kick for Wolfsburg."}, {"id": "5", "s1": "0", "s2": "0", "s": "", "t": "11'", "m": "Paderburn player Kassonga scrambled for a foul and the opponent was given possession of the ball."}, {"id": "4", "s1": "0", "s2": "0", "s": "", "t": "11'", "m": "Paderburn player Rupp attempted a right-footed shot from the centre of the penalty area, but unfortunately the ball was high above the top right corner. The one who gave him the pass was Stobokamp."}, {"id": "3", "s1": "0", "s2": "0", "s": "", "t": "7'", "m": "Gustavo won a free kick for Wolfsburg on the left."}, {"id": "2", "s1": "0", "s2": "0", "s": "", "t": "7'", "m": "Paderburn player Kassonga scrambled for a foul and the opponent was given possession of the ball."}, {"id": "1", "s1": "0", "s2": "0", "s": "", "t": " ", "m": "With a whistle from the referee, the first half of the game began."}]