[{"id": "4215209", "s1": "0", "s2": "0", "s": "Finish", "t": "", "m": "Well, this game will be broadcast here for everyone, thank you very much for your company, I wish you all a happy weekend, we will see you next live!"}, {"id": "4215205", "s1": "0", "s2": "0", "s": "Finish", "t": "", "m": "It seems that this small cold goal has made the majority of Bayern fans depressed, fortunately, this is just an ordinary league, I hope Bayern can adjust their state well and play a long season in the future"}, {"id": "4215190", "s1": "0", "s2": "0", "s": "Finish", "t": "", "m": "Client user [Guangdong Shenzhen] 6 strings of 1 after the game do not have to watch (many fans are taking this as a steady guts, but as soon as the start came out, I pinched the sweat)"}, {"id": "4215183", "s1": "0", "s2": "0", "s": "Finish", "t": "", "m": "Client user [Qinghai Xining] three substitutions, only Brother Long made me feel meaningful, Levan did not even play the camera. How long is Robery going to be injured? (Robery is too important for Bayern)"}, {"id": "4215178", "s1": "0", "s2": "0", "s": "Finish", "t": "", "m": "Client user [Beijing] This Bayern kick is still a bit of a surprise. Didn't expect to be able to play a draw against Hamburg. Bayern in the first half gave the whole feeling of chaos. In the second half, the guagua substitution slowly improved. Although replaced by a striker like Götze and like Alonso and Levandov. But the midfield still lacks a big player who can control. Xiao Xin also ended up with a yellow card. Bayern are really injured and sick together. Think about how to adjust or how to get the players to cooperate with the tacit understanding. (Robben's pre-match injury was also an accident, disrupting Guardiola's deployment)"}, {"id": "4215167", "s1": "", "s2": "", "s": "", "t": "", "m": "", "lnk": {"title": "", "href": "http://www.sinaimg.cn/dy/slidenews/2_img/2014_38/730_1333489_680010.jpg", "type": "image", "extra": []}}, {"id": "4215152", "s1": "0", "s2": "0", "s": "Finish", "t": "", "m": "Waiting for the return of robben and Ribery, Bayern, who have regained their vane, is just around the corner"}, {"id": "4215147", "s1": "0", "s2": "0", "s": "Finish", "t": "", "m": "For Bayern and Guardiola, the most important thing now is how to deploy the existing personnel and maximize their combat effectiveness"}, {"id": "4215139", "s1": "", "s2": "", "s": "", "t": "", "m": "", "lnk": {"title": "", "href": "http://www.sinaimg.cn/dy/slidenews/2_img/2014_38/730_1333485_114637.jpg", "type": "image", "extra": []}}, {"id": "4215136", "s1": "0", "s2": "0", "s": "Finish", "t": "", "m": "If one of the two protectors of the left and the right could be present, Bayern would not be so embarrassed"}, {"id": "4215132", "s1": "0", "s2": "0", "s": "Finish", "t": "", "m": "At this time, the majority of Bayern fans must be very much missing Ribery and Robben"}, {"id": "4215125", "s1": "0", "s2": "0", "s": "Finish", "t": "", "m": "But Levan and others, who fought in the Champions League in midweek, could not find a good state and were powerless to change the situation"}, {"id": "4215120", "s1": "0", "s2": "0", "s": "Finish", "t": "", "m": "But the poor performance in the first half gave Guardiola a heavy response, and in the second half Guardiola had to send Alonso, Götze, Levan and other main players"}, {"id": "4215115", "s1": "0", "s2": "0", "s": "Finish", "t": "", "m": "As can be seen from the starting line-up, Bayern wanted to use the substitutes to solve the battle, and even sent Hoy Berger to start the game"}, {"id": "4215093", "s1": "0", "s2": "0", "s": "Finish", "t": "", "m": "Bayern paid the price for their light rivals, facing hamburger at the bottom, expecting an easy victory"}, {"id": "4215088", "s1": "", "s2": "", "s": "", "t": "", "m": "", "lnk": {"title": "", "href": "http://www.sinaimg.cn/dy/slidenews/2_img/2014_38/730_1333453_369674.jpg", "type": "image", "extra": []}}, {"id": "4215080", "s1": "0", "s2": "0", "s": "Finish", "t": "", "m": "Although Hamburg did not achieve the breakthrough of zero goals in the season, they did not concede goals against Bayern, and the draw was also a good result"}, {"id": "4215070", "s1": "0", "s2": "0", "s": "Finish", "t": "", "m": "Hamburg, who finished at the bottom of the rankings, drew 0-0 at home to the powerful Bayern Munich and scored a valuable point"}, {"id": "4215065", "s1": "0", "s2": "0", "s": "Finish", "t": "", "m": "The referee whistled and the game was over"}, {"id": "4215064", "s1": "0", "s2": "0", "s": "Next", "t": "50'", "m": "Neuer paid the price for his recklessness"}, {"id": "4215061", "s1": "0", "s2": "0", "s": "Next", "t": "50'", "m": "Neuer shoveled fouls and received a yellow card"}, {"id": "4215060", "s1": "0", "s2": "0", "s": "Next", "t": "50'", "m": "In the front of the ball, the trip is big"}, {"id": "4215057", "s1": "0", "s2": "0", "s": "Next", "t": "49'", "m": "Neuer did not choose to drive out with a big foot, but passed the opposing striker"}, {"id": "4215054", "s1": "0", "s2": "0", "s": "Next", "t": "49'", "m": "Hamburg counter-attacked from the left, Dante got the ball and passed back to Neuer"}, {"id": "4215051", "s1": "0", "s2": "0", "s": "Next", "t": "48'", "m": "Levan shook, flashed out of the neutral, hit the goal, was touched by the defender, the ball slowed down and the goalkeeper easily got it"}, {"id": "4215047", "s1": "0", "s2": "0", "s": "Next", "t": "48'", "m": "Straight to Alonso, in the horizontal pass to Levan"}, {"id": "4215043", "s1": "0", "s2": "0", "s": "Next", "t": "47'", "m": "Bayern cut off the ball at the back and attacked quickly"}, {"id": "4215041", "s1": "0", "s2": "0", "s": "Next", "t": "47'", "m": "Hamburg's goalkeeper launched an attack with a long pass"}, {"id": "4215038", "s1": "0", "s2": "0", "s": "Next", "t": "47'", "m": "Levan did not find a chance after coming off the bench, and he also seemed very depressed"}, {"id": "4215034", "s1": "0", "s2": "0", "s": "Next", "t": "46'", "m": "Bayern again chose a long pass, Pizarro did not hold it, and the goalkeeper fell to the ground and confiscated it"}, {"id": "4215029", "s1": "0", "s2": "0", "s": "Next", "t": "46'", "m": "4 minutes of stoppage time in the second half"}, {"id": "4215028", "s1": "0", "s2": "0", "s": "Next", "t": "45'", "m": "These two players also completed their tasks well in this game, and basically did not give Hamburg any chance"}, {"id": "4215026", "s1": "0", "s2": "0", "s": "Next", "t": "45'", "m": "Bayern's style of play is very demanding on the individual abilities of Dante and Boateng"}, {"id": "4215025", "s1": "0", "s2": "0", "s": "Next", "t": "45'", "m": "It was Dante who appeared at the crucial point to intercept the ball"}, {"id": "4215022", "s1": "0", "s2": "0", "s": "Next", "t": "44'", "m": "Hamburg's attack, a small range on the left side, came out"}, {"id": "4215019", "s1": "0", "s2": "0", "s": "Next", "t": "44'", "m": "Götze's corner kick was headed off by Westermann at the back post"}, {"id": "4215017", "s1": "0", "s2": "0", "s": "Next", "t": "44'", "m": "The final shot was a bit slow, blocked by the defender who was catching up, and changed the line out of the bottom line"}, {"id": "4215010", "s1": "0", "s2": "0", "s": "Next", "t": "43'", "m": "Bayern's long pass, Müller cleverly bypassed the defenders, forming a semi-single knife posture"}, {"id": "4215009", "s1": "0", "s2": "0", "s": "Next", "t": "43'", "m": "Muller, wasted the opportunity to kill"}, {"id": "4215002", "s1": "0", "s2": "0", "s": "Next", "t": "42'", "m": "Both sides have used up all the substitutions"}, {"id": "4214999", "s1": "0", "s2": "0", "s": "Next", "t": "42'", "m": "Nikolai Müller was replaced by Steinmann"}, {"id": "4214995", "s1": "0", "s2": "0", "s": "Next", "t": "42'", "m": "Pizarro scored a powerful header from the middle of the road, which was too positive"}, {"id": "4214992", "s1": "0", "s2": "0", "s": "Next", "t": "41'", "m": "Hamburg's chances are not an absolute goal break, but they must play at a high level against Bayern to win"}, {"id": "4214990", "s1": "0", "s2": "0", "s": "Next", "t": "41'", "m": "Holtby reached the front of the penalty area, received a ball from his companions, and with the interference of his opponent, shot high on goal"}, {"id": "4214986", "s1": "0", "s2": "0", "s": "Next", "t": "40'", "m": "Behrami broke the ball at the back, Hamburg's attack"}, {"id": "4214980", "s1": "0", "s2": "0", "s": "Next", "t": "40'", "m": "Hamburg counter-attacked, Boateng was very steady, stopping the ball and handing it back to Neuer"}, {"id": "4214976", "s1": "0", "s2": "0", "s": "Next", "t": "39'", "m": "Alonso moved to the right, Ram passed the ball calmly, but the middle was still blocked"}, {"id": "4214973", "s1": "0", "s2": "0", "s": "Next", "t": "39'", "m": "The game does not exceed 10 minutes of stoppage time, and Bayern does not have much time"}, {"id": "4214970", "s1": "0", "s2": "0", "s": "Next", "t": "38'", "m": "Bayern crossed diagonally into the penalty area to find Pizarro and the goalkeeper struck to get the ball"}, {"id": "4214968", "s1": "0", "s2": "0", "s": "Next", "t": "38'", "m": "Bayern attacked aggressively in front of the field, making a mistake when handing it over to the right, but Good thing that Ram was experienced and took the ball back"}, {"id": "4214964", "s1": "0", "s2": "0", "s": "Next", "t": "37'", "m": "Boateng assisted and shot from a distance, his foot was hard, and he flew out of the bottom line against the crossbar"}, {"id": "4214962", "s1": "0", "s2": "0", "s": "Next", "t": "37'", "m": "It was also a tactical foul, and there was no way"}, {"id": "4214960", "s1": "0", "s2": "0", "s": "Next", "t": "37'", "m": "Behrami kicked Bernat and received a yellow card"}, {"id": "4214957", "s1": "0", "s2": "0", "s": "Next", "t": "36'", "m": "Holtby tried to grab the ball at Dante's feet and was fouled"}, {"id": "4214952", "s1": "0", "s2": "0", "s": "Next", "t": "36'", "m": "Götze took the ball on the left, was in too much of a hurry, and fouled the batter"}, {"id": "4214949", "s1": "0", "s2": "0", "s": "Next", "t": "35'", "m": "Hamburg quickly conceded the ball as soon as they reached the opponent's penalty area"}, {"id": "4214947", "s1": "0", "s2": "0", "s": "Next", "t": "35'", "m": "Westman shifted the ball down the left, to the middle, and crossed forward at the big foot"}, {"id": "4214943", "s1": "0", "s2": "0", "s": "Next", "t": "35'", "m": "Ram made a mistake in passing the ball at the back and was almost beaten by Hamburg to fight back with more and less"}, {"id": "4214942", "s1": "0", "s2": "0", "s": "Next", "t": "34'", "m": "Dante stood firmly in his position and did not let his opponent take the ball"}, {"id": "4214940", "s1": "0", "s2": "0", "s": "Next", "t": "34'", "m": "Hamburg's direct pass from the backcourt, looking for Green, who had just come up"}, {"id": "4214939", "s1": "0", "s2": "0", "s": "Next", "t": "34'", "m": "Alonso withdrew to take the ball, and Hamburg's three armies used their lives to defend with all their might"}, {"id": "4214935", "s1": "0", "s2": "0", "s": "Next", "t": "33'", "m": "Dante handed it to Bernat on the left and divided it forward to Götze"}, {"id": "4214929", "s1": "0", "s2": "0", "s": "Next", "t": "32'", "m": "Bayern made a mistake in front of him, slipped and fell to the ground, and the ball was handed over"}, {"id": "4214927", "s1": "0", "s2": "0", "s": "Next", "t": "32'", "m": "At the top of the front, Lasoga had exhausted the experience, and Green came up to take a dash"}, {"id": "4214924", "s1": "0", "s2": "0", "s": "Next", "t": "32'", "m": "Hamburg is adjusting, Green is on the pitch, replacing Lasoga"}, {"id": "4214918", "s1": "0", "s2": "0", "s": "Next", "t": "31'", "m": "Hamburg's defense is not bad, the counterattack persists, bayern's defense may have loopholes at any time"}, {"id": "4214912", "s1": "0", "s2": "0", "s": "Next", "t": "30'", "m": "Bayern had another attack on the left, this time with the goalkeeper striking to knock the ball out"}, {"id": "4214910", "s1": "0", "s2": "0", "s": "Next", "t": "30'", "m": "Bayern crossed diagonally into the penalty area, Pizarro pushed the ball back into the box near the bottom line, and Juru quickly cleared the box"}, {"id": "4214906", "s1": "0", "s2": "0", "s": "Next", "t": "29'", "m": "Bayern's cross from the right was handed to Müller's feet, who slightly adjusted his shot and was blocked off the line by the defender"}, {"id": "4214904", "s1": "0", "s2": "0", "s": "Next", "t": "29'", "m": "Alaba received Bernat's pass, which was blocked"}, {"id": "4214901", "s1": "0", "s2": "0", "s": "Next", "t": "28'", "m": "Bayern formed a siege and Ram parted ways"}, {"id": "4214898", "s1": "0", "s2": "0", "s": "Next", "t": "28'", "m": "Inside the penalty area, the landing point was very good, and after bouncing on the ground, he was still released by Hamburg"}, {"id": "4214896", "s1": "0", "s2": "0", "s": "Next", "t": "27'", "m": "Levan on the right is winning a corner kick opportunity"}, {"id": "4214895", "s1": "0", "s2": "0", "s": "Next", "t": "27'", "m": "Götze's clever pass, the left side companion took the ball, did not control it well, ah, unfortunately this opportunity"}, {"id": "4214892", "s1": "0", "s2": "0", "s": "Next", "t": "26'", "m": "Levan took the ball on the right, faced Iracek, broke through and was blocked off the sideline"}, {"id": "4214890", "s1": "0", "s2": "0", "s": "Next", "t": "26'", "m": "Lasoga took the ball on the right, was caught in the bag, no way, a foot into the box, trying to try his luck"}, {"id": "4214889", "s1": "0", "s2": "0", "s": "Next", "t": "25'", "m": "The game went on for 70 minutes and Bayern had used up all the substitutions"}, {"id": "4214888", "s1": "0", "s2": "0", "s": "Next", "t": "24'", "m": "Boateng's long backcourt sent out the sidelines"}, {"id": "4214887", "s1": "0", "s2": "0", "s": "Next", "t": "24'", "m": "Bayern on the left also wanted to hit the opponent with the means just used, but Hamburg has strengthened the defensive intensity of this side"}, {"id": "4214886", "s1": "0", "s2": "0", "s": "Next", "t": "24'", "m": "Hamburg really has a chance to upset today, depending on whether they can grasp it"}, {"id": "4214885", "s1": "0", "s2": "0", "s": "Next", "t": "23'", "m": "Neuer took two steps back and took off the hanging door"}, {"id": "4214884", "s1": "0", "s2": "0", "s": "Next", "t": "23'", "m": "Westermann inserted an assist on the left side, kicked the goal, and startled Neuer into a cold sweat"}, {"id": "4214882", "s1": "0", "s2": "0", "s": "Next", "t": "22'", "m": "There were also substitutions on the Hamburg side, with Aslan being replaced by Iracek"}, {"id": "4214881", "s1": "0", "s2": "0", "s": "Next", "t": "22'", "m": "Lewandowski on, replaced by Shaqiri"}, {"id": "4214880", "s1": "0", "s2": "0", "s": "Next", "t": "21'", "m": "Speaking of the lack of a hammer, Guagua took action"}, {"id": "4214879", "s1": "0", "s2": "0", "s": "Next", "t": "21'", "m": "The second half was noticeably more intense, with Bayern now able to deliver threatening balls, but there was a lack of a finalist in the middle"}, {"id": "4214877", "s1": "0", "s2": "0", "s": "Next", "t": "20'", "m": "Bayern punctured the left, Bernat's cross from the bottom and Behrami fell to the ground to break the line"}, {"id": "4214874", "s1": "0", "s2": "0", "s": "Next", "t": "20'", "m": "The corner kick was driven to the back post and Nikola Müller's header was deflected off the near post"}, {"id": "4214873", "s1": "0", "s2": "0", "s": "Next", "t": "19'", "m": "The Hamburg captain crossed to the left and Aslan was very fast, running down the ribs into the penalty area and a kick was blocked off the line"}, {"id": "4214872", "s1": "0", "s2": "0", "s": "Next", "t": "19'", "m": "Hamburg goalkeeper Drobney was in no hurry to score the goal, giving the team a sigh of relief"}, {"id": "4214864", "s1": "0", "s2": "0", "s": "Next", "t": "18'", "m": "Bernat broke down the left and fell to the ground, with the referee signaling the game to continue"}, {"id": "4214862", "s1": "0", "s2": "0", "s": "Next", "t": "17'", "m": "Bayern have completely suppressed their opponents after adjusting their squad"}, {"id": "4214857", "s1": "0", "s2": "0", "s": "Next", "t": "17'", "m": "Bayern went down the left side of the road, a ball that seemed to pass like a shot, and slid through the goal"}, {"id": "4214852", "s1": "0", "s2": "0", "s": "Next", "t": "16'", "m": "Bayern made another substitution, with Götze coming on and replacing Rafinha"}, {"id": "4214847", "s1": "0", "s2": "0", "s": "Next", "t": "16'", "m": "The referee couldn't take it anymore and finally gave Nikolai Muller a yellow card"}, {"id": "4214846", "s1": "0", "s2": "0", "s": "Next", "t": "15'", "m": "Dante was put down by Nikolai Muller"}, {"id": "4214843", "s1": "0", "s2": "0", "s": "Next", "t": "15'", "m": "Hamburg hit straight in, aiming at Dante's vacant position, and it was Neuer who attacked and kicked the siege"}, {"id": "4214839", "s1": "0", "s2": "0", "s": "Next", "t": "15'", "m": "Dante had already assisted up front, passing a player who was cut off by someone who assisted in the defense from behind"}, {"id": "4214836", "s1": "0", "s2": "0", "s": "Next", "t": "14'", "m": "Müller's diagonal cross from the right was too close to the goalkeeper"}, {"id": "4214833", "s1": "0", "s2": "0", "s": "Next", "t": "14'", "m": "Hamburg's counter-attack could no longer be played, and Bayern's flanks continued to hit the opponent's defence"}, {"id": "4214828", "s1": "0", "s2": "0", "s": "Next", "t": "13'", "m": "This is to see that Alaba has been too active in the last few minutes, and it is good to take a break"}, {"id": "4214827", "s1": "0", "s2": "0", "s": "Next", "t": "12'", "m": "The two No. 27 collided, and Arabba was injured"}, {"id": "4214825", "s1": "0", "s2": "0", "s": "Next", "t": "12'", "m": "Here Nikola Muller and Alaba competed for a 50% chance ball and both fell to the ground"}, {"id": "4214820", "s1": "0", "s2": "0", "s": "Next", "t": "11'", "m": "The pace of the game gradually increased"}, {"id": "4214819", "s1": "0", "s2": "0", "s": "Next", "t": "11'", "m": "Bayern's attack came again, a series of coordination in the penalty area, Alaba's first shot was blocked, and the second shot was high"}, {"id": "4214817", "s1": "0", "s2": "0", "s": "Next", "t": "10'", "m": "Bayern immediately had a positive change after Alonso came up"}, {"id": "4214815", "s1": "0", "s2": "0", "s": "Next", "t": "10'", "m": "Arabba on the perimeter took the ball, shot from a distance and hit high"}, {"id": "4214813", "s1": "0", "s2": "0", "s": "Next", "t": "10'", "m": "A cross from the right found his companion in the penalty area, and Pizarro's shot was saved by the goalkeeper"}, {"id": "4214808", "s1": "0", "s2": "0", "s": "Next", "t": "9'", "m": "Alonso had just come up and created a threat"}, {"id": "4214801", "s1": "0", "s2": "0", "s": "Next", "t": "8'", "m": "Alonso, draped in the squad, replaced Hoy Berger"}, {"id": "4214800", "s1": "0", "s2": "0", "s": "Next", "t": "8'", "m": "Guardiola couldn't sit still when she saw this"}, {"id": "4214798", "s1": "0", "s2": "0", "s": "Next", "t": "8'", "m": "Hamburg's counter-attack threatened unabated, a straight block, almost created a single knife, but unfortunately Holtby was offside"}, {"id": "4214792", "s1": "0", "s2": "0", "s": "Next", "t": "7'", "m": "Alaba corner kick into the box, Hamburg released the box, counterattacked"}, {"id": "4214789", "s1": "0", "s2": "0", "s": "Next", "t": "7'", "m": "Bayern quickened the pace of the game up front and Hoy Berger handed it over to Müller on the left to win corner kicks"}, {"id": "4214782", "s1": "0", "s2": "0", "s": "Next", "t": "6'", "m": "Behrami played a ferocious foul in midfield and brought down his opponent"}, {"id": "4214778", "s1": "0", "s2": "0", "s": "Next", "t": "5'", "m": "Bayern attacked from the right, Shaqiri crossed and Juru fell to the ground to destroy the ball"}, {"id": "4214775", "s1": "0", "s2": "0", "s": "Next", "t": "5'", "m": "Boateng behind this ball could not catch up, and the whole field watched the ball roll out of bounds, if it was ten centimeters inward, it was a beautiful goal"}, {"id": "4214770", "s1": "0", "s2": "0", "s": "Next", "t": "4'", "m": "Nikola Müller took the ball on the left and headed for the inside line, Neuer struck, Müller chose to pick a shot, and the ball slowly rolled out of the bottom line along the left upright"}, {"id": "4214764", "s1": "0", "s2": "0", "s": "Next", "t": "3'", "m": "Hamburg almost rewrote the score"}, {"id": "4214761", "s1": "0", "s2": "0", "s": "Next", "t": "3'", "m": "Hamburg seemed to strengthen their attack in the second half, and the formation was pressed forward"}, {"id": "4214752", "s1": "0", "s2": "0", "s": "Next", "t": "2'", "m": "Hamburg made a long pass and Neuer struck out to pick it up"}, {"id": "4214741", "s1": "0", "s2": "0", "s": "Next", "t": "1'", "m": "I look forward to Bayern in the second half to give some strength"}, {"id": "4214739", "s1": "0", "s2": "0", "s": "Next", "t": "1'", "m": "The second half began and Bayern kicked off"}, {"id": "4214727", "s1": "0", "s2": "0", "s": "Midfielder", "t": "", "m": "Players from both sides walked out of the lounge and returned to the court"}, {"id": "4214716", "s1": "0", "s2": "0", "s": "Midfielder", "t": "", "m": "Client user [Taiyuan, Shanxi] This Bayern is no longer the Bayern it once was, and has been played badly by Guardiola (the injury is surprisingly much, and Guagua is also helpless)"}, {"id": "4214709", "s1": "0", "s2": "0", "s": "Midfielder", "t": "", "m": "Client user [Jiangsu Nanjing] pit people ah... I also bought you to make the ball win... Jump off the building (Bayern's starter today is destined not to be a big score)"}, {"id": "4214699", "s1": "0", "s2": "0", "s": "Midfielder", "t": "", "m": "The client user [Beijing] feels that Guagua is really thinking about it now. The lineup doesn't feel good for this game. Bayern have also been injured a lot lately. Think about how to attack. (Yes, there are many injuries, the rotation is more difficult, in the second half of Götze, Levan had to play)"}, {"id": "4214692", "s1": "0", "s2": "0", "s": "Midfielder", "t": "", "m": "Today, Bayern's squad came out, which made many people sweat, and it turned out that Bayern had to adjust in the second half, otherwise it would be difficult to win the game with the current lineup"}, {"id": "4214684", "s1": "0", "s2": "0", "s": "Midfielder", "t": "", "m": "In other words, if hamburg's final pass quality is higher, then Bayern's city may not be guaranteed, and Hamburg fans really miss the big man van der Vaart infinitely"}, {"id": "4214678", "s1": "0", "s2": "0", "s": "Midfielder", "t": "", "m": "Although Hamburg did not get a decent chance to break the goal, the pass in several counter-attacks still made Bayern a little embarrassed"}, {"id": "4214666", "s1": "0", "s2": "0", "s": "Midfielder", "t": "", "m": "Hamburg are obviously inferior to their opponents, but have developed tactics that are perfect for themselves, and the momentum of counterattack is full"}, {"id": "4214650", "s1": "0", "s2": "0", "s": "Midfielder", "t": "", "m": "Bayern, affected by the Midweek Champions League, are clearly out of shape, completely without the previous trend of destruction"}, {"id": "4214639", "s1": "0", "s2": "0", "s": "Midfielder", "t": "", "m": "At half-time, the two teams achieved nothing, drawing 0-0"}, {"id": "4214632", "s1": "0", "s2": "0", "s": "Midfielder", "t": "", "m": "At this time, the referee blew the whistle at the end of the first half"}, {"id": "4214629", "s1": "0", "s2": "0", "s": "on", "t": "46'", "m": "Aslan was fouled tactically and was shown a yellow card warning by the referee"}, {"id": "4214626", "s1": "0", "s2": "0", "s": "on", "t": "46'", "m": "Neuer quickly threw the ball in his hand to launch an attack"}, {"id": "4214622", "s1": "0", "s2": "0", "s": "on", "t": "46'", "m": "The low cross from the left was a great threat, and Neuer fell to the ground and pounced, slightly closer to the goalkeeper"}, {"id": "4214616", "s1": "0", "s2": "0", "s": "on", "t": "45'", "m": "Good location for Hamburg left side straight plugs"}, {"id": "4214610", "s1": "0", "s2": "0", "s": "on", "t": "44'", "m": "Hamburg's mistakes in the attack are quite numerous, whether it is individual combat or teamwork, mistakes are frequent and the organization is too poor"}, {"id": "4214607", "s1": "0", "s2": "0", "s": "on", "t": "44'", "m": "Holtby stepped on Bernat's foot and the referee verbally warned"}, {"id": "4214602", "s1": "0", "s2": "0", "s": "on", "t": "43'", "m": "Hamburg attacked in front of the field, stopped the ball too much, and caused a mistake"}, {"id": "4214596", "s1": "0", "s2": "0", "s": "on", "t": "42'", "m": "Alaba was another foul in the front"}, {"id": "4214595", "s1": "0", "s2": "0", "s": "on", "t": "42'", "m": "Throughout the half, there was no routine or threat"}, {"id": "4214592", "s1": "0", "s2": "0", "s": "on", "t": "42'", "m": "The first half is nearing the end, and it is difficult for Bayern to make progress in this posture"}, {"id": "4214589", "s1": "0", "s2": "0", "s": "on", "t": "41'", "m": "Müller's light footsteps forward sent a straight plug, which Pizarro did not get under the defense of two defenders"}, {"id": "4214587", "s1": "0", "s2": "0", "s": "on", "t": "40'", "m": "Boateng took the ball, Osterzorek was trying to counter-attack, pulling someone behind him to foul"}, {"id": "4214582", "s1": "0", "s2": "0", "s": "on", "t": "40'", "m": "Osterzorek's header from the front court wanted to ferry to Holtby, but the power was small"}, {"id": "4214578", "s1": "0", "s2": "0", "s": "on", "t": "39'", "m": "Juru defended near midfield and fouled"}, {"id": "4214576", "s1": "0", "s2": "0", "s": "on", "t": "39'", "m": "Hamburg picked up the ball to find Holtby, who barely managed to win the ball, but still out of bounds"}, {"id": "4214570", "s1": "0", "s2": "0", "s": "on", "t": "38'", "m": "It was a pity that Bernat patronized the running position and did not see the ball in front of him"}, {"id": "4214567", "s1": "0", "s2": "0", "s": "on", "t": "38'", "m": "Pizarro took the ball and stuck it straight into Bernat, without forming a tacit understanding"}, {"id": "4214561", "s1": "0", "s2": "0", "s": "on", "t": "37'", "m": "Shaqiri's corner did not pass through the front point, and Bayern on the periphery continued to attack"}, {"id": "4214558", "s1": "0", "s2": "0", "s": "on", "t": "37'", "m": "Dante handed it to the left, Alaba broke through strongly, and the opponent had no choice but to fall to the ground and shovel the ball out of the bottom line"}, {"id": "4214552", "s1": "0", "s2": "0", "s": "on", "t": "36'", "m": "Shaqiri broke through in front of the field and Behrami blocked the foul"}, {"id": "4214548", "s1": "0", "s2": "0", "s": "on", "t": "35'", "m": "Bayern advanced forward, Bernat on the left moved to Pizarro's feet and Juru went around the front to defend"}, {"id": "4214534", "s1": "0", "s2": "0", "s": "on", "t": "34'", "m": "Alaba attacked from the left, near the penalty area, fired a volley that was punched out by the goalkeeper"}, {"id": "4214533", "s1": "0", "s2": "0", "s": "on", "t": "34'", "m": "Fortunately, osterzorek finally fell to the ground and blocked the ball"}, {"id": "4214529", "s1": "0", "s2": "0", "s": "on", "t": "33'", "m": "Bayern's attack, Rafinha's sharp straight, almost crossed the entire defense"}, {"id": "4214520", "s1": "0", "s2": "0", "s": "on", "t": "33'", "m": "Hamburg handed the ball to the left and, heck, couldn't hold the ball up front"}, {"id": "4214513", "s1": "0", "s2": "0", "s": "on", "t": "32'", "m": "Hamburg took the ball in the backcourt, not hurriedly, not slowly"}, {"id": "4214503", "s1": "0", "s2": "0", "s": "on", "t": "31'", "m": "It is estimated that many Bayern fans are now a little anxious, don't worry, there are big names on the bench"}, {"id": "4214497", "s1": "0", "s2": "0", "s": "on", "t": "31'", "m": "The first half went on for 30 minutes and the two sides are still 0-0"}, {"id": "4214494", "s1": "0", "s2": "0", "s": "on", "t": "31'", "m": "Rafinha broke through with the ball herself and went out of the line"}, {"id": "4214491", "s1": "0", "s2": "0", "s": "on", "t": "30'", "m": "Shaqiri opened a tactical corner and handed it to Rafinha"}, {"id": "4214486", "s1": "0", "s2": "0", "s": "on", "t": "30'", "m": "Corner kick to far post, DickMyer blocked the ball off the line again"}, {"id": "4214480", "s1": "0", "s2": "0", "s": "on", "t": "30'", "m": "Bayern's corner kick opportunity"}, {"id": "4214478", "s1": "0", "s2": "0", "s": "on", "t": "30'", "m": "Arabba couldn't turn around and chose to go outside"}, {"id": "4214474", "s1": "0", "s2": "0", "s": "on", "t": "29'", "m": "Rafinha's precise cross from the right was given to Alaba at the far post"}, {"id": "4214473", "s1": "0", "s2": "0", "s": "on", "t": "29'", "m": "Hoy Berger broke the ball at the back and handed it to Rafinha"}, {"id": "4214471", "s1": "0", "s2": "0", "s": "on", "t": "28'", "m": "If Neuer had been slower, Holtby would have been empty"}, {"id": "4214468", "s1": "0", "s2": "0", "s": "on", "t": "28'", "m": "Hamburg started from the left side of the field, and when Holtby was about to grab the header, it was Neuer who attacked far away and intercepted the ball"}, {"id": "4214463", "s1": "0", "s2": "0", "s": "on", "t": "27'", "m": "Behrami and Aslan were exchanging something, and today Hamburg still gave Bayern a certain threat"}, {"id": "4214459", "s1": "0", "s2": "0", "s": "on", "t": "27'", "m": "Rafinha thought it was a corner kick, but slow motion proved that his pass hit his opponent and then bounced off his own"}, {"id": "4214454", "s1": "0", "s2": "0", "s": "on", "t": "26'", "m": "Rafinha broke through on the right and out of bounds and the referee blew off the goal"}, {"id": "4214448", "s1": "0", "s2": "0", "s": "on", "t": "26'", "m": "Hamburg's attack, straight behind Dante, fortunately Dante reacted quickly, turning around and stuck in position"}, {"id": "4214440", "s1": "0", "s2": "0", "s": "on", "t": "25'", "m": "In the middle of the road, Dante and Lasoga grabbed the point, or Dante was ahead"}, {"id": "4214437", "s1": "0", "s2": "0", "s": "on", "t": "24'", "m": "Hamburg was looking for a good opportunity to counterattack, and Stiebel went down the left and calmly crossed"}, {"id": "4214430", "s1": "0", "s2": "0", "s": "on", "t": "24'", "m": "Hamburg did not score a goal in the first three games and the attack was weak"}, {"id": "4214426", "s1": "0", "s2": "0", "s": "on", "t": "23'", "m": "DickMyer threw the ball out of bounds on the right to Behrami and Hamburg had another attacking player offside"}, {"id": "4214416", "s1": "0", "s2": "0", "s": "on", "t": "22'", "m": "Hamburg today pays great attention to playing the opponent's counter-attack, once the ball is buried in the head forward"}, {"id": "4214410", "s1": "0", "s2": "0", "s": "on", "t": "22'", "m": "Hamburg quickly counter-attacked with the ball, but unfortunately the last handling of the ball was not fine enough"}, {"id": "4214409", "s1": "0", "s2": "0", "s": "on", "t": "21'", "m": "Bayern organised an attack, and Alaba on the left coordinated with his teammates and was cut off"}, {"id": "4214405", "s1": "0", "s2": "0", "s": "on", "t": "21'", "m": "Juru drove a set-piece from the back, too powerful, and kicked directly in front of Neuer"}, {"id": "4214402", "s1": "0", "s2": "0", "s": "on", "t": "20'", "m": "Bayern's forward line was met with a steady cross from the right, and Pizarro headed the ball high over the post under Juru's watchful eye"}, {"id": "4214397", "s1": "0", "s2": "0", "s": "on", "t": "19'", "m": "Pizarro took the ball up front and faced two defenders to win an out-of-bounds ball"}, {"id": "4214393", "s1": "0", "s2": "0", "s": "on", "t": "19'", "m": "Hamburg's corner kick sailed into the middle and Neuer jumped high and took it off steadily"}, {"id": "4214391", "s1": "0", "s2": "0", "s": "on", "t": "18'", "m": "Hamburg's right side was straight in the way, Dante defended with some carelessness, and was crossed by the opponent, but Boateng in the middle of the road released the ball from the bottom line"}, {"id": "4214385", "s1": "0", "s2": "0", "s": "on", "t": "17'", "m": "Bayern on the right picked up another long pass and the goalkeeper rushed out of the box with a header that cleared the line"}, {"id": "4214383", "s1": "0", "s2": "0", "s": "on", "t": "17'", "m": "Bayern are firmly in control of the situation on the pitch, but there is still a lack of substance in the attack"}, {"id": "4214381", "s1": "0", "s2": "0", "s": "on", "t": "16'", "m": "Shaqiri was very active, swam to the right, cut inside with the ball himself, and suddenly hit the goal and deflected it"}, {"id": "4214380", "s1": "0", "s2": "0", "s": "on", "t": "15'", "m": "Pizarro formed a single knife, but the offside came first"}, {"id": "4214379", "s1": "0", "s2": "0", "s": "on", "t": "15'", "m": "Hamburg's defense is still relatively tight"}, {"id": "4214377", "s1": "0", "s2": "0", "s": "on", "t": "15'", "m": "Dante took the ball forward, looked up, and sent a long pass to Shaqiri"}, {"id": "4214373", "s1": "0", "s2": "0", "s": "on", "t": "14'", "m": "Bayern's attack in the front, this time choosing the right side, looking for Müller, was released by Bigfoot"}, {"id": "4214370", "s1": "0", "s2": "0", "s": "on", "t": "13'", "m": "Hamburg's big foot sent the ball into the box and Nikolai Müller fouled the batter when he stopped the ball"}, {"id": "4214364", "s1": "0", "s2": "0", "s": "on", "t": "13'", "m": "Aslan scrambled up front, bernat lifted his foot too high, fouled"}, {"id": "4214361", "s1": "0", "s2": "0", "s": "on", "t": "12'", "m": "The game lasted for ten minutes, and the camera frequently gave to Alonso, Lewandowski and others on the bench"}, {"id": "4214355", "s1": "0", "s2": "0", "s": "on", "t": "11'", "m": "Hamburg can't hold the ball in midfield now, and it's hard to organize the attack after half-time"}, {"id": "4214349", "s1": "0", "s2": "0", "s": "on", "t": "10'", "m": "But Shaqiri still held out his thumb and signaled that his teammates were doing a good job"}, {"id": "4214347", "s1": "0", "s2": "0", "s": "on", "t": "10'", "m": "Bayern's long pass found Shaqiri, who was a little fast and flew out of the sideline"}, {"id": "4214340", "s1": "0", "s2": "0", "s": "on", "t": "9'", "m": "Hamburg was hoisting the ball in from the perimeter, somewhat aimlessly"}, {"id": "4214335", "s1": "0", "s2": "0", "s": "on", "t": "9'", "m": "The corner kick hit the penalty area and Dante jumped high and broke free"}, {"id": "4214330", "s1": "0", "s2": "0", "s": "on", "t": "9'", "m": "Hamburg hit back with a break from the left to win a corner kick"}, {"id": "4214327", "s1": "0", "s2": "0", "s": "on", "t": "8'", "m": "Bayern's current squad is enough to control the scene"}, {"id": "4214321", "s1": "0", "s2": "0", "s": "on", "t": "8'", "m": "Pizarro took the ball in front of him and turned around, in one fell swoop, and was pulled to the ground by Westman"}, {"id": "4214316", "s1": "0", "s2": "0", "s": "on", "t": "7'", "m": "Rafinha defended the ball at the back, passing an opponent, and Aslan, who came up to defend, kicked Rafinha"}, {"id": "4214308", "s1": "0", "s2": "0", "s": "on", "t": "6'", "m": "Bayern broke through on the left side of Alaba, crossed to the back post, Pizarro could not catch up, out of the bottom line"}, {"id": "4214305", "s1": "0", "s2": "0", "s": "on", "t": "6'", "m": "Neuer took the ball, transitioned to the right, and now Neuer is simply a part-time defender"}, {"id": "4214298", "s1": "0", "s2": "0", "s": "on", "t": "5'", "m": "With a long pass attack in hamburg's front, Holtby was offside"}, {"id": "4214293", "s1": "0", "s2": "0", "s": "on", "t": "4'", "m": "Several of the main players who played in the Champions League in midweek sat on the bench today"}, {"id": "4214290", "s1": "0", "s2": "0", "s": "on", "t": "4'", "m": "Dante took the ball on the left and Hamburg pressed very fiercely in front of the field"}, {"id": "4214287", "s1": "0", "s2": "0", "s": "on", "t": "3'", "m": "Shaqiri drove a corner kick that was cleared off the line by Hamburg's header"}, {"id": "4214284", "s1": "0", "s2": "0", "s": "on", "t": "3'", "m": "Bayern's cross from the left created a corner kick opportunity"}, {"id": "4214278", "s1": "0", "s2": "0", "s": "on", "t": "2'", "m": "Alaba took the ball and handed it to Boateng in the middle"}, {"id": "4214275", "s1": "0", "s2": "0", "s": "on", "t": "2'", "m": "Bayern did not pass the set-piece forward, but chose to control it"}, {"id": "4214271", "s1": "0", "s2": "0", "s": "on", "t": "2'", "m": "Shaqiri took the ball in midfield and was knocked over by Nikolai Muller"}, {"id": "4214267", "s1": "0", "s2": "0", "s": "on", "t": "1'", "m": "Today Hamburg wore a white shirt and Bayern wore a black jersey"}, {"id": "4214266", "s1": "0", "s2": "0", "s": "on", "t": "1'", "m": "Hamburg, who played at home, attacked from the right to the left, bayern did the opposite"}, {"id": "4214260", "s1": "0", "s2": "0", "s": "on", "t": "1'", "m": "The race has begun"}, {"id": "4214243", "s1": "0", "s2": "0", "s": "Not matched", "t": "", "m": "The game is about to start and both sides have already entered"}, {"id": "4214237", "s1": "0", "s2": "0", "s": "Not matched", "t": "", "m": "Bayern starters: Goalkeeper: 1 Neuer, defenders: 4 Dante, 17 Boateng, 27 Arabba, midfielders: 21 Lahm, 13 Rafinha, 18 Bernat, 34 Hoiberg, forwards: 11 Shaqiri, 14 Pizarro, 25 Müller"}, {"id": "4214215", "s1": "0", "s2": "0", "s": "Not matched", "t": "", "m": "Hamburg starters: goalkeeper: 1- Drobini, defenders: 2- Dickmyer, 22 - Osterzorek, 5- Juru, 4- Westermann; Midfielders: 21-Behrami, 27-Nikola Müller, 18-Holteby, 8-Asland, 17-Stiebel, Forward: 10-Lasoga"}, {"id": "4214210", "s1": "0", "s2": "0", "s": "Not matched", "t": "", "m": "The starting lineups of both sides have been released, let's take a look"}, {"id": "4214170", "s1": "0", "s2": "0", "s": "Not matched", "t": "", "m": "Hamburg did not start the season well, the first 3 rounds of 1 draw 2 losses did not score at the bottom of the ranking, on the whole, the future of this game is quite not optimistic"}, {"id": "4214162", "s1": "0", "s2": "0", "s": "Not matched", "t": "", "m": "The two sides have fought in the last 6 times, Hamburg has not won 1 draw and 5 defeats, and has been bloodbathed by Bayern many times, and it is powerless"}, {"id": "4214153", "s1": "0", "s2": "0", "s": "Not matched", "t": "", "m": "Hamburg barely managed to stay in the Bundesliga last season through relegation play-offs, and in the new season, the team sent top scorer Charhaolu to Holtby on loan from Tottenham."}, {"id": "4214141", "s1": "0", "s2": "0", "s": "Not matched", "t": "", "m": "But the powerful Bayern have a deep enough squad that they don't look stretched, and Hamburg is tough"}, {"id": "4214132", "s1": "0", "s2": "0", "s": "Not matched", "t": "", "m": "Hamburg faces the same problem, with Janssen (main defender), Iličević (main midfielder), van der Vaart (main midfielder), Baist (striker) and Rajkovic (defender). All of them missed this game due to injury"}, {"id": "4214122", "s1": "0", "s2": "0", "s": "Not matched", "t": "", "m": "In addition, Bad Stuber's injuries were also more serious, and Thiago also hung up the exemption card, which was really full of wounded soldiers"}, {"id": "4214101", "s1": "0", "s2": "0", "s": "Not matched", "t": "", "m": "Midfielders Piglet and Martinez have also been absent for a long time, and have to rely on Alonso to play the rescuer"}, {"id": "4214097", "s1": "0", "s2": "0", "s": "Not matched", "t": "", "m": "Guardiola's side has been plagued by injuries this season, and the Robery combination has never been able to reproduce"}, {"id": "4214077", "s1": "0", "s2": "0", "s": "Not matched", "t": "", "m": "Long bittersweet [Fujian Fuzhou] Hamburg although weak No one supports, I come to support the next anyway is not a Bayern fan! (Hamburg was troubled at the beginning, but the strength is still good)"}, {"id": "4214063", "s1": "0", "s2": "0", "s": "Not matched", "t": "", "m": "Welcome the majority of netizens to ask questions that interest you in this game, we will select some representative answers and discussions!"}, {"id": "4214059", "s1": "0", "s2": "0", "s": "Not matched", "t": "", "m": "Hello everyone, welcome to the live room to watch the wonderful Bundesliga matches!"}, {"id": "4212435", "s1": "0", "s2": "0", "s": "Not matched", "t": "", "m": "Can the Bundesliga giants successfully kill their opponents with a knife, or whether hamburgers can sweep away the haze and reverse the decline. Let's stay tuned!"}, {"id": "4212434", "s1": "0", "s2": "0", "s": "Not matched", "t": "", "m": "Facing Bayern this time, it is definitely a good opportunity to test the team, if the change works, you can get points, even if the change is invalid, losing to Bayern is acceptable"}, {"id": "4212433", "s1": "0", "s2": "0", "s": "Not matched", "t": "", "m": "The lack of a goal for 270 minutes shows that there is a serious problem with the team's attacking power, and if it cannot be adjusted in time, Hamburg is destined to linger in the middle and lower reaches of the season"}, {"id": "4212432", "s1": "0", "s2": "0", "s": "Not matched", "t": "", "m": "What is even more unacceptable to Hamburg fans is that they have not scored 1 goal in 3 games and swallowed 5 bullets, which is indeed very difficult to score points on Bayern"}, {"id": "4212431", "s1": "0", "s2": "0", "s": "Not matched", "t": "", "m": "Hamburg, who played at home, had a clearly unfavorable start, with no win in the first three rounds, 1 draw and 2 defeats, and the bottom of the points!"}, {"id": "4212080", "s1": "", "s2": "", "s": "", "t": "", "m": "", "lnk": {"title": "", "href": "http://www.sinaimg.cn/dy/slidenews/2_img/2014_31/730_1292433_134297.jpg", "type": "image", "extra": []}}, {"id": "4212079", "s1": "", "s2": "", "s": "", "t": "", "m": "", "lnk": {"title": "", "href": "http://www.sinaimg.cn/dy/slidenews/2_img/2014_33/730_1304690_277989.jpg", "type": "image", "extra": []}}, {"id": "4212078", "s1": "0", "s2": "0", "s": "Not matched", "t": "", "m": "In the Champions League in midweek, Bayern made a 1-0 win at home against Manchester City, and Boateng scored in the 90th minute to kill the old master"}, {"id": "4212077", "s1": "0", "s2": "0", "s": "Not matched", "t": "", "m": "In the standings, Bayern tied for first place with Bayer Leverkusen with 2 wins and 1 draw"}, {"id": "4212076", "s1": "0", "s2": "0", "s": "Not matched", "t": "", "m": "In the last round, Bayern defeated Stuttgart 2-0 at home with double shots from Götze and Ribery"}, {"id": "4212075", "s1": "0", "s2": "0", "s": "Not matched", "t": "", "m": "This live broadcast brings you the fourth round of the 2014/15 Bundesliga season, Hamburg hosts Bayern Munich, the game will be kicked off at 21:30 Beijing time on September 20, 2014, welcome to watch!"}, {"id": "4212074", "s1": "0", "s2": "0", "s": "Not matched", "t": "", "m": "Hello Sina netizens, welcome to Sina Sports to watch the wonderful live broadcast"}]