[{"id": "109", "s1": "0", "s2": "4", "s": "", "t": "", "m": "The match ended with Stuttgart 0-4 Schalke 04, thank you for watching Sina Football Live."}, {"id": "108", "s1": "0", "s2": "4", "s": "", "t": "90'+1'", "m": "At the end of the second half, Stuttgart 0-4 Schalke 04"}, {"id": "107", "s1": "0", "s2": "4", "s": "", "t": "88'", "m": "The suspension ended and the players resumed playing."}, {"id": "106", "s1": "0", "s2": "4", "s": "", "t": "87'", "m": "Rudiger fell to the ground injured in Stuttgart and the game was suspended"}, {"id": "105", "s1": "0", "s2": "4", "s": "", "t": "86'", "m": "Stuttgart player Kinczek threw the ball straight into Hanik, but the referee raised a flag to show that the latter was offside."}, {"id": "104", "s1": "0", "s2": "4", "s": "", "t": "86'", "m": "Schalke 04 substitution, Sane replaced Eric Choupo-Moting"}, {"id": "103", "s1": "0", "s2": "4", "s": "", "t": "85'", "m": "Stuttgart player Gentner scrambled for a foul and the opponent gained possession of the ball."}, {"id": "102", "s1": "0", "s2": "4", "s": "", "t": "85'", "m": "Neustedt won a free kick for Schalke 04."}, {"id": "101", "s1": "0", "s2": "4", "s": "", "t": "84'", "m": "Schalke 04 player AiHan tried a right-footed shot from outside the penalty area, but unfortunately the ball was slightly offside the left goal. It was Clemens who gave him the pass."}, {"id": "100", "s1": "0", "s2": "4", "s": "", "t": "83'", "m": "Shot!!! Stuttgart player Hanik's left-footed shot from the left side of the penalty area was saved by the opposing goalkeeper. It was Kinczek who passed the ball to him."}, {"id": "99", "s1": "0", "s2": "4", "s": "", "t": "81'", "m": "Romeu won a free kick for Stuttgart on the left."}, {"id": "98", "s1": "0", "s2": "4", "s": "", "t": "81'", "m": "Schalke 04 player AiHan scrambled for a foul and the opponent gained possession of the ball."}, {"id": "97", "s1": "0", "s2": "4", "s": "", "t": "80'", "m": "Schalke 04 substitution, Aihan for Chineta"}, {"id": "96", "s1": "0", "s2": "4", "s": "", "t": "79'", "m": "Harnick won a free kick for Stuttgart."}, {"id": "95", "s1": "0", "s2": "4", "s": "", "t": "79'", "m": "Schalke 04 player Neustedt scrambled for a foul and the opponent was given possession of the ball."}, {"id": "94", "s1": "0", "s2": "4", "s": "", "t": "78'", "m": "Stuttgart player Romeu scrambled for a foul and the opponent was given possession of the ball."}, {"id": "93", "s1": "0", "s2": "4", "s": "", "t": "78'", "m": "Clemens won a free kick for Schalke 04."}, {"id": "92", "s1": "0", "s2": "4", "s": "", "t": "77'", "m": "C- Fuchs handled the ball out of the bottom line and Stuttgart won a corner kick."}, {"id": "91", "s1": "0", "s2": "4", "s": "", "t": "77'", "m": "Schwab won a free kick for Stuttgart on the right."}, {"id": "90", "s1": "0", "s2": "4", "s": "", "t": "77'", "m": "Schalke 04 player Eric Choupo-Moting scrambled for a foul and the opponent was given possession of the ball."}, {"id": "89", "s1": "0", "s2": "4", "s": "", "t": "74'", "m": "Stuttgart player Romeu scrambled for a foul and the opponent was given possession of the ball."}, {"id": "88", "s1": "0", "s2": "4", "s": "", "t": "74'", "m": "Baneta won a free kick for Schalke 04."}, {"id": "87", "s1": "0", "s2": "4", "s": "", "t": "72'", "m": "Stuttgart player Gentner attempted a header in the centre of the penalty area, but unfortunately the ball deflected off the goal. It was Kacao who gave him the pass."}, {"id": "86", "s1": "0", "s2": "4", "s": "", "t": "70'", "m": "Heverdes handled the ball out of the bottom line and Stuttgart won a corner kick."}, {"id": "85", "s1": "0", "s2": "4", "s": "", "t": "70'", "m": "Shot!!! Stuttgart player Hanik's right-footed shot from the left side of the penalty area was saved by the opposing goalkeeper. It was Hlosek who gave him the ball."}, {"id": "84", "s1": "0", "s2": "4", "s": "", "t": "69'", "m": "Schalke 04 substitution, Clemens replaced M.M. Mayer"}, {"id": "83", "s1": "0", "s2": "4", "s": "", "t": "69'", "m": "Schalke 04 player Kirchhof kicked the ball straight into Huntelaar, but the referee raised a flag to show that the latter was offside."}, {"id": "82", "s1": "0", "s2": "4", "s": "", "t": "67'", "m": "Stuttgart player Kako's right-footed shot from the right side of the penalty area was blocked by a defender. It was Hlosek who gave him the ball."}, {"id": "81", "s1": "0", "s2": "4", "s": "", "t": "66'", "m": "Stuttgart player Carlos Gruezo shoved the ball straight into Kakao, but the referee raised a flag to show that the latter was offside."}, {"id": "80", "s1": "0", "s2": "4", "s": "", "t": "65'", "m": "Kako won a free kick for Stuttgart."}, {"id": "79", "s1": "0", "s2": "4", "s": "", "t": "65'", "m": "Schalke 04 player Takori Uchida scrambled for a foul and the opponent was given possession of the ball."}, {"id": "78", "s1": "0", "s2": "4", "s": "", "t": "64'", "m": "Schwab handled the ball out of the bottom line and Schalke 04 won the corner."}, {"id": "77", "s1": "0", "s2": "4", "s": "", "t": "64'", "m": "Schalke 04 player M.Mayer's right-footed shot from outside the penalty area was blocked by a defender. The one who passed the ball to him was Huntelaer."}, {"id": "76", "s1": "0", "s2": "4", "s": "", "t": "61'", "m": "Goal!!! Schalke 04 player Eric Choupo-Moting' header from the centre of the penalty area, the ball flew from the bottom left corner into the goal and the ball went in! Assisted by Banetta. Stuttgart 0-4 Schalke 04."}, {"id": "75", "s1": "0", "s2": "3", "s": "", "t": "61'", "m": "Rudiger handled the ball out of the bottom line and Schalke 04 won a corner kick."}, {"id": "74", "s1": "0", "s2": "3", "s": "", "t": "60'", "m": "Urreich handled the ball out of the bottom line and Schalke 04 won a corner kick."}, {"id": "73", "s1": "0", "s2": "3", "s": "", "t": "60'", "m": "Shot!!! Schalke 04 player Baneta's right-footed shot from the front of the goal line was saved by the opposing goalkeeper. The one who passed the ball to him was C-Fuchs."}, {"id": "72", "s1": "0", "s2": "3", "s": "", "t": "59'", "m": "Stuttgart made a substitution, and Kinček replaced Florian Klein"}, {"id": "71", "s1": "0", "s2": "3", "s": "", "t": "58'", "m": "Stuttgart player Romeu attempted a left-footed shot from outside the penalty area, but unfortunately the ball was slightly offside the right goal."}, {"id": "70", "s1": "0", "s2": "3", "s": "", "t": "57'", "m": "Schalke 04 player C-Fuchs kicked the ball straight into Huntelaer, but the referee raised a flag to show that the latter was offside."}, {"id": "69", "s1": "0", "s2": "3", "s": "", "t": "55'", "m": "Schwab won a free kick for Stuttgart at the opposing half."}, {"id": "68", "s1": "0", "s2": "3", "s": "", "t": "55'", "m": "Schalke 04 player Baneta scrambled for a foul and the opponent was given possession."}, {"id": "67", "s1": "0", "s2": "3", "s": "", "t": "53'", "m": "Stuttgart player Hanik scrambled for a foul and the opponent was given possession of the ball."}, {"id": "66", "s1": "0", "s2": "3", "s": "", "t": "53'", "m": "Hévides won a free kick for Schalke 04."}, {"id": "65", "s1": "0", "s2": "3", "s": "", "t": "53'", "m": "Stuttgart player Romeu's left-footed shot from outside the penalty area was blocked by a defender. It was Kacao who gave him the pass."}, {"id": "64", "s1": "0", "s2": "3", "s": "", "t": "51'", "m": "Stuttgart player Kako attempted a left-footed shot from the centre of the penalty area, but unfortunately the ball was slightly above goal."}, {"id": "63", "s1": "0", "s2": "3", "s": "", "t": "51'", "m": "Kako won a free kick for Stuttgart at the opposing half."}, {"id": "62", "s1": "0", "s2": "3", "s": "", "t": "51'", "m": "Schalke 04 player Neustedt scrambled for a foul and the opponent was given possession of the ball."}, {"id": "61", "s1": "0", "s2": "3", "s": "", "t": "49'", "m": "Gentner won a free kick for Stuttgart in the opposing half."}, {"id": "60", "s1": "0", "s2": "3", "s": "", "t": "49'", "m": "Schalke 04 player Ogo scrambled for a foul and the opponent gained possession of the ball."}, {"id": "59", "s1": "0", "s2": "3", "s": "", "t": "48'", "m": "Stuttgart player Gentner attempted a right-footed shot from the centre of the penalty area, but unfortunately the ball was slightly offside the right goal. The one who passed the ball to him was Florian Klein."}, {"id": "58", "s1": "0", "s2": "3", "s": "", "t": "48'", "m": "Neustadt handled the ball out of the bottom line and Stuttgart won the corner."}, {"id": "57", "s1": "0", "s2": "3", "s": "", "t": "48'", "m": "Stuttgart player Hanik's right-footed shot from outside the penalty area was blocked by a defender. It was Kacao who gave him the pass."}, {"id": "56", "s1": "0", "s2": "3", "s": "", "t": "", "m": "The second half began with Stuttgart 0-3 Schalke 04"}, {"id": "55", "s1": "0", "s2": "3", "s": "", "t": "45'", "m": "Stuttgart was replaced, Romeu replaced Sararrell"}, {"id": "54", "s1": "0", "s2": "3", "s": "", "t": "45'+1'", "m": "At the end of the first half, Stuttgart 0-3 Schalke 04, a short break, we will take a look at the performance of the two teams in the second half."}, {"id": "53", "s1": "0", "s2": "3", "s": "", "t": "45'", "m": "Baneta won a free kick for Schalke 04."}, {"id": "52", "s1": "0", "s2": "3", "s": "", "t": "45'", "m": "Stuttgart player Rudiger scrambled for a foul and the opponent was given possession of the ball."}, {"id": "51", "s1": "0", "s2": "3", "s": "", "t": "44'", "m": "Schalke 04 player Neustedt scrambled for a foul and the opponent was given possession of the ball."}, {"id": "50", "s1": "0", "s2": "3", "s": "", "t": "44'", "m": "Kako won a free kick for Stuttgart at the opposing half."}, {"id": "49", "s1": "0", "s2": "3", "s": "", "t": "42'", "m": "Schalke 04 player Huntelaar tried to head the ball forward in front of the goal line, but unfortunately the ball was slightly higher than the goal. It was Kirchhof who gave him the ball."}, {"id": "48", "s1": "0", "s2": "3", "s": "", "t": "42'", "m": "Schalke 04 player Kirchhof attempted a header in the centre of the penalty area, but unfortunately the ball was slightly offside the left goal. It was Baneta who gave him the ball."}, {"id": "47", "s1": "0", "s2": "3", "s": "", "t": "41'", "m": "Hloszek handled the ball out of the bottom line and Schalke 04 won a corner kick."}, {"id": "46", "s1": "0", "s2": "3", "s": "", "t": "41'", "m": "Schalke 04 player Ogo's right-footed shot from outside the penalty area was blocked by a defender."}, {"id": "45", "s1": "0", "s2": "3", "s": "", "t": "41'", "m": "Shot!!! Schalke 04 player Huntelaar's right-footed shot from the goal line was saved by the opposing goalkeeper. It was Neustedt who gave him the pass."}, {"id": "44", "s1": "0", "s2": "3", "s": "", "t": "41'", "m": "Schalke 04 player Neustedt tried to head the ball in the center of the penalty area, but unfortunately the ball was slightly offside the left goal. It was Baneta who gave him the ball."}, {"id": "43", "s1": "0", "s2": "3", "s": "", "t": "40'", "m": "Florian Klein handled the ball out of the line and Schalke 04 won the corner."}, {"id": "42", "s1": "0", "s2": "3", "s": "", "t": "39'", "m": "Stuttgart player Salarell scrambled for a foul and the opponent gained possession of the ball."}, {"id": "41", "s1": "0", "s2": "3", "s": "", "t": "39'", "m": "Uchida won a free kick for Schalke 04 on the right."}, {"id": "40", "s1": "0", "s2": "3", "s": "", "t": "38'", "m": "Stuttgart player Rudiger scrambled for a foul and the opponent was given possession of the ball."}, {"id": "39", "s1": "0", "s2": "3", "s": "", "t": "38'", "m": "Baneta won a free kick for Schalke 04 on the right."}, {"id": "38", "s1": "0", "s2": "3", "s": "", "t": "37'", "m": "Stuttgart player Schwab scrambled for a foul and the opponent was given possession of the ball."}, {"id": "37", "s1": "0", "s2": "3", "s": "", "t": "37'", "m": "Huntelaar won a free kick for Schalke 04."}, {"id": "36", "s1": "0", "s2": "3", "s": "", "t": "35'", "m": "Sararell won a free kick for Stuttgart."}, {"id": "35", "s1": "0", "s2": "3", "s": "", "t": "35'", "m": "Schalke 04 player Ogo scrambled for a foul and the opponent gained possession of the ball."}, {"id": "34", "s1": "0", "s2": "3", "s": "", "t": "31'", "m": "Stuttgart was replaced and Schwab replaced Leitner"}, {"id": "33", "s1": "0", "s2": "3", "s": "", "t": "30'", "m": "Stuttgart player Leitner tried a right-footed shot from outside the penalty area, but unfortunately the ball went high above goal. It was Sala Real who gave him the pass."}, {"id": "32", "s1": "0", "s2": "3", "s": "", "t": "27'", "m": "Rudiger won a free kick for Stuttgart."}, {"id": "31", "s1": "0", "s2": "3", "s": "", "t": "27'", "m": "Schalke 04 player Huntelaar scrambled for a foul and the opponent was given possession of the ball."}, {"id": "30", "s1": "0", "s2": "3", "s": "", "t": "25'", "m": "Stuttgart player Rudiger scrambled for a foul and the opponent was given possession of the ball."}, {"id": "29", "s1": "0", "s2": "3", "s": "", "t": "25'", "m": "Eric Choupo-Moting won a free kick for Schalke 04."}, {"id": "28", "s1": "0", "s2": "3", "s": "", "t": "24'", "m": "Schalke 04 player Neustedt kicked the ball straight into Uchida, but the referee raised a flag to show that the latter had been offside."}, {"id": "27", "s1": "0", "s2": "3", "s": "", "t": "23'", "m": "Gentner won a free kick for Stuttgart."}, {"id": "26", "s1": "0", "s2": "3", "s": "", "t": "23'", "m": "Schalke 04 player Ogo scrambled for a foul and the opponent gained possession of the ball."}, {"id": "25", "s1": "0", "s2": "3", "s": "", "t": "21'", "m": "Goal!!! Schalke 04 player Eric Choupo-Moting's header from the centre of the penalty area, the ball flew from the top right corner into the goal and the ball went in! Assisted by Banetta. Stuttgart 0-3 Schalke 04."}, {"id": "24", "s1": "0", "s2": "2", "s": "", "t": "21'", "m": "Kacao handled the ball out of the bottom line and Schalke 04 won the corner."}, {"id": "23", "s1": "0", "s2": "2", "s": "", "t": "18'", "m": "Schalke 04 player Hévedes scrambled for a foul and the opponent was given possession of the ball."}, {"id": "22", "s1": "0", "s2": "2", "s": "", "t": "18'", "m": "Sararell won a free kick for Stuttgart."}, {"id": "21", "s1": "0", "s2": "2", "s": "", "t": "15'", "m": "M-Mayer won a free kick for Schalke 04 on the left."}, {"id": "20", "s1": "0", "s2": "2", "s": "", "t": "15'", "m": "Stuttgart player Salarell scrambled for a foul and the opponent gained possession of the ball."}, {"id": "19", "s1": "0", "s2": "2", "s": "", "t": "14'", "m": "Stuttgart player Florian Klein tucked the ball straight into Kacao, but the referee raised a flag to show that the latter was offside."}, {"id": "18", "s1": "0", "s2": "2", "s": "", "t": "12'", "m": "Fairman handled the ball out of the bottom line and Stuttgart won the corner."}, {"id": "17", "s1": "0", "s2": "2", "s": "", "t": "12'", "m": "Shot!!! Stuttgart player Salarell's left-footed shot from the right side of the penalty area was saved by the opposing goalkeeper. It was Gentner who gave him the ball."}, {"id": "16", "s1": "0", "s2": "2", "s": "", "t": "11'", "m": "Stuttgart player Kakao attempted a right-footed shot just outside the penalty area, but the ball was deflected slightly off the left goal. It was Leitner who gave him the pass."}, {"id": "15", "s1": "0", "s2": "2", "s": "", "t": "10'", "m": "Goal!!! Schalke 04 player M.M. Mayer's header from the goal line, the ball flew from the middle of the road into the goal, the ball went in! Stuttgart 0-2 Schalke 04."}, {"id": "14", "s1": "0", "s2": "1", "s": "", "t": "10'", "m": "Schalke 04 player M.Mayer's left-footed shot from the left side of the penalty area was blocked by a defender. Passing the ball to him was Eric Choupo-Moting."}, {"id": "13", "s1": "0", "s2": "1", "s": "", "t": "9'", "m": "Uchida won a free kick for Schalke 04."}, {"id": "12", "s1": "0", "s2": "1", "s": "", "t": "9'", "m": "Stuttgart player Hloszek scrambled for a foul and the opponent was given possession of the ball."}, {"id": "11", "s1": "0", "s2": "1", "s": "", "t": "9'", "m": "Schalke 04 player Neustedt scrambled for a foul and the opponent was given possession of the ball."}, {"id": "10", "s1": "0", "s2": "1", "s": "", "t": "9'", "m": "Leitner won a free kick for Stuttgart."}, {"id": "9", "s1": "0", "s2": "1", "s": "", "t": "6'", "m": "Kirchhof won a free kick for Schalke 04."}, {"id": "8", "s1": "0", "s2": "1", "s": "", "t": "6'", "m": "Stuttgart player Gentner scrambled for a foul and the opponent gained possession of the ball."}, {"id": "7", "s1": "0", "s2": "1", "s": "", "t": "3'", "m": "M.M. Mayer won a free kick for Schalke 04 at half-time."}, {"id": "6", "s1": "0", "s2": "1", "s": "", "t": "3'", "m": "Stuttgart player Carlos Gruezo scrambled for a foul and the opponent was given possession of the ball."}, {"id": "5", "s1": "0", "s2": "1", "s": "", "t": "3'", "m": "Stuttgart player Salarell tried his right-footed shot just outside the penalty area, but unfortunately the ball went high above goal. The one who passed the ball to him was Florian Klein."}, {"id": "4", "s1": "0", "s2": "1", "s": "", "t": "1'", "m": "Goal!!! Schalke 04 player Eric Choupo-Moting shot with a right-footed shot from the centre of the penalty area, the ball flew from the bottom left corner into the goal, the ball was scored! Assisted by Banetta. Stuttgart 0-1 Schalke 04."}, {"id": "3", "s1": "0", "s2": "0", "s": "", "t": "1'", "m": "M-Mayer won a free kick for Schalke 04 on the left."}, {"id": "2", "s1": "0", "s2": "0", "s": "", "t": "1'", "m": "Stuttgart player Carlos Gruezo scrambled for a foul and the opponent was given possession of the ball."}, {"id": "1", "s1": "0", "s2": "0", "s": "", "t": "", "m": "With a whistle from the referee, the first half of the game began."}]