[{"id": "127", "s1": "3", "s2": "5", "s": "", "t": "", "m": "The match ended with Bremen 3-5 Wolfsburg and thank you for watching the Sina Football Live."}, {"id": "126", "s1": "3", "s2": "5", "s": "", "t": "90'+4'", "m": "The second half ended with Bremen 3-5 Wolfsburg"}, {"id": "125", "s1": "3", "s2": "5", "s": "", "t": "90'+3'", "m": "Wolfsburg player Bentner tried a right-footed shot from the left side of the penalty area, but unfortunately the ball deflected off the goal. It was Schaefer who gave him the ball."}, {"id": "124", "s1": "3", "s2": "5", "s": "", "t": "90'+1'", "m": "Gustavo won a free kick for Wolfsburg in the opposing half."}, {"id": "123", "s1": "3", "s2": "5", "s": "", "t": "90'+1'", "m": "Bremen player Yunuzovic scrambled for a foul and his opponent gained possession of the ball."}, {"id": "122", "s1": "3", "s2": "5", "s": "", "t": "89'", "m": "Wolfsburg made a substitution, Bentner replaced Dost"}, {"id": "121", "s1": "3", "s2": "5", "s": "", "t": "89'", "m": "Wolfsburg player Arnold tucked the ball straight into Dost, but the referee raised a flag to show that the latter was offside."}, {"id": "120", "s1": "3", "s2": "5", "s": "", "t": "88'", "m": "Wolfsburg player Calijuri scrambled for a foul and his opponent gained possession of the ball."}, {"id": "119", "s1": "3", "s2": "5", "s": "", "t": "88'", "m": "Westergaard won a free kick for Bremen."}, {"id": "118", "s1": "3", "s2": "5", "s": "", "t": "87'", "m": "Arnold won a free kick for Wolfsburg."}, {"id": "117", "s1": "3", "s2": "5", "s": "", "t": "87'", "m": "Bremen player Selk scrambled for a foul and the opponent was given possession of the ball."}, {"id": "116", "s1": "3", "s2": "5", "s": "", "t": "86'", "m": "Bremen was replaced, garcia replaced Steenberg"}, {"id": "115", "s1": "3", "s2": "5", "s": "", "t": "85'", "m": "Shot!!! Bremen player Yunuzovic's right-footed shot from outside the penalty area was saved by the opposing goalkeeper."}, {"id": "114", "s1": "3", "s2": "5", "s": "", "t": "84'", "m": "Wolfsburg player Calijuri scrambled for a foul and his opponent gained possession of the ball."}, {"id": "113", "s1": "3", "s2": "5", "s": "", "t": "84'", "m": "Maximilian Eggestein won a free kick for Bremen at the opposing half."}, {"id": "112", "s1": "3", "s2": "5", "s": "", "t": "84'", "m": "Wolfsburg player De Bruyne scrambled for a foul and his opponent was given possession."}, {"id": "111", "s1": "3", "s2": "5", "s": "", "t": "84'", "m": "Machiadi won a free kick for Bremen on the right."}, {"id": "110", "s1": "3", "s2": "5", "s": "", "t": "83'", "m": "Wolfsburg player Dost scrambled for a foul and his opponent was given possession."}, {"id": "109", "s1": "3", "s2": "5", "s": "", "t": "83'", "m": "Westergaard won a free kick for Bremen."}, {"id": "108", "s1": "3", "s2": "5", "s": "", "t": "82'", "m": "Arnold won a free kick for Wolfsburg."}, {"id": "107", "s1": "3", "s2": "5", "s": "", "t": "82'", "m": "Bremen player Selk scrambled for a foul and the opponent was given possession of the ball."}, {"id": "106", "s1": "3", "s2": "5", "s": "", "t": "82'", "m": "Arnold handled the ball out of the bottom line and Bremen won a corner kick."}, {"id": "105", "s1": "3", "s2": "5", "s": "", "t": "81'", "m": "Bremen replaced Machiadi with Kroos"}, {"id": "104", "s1": "3", "s2": "5", "s": "", "t": "81'", "m": "Gustavo handled the ball out of the bottom line and Bremen won the corner."}, {"id": "103", "s1": "3", "s2": "5", "s": "", "t": "79'", "m": "Yellow! Bremen player Westergaard was shown a yellow card by the referee for a malicious foul."}, {"id": "102", "s1": "3", "s2": "5", "s": "", "t": "79'", "m": "Calijuri won a free kick for Wolfsburg in the opposing half."}, {"id": "101", "s1": "3", "s2": "5", "s": "", "t": "79'", "m": "Bremen player Westergaard scrambled for a foul and the opponent gained possession of the ball."}, {"id": "100", "s1": "3", "s2": "5", "s": "", "t": "78'", "m": "The suspension ended and the players resumed playing."}, {"id": "99", "s1": "3", "s2": "5", "s": "", "t": "77'", "m": "Bremen was replaced, and Maximilian Eggestein replaced Fritz"}, {"id": "98", "s1": "3", "s2": "5", "s": "", "t": "77'", "m": "Dost of Wolfsburg fell to the ground injured and the game was suspended"}, {"id": "97", "s1": "3", "s2": "5", "s": "", "t": "76'", "m": "Wolfsburg was replaced, and Glory replaced Vierinia"}, {"id": "96", "s1": "3", "s2": "5", "s": "", "t": "75'", "m": "Klose handled the ball out of the bottom line and Bremen won the corner."}, {"id": "95", "s1": "3", "s2": "5", "s": "", "t": "75'", "m": "Bremen player Fritz's right-footed shot from the right side of the penalty area was blocked by a defender. It was Di Santo who gave him the pass."}, {"id": "94", "s1": "3", "s2": "5", "s": "", "t": "71'", "m": "Gustavo won a free kick for Wolfsburg."}, {"id": "93", "s1": "3", "s2": "5", "s": "", "t": "71'", "m": "Bremen player Fritz scrambled for a foul and the opponent gained possession of the ball."}, {"id": "92", "s1": "3", "s2": "5", "s": "", "t": "71'", "m": "Schaefer won a free kick for Wolfsburg."}, {"id": "91", "s1": "3", "s2": "5", "s": "", "t": "71'", "m": "Bremen player Oztunal scrambled for a foul and the opponent gained possession of the ball."}, {"id": "90", "s1": "3", "s2": "5", "s": "", "t": "70'", "m": "Wolfsburg player André Schürrle attempted a right-footed shot from outside the penalty area, but the ball was deflected slightly off the left goal. It was De Bruyne who passed the ball to him."}, {"id": "89", "s1": "3", "s2": "5", "s": "", "t": "69'", "m": "Yellow! Bremen player Kroos was shown a yellow card by the referee for a malicious foul."}, {"id": "88", "s1": "3", "s2": "5", "s": "", "t": "69'", "m": "Gustavo won a free kick for Wolfsburg."}, {"id": "87", "s1": "3", "s2": "5", "s": "", "t": "69'", "m": "Bremen player Kroos scrambled for a foul and the opponent gained possession."}, {"id": "86", "s1": "3", "s2": "5", "s": "", "t": "68'", "m": "Wolfsburg player Klose scrambled for a foul and the opponent was given possession."}, {"id": "85", "s1": "3", "s2": "5", "s": "", "t": "68'", "m": "Westergaard won a free kick for Bremen."}, {"id": "84", "s1": "3", "s2": "5", "s": "", "t": "68'", "m": "Yunuzovic handled the ball out of the line and Wolfsburg won a corner."}, {"id": "83", "s1": "3", "s2": "5", "s": "", "t": "66'", "m": "Wolfsburg player Calijuri threw the ball straight into André Schürrle, but the referee raised a flag to show that the latter was offside."}, {"id": "82", "s1": "3", "s2": "5", "s": "", "t": "65'", "m": "Wolfsburg player Schaefer kicked the ball straight into Gustavo, but the referee raised a flag to show that the latter was offside."}, {"id": "81", "s1": "3", "s2": "5", "s": "", "t": "64'", "m": "Wolfsburg made a substitution and André Schürrle replaced Gulavogu"}, {"id": "80", "s1": "3", "s2": "5", "s": "", "t": "63'", "m": "Wolfsburg player De Bruyne scrambled for a foul and his opponent was given possession."}, {"id": "79", "s1": "3", "s2": "5", "s": "", "t": "63'", "m": "Yunuzovic won a free kick for Bremen."}, {"id": "78", "s1": "3", "s2": "5", "s": "", "t": "62'", "m": "Shot!!! Bremen player Kroos' right-footed shot from outside the penalty area was saved by the opposing goalkeeper."}, {"id": "77", "s1": "3", "s2": "5", "s": "", "t": "61'", "m": "Bremen player Selassie attempted a header in the centre of the penalty area, but unfortunately the ball was slightly offside the right goal. It was Yunuzovic who gave him the ball."}, {"id": "76", "s1": "3", "s2": "5", "s": "", "t": "61'", "m": "Klose handled the ball out of the bottom line and Bremen won the corner."}, {"id": "75", "s1": "3", "s2": "5", "s": "", "t": "60'", "m": "Wolfsburg player Gulavogu scrambled for a foul and the opponent was given possession of the ball."}, {"id": "74", "s1": "3", "s2": "5", "s": "", "t": "60'", "m": "Oztunal won a free kick for Bremen at the opposing half."}, {"id": "73", "s1": "3", "s2": "5", "s": "", "t": "59'", "m": "Gustavo won a free kick for Wolfsburg in the opposing half."}, {"id": "72", "s1": "3", "s2": "5", "s": "", "t": "59'", "m": "Bremen player Oztunal scrambled for a foul and the opponent gained possession of the ball."}, {"id": "71", "s1": "3", "s2": "5", "s": "", "t": "58'", "m": "Yellow! Wolfsburg player Gulavogu was shown a yellow card by the referee for a malicious foul."}, {"id": "70", "s1": "3", "s2": "5", "s": "", "t": "58'", "m": "Wolfsburg player Gulavogu scrambled for a foul and the opponent was given possession of the ball."}, {"id": "69", "s1": "3", "s2": "5", "s": "", "t": "58'", "m": "Fritz won a free kick for Bremen on the right."}, {"id": "68", "s1": "3", "s2": "5", "s": "", "t": "57'", "m": "Bremen player Oztunal threw the ball straight into Selk, but the referee raised a flag to show the latter was offside."}, {"id": "67", "s1": "3", "s2": "5", "s": "", "t": "56'", "m": "Wolfsburg player De Bruyne scrambled for a foul and his opponent was given possession."}, {"id": "66", "s1": "3", "s2": "5", "s": "", "t": "56'", "m": "Fritz won a free kick for Bremen."}, {"id": "65", "s1": "3", "s2": "5", "s": "", "t": "55'", "m": "Klose won a free kick for Wolfsburg."}, {"id": "64", "s1": "3", "s2": "5", "s": "", "t": "55'", "m": "Bremen player Oztunal scrambled for a foul and the opponent gained possession of the ball."}, {"id": "63", "s1": "3", "s2": "5", "s": "", "t": "54'", "m": "Klose won a free kick for Wolfsburg."}, {"id": "62", "s1": "3", "s2": "5", "s": "", "t": "54'", "m": "Bremen player Di Santo scrambled for a foul and the opponent gained possession."}, {"id": "61", "s1": "3", "s2": "5", "s": "", "t": "53'", "m": "Goal!!! Wolfsburg player Calijuri shot with his right foot in front of the goal line, the ball flew from the middle of the road into the goal, the ball went in! The assist was Dost. Bremen 3-5 Wolfsburg."}, {"id": "60", "s1": "3", "s2": "4", "s": "", "t": "52'", "m": "Schaefer won a free kick for Wolfsburg."}, {"id": "59", "s1": "3", "s2": "4", "s": "", "t": "52'", "m": "Bremen player Di Santo scrambled for a foul and the opponent gained possession."}, {"id": "58", "s1": "3", "s2": "4", "s": "", "t": "52'", "m": "Schaefer won a free kick for Wolfsburg."}, {"id": "57", "s1": "3", "s2": "4", "s": "", "t": "52'", "m": "Bremen player Fritz scrambled for a foul and the opponent gained possession of the ball."}, {"id": "56", "s1": "3", "s2": "4", "s": "", "t": "51'", "m": "Goal!!! Wolfsburg player Dost shot with his right foot in front of the goal line, the ball flew into the goal from the bottom right corner, and the ball went in! Assisted by De Bruyne. Bremen 3-4 Wolfsburg."}, {"id": "55", "s1": "3", "s2": "3", "s": "", "t": "48'", "m": "Goal!!! Wolfsburg player Dost fired a right-footed shot from the centre of the penalty area, the ball flew from the middle of the box and the ball went in! Assisted by De Bruyne. Bremen 3-3 Wolfsburg."}, {"id": "54", "s1": "3", "s2": "2", "s": "", "t": "47'", "m": "Vierenia won a free kick for Wolfsburg."}, {"id": "53", "s1": "3", "s2": "2", "s": "", "t": "47'", "m": "Bremen player Yunuzovic scrambled for a foul and his opponent gained possession of the ball."}, {"id": "52", "s1": "3", "s2": "2", "s": "", "t": "46'", "m": "Arnold won a free kick for Wolfsburg."}, {"id": "51", "s1": "3", "s2": "2", "s": "", "t": "46'", "m": "Bremen player Steenberg scrambled for a foul and his opponent was given possession of the ball."}, {"id": "50", "s1": "3", "s2": "2", "s": "", "t": "", "m": "The second half began, Bremen 3-2 Wolfsburg"}, {"id": "49", "s1": "3", "s2": "2", "s": "", "t": "45'+1'", "m": "At the end of the first half, Bremen 3-2 Wolfsburg, with a short break, we will take a look at the performance of the two teams in the second half."}, {"id": "48", "s1": "3", "s2": "2", "s": "", "t": "45'", "m": "Wolfsburg player De Bruyne tried his left-footed shot from outside the penalty area, but unfortunately the ball deflected off goal. It was Vierenia who gave him the ball."}, {"id": "47", "s1": "3", "s2": "2", "s": "", "t": "44'", "m": "Bremen player Selk tried his right-footed shot from the right side of the penalty area, but unfortunately the ball was slightly offside the left goal. It was Yunuzovic who gave him the ball."}, {"id": "46", "s1": "3", "s2": "2", "s": "", "t": "42'", "m": "Yunuzovic handled the ball out of the line and Wolfsburg won a corner."}, {"id": "45", "s1": "3", "s2": "2", "s": "", "t": "42'", "m": "Wolfsburg player Arnold's left-footed shot from the right side of the penalty area was blocked by a defender. It was Dost who gave him the pass."}, {"id": "44", "s1": "3", "s2": "2", "s": "", "t": "41'", "m": "Wolfsburg player Arnold scrambled for a foul and the opponent was given possession of the ball."}, {"id": "43", "s1": "3", "s2": "2", "s": "", "t": "41'", "m": "Yunuzovic won a free kick for Bremen."}, {"id": "42", "s1": "3", "s2": "2", "s": "", "t": "41'", "m": "Wolfsburg player Dost's left-footed shot from the centre of the penalty area was blocked by a defender. It was Arnold who gave him the pass."}, {"id": "41", "s1": "3", "s2": "2", "s": "", "t": "39'", "m": "De Bruyne won a free kick for Wolfsburg."}, {"id": "40", "s1": "3", "s2": "2", "s": "", "t": "39'", "m": "Bremen player Selassie scrambled for a foul and the opponent was given possession."}, {"id": "39", "s1": "3", "s2": "2", "s": "", "t": "37'", "m": "Bremen player Di Santo was fouled for handball and the opponent was given the ball."}, {"id": "38", "s1": "3", "s2": "2", "s": "", "t": "36'", "m": "Wolfsburg player Vierenia kicked the ball straight into Dorset, but the referee raised a flag to show that the latter was offside."}, {"id": "37", "s1": "3", "s2": "2", "s": "", "t": "34'", "m": "Vierenia won a free kick for Wolfsburg."}, {"id": "36", "s1": "3", "s2": "2", "s": "", "t": "34'", "m": "Bremen player Steenberg scrambled for a foul and his opponent was given possession of the ball."}, {"id": "35", "s1": "3", "s2": "2", "s": "", "t": "31'", "m": "Shot!!! Wolfsburg player Naldo's right-footed shot from outside the penalty area was saved by the opposing goalkeeper. It was Schaefer who gave him the ball."}, {"id": "34", "s1": "3", "s2": "2", "s": "", "t": "30'", "m": "Arnold won a free kick for Wolfsburg on the left."}, {"id": "33", "s1": "3", "s2": "2", "s": "", "t": "30'", "m": "Bremen player Oztunal scrambled for a foul and the opponent gained possession of the ball."}, {"id": "32", "s1": "3", "s2": "2", "s": "", "t": "29'", "m": "Wolff handled the ball out of the bottom line and Wolfsburg won a corner kick."}, {"id": "31", "s1": "3", "s2": "2", "s": "", "t": "28'", "m": "Wolfsburg player Vierenia swung himself to make Bremen 3-2 Wolfsburg"}, {"id": "30", "s1": "2", "s2": "2", "s": "", "t": "28'", "m": "Bremen player Kroos attempted a right-footed shot from outside the penalty area, but unfortunately the ball was slightly offside the left goal."}, {"id": "29", "s1": "2", "s2": "2", "s": "", "t": "28'", "m": "Bernalio handled the ball out of the bottom line and Bremen won a corner kick."}, {"id": "28", "s1": "2", "s2": "2", "s": "", "t": "28'", "m": "Shot!!! Bremen player Kroos' right-footed shot from outside the penalty area was saved by the opposing goalkeeper.给他传球的是弗里茨."}, {"id": "27", "s1": "2", "s2": "2", "s": "", "t": "25'", "m": "Gustavo won a free kick for Wolfsburg."}, {"id": "26", "s1": "2", "s2": "2", "s": "", "t": "25'", "m": "Bremen player Selassie scrambled for a foul and the opponent was given possession."}, {"id": "25", "s1": "2", "s2": "2", "s": "", "t": "24'", "m": "Gustavo won a free kick for Wolfsburg in the opposing half."}, {"id": "24", "s1": "2", "s2": "2", "s": "", "t": "24'", "m": "Bremen player Predel scrambled for a foul and the opponent was given possession."}, {"id": "23", "s1": "2", "s2": "2", "s": "", "t": "20'", "m": "Wolfsburg player Arnold was fouled for handball and the opponent was given the ball."}, {"id": "22", "s1": "2", "s2": "2", "s": "", "t": "19'", "m": "Wolfsburg player De Bruyne threw the ball straight into Arnold, but the referee raised a flag to show that the latter was offside."}, {"id": "21", "s1": "2", "s2": "2", "s": "", "t": "18'", "m": "Goal!!! Wolfsburg player Arnold's header from the centre of the penalty area, the ball flew from the bottom left corner into the goal, the ball went in! Assisted by De Bruyne. Bremen 2-2 Wolfsburg."}, {"id": "20", "s1": "2", "s2": "1", "s": "", "t": "16'", "m": "Goal!!! Bremen player Di Santo shot with his right foot in front of the goal line, the ball flew from the middle of the road into the goal, the ball went in! Assisted by Oztunal. Bremen 2-1 Wolfsburg."}, {"id": "19", "s1": "1", "s2": "1", "s": "", "t": "14'", "m": "Bremen player Yunuzovic threw the ball straight into Selk, but the referee raised a flag to show that the latter was offside."}, {"id": "18", "s1": "1", "s2": "1", "s": "", "t": "14'", "m": "Wolfsburg player De Bruyne was fouled for handball and the opponent was given the ball."}, {"id": "17", "s1": "1", "s2": "1", "s": "", "t": "13'", "m": "Wolfsburg player Arnold attempted a left-footed shot from the centre of the penalty area, but the ball was deflected slightly off the left goal. It was Schaefer who gave him the ball."}, {"id": "16", "s1": "1", "s2": "1", "s": "", "t": "12'", "m": "Wolfsburg player De Bruyne's left-footed shot from outside the penalty area was blocked by a defender. It was Arnold who gave him the pass."}, {"id": "15", "s1": "1", "s2": "1", "s": "", "t": "10'", "m": "Goal!!! Wolfsburg player Calijuri's left-footed shot from the left side of the penalty area flew into the goal from the bottom left corner and the ball went in! Bremen 1-1 Wolfsburg."}, {"id": "14", "s1": "1", "s2": "0", "s": "", "t": "10'", "m": "Vierenia won a free kick for Wolfsburg."}, {"id": "13", "s1": "1", "s2": "0", "s": "", "t": "10'", "m": "Bremen player Selk scrambled for a foul and the opponent was given possession of the ball."}, {"id": "12", "s1": "1", "s2": "0", "s": "", "t": "9'", "m": "Goal!!! Bremen player Yunutsovic's left-footed shot from the centre of the penalty area flew into the net from the middle and the ball went in! Assisted by Oztunal. Bremen 1-0 Wolfsburg."}, {"id": "11", "s1": "0", "s2": "0", "s": "", "t": "8'", "m": "Bremen player West tried his header in the centre of the penalty area, but unfortunately the ball was slightly offside the right goal. It was Yunuzovic who gave him the ball."}, {"id": "10", "s1": "0", "s2": "0", "s": "", "t": "7'", "m": "Dorset handled the ball out of the bottom line and Bremen won a corner kick."}, {"id": "9", "s1": "0", "s2": "0", "s": "", "t": "7'", "m": "Wolfsburg player Calijuri scrambled for a foul and his opponent gained possession of the ball."}, {"id": "8", "s1": "0", "s2": "0", "s": "", "t": "7'", "m": "Di Santo won a free kick for Bremen on the left."}, {"id": "7", "s1": "0", "s2": "0", "s": "", "t": "6'", "m": "The suspension ended and the players resumed playing."}, {"id": "6", "s1": "0", "s2": "0", "s": "", "t": "6'", "m": "BremenDi Santo fell to the ground injured and the game was suspended"}, {"id": "5", "s1": "0", "s2": "0", "s": "", "t": "6'", "m": "Wolfsburg player Naldo scrambled for a foul and his opponent gained possession of the ball."}, {"id": "4", "s1": "0", "s2": "0", "s": "", "t": "6'", "m": "Di Santo won a free kick for Bremen in the opposing half."}, {"id": "3", "s1": "0", "s2": "0", "s": "", "t": "3'", "m": "Wolfsburg player Klose scrambled for a foul and the opponent was given possession."}, {"id": "2", "s1": "0", "s2": "0", "s": "", "t": "3'", "m": "Di Santo won a free kick for Bremen."}, {"id": "1", "s1": "0", "s2": "0", "s": "", "t": "", "m": "With a whistle from the referee, the first half of the game began."}]