[{"id": "4664357", "s1": "3", "s2": "0", "s": "Finish", "t": "", "m": "Thank you all for watching and seeing you soon!"}, {"id": "4664355", "s1": "3", "s2": "0", "s": "Finish", "t": "", "m": "Well, that's the end of the live broadcast of the game."}, {"id": "4664354", "s1": "", "s2": "", "s": "", "t": "", "m": "", "lnk": {"title": "莱万庆祝进球", "href": "http://ww3.sinaimg.cn/bmiddle/5f469579jw1er21j28dzyj20qe0jdwhj.jpg", "type": "image", "extra": []}}, {"id": "4664350", "s1": "3", "s2": "0", "s": "Finish", "t": "", "m": "Prepared for the Midweek Champions League quarter-finals against Porto"}, {"id": "4664348", "s1": "3", "s2": "0", "s": "Finish", "t": "", "m": "In addition to the easy win, the personnel were fully rotated"}, {"id": "4664347", "s1": "3", "s2": "0", "s": "Finish", "t": "", "m": "The course of the match fits perfectly into Guardiola's design"}, {"id": "4664345", "s1": "3", "s2": "0", "s": "Finish", "t": "", "m": "Bayern Munich take Frankfurt 3:0!"}, {"id": "4664344", "s1": "3", "s2": "0", "s": "Next", "t": "46'", "m": "The whole game is over!"}, {"id": "4664342", "s1": "3", "s2": "0", "s": "Next", "t": "46'", "m": "However, the referee did not blow the penalty and saved the ball first"}, {"id": "4664340", "s1": "3", "s2": "0", "s": "Next", "t": "46'", "m": "Bernat dribbled the ball into the penalty area at high speed on the left and Trapp pounced on the ball"}, {"id": "4664338", "s1": "3", "s2": "0", "s": "Next", "t": "46'", "m": "Only one minute was added in the second half"}, {"id": "4664335", "s1": "3", "s2": "0", "s": "Next", "t": "45'", "m": "Lewandowski carried the ball into the penalty area and was a little slower to empty when he slammed his foot"}, {"id": "4664331", "s1": "3", "s2": "0", "s": "Next", "t": "43'", "m": "Ignatiovki was cautioned for a yellow card"}, {"id": "4664330", "s1": "3", "s2": "0", "s": "Next", "t": "43'", "m": "Ignovki also did not perform much on the field, pulling people foul"}, {"id": "4664327", "s1": "3", "s2": "0", "s": "Next", "t": "43'", "m": "Guardiola's side is actually superb in terms of midfield control"}, {"id": "4664319", "s1": "3", "s2": "0", "s": "Next", "t": "42'", "m": "Lewandowski came again, and a dunk in the penalty area was deflected again"}, {"id": "4664316", "s1": "3", "s2": "0", "s": "Next", "t": "42'", "m": "Bayern's third goal, Weisser picked out a pass from the edge of the penalty area, Müller was half a beat away, but stopped the ball before the bottom line and hit the top of the goal at a small angle into the net"}, {"id": "4664307", "s1": "3", "s2": "0", "s": "Next", "t": "41'", "m": "The second half was already 40 minutes long"}, {"id": "4664304", "s1": "3", "s2": "0", "s": "Next", "t": "35'", "m": "Bayern made another substitution, with No. 28 Balstube replacing No. 13 Rafinha"}, {"id": "4664302", "s1": "3", "s2": "0", "s": "Next", "t": "34'", "m": "During this period, Müller scored a third goal for Bayern"}, {"id": "4664301", "s1": "3", "s2": "0", "s": "Next", "t": "34'", "m": "Just now there was a slight glitch in the background"}, {"id": "4664286", "s1": "2", "s2": "0", "s": "Next", "t": "34'", "m": "Götze's free-kick hit the wall"}, {"id": "4664284", "s1": "2", "s2": "0", "s": "Next", "t": "34'", "m": "Bayern made another substitution, with No. 16 Gaudino replacing No. 21 Ram"}, {"id": "4664282", "s1": "2", "s2": "0", "s": "Next", "t": "34'", "m": "Bayern were awarded a free-kick opportunity at the edge of the penalty area"}, {"id": "4664281", "s1": "2", "s2": "0", "s": "Next", "t": "33'", "m": "Müller received the pass to the left, and Bernat changed direction and was thrown to the ground by Stendra"}, {"id": "4664278", "s1": "2", "s2": "0", "s": "Next", "t": "33'", "m": "Bayern counterattacked, Götze stopped in the middle and sent a direct pass"}, {"id": "4664277", "s1": "2", "s2": "0", "s": "Next", "t": "33'", "m": "Mueller's volley was too positive and Trapp held the ball"}, {"id": "4664275", "s1": "2", "s2": "0", "s": "Next", "t": "33'", "m": "Weisser's cross from the right was not far from Madeleine"}, {"id": "4664273", "s1": "2", "s2": "0", "s": "Next", "t": "32'", "m": "Götzel passed straight to the top of the arc, Rod's heel slammed, and Lewandowski's low shot hit the upright"}, {"id": "4664272", "s1": "2", "s2": "0", "s": "Next", "t": "32'", "m": "Bayern have created opportunities again"}, {"id": "4664271", "s1": "2", "s2": "0", "s": "Next", "t": "31'", "m": "Correcting Bayern's scoring process, Müller sent the ball into the box, inserted a Ram cross, Müller shoveled the ground and was saved by Hasebe Makoto, but the follow-up Lewandowski head headed into the empty goal"}, {"id": "4664266", "s1": "2", "s2": "0", "s": "Next", "t": "30'", "m": "Ram fell to the ground trying to cross and didn't touch the ball"}, {"id": "4664264", "s1": "2", "s2": "0", "s": "Next", "t": "30'", "m": "Götze came on the right, a smooth, a little bigger"}, {"id": "4664260", "s1": "2", "s2": "0", "s": "Next", "t": "29'", "m": "Anderson grabbed the shovel and brought down Mueller"}, {"id": "4664258", "s1": "2", "s2": "0", "s": "Next", "t": "29'", "m": "Götze handed it over to Rafinha"}, {"id": "4664256", "s1": "2", "s2": "0", "s": "Next", "t": "28'", "m": "The third substitution came less than a minute later, with No. 27 Ignaovki replacing No. 23 Chandler"}, {"id": "4664255", "s1": "2", "s2": "0", "s": "Next", "t": "27'", "m": "Piazun on the 19th replaced Egner on the 16th"}, {"id": "4664254", "s1": "2", "s2": "0", "s": "Next", "t": "27'", "m": "Frankfurt was also replaced, with No. 8 QianGuishi replacing No. 11 Valdés"}, {"id": "4664252", "s1": "2", "s2": "0", "s": "Next", "t": "25'", "m": "The dribbling is light and the pass is clear"}, {"id": "4664250", "s1": "2", "s2": "0", "s": "Next", "t": "25'", "m": "Thiago played well today and was quite energetic in midfield"}, {"id": "4664249", "s1": "2", "s2": "0", "s": "Next", "t": "24'", "m": "Bayern Munich made a substitution, with No. 20 Rod replacing No. 6 Thiago"}, {"id": "4664248", "s1": "2", "s2": "0", "s": "Next", "t": "23'", "m": "After Lewandowski scored, Bayern's victory was even more stable"}, {"id": "4664247", "s1": "2", "s2": "0", "s": "Next", "t": "23'", "m": "Stendra also received a yellow card"}, {"id": "4664246", "s1": "2", "s2": "0", "s": "Next", "t": "23'", "m": "Stendra was fouled defensively in midfield"}, {"id": "4664245", "s1": "2", "s2": "0", "s": "Next", "t": "22'", "m": "Götze advanced in the middle and handed it to Muller, Müller took another pass, Bernat counter-inserted an inverted triangle cross, Lewandowski's push was blocked by Trapp, and Lewandowski jumped up to head the ball into the empty goal!"}, {"id": "4664243", "s1": "2", "s2": "0", "s": "Next", "t": "21'", "m": "After a series of combinations, Lewandowski scored another goal"}, {"id": "4664242", "s1": "1", "s2": "0", "s": "Next", "t": "21'", "m": "Götze advanced in the middle of the road to Müller"}, {"id": "4664241", "s1": "1", "s2": "0", "s": "Next", "t": "21'", "m": "Chandler's right-hand side cross was crossed and passed"}, {"id": "4664240", "s1": "1", "s2": "0", "s": "Next", "t": "20'", "m": "Stendra was handed over to Agner, who had no purpose in passing the long pass"}, {"id": "4664239", "s1": "1", "s2": "0", "s": "Next", "t": "20'", "m": "Makoto Hasebe took the ball and handed it to Madeleine"}, {"id": "4664238", "s1": "1", "s2": "0", "s": "Next", "t": "20'", "m": "The fight was too small, and Anderson succeeded in grabbing it"}, {"id": "4664237", "s1": "1", "s2": "0", "s": "Next", "t": "19'", "m": "Müller crossed to Lewandowski"}, {"id": "4664236", "s1": "1", "s2": "0", "s": "Next", "t": "19'", "m": "Thiago swung a man over and handed it to Mueller"}, {"id": "4664235", "s1": "1", "s2": "0", "s": "Next", "t": "19'", "m": "Alonso was handed over to Thiago"}, {"id": "4664234", "s1": "1", "s2": "0", "s": "Next", "t": "19'", "m": "Weisser took the ball from the right and passed it back to Rafinha"}, {"id": "4664233", "s1": "1", "s2": "0", "s": "Next", "t": "19'", "m": "In the second half Bayern seemed intent on letting Eintracht Frankfurt attack"}, {"id": "4664232", "s1": "", "s2": "", "s": "", "t": "", "m": "", "lnk": {"title": "钱德勒力压格策", "href": "http://ww3.sinaimg.cn/bmiddle/5f469579jw1er20mxsj7xj20qe0kq781.jpg", "type": "image", "extra": []}}, {"id": "4664229", "s1": "1", "s2": "0", "s": "Next", "t": "18'", "m": "Bernaterne cut inside the penalty area and hit the post with a right-footed shot"}, {"id": "4664228", "s1": "1", "s2": "0", "s": "Next", "t": "17'", "m": "Bernat attacked on the left"}, {"id": "4664226", "s1": "1", "s2": "0", "s": "Next", "t": "17'", "m": "Frankfurt's free-kick opportunity on the right, Aigner's cross, Renner plucked the ball off"}, {"id": "4664224", "s1": "1", "s2": "0", "s": "Next", "t": "17'", "m": "Guardiola's body language is abundant"}, {"id": "4664222", "s1": "1", "s2": "0", "s": "Next", "t": "16'", "m": "We saw Guardiola, who was directing on the sidelines, quite engaged, jumping left and right"}, {"id": "4664220", "s1": "1", "s2": "0", "s": "Next", "t": "15'", "m": "The oblique long pass came up, and Wei zeal's lower cross could not pass Anderson"}, {"id": "4664218", "s1": "1", "s2": "0", "s": "Next", "t": "15'", "m": "Bayern fell first in midfield"}, {"id": "4664215", "s1": "1", "s2": "0", "s": "Next", "t": "14'", "m": "Chandler crossed diagonally into the penalty area and the ball flew straight out of the line"}, {"id": "4664214", "s1": "1", "s2": "0", "s": "Next", "t": "14'", "m": "Anderson took the ball and handed it to Chandler in the gap on the right"}, {"id": "4664213", "s1": "1", "s2": "0", "s": "Next", "t": "14'", "m": "Ochipuka was handed over to Makoto Hasebe and returned to Okipka"}, {"id": "4664210", "s1": "1", "s2": "0", "s": "Next", "t": "13'", "m": "Aigner's cross couldn't get past Dante's head"}, {"id": "4664208", "s1": "1", "s2": "0", "s": "Next", "t": "13'", "m": "Frankfurt's midfield pass was much smoother than in the first half"}, {"id": "4664204", "s1": "1", "s2": "0", "s": "Next", "t": "12'", "m": "Müller's short pass into the box was disrupted by Anderson"}, {"id": "4664203", "s1": "1", "s2": "0", "s": "Next", "t": "11'", "m": "Rahm dribbled the ball past halfway to Mueller on the right"}, {"id": "4664200", "s1": "1", "s2": "0", "s": "Next", "t": "11'", "m": "The two-over-one with Valdés did not play well"}, {"id": "4664199", "s1": "1", "s2": "0", "s": "Next", "t": "11'", "m": "Frankfurt's attack on the right was met by Seferović"}, {"id": "4664196", "s1": "1", "s2": "0", "s": "Next", "t": "10'", "m": "Reply: Shouldn't Cao Zhenyi be 2:0? How to solve it 1:0 (Müller's goal, the referee and the assistant referee discussed and changed the goal to invalidity)"}, {"id": "4664191", "s1": "1", "s2": "0", "s": "Next", "t": "9'", "m": "It was still Frankfurt's possession, but Makoto Hasebe's transfer of the ball was not passed well, directly out of the bottom line"}, {"id": "4664189", "s1": "1", "s2": "0", "s": "Next", "t": "9'", "m": "Aigner took the ball and crossed diagonally into the penalty area, a little bit later"}, {"id": "4664188", "s1": "1", "s2": "0", "s": "Next", "t": "8'", "m": "Stendra transferred to the right"}, {"id": "4664187", "s1": "1", "s2": "0", "s": "Next", "t": "8'", "m": "Ochipka answered and handed it over to Stendra"}, {"id": "4664186", "s1": "1", "s2": "0", "s": "Next", "t": "8'", "m": "Seferovic pulled the ball and handed it to Kitter"}, {"id": "4664184", "s1": "1", "s2": "0", "s": "Next", "t": "8'", "m": "Thiago immediately counter-attacked, and the cross was intercepted by Maderan in the middle of the run"}, {"id": "4664183", "s1": "1", "s2": "0", "s": "Next", "t": "8'", "m": "Kittel succeeded on the left and The Weizerlas fouled"}, {"id": "4664179", "s1": "1", "s2": "0", "s": "Next", "t": "7'", "m": "Thiago crossed the middle into the box and Trapp fell to the ground to save the ball"}, {"id": "4664174", "s1": "1", "s2": "0", "s": "Next", "t": "5'", "m": "Thiago's corner kick in front of the goal was equally less of a threat"}, {"id": "4664173", "s1": "1", "s2": "0", "s": "Next", "t": "5'", "m": "Midfielders are still Bayern's world, and Weisser's advance on the right was intercepted by Chandler"}, {"id": "4664171", "s1": "1", "s2": "0", "s": "Next", "t": "4'", "m": "Bernat's cross from a quick stop on the left corner of the penalty area could not pass Anderson"}, {"id": "4664170", "s1": "1", "s2": "0", "s": "Next", "t": "4'", "m": "Thiago midfielders responded, coordinating with Bernat"}, {"id": "4664167", "s1": "1", "s2": "0", "s": "Next", "t": "3'", "m": "In the second half, Frankfurt clearly pressed the formation forward"}, {"id": "4664165", "s1": "1", "s2": "0", "s": "Next", "t": "3'", "m": "Aigner's pass went straight out of the sideline"}, {"id": "4664163", "s1": "1", "s2": "0", "s": "Next", "t": "3'", "m": "Attack on the right side of Frankfurt"}, {"id": "4664157", "s1": "1", "s2": "0", "s": "Next", "t": "1'", "m": "The second half of the game begins!"}, {"id": "4664147", "s1": "", "s2": "", "s": "", "t": "", "m": "", "lnk": {"title": "", "href": "http://ww3.sinaimg.cn/bmiddle/634cbeebjw1er1ztk2aloj20hs0godhs.jpg", "type": "image", "extra": []}}, {"id": "4664124", "s1": "1", "s2": "0", "s": "Midfielder", "t": "", "m": "Take a break and broadcast the second half of the game for everyone"}, {"id": "4664122", "s1": "1", "s2": "0", "s": "Midfielder", "t": "", "m": "In the second half, Frankfurt can get better, we will wait and see"}, {"id": "4664120", "s1": "1", "s2": "0", "s": "Midfielder", "t": "", "m": "Frankfurt has little to no chance of fighting back"}, {"id": "4664119", "s1": "1", "s2": "0", "s": "Midfielder", "t": "", "m": "Bayern, who had the upper hand in the first half, had an absolute advantage"}, {"id": "4664117", "s1": "1", "s2": "0", "s": "Midfielder", "t": "", "m": "Bayern Munich led 1-0 into the halftime"}, {"id": "4664115", "s1": "1", "s2": "0", "s": "on", "t": "45'", "m": "The first half is over!"}, {"id": "4664114", "s1": "1", "s2": "0", "s": "on", "t": "45'", "m": "Frankfurt took the ball on the left and Ochipka came up with a long pass and handed it directly to Reina"}, {"id": "4664113", "s1": "1", "s2": "0", "s": "on", "t": "45'", "m": "1 minute of stoppage time in the first half"}, {"id": "4664111", "s1": "1", "s2": "0", "s": "on", "t": "44'", "m": "The corner of Thiago's right eye was bloody again"}, {"id": "4664109", "s1": "1", "s2": "0", "s": "on", "t": "44'", "m": "Eintracht Frankfurt's pass, Aigner was tripped by Thiago"}, {"id": "4664106", "s1": "1", "s2": "0", "s": "on", "t": "43'", "m": "Rafinha came on the right, and in the middle of the cross, Mueller was blocked by Makoto Hasebe and pushed someone foul"}, {"id": "4664105", "s1": "1", "s2": "0", "s": "on", "t": "42'", "m": "The game continued, with Chandler's diagonal pass from the right, which was offside by Seferovic"}, {"id": "4664104", "s1": "1", "s2": "0", "s": "on", "t": "42'", "m": "The score was still 1:0"}, {"id": "4664103", "s1": "1", "s2": "0", "s": "on", "t": "42'", "m": "However, the referee consulted with the assistant referee and blew the goal off"}, {"id": "4664100", "s1": "1", "s2": "0", "s": "on", "t": "41'", "m": "Götze was sent to the right side of the penalty area, Müller's heels slammed, Götze's header was on top, and after a melee, Müller rushed up and scored the ball"}, {"id": "4664097", "s1": "1", "s2": "0", "s": "on", "t": "40'", "m": "Ram split on the right, and it was Götze who pulled the edge"}, {"id": "4664096", "s1": "1", "s2": "0", "s": "on", "t": "40'", "m": "Renner struck and saved the ball successfully"}, {"id": "4664095", "s1": "1", "s2": "0", "s": "on", "t": "40'", "m": "Frankfurt counter-attacked and Seferović switched his left foot to send a direct pass into the box"}, {"id": "4664092", "s1": "1", "s2": "0", "s": "on", "t": "39'", "m": "Götze sent the ball over the top on the left and Lewandowski turned and catapulted with his right foot, the ball slightly offside"}, {"id": "4664091", "s1": "1", "s2": "0", "s": "on", "t": "39'", "m": "Bayern's pressing made Frankfurt very difficult"}, {"id": "4664089", "s1": "1", "s2": "0", "s": "on", "t": "39'", "m": "Stendra took the ball in midfield, passed it to the left and crossed directly to the sideline"}, {"id": "4664087", "s1": "1", "s2": "0", "s": "on", "t": "38'", "m": "Thiago's free-kick was fired straight at the ball, which bounced off the ground and was held by Trapp"}, {"id": "4664085", "s1": "1", "s2": "0", "s": "on", "t": "38'", "m": "Bayern attacked in the middle, Götze picked the ball over, and Makoto Hasebe handball fouled"}, {"id": "4664083", "s1": "1", "s2": "0", "s": "on", "t": "37'", "m": "Re: User 3767783965 Bayern Barca Evergrande R&F is my favorite club (presumably a fan from Guangzhou)"}, {"id": "4664081", "s1": "1", "s2": "0", "s": "on", "t": "36'", "m": "Alonso's free-kick went just over the crossbar"}, {"id": "4664080", "s1": "1", "s2": "0", "s": "on", "t": "36'", "m": "But the referee thought to listen to the whistle"}, {"id": "4664078", "s1": "1", "s2": "0", "s": "on", "t": "36'", "m": "Thiago was fast forward and Mueller crossed the goalkeeper to score the empty goal in the Han Super League"}, {"id": "4664076", "s1": "1", "s2": "0", "s": "on", "t": "35'", "m": "Dante's direct pass from the middle, Lewandowski's ball and Thiago's pick-up was tripped"}, {"id": "4664074", "s1": "1", "s2": "0", "s": "on", "t": "35'", "m": "It was a tactical foul with his hand directly on Levan's face, and Madeleine received a yellow card"}, {"id": "4664073", "s1": "1", "s2": "0", "s": "on", "t": "35'", "m": "Bayern counter-attacked, Madelangla fouled"}, {"id": "4664070", "s1": "1", "s2": "0", "s": "on", "t": "34'", "m": "Stendra stepped forward and Rafinha unblocked the ball off the sideline"}, {"id": "4664069", "s1": "1", "s2": "0", "s": "on", "t": "34'", "m": "Chandler pressed up on the right, and Hasebu Makoto on the middle side split the left side"}, {"id": "4664066", "s1": "1", "s2": "0", "s": "on", "t": "33'", "m": "Götze's corner kick was sent out, Müller's header was headed at goal, and the power was not large enough to be confiscated by Trapp"}, {"id": "4664065", "s1": "1", "s2": "0", "s": "on", "t": "33'", "m": "Bayern were awarded a corner kick on the right side of the front"}, {"id": "4664063", "s1": "1", "s2": "0", "s": "on", "t": "33'", "m": "Goetze's two-on-one collaboration with Thiago was intercepted by Stendra"}, {"id": "4664061", "s1": "1", "s2": "0", "s": "on", "t": "32'", "m": "Bayern players kicked the ball off the sideline first"}, {"id": "4664060", "s1": "1", "s2": "0", "s": "on", "t": "32'", "m": "Kittel, 28 Frankfurt, sat injured on the lawn"}, {"id": "4664057", "s1": "1", "s2": "0", "s": "on", "t": "31'", "m": "Eintracht Frankfurt simply could not hold the ball in midfield"}, {"id": "4664055", "s1": "1", "s2": "0", "s": "on", "t": "31'", "m": "Thiago shook to no avail and lost the ball when passing again"}, {"id": "4664054", "s1": "1", "s2": "0", "s": "on", "t": "31'", "m": "Kittel's biography was cut off by Thiago in hanchao"}, {"id": "4664053", "s1": "1", "s2": "0", "s": "on", "t": "30'", "m": "Götze stopped the ball at the edge of the penalty area and turned to hit the goal, and Trapp once again made a world-class save"}, {"id": "4664050", "s1": "", "s2": "", "s": "", "t": "", "m": "", "lnk": {"title": "狂热的拜仁球迷", "href": "http://ww3.sinaimg.cn/bmiddle/5f469579jw1er1z6f6eh5j20qe0hlqcu.jpg", "type": "image", "extra": []}}, {"id": "4664049", "s1": "1", "s2": "0", "s": "on", "t": "28'", "m": "Götze dribbled the ball off the line and was cut off by Kittel"}, {"id": "4664047", "s1": "1", "s2": "0", "s": "on", "t": "28'", "m": "It is not known whether the rules of the game allow Neuer to play as a player in other positions"}, {"id": "4664045", "s1": "1", "s2": "0", "s": "on", "t": "27'", "m": "Bayern have only four men on the bench, one of whom is Neuer"}, {"id": "4664044", "s1": "1", "s2": "0", "s": "on", "t": "26'", "m": "Chandler counter-attacked and the cross was tipped over by Dante's header"}, {"id": "4664043", "s1": "1", "s2": "0", "s": "on", "t": "26'", "m": "The ball was cut off by Bayern"}, {"id": "4664041", "s1": "1", "s2": "0", "s": "on", "t": "25'", "m": "Makoto Hasebe then shifted to the right and Aigner's header was returned to his teammate"}, {"id": "4664040", "s1": "1", "s2": "0", "s": "on", "t": "25'", "m": "The ball was lost and Seferović returned to midfield to pick up the ball and split it on the left"}, {"id": "4664038", "s1": "1", "s2": "0", "s": "on", "t": "24'", "m": "It was still bayern midfielders who took the ball and passed it very short"}, {"id": "4664036", "s1": "1", "s2": "0", "s": "on", "t": "24'", "m": "Bernat got the ball again and the ball was chased back by Aigner to break it"}, {"id": "4664035", "s1": "1", "s2": "0", "s": "on", "t": "24'", "m": "Bernat pressed up from the left and crossed by Maderang"}, {"id": "4664034", "s1": "1", "s2": "0", "s": "on", "t": "23'", "m": "The ball split across the right and Weisser's cross was cleared off the line by Madeleine's big foot"}, {"id": "4664032", "s1": "1", "s2": "0", "s": "on", "t": "23'", "m": "Thiago took the ball at the back and Makoto Hasebe grabbed the foul"}, {"id": "4664031", "s1": "1", "s2": "0", "s": "on", "t": "22'", "m": "Müller's powerful long-range shot slowed the ball down on the defender and Trapp saved the ball"}, {"id": "4664030", "s1": "1", "s2": "0", "s": "on", "t": "22'", "m": "Thiago dribbled in midfield and handed it to Mueller"}, {"id": "4664029", "s1": "1", "s2": "0", "s": "on", "t": "21'", "m": "Kitter advanced with the ball in midfield and split onto the left"}, {"id": "4664028", "s1": "1", "s2": "0", "s": "on", "t": "21'", "m": "Müller leaned on Aigner to take the ball, and the return pass became powerful"}, {"id": "4664026", "s1": "1", "s2": "0", "s": "on", "t": "20'", "m": "Alonso returned to the backcourt organization and handed it over to Ram, who passed a long pass"}, {"id": "4664025", "s1": "1", "s2": "0", "s": "on", "t": "20'", "m": "Weisser's direct pass, Thiago's inverted triangle cross, Lewandowski's low shot past Madeleine was blocked by Trapp"}, {"id": "4664024", "s1": "1", "s2": "0", "s": "on", "t": "19'", "m": "Bayern's passing line on the right is fairly clear"}, {"id": "4664022", "s1": "1", "s2": "0", "s": "on", "t": "19'", "m": "Playing a tactic, Alonso went straight into the right rib of the penalty area, Thiago crossed from the bottom, and Dante struggled to win the top"}, {"id": "4664021", "s1": "1", "s2": "0", "s": "on", "t": "19'", "m": "The location is close to the middle road and can directly hit the door"}, {"id": "4664020", "s1": "1", "s2": "0", "s": "on", "t": "18'", "m": "Müller dribbled down the right and won Bayern another free-kick opportunity"}, {"id": "4664018", "s1": "1", "s2": "0", "s": "on", "t": "18'", "m": "There are only a rare 4 people on the Bayern bench today"}, {"id": "4664017", "s1": "1", "s2": "0", "s": "on", "t": "18'", "m": "Despite the wounded battalion, Bayern is still far above Frankfurt"}, {"id": "4664014", "s1": "1", "s2": "0", "s": "on", "t": "17'", "m": "This classic goal action is reminiscent of the 1994 World Cup, when Germany beat South Korea 3-2, Klinsmann scored a killer goal"}, {"id": "4664013", "s1": "1", "s2": "0", "s": "on", "t": "16'", "m": "Ram attacked from the right, a short pass to Mueller, Who picked up the ball and headed the ball forward, Lewandowski on the edge of the penalty area with his back to the goalkeeper to pick up the ball and then turn around and shoot with his right foot!"}, {"id": "4664011", "s1": "1", "s2": "0", "s": "on", "t": "15'", "m": "Lewandowski opened the record first!"}, {"id": "4664010", "s1": "0", "s2": "0", "s": "on", "t": "15'", "m": "Bayern made a fuss on the right"}, {"id": "4664006", "s1": "0", "s2": "0", "s": "on", "t": "14'", "m": "Bayern still kept the ball under their feet"}, {"id": "4664001", "s1": "0", "s2": "0", "s": "on", "t": "14'", "m": "Thiago dribbled on the right and went big"}, {"id": "4663999", "s1": "0", "s2": "0", "s": "on", "t": "13'", "m": "A direct pass from Seferović in the middle, Valdés offside"}, {"id": "4663997", "s1": "0", "s2": "0", "s": "on", "t": "13'", "m": "Bernat dribbled the ball on the left, Ram transitioned in the middle and lost the ball on the side"}, {"id": "4663994", "s1": "0", "s2": "0", "s": "on", "t": "12'", "m": "It was sent to the front court, Chandler pressed up, and made a two-over-one cooperation with his teammates, and the pass was big"}, {"id": "4663993", "s1": "0", "s2": "0", "s": "on", "t": "12'", "m": "Frankfurt counter-attacked, the passing line was not clear"}, {"id": "4663992", "s1": "0", "s2": "0", "s": "on", "t": "12'", "m": "Dante's direct pass from the middle, Lewandowski's heel flicked lightly, Götze was about to single-handedly knife, trapped out of the box to clear the ball"}, {"id": "4663990", "s1": "0", "s2": "0", "s": "on", "t": "11'", "m": "Rafinha took the ball on the right and sent a direct pass, but his teammates did not run to the pass line"}, {"id": "4663989", "s1": "0", "s2": "0", "s": "on", "t": "11'", "m": "The pass was a bit big and Götze failed to catch up"}, {"id": "4663988", "s1": "0", "s2": "0", "s": "on", "t": "10'", "m": "Frankfurt's left side was cut off by Dante's direct pass"}, {"id": "4663986", "s1": "0", "s2": "0", "s": "on", "t": "10'", "m": "[qiangda] How many players are on bayern's bench today? A. 4 persons; B. 5 persons; C. 6 persons; D. 7"}, {"id": "4663979", "s1": "0", "s2": "0", "s": "on", "t": "9'", "m": "Bayern passed the ball back to the back line and Renner drove wide into midfield"}, {"id": "4663976", "s1": "0", "s2": "0", "s": "on", "t": "8'", "m": "In slow motion, Lewandowski went to the ball first but to Madran"}, {"id": "4663973", "s1": "0", "s2": "0", "s": "on", "t": "8'", "m": "Alonso's cross was a bit low and Madeleine's header went out into the box"}, {"id": "4663971", "s1": "0", "s2": "0", "s": "on", "t": "7'", "m": "Bayern were awarded a free-kick opportunity on the right side of the field"}, {"id": "4663969", "s1": "0", "s2": "0", "s": "on", "t": "7'", "m": "Götze breaks through and is tripped by Ochipka"}, {"id": "4663967", "s1": "0", "s2": "0", "s": "on", "t": "7'", "m": "Then transition to Götze on the right"}, {"id": "4663959", "s1": "0", "s2": "0", "s": "on", "t": "5'", "m": "Bernat took the ball on the left and crossed the middle"}, {"id": "4663956", "s1": "0", "s2": "0", "s": "on", "t": "5'", "m": "Today Eintracht Frankfurt regretted that Mayer could not play due to injury"}, {"id": "4663952", "s1": "0", "s2": "0", "s": "on", "t": "4'", "m": "The game continues"}, {"id": "4663951", "s1": "0", "s2": "0", "s": "on", "t": "4'", "m": "Valdés went off the field first"}, {"id": "4663948", "s1": "0", "s2": "0", "s": "on", "t": "4'", "m": "The team doctor immediately came in to bandage Valdés"}, {"id": "4663944", "s1": "0", "s2": "0", "s": "on", "t": "3'", "m": "Valdés had the corners of his eyes opened directly, and the blood flowed"}, {"id": "4663942", "s1": "0", "s2": "0", "s": "on", "t": "3'", "m": "Slow-motion view of the air Dante has an elbow strike on Valdés"}, {"id": "4663941", "s1": "0", "s2": "0", "s": "on", "t": "3'", "m": "The head coach showed Dante a yellow card!"}, {"id": "4663938", "s1": "0", "s2": "0", "s": "on", "t": "3'", "m": "Trapp's long pass into midfield was fouled by Dante as he scrambled for a high ball"}, {"id": "4663936", "s1": "0", "s2": "0", "s": "on", "t": "2'", "m": "Eintracht Frankfurt broke the ball and passed it all the way back to goalkeeper Trapp"}, {"id": "4663935", "s1": "0", "s2": "0", "s": "on", "t": "2'", "m": "Bayern still had the ball in control, Rafinha pushed forward on the right and the ball was intercepted off the sideline by Makoto Hasebe, who was defending him"}, {"id": "4663934", "s1": "0", "s2": "0", "s": "on", "t": "2'", "m": "Bayern's right side of the line, Weisser's cross was tipped over by Maderan's header"}, {"id": "4663931", "s1": "0", "s2": "0", "s": "on", "t": "1'", "m": "Bayern wears a red and blue shirt, while Frankfurt is dressed in white"}, {"id": "4663929", "s1": "0", "s2": "0", "s": "on", "t": "1'", "m": "Bayern kick-off in the middle circle"}, {"id": "4663928", "s1": "0", "s2": "0", "s": "on", "t": "1'", "m": "The first half of the game has begun!"}, {"id": "4663917", "s1": "0", "s2": "0", "s": "Not matched", "t": "", "m": "The camera was given to the long-lost Reina"}, {"id": "4663905", "s1": "0", "s2": "0", "s": "Not matched", "t": "", "m": "Players from both sides were already standing at the door of the dressing room"}, {"id": "4663899", "s1": "0", "s2": "0", "s": "Not matched", "t": "", "m": "[Qiangda] is currently at the top of the Bundesliga top scorer list? 1. Mayer; 2. Robben; 3. Lewandowski"}, {"id": "4663881", "s1": "0", "s2": "0", "s": "Not matched", "t": "", "m": "The field signal has been cut in"}, {"id": "4663811", "s1": "0", "s2": "0", "s": "Not matched", "t": "", "m": "Frankfurt starting line-up: Goalkeeper: 1-Tekap ; Defenders: 22-Chandler, 17-Maderan, 23-Anderson, 6-Ochipka; Midfielders: 16-Agna, 20-Makoto Hasebe, 21-Stendra, 28-Kittel; Forwards: 9- Seferović, 11- Valdés"}, {"id": "4663784", "s1": "0", "s2": "0", "s": "Not matched", "t": "", "m": "Bayern Munich starting line-up: Goalkeeper: 23-Renner; Defenders: 4-Dante, 13-Rafinha, 30-Weisser; Midfielders: 18-Bernat, 3-Alonso, 6-Thiago, 19-Götze, 21-Ram; Forwards: 25-Müller, 9-Lewandowski"}, {"id": "4663770", "s1": "0", "s2": "0", "s": "Not matched", "t": "", "m": "Let's take a look at Bayern's starting line-up"}, {"id": "4663755", "s1": "0", "s2": "0", "s": "Not matched", "t": "", "m": "Dear netizens, good evening!"}, {"id": "4661758", "s1": "0", "s2": "0", "s": "Not matched", "t": "", "m": "This game will kick off at 21:30 Beijing time on April 11, so please pay attention to it!"}, {"id": "4661755", "s1": "0", "s2": "0", "s": "Not matched", "t": "", "m": "This season, the Bundesliga has played the best forward than Frankfurt's Meier, who currently leads the Bundesliga top scorers list with 19 goals, and with second-placed Robben injured, Meier has great hopes of winning his first Bundesliga Golden Boot, and he will also be the hope of Frankfurt sniping Bayern away."}, {"id": "4661751", "s1": "0", "s2": "0", "s": "Not matched", "t": "", "m": "Fortunately, captain Ram is already capable of starting, and Mueller, Levan and Götze are also healthy, which allows them to maintain a strong forward attack."}, {"id": "4661742", "s1": "0", "s2": "0", "s": "Not matched", "t": "", "m": "Recently, Bayern's injury situation has increased unabated, the last round against Dort, Schweinsteiger was injured, Bernardia also left the field with an injury in the German Cup, plus Robben and Ribery are still recovering, this time against Frankfurt, Guardiola is also a little stretched in the platoon."}, {"id": "4661737", "s1": "0", "s2": "0", "s": "Not matched", "t": "", "m": "However, with their next week away to Porto for the first leg of the Champions League quarter-finals, Bayern may be difficult to give their all at the Allianz Arena, given the huge lead in the current Bundesliga table and the team's injury situation."}, {"id": "4661735", "s1": "0", "s2": "0", "s": "Not matched", "t": "", "m": "This round, back at home, facing Eintracht Frankfurt, which is still struggling for European qualification, Bayern is difficult to say relaxed."}, {"id": "4661731", "s1": "0", "s2": "0", "s": "Not matched", "t": "", "m": "Bayern had just played Bayer Leverkusen for 120 minutes in the DFB-Pokal in midweek, only to narrow out their opponents in a penalty shootout to advance."}, {"id": "4661723", "s1": "0", "s2": "0", "s": "Not matched", "t": "", "m": "With the Champions League knockout stages just around the corner, this will be a good training opportunity for Bayern."}, {"id": "4661719", "s1": "0", "s2": "0", "s": "Not matched", "t": "", "m": "Frankfurt is currently 8th with 35 points, and the position is still very safe."}, {"id": "4661715", "s1": "0", "s2": "0", "s": "Not matched", "t": "", "m": "In the standings, Bayern topped the table with 67 points, 10 points ahead of second-place Wolfsburg."}, {"id": "4661694", "s1": "0", "s2": "0", "s": "Not matched", "t": "", "m": "This live broadcast brings you the 28th round of the Bundesliga, Bayern Munich home to Eintracht Frankfurt!"}, {"id": "4661691", "s1": "0", "s2": "0", "s": "Not matched", "t": "", "m": "Hello netizens! Welcome to Sina Sports to watch the wonderful live broadcast!"}, {"id": "4660994", "s1": "", "s2": "", "s": "", "t": "", "m": "", "lnk": {"title": "", "href": "http://ww4.sinaimg.cn/bmiddle/0c899decgw1er0epnafisj20hs0b4n0i.jpg", "type": "image", "extra": []}}, {"id": "4660991", "s1": "0", "s2": "0", "s": "Not matched", "t": "", "m": "The last 6 games against Bayern have maintained all wins and have not conceded a goal, and the advantage is obvious"}, {"id": "4660990", "s1": "0", "s2": "0", "s": "Not matched", "t": "", "m": "The two teams have played 87 bundesliga matches, with Bayern winning 46, drawing 20 and losing 21"}, {"id": "4660989", "s1": "0", "s2": "0", "s": "Not matched", "t": "", "m": "The match against Eintracht Frankfurt will also be followed by Bayern's Champions League away match"}, {"id": "4660988", "s1": "0", "s2": "0", "s": "Not matched", "t": "", "m": "And Bayern has been injured a lot recently, with Piglet, Benadea, Robben and Ribery all injured"}, {"id": "4660987", "s1": "0", "s2": "0", "s": "Not matched", "t": "", "m": "Frankfurt, who are currently eighth in the league, are struggling to qualify for Europe"}, {"id": "4660986", "s1": "0", "s2": "0", "s": "Not matched", "t": "", "m": "Bayern eliminated Bayer Leverkusen on penalties in the German Cup in midweek"}, {"id": "4660985", "s1": "0", "s2": "0", "s": "Not matched", "t": "", "m": "Coming soon is Bayern's home match against Eintracht Frankfurt, so you are welcome to watch it out"}, {"id": "4660983", "s1": "0", "s2": "0", "s": "Not matched", "t": "", "m": "Hello everyone, welcome to the wonderful live event program brought to you by Sina Sports!"}]