[{"id": "127", "s1": "3", "s2": "3", "s": "", "t": "", "m": "The match ended with Wolfsburg 3-3 Dortmund, thank you all for watching Sina Football Live."}, {"id": "126", "s1": "3", "s2": "3", "s": "", "t": "90'+4'", "m": "End of the second half, Wolfsburg 3-3 Borussia Dortmund"}, {"id": "125", "s1": "3", "s2": "3", "s": "", "t": "90'+3'", "m": "Sheber won a free kick for Borussia Dortmund at the opposing half."}, {"id": "124", "s1": "3", "s2": "3", "s": "", "t": "90'+3'", "m": "Wolfsburg player Madeleine madried for a foul and his opponent was given possession."}, {"id": "123", "s1": "3", "s2": "3", "s": "", "t": "90'+2'", "m": "Wolfsburg player Rodriguez kicked the ball straight into Naldo, but the referee raised a flag to show that the latter was offside."}, {"id": "122", "s1": "3", "s2": "3", "s": "", "t": "90'+2'", "m": "Dortmund player Leitner scrambled for a foul and the opponent gained possession."}, {"id": "121", "s1": "3", "s2": "3", "s": "", "t": "90'+2'", "m": "Diego won a free kick for Wolfsburg in the opposing half."}, {"id": "120", "s1": "3", "s2": "3", "s": "", "t": "90'+1'", "m": "Borussia Dortmund player Reuss gave Shebel a straight kick but the referee raised a flag to show that the latter was offside."}, {"id": "119", "s1": "3", "s2": "3", "s": "", "t": "90'", "m": "Wolfsburg made a substitution and Maderang replaced Knozi"}, {"id": "118", "s1": "3", "s2": "3", "s": "", "t": "88'", "m": "Goal!!! Dortmund player Reuss fired a left-footed shot from the centre of the penalty area, the ball flew up the midfield and into the net, and the ball went in! Wolfsburg 3-3 Dortmund."}, {"id": "117", "s1": "3", "s2": "2", "s": "", "t": "86'", "m": "Gundogan handled the ball out of the bottom line and Wolfsburg won the corner."}, {"id": "116", "s1": "3", "s2": "2", "s": "", "t": "85'", "m": "Wolfsburg player Orlic tried his left-footed shot from outside the penalty area, but unfortunately the ball was high above goal. It was Tresch who gave him the ball."}, {"id": "115", "s1": "3", "s2": "2", "s": "", "t": "85'", "m": "Leitner won a free kick for Borussia Dortmund in the opposing half."}, {"id": "114", "s1": "3", "s2": "2", "s": "", "t": "85'", "m": "Wolfsburg player Naldo scrambled for a foul and his opponent gained possession of the ball."}, {"id": "113", "s1": "3", "s2": "2", "s": "", "t": "85'", "m": "Wolfsburg made a substitution and Tresch replaced Medojevic"}, {"id": "112", "s1": "3", "s2": "2", "s": "", "t": "84'", "m": "Goal!!! Dortmund player Reuss shot with his right foot in the centre of the penalty area, the ball flew from the middle of the road into the goal, the ball went in! The assist was Gundogan. Wolfsburg 3-2 Dortmund."}, {"id": "111", "s1": "3", "s2": "1", "s": "", "t": "82'", "m": "Schmelzer won a free kick for Borussia Dortmund."}, {"id": "110", "s1": "3", "s2": "1", "s": "", "t": "82'", "m": "Wolfsburg player Vernia scrambled for a foul and his opponent was given possession."}, {"id": "109", "s1": "3", "s2": "1", "s": "", "t": "82'", "m": "The suspension ended and the players resumed playing."}, {"id": "108", "s1": "3", "s2": "1", "s": "", "t": "82'", "m": "Wolfsburg Benaglio fell to the ground injured and the game was suspended"}, {"id": "107", "s1": "3", "s2": "1", "s": "", "t": "81'", "m": "Dortmund player Hummels attempted a header in the centre of the penalty area, but unfortunately the ball deflected off goal. It was Reus who gave him the pass."}, {"id": "106", "s1": "3", "s2": "1", "s": "", "t": "81'", "m": "Braszczykovski won a free kick for Borussia Dortmund on the right."}, {"id": "105", "s1": "3", "s2": "1", "s": "", "t": "81'", "m": "Wolfsburg player Rodriguez scrambled for a foul and the opponent gained possession."}, {"id": "104", "s1": "3", "s2": "1", "s": "", "t": "81'", "m": "Wolfsburg made a substitution and Shaffier replaced Perisic"}, {"id": "103", "s1": "3", "s2": "1", "s": "", "t": "80'", "m": "Wolfsburg player Vernia tried to shoot with his right foot, but unfortunately the ball was high above the top right corner."}, {"id": "102", "s1": "3", "s2": "1", "s": "", "t": "79'", "m": "Knozi handled the ball out of the bottom line and Borussia Dortmund won a corner kick."}, {"id": "101", "s1": "3", "s2": "1", "s": "", "t": "78'", "m": "Dortmund player Shassin's left-footed shot from the right side of the penalty area was blocked by a defender."}, {"id": "100", "s1": "3", "s2": "1", "s": "", "t": "78'", "m": "Vernia handled the ball out of the bottom line and Borussia Dortmund won a corner kick."}, {"id": "99", "s1": "3", "s2": "1", "s": "", "t": "77'", "m": "Borussia Dortmund replaced Himonnes with Leitner replaced Santana"}, {"id": "98", "s1": "3", "s2": "1", "s": "", "t": "76'", "m": "Dortmund player Shebel scrambled for a foul and the opponent was given possession."}, {"id": "97", "s1": "3", "s2": "1", "s": "", "t": "76'", "m": "Bernaglio won a free kick for Wolfsburg."}, {"id": "96", "s1": "3", "s2": "1", "s": "", "t": "74'", "m": "Schmelzer won a free kick for Borussia Dortmund."}, {"id": "95", "s1": "3", "s2": "1", "s": "", "t": "74'", "m": "Wolfsburg player Vernia scrambled for a foul and his opponent was given possession."}, {"id": "94", "s1": "3", "s2": "1", "s": "", "t": "71'", "m": "Naldo handled the ball out of the bottom line and Borussia Dortmund won a corner kick."}, {"id": "93", "s1": "3", "s2": "1", "s": "", "t": "69'", "m": "Schmelzer won a free kick for Borussia Dortmund."}, {"id": "92", "s1": "3", "s2": "1", "s": "", "t": "69'", "m": "Wolfsburg player Vernia scrambled for a foul and his opponent was given possession."}, {"id": "91", "s1": "3", "s2": "1", "s": "", "t": "68'", "m": "Borussia Dortmund player Piszczek attempted a left-footed shot from outside the penalty area, but unfortunately the ball was high above goal. It was Shasin who passed the ball to him."}, {"id": "90", "s1": "3", "s2": "1", "s": "", "t": "67'", "m": "Wolfsburg player Perisic attempted a right-footed shot from outside the penalty area, but the ball was deflected slightly off the right goal. It was Oric who gave him the pass."}, {"id": "89", "s1": "3", "s2": "1", "s": "", "t": "66'", "m": "Reuss won a free kick for Borussia Dortmund."}, {"id": "88", "s1": "3", "s2": "1", "s": "", "t": "66'", "m": "Wolfsburg player Naldo scrambled for a foul and his opponent gained possession of the ball."}, {"id": "87", "s1": "3", "s2": "1", "s": "", "t": "65'", "m": "Santana handled the ball out of the box and Wolfsburg won the corner."}, {"id": "86", "s1": "3", "s2": "1", "s": "", "t": "64'", "m": "Braszczykovsky won a free kick for Borussia Dortmund at the opposing half."}, {"id": "85", "s1": "3", "s2": "1", "s": "", "t": "64'", "m": "Wolfsburg player Naldo scrambled for a foul and his opponent gained possession of the ball."}, {"id": "84", "s1": "3", "s2": "1", "s": "", "t": "64'", "m": "Braszczykovski won a free kick for Borussia Dortmund on the right."}, {"id": "83", "s1": "3", "s2": "1", "s": "", "t": "64'", "m": "Wolfsburg player Rodriguez scrambled for a foul and the opponent gained possession."}, {"id": "82", "s1": "3", "s2": "1", "s": "", "t": "63'", "m": "Yellow! Wolfsburg player Pollack was shown a yellow card by the referee for a malicious foul."}, {"id": "81", "s1": "3", "s2": "1", "s": "", "t": "63'", "m": "Braszczykovski won a free kick for Borussia Dortmund on the right."}, {"id": "80", "s1": "3", "s2": "1", "s": "", "t": "63'", "m": "Wolfsburg player Pollack scrambled for a foul and the opponent gained possession."}, {"id": "79", "s1": "3", "s2": "1", "s": "", "t": "62'", "m": "Yellow! Borussia Dortmund player Gundogan was shown a yellow card by the referee for a malicious foul."}, {"id": "78", "s1": "3", "s2": "1", "s": "", "t": "62'", "m": "Dortmund player Gundogan scrambled for a foul and his opponent was given possession."}, {"id": "77", "s1": "3", "s2": "1", "s": "", "t": "62'", "m": "Orlic won a free kick for Wolfsburg at the opposing half."}, {"id": "76", "s1": "3", "s2": "1", "s": "", "t": "59'", "m": "Borussia Dortmund player Shassing attempted a left-footed shot from outside the penalty area, but unfortunately the ball was slightly offside the left goal. The one who gave him the ball was Blaszczykovsky."}, {"id": "75", "s1": "3", "s2": "1", "s": "", "t": "58'", "m": "Borussia Dortmund player Sheber tried his left-footed shot from outside the penalty area, but unfortunately the ball was slightly offside the right goal. The one who gave him the ball was Blaszczykovsky."}, {"id": "74", "s1": "3", "s2": "1", "s": "", "t": "57'", "m": "Wolfsburg player Pollack attempted a right-footed shot from outside the penalty area, but the ball was slightly offside the left goal. It was Diego who gave him the pass."}, {"id": "73", "s1": "3", "s2": "1", "s": "", "t": "56'", "m": "Hummels won a free kick for Borussia Dortmund."}, {"id": "72", "s1": "3", "s2": "1", "s": "", "t": "56'", "m": "Wolfsburg player Vernia scrambled for a foul and his opponent was given possession."}, {"id": "71", "s1": "3", "s2": "1", "s": "", "t": "54'", "m": "Wolfsburg player Orlic tried his left-footed shot from the right side of the penalty area, but unfortunately the ball was high above goal. It was Diego who gave him the pass."}, {"id": "70", "s1": "3", "s2": "1", "s": "", "t": "51'", "m": "Perisic handled the ball out of the line and Borussia Dortmund won the corner."}, {"id": "69", "s1": "3", "s2": "1", "s": "", "t": "50'", "m": "Wolfsburg player Pollack was fouled for handball and the opponent was given the ball."}, {"id": "68", "s1": "3", "s2": "1", "s": "", "t": "49'", "m": "Wolfsburg player Oric scrambled for a foul and the opponent gained possession of the ball."}, {"id": "67", "s1": "3", "s2": "1", "s": "", "t": "49'", "m": "Schmelzer won a free kick for Borussia Dortmund."}, {"id": "66", "s1": "3", "s2": "1", "s": "", "t": "49'", "m": "Diego won a free kick for Wolfsburg."}, {"id": "65", "s1": "3", "s2": "1", "s": "", "t": "49'", "m": "Dortmund player Gundogan scrambled for a foul and his opponent was given possession."}, {"id": "64", "s1": "3", "s2": "1", "s": "", "t": "48'", "m": "Borussia Dortmund player Hummels kicked the ball straight into Reuss, but the referee raised a flag to show that the latter was offside."}, {"id": "63", "s1": "3", "s2": "1", "s": "", "t": "48'", "m": "Shot!!! Dortmund player Lewandowski's right-footed shot from the left side of the penalty area was saved by the opposing goalkeeper. It was Reus who gave him the pass."}, {"id": "62", "s1": "3", "s2": "1", "s": "", "t": "", "m": "The second half began, Wolfsburg 3-1 Borussia Dortmund"}, {"id": "61", "s1": "3", "s2": "1", "s": "", "t": "45'", "m": "Dortmund made a substitution, and Braszczkovsky replaced Gros Kreuz"}, {"id": "60", "s1": "3", "s2": "1", "s": "", "t": "45'", "m": "Dortmund made a substitution, and Shebel replaced Bender"}, {"id": "59", "s1": "3", "s2": "1", "s": "", "t": "45'+1'", "m": "At the end of the first half, Wolfsburg 3-1 Dortmund, with a short break, we will take a look at the performance of the two teams in the second half."}, {"id": "58", "s1": "3", "s2": "1", "s": "", "t": "45'", "m": "Wolfsburg player Medojevic scrambled for a foul and his opponent was given possession of the ball."}, {"id": "57", "s1": "3", "s2": "1", "s": "", "t": "45'", "m": "Shassin won a free kick for Borussia Dortmund at the opposing half."}, {"id": "56", "s1": "3", "s2": "1", "s": "", "t": "44'", "m": "Yellow! Borussia Dortmund player Reus was shown a yellow card by the referee for a malicious foul."}, {"id": "55", "s1": "3", "s2": "1", "s": "", "t": "44'", "m": "Diego won a free kick for Wolfsburg in the opposing half."}, {"id": "54", "s1": "3", "s2": "1", "s": "", "t": "44'", "m": "Dortmund player Reus scrambled for a foul and the opponent was given possession."}, {"id": "53", "s1": "3", "s2": "1", "s": "", "t": "43'", "m": "Wolfsburg player Oric tried his left-footed shot from the left side of the penalty area, but unfortunately the ball was slightly offside the right goal. It was Rodriguez who passed the ball to him."}, {"id": "52", "s1": "3", "s2": "1", "s": "", "t": "42'", "m": "Perisic won a free kick for Wolfsburg."}, {"id": "51", "s1": "3", "s2": "1", "s": "", "t": "42'", "m": "Dortmund player Reus scrambled for a foul and the opponent was given possession."}, {"id": "50", "s1": "3", "s2": "1", "s": "", "t": "41'", "m": "Wolfsburg player Vernia scrambled for a foul and his opponent was given possession."}, {"id": "49", "s1": "3", "s2": "1", "s": "", "t": "41'", "m": "Hummels won a free kick for Borussia Dortmund."}, {"id": "48", "s1": "3", "s2": "1", "s": "", "t": "37'", "m": "Wolfsburg player Oric scrambled for a foul and the opponent gained possession of the ball."}, {"id": "47", "s1": "3", "s2": "1", "s": "", "t": "37'", "m": "Gundogan won a free kick for Borussia Dortmund at the opposing half."}, {"id": "46", "s1": "3", "s2": "1", "s": "", "t": "37'", "m": "Wolfsburg player Naldo shoved the ball straight into Oric, but the referee raised a flag to show that the latter was offside."}, {"id": "45", "s1": "3", "s2": "1", "s": "", "t": "35'", "m": "Wolfsburg player Naldo scrambled for a foul and his opponent gained possession of the ball."}, {"id": "44", "s1": "3", "s2": "1", "s": "", "t": "35'", "m": "Santana won a free kick for Borussia Dortmund."}, {"id": "43", "s1": "3", "s2": "1", "s": "", "t": "34'", "m": "Piszczek handled the ball out of the line and Wolfsburg won a corner."}, {"id": "42", "s1": "3", "s2": "1", "s": "", "t": "33'", "m": "Wolfsburg player Knozzy scrambled for a foul and his opponent was given possession of the ball."}, {"id": "41", "s1": "3", "s2": "1", "s": "", "t": "33'", "m": "Lewandowski won a free kick for Borussia Dortmund on the right."}, {"id": "40", "s1": "3", "s2": "1", "s": "", "t": "32'", "m": "Wolfsburg player Rodriguez scrambled for a foul and the opponent gained possession."}, {"id": "39", "s1": "3", "s2": "1", "s": "", "t": "32'", "m": "Reuss won a free kick for Borussia Dortmund."}, {"id": "38", "s1": "3", "s2": "1", "s": "", "t": "31'", "m": "Pollack won a free kick for Wolfsburg."}, {"id": "37", "s1": "3", "s2": "1", "s": "", "t": "31'", "m": "Dortmund player Lewandowski scrambled for a foul and the opponent was given possession of the ball."}, {"id": "36", "s1": "3", "s2": "1", "s": "", "t": "30'", "m": "Rodriguez won a free kick for Wolfsburg."}, {"id": "35", "s1": "3", "s2": "1", "s": "", "t": "30'", "m": "Borussia Dortmund player Piszczek scrambled for a foul and the opponent was given possession of the ball."}, {"id": "34", "s1": "3", "s2": "1", "s": "", "t": "29'", "m": "Wolfsburg player Medojevic scrambled for a foul and his opponent was given possession of the ball."}, {"id": "33", "s1": "3", "s2": "1", "s": "", "t": "29'", "m": "Reuss won a free kick for Borussia Dortmund."}, {"id": "32", "s1": "3", "s2": "1", "s": "", "t": "28'", "m": "Vernia won a free kick for Wolfsburg on the right."}, {"id": "31", "s1": "3", "s2": "1", "s": "", "t": "28'", "m": "Borussia Dortmund player Schmelzer scrambled for a foul and his opponent gained possession of the ball."}, {"id": "30", "s1": "3", "s2": "1", "s": "", "t": "26'", "m": "Goal!!! Wolfsburg player Naldo's right-footed shot from the centre of the penalty area flew into the net from the bottom left corner and the ball went in! The assist was Pollack. Wolfsburg 3-1 Dortmund."}, {"id": "29", "s1": "2", "s2": "1", "s": "", "t": "25'", "m": "Hummels handled the ball out of the bottom line and Wolfsburg won the corner."}, {"id": "28", "s1": "2", "s2": "1", "s": "", "t": "22'", "m": "Goal!!! Wolfsburg player Perisic fired a right-footed shot from outside the penalty area and the ball flew into the goal from the top right corner and the ball went in! Wolfsburg 2-1 Dortmund."}, {"id": "27", "s1": "1", "s2": "1", "s": "", "t": "22'", "m": "Wolfsburg player Perisic's left-footed shot from outside the penalty area was blocked by a defender. It was Vernia who gave him the pass."}, {"id": "26", "s1": "1", "s2": "1", "s": "", "t": "20'", "m": "Medojevic won a free kick for Wolfsburg."}, {"id": "25", "s1": "1", "s2": "1", "s": "", "t": "20'", "m": "Borussia Dortmund player Shassin scrambled for a foul and the opponent was given possession of the ball."}, {"id": "24", "s1": "1", "s2": "1", "s": "", "t": "20'", "m": "Borussia Dortmund player Piszczek attempted a left-footed shot from the right side of the penalty area, but unfortunately the ball was slightly offside the left goal."}, {"id": "23", "s1": "1", "s2": "1", "s": "", "t": "18'", "m": "Borussia Dortmund player Shassin shoved the ball straight into Reuss, but the referee raised a flag to show the latter was offside."}, {"id": "22", "s1": "1", "s2": "1", "s": "", "t": "18'", "m": "Wolfsburg player Makoto Hasebe scrambled for a foul and his opponent was given possession."}, {"id": "21", "s1": "1", "s2": "1", "s": "", "t": "18'", "m": "Hummels won a free kick for Borussia Dortmund."}, {"id": "20", "s1": "1", "s2": "1", "s": "", "t": "16'", "m": "Wolfsburg player Medojevic scrambled for a foul and his opponent was given possession of the ball."}, {"id": "19", "s1": "1", "s2": "1", "s": "", "t": "16'", "m": "Shassin won a free kick for Borussia Dortmund."}, {"id": "18", "s1": "1", "s2": "1", "s": "", "t": "15'", "m": "Wolfsburg Perisic fell to the ground injured and the game was suspended"}, {"id": "17", "s1": "1", "s2": "1", "s": "", "t": "15'", "m": "The suspension ended and the players resumed playing."}, {"id": "16", "s1": "1", "s2": "1", "s": "", "t": "14'", "m": "Goal!!! Wolfsburg player Perisic's left-footed shot from the left side of the penalty area flew into the goal from the bottom left corner and the ball went in! The assist was Olich. Wolfsburg 1-1 Dortmund."}, {"id": "15", "s1": "0", "s2": "1", "s": "", "t": "11'", "m": "Dortmund player Piszczek threw the ball straight into Reuss, but the referee raised a flag to show that the latter was offside."}, {"id": "14", "s1": "0", "s2": "1", "s": "", "t": "8'", "m": "Santana handled the ball out of the box and Wolfsburg won the corner."}, {"id": "13", "s1": "0", "s2": "1", "s": "", "t": "7'", "m": "Borussia Dortmund player Gundogan threw the ball straight into Lewandowski, but the referee raised a flag to show that the latter was offside."}, {"id": "12", "s1": "0", "s2": "1", "s": "", "t": "7'", "m": "Pollack won a free kick for Wolfsburg in the opposing half."}, {"id": "11", "s1": "0", "s2": "1", "s": "", "t": "7'", "m": "Dortmund player Reus scrambled for a foul and the opponent was given possession."}, {"id": "10", "s1": "0", "s2": "1", "s": "", "t": "6'", "m": "Dortmund player Shassin threw the ball straight into Gros Kreuz, but the referee raised a flag to show the latter was offside."}, {"id": "9", "s1": "0", "s2": "1", "s": "", "t": "5'", "m": "Goal!!! Borussia Dortmund player Bender's left-footed shot from the left side of the penalty area flew into the net from the middle and the ball went in! Assisted by Shasin. Wolfsburg 0-1 Dortmund."}, {"id": "8", "s1": "0", "s2": "0", "s": "", "t": "4'", "m": "Wolfsburg player Pollack scrambled for a foul and the opponent gained possession."}, {"id": "7", "s1": "0", "s2": "0", "s": "", "t": "4'", "m": "Lewandowski won a free kick for Borussia Dortmund at the opposing half."}, {"id": "6", "s1": "0", "s2": "0", "s": "", "t": "4'", "m": "Santana handled the ball out of the box and Wolfsburg won the corner."}, {"id": "5", "s1": "0", "s2": "0", "s": "", "t": "3'", "m": "Schmelzer handled the ball out of the bottom line and Wolfsburg won a corner."}, {"id": "4", "s1": "0", "s2": "0", "s": "", "t": "2'", "m": "Wolfsburg player Diego threw the ball straight into Naldo, but the referee raised a flag to show that the latter was offside."}, {"id": "3", "s1": "0", "s2": "0", "s": "", "t": "2'", "m": "Diego won a free kick for Wolfsburg in the opposing half."}, {"id": "2", "s1": "0", "s2": "0", "s": "", "t": "2'", "m": "Borussia Dortmund player Bender scrambled for a foul and the opponent gained possession of the ball."}, {"id": "1", "s1": "0", "s2": "0", "s": "", "t": "", "m": "With a whistle from the referee, the first half of the game began."}]