[{"id": "82", "s1": "1", "s2": "3", "s": "", "t": "", "m": "At the end of the match, Hertha Berlin 1-3 Bayern Munich, thank you for watching The Sina Football Live."}, {"id": "81", "s1": "1", "s2": "3", "s": "", "t": "90'+1'", "m": "At the end of the second half, Hertha Berlin 1-3 Bayern Munich"}, {"id": "80", "s1": "1", "s2": "3", "s": "", "t": "87'", "m": "Bayern Munich player Rafinha scrambled for a foul and his opponent was given possession."}, {"id": "79", "s1": "1", "s2": "3", "s": "", "t": "87'", "m": "Niemele won a free kick for Hertha Berlin at the opposing half."}, {"id": "78", "s1": "1", "s2": "3", "s": "", "t": "87'", "m": "The suspension ended and the players resumed playing."}, {"id": "77", "s1": "1", "s2": "3", "s": "", "t": "87'", "m": "Hertha Berlin made a substitution, Wagner went on, Adrian Ramos went off with injury."}, {"id": "76", "s1": "1", "s2": "3", "s": "", "t": "86'", "m": "Hertha Berlin Adrian Ramos fell to the ground injured and the game was suspended"}, {"id": "75", "s1": "1", "s2": "3", "s": "", "t": "83'", "m": "Boateng handled the ball out of the line and Hertha Berlin won the corner."}, {"id": "74", "s1": "1", "s2": "3", "s": "", "t": "83'", "m": "Bayern Munich player Thiago handball was fouled and the opponent was given the ball."}, {"id": "73", "s1": "1", "s2": "3", "s": "", "t": "81'", "m": "Ribery won a free kick for Bayern Munich at the opposing half."}, {"id": "72", "s1": "1", "s2": "3", "s": "", "t": "81'", "m": "Hertha Berlin player Niemele scrambled for a foul and the opponent was given possession of the ball."}, {"id": "71", "s1": "1", "s2": "3", "s": "", "t": "80'", "m": "Ribery won a free kick for Bayern Munich."}, {"id": "70", "s1": "1", "s2": "3", "s": "", "t": "80'", "m": "Hertha Berlin player Shelby scrambled for a foul and the opponent was given possession of the ball."}, {"id": "69", "s1": "1", "s2": "3", "s": "", "t": "80'", "m": "Bayern Munich player Mandzukizi scrambled for a foul and the opponent gained possession of the ball."}, {"id": "68", "s1": "1", "s2": "3", "s": "", "t": "80'", "m": "Niemeyer won a free kick for Hertha Berlin."}, {"id": "67", "s1": "1", "s2": "3", "s": "", "t": "79'", "m": "Goal!!! Bayern Munich player Ribery scored with his left foot from a tight angle on the left side of the goal, the ball flew from the top left corner into the goal and the ball went in! The assist was Götze. Hertha Berlin 1-3 Bayern Munich."}, {"id": "66", "s1": "1", "s2": "2", "s": "", "t": "77'", "m": "Bayern Munich player Dante scrambled for a foul and his opponent was given possession of the ball."}, {"id": "65", "s1": "1", "s2": "2", "s": "", "t": "77'", "m": "Adrian Ramos won a free kick for Hertha Berlin at the opposing half."}, {"id": "64", "s1": "1", "s2": "2", "s": "", "t": "77'", "m": "Bayern Munich player Götze tried his right-footed shot from the centre of the penalty area, but unfortunately the ball was slightly above goal. It was Ram who gave him the pass."}, {"id": "63", "s1": "1", "s2": "2", "s": "", "t": "74'", "m": "Bayern Munich player Götze's right-footed shot from the centre of the penalty area was blocked by a defender. It was Ribery who gave him the ball."}, {"id": "62", "s1": "1", "s2": "2", "s": "", "t": "73'", "m": "Thiago won a free kick for Bayern Munich at the opposing half."}, {"id": "61", "s1": "1", "s2": "2", "s": "", "t": "73'", "m": "Hertha Berlin player Niemele scrambled for a foul and the opponent was given possession of the ball."}, {"id": "60", "s1": "1", "s2": "2", "s": "", "t": "72'", "m": "Götze won a free kick for Bayern Munich on the left."}, {"id": "59", "s1": "1", "s2": "2", "s": "", "t": "72'", "m": "Hertha Berlin player Pecarrick scrambled for a foul and the opponent was given possession of the ball."}, {"id": "58", "s1": "1", "s2": "2", "s": "", "t": "71'", "m": "Hertha Berlin was replaced and Ronnie replaced Mukhtar"}, {"id": "57", "s1": "1", "s2": "2", "s": "", "t": "69'", "m": "Yellow! Hertha Berlin player Serbray was shown a yellow card by the referee for a malicious foul."}, {"id": "56", "s1": "1", "s2": "2", "s": "", "t": "69'", "m": "Götze won a free kick for Bayern Munich in the opposing half."}, {"id": "55", "s1": "1", "s2": "2", "s": "", "t": "69'", "m": "Hertha Berlin player Shelby scrambled for a foul and the opponent was given possession of the ball."}, {"id": "54", "s1": "1", "s2": "2", "s": "", "t": "68'", "m": "Kroos won a free kick for Bayern Munich at the opposing half."}, {"id": "53", "s1": "1", "s2": "2", "s": "", "t": "68'", "m": "Hertha Berlin player Mukhtar scrambled for a foul and the opponent was given possession of the ball."}, {"id": "52", "s1": "1", "s2": "2", "s": "", "t": "66'", "m": "Goal!!! Hertha Berlin player Adrian Ramos fired a right-footed shot that flew from the middle of the road into the net and the ball went in! Hertha Berlin 1-2 Bayern Munich."}, {"id": "51", "s1": "0", "s2": "2", "s": "", "t": "65'", "m": "Bayern Munich player Rafinha fouled and resulted in a penalty."}, {"id": "50", "s1": "0", "s2": "2", "s": "", "t": "65'", "m": "Penalty, Adrian Ramos was violated inside the penalty area and Hertha Berlin was awarded the penalty."}, {"id": "49", "s1": "0", "s2": "2", "s": "", "t": "65'", "m": "Hertha Berlin player Adrian Ramos' header from the centre of the penalty area was blocked by a defender. It was Shelby who gave him the pass."}, {"id": "48", "s1": "0", "s2": "2", "s": "", "t": "64'", "m": "Hertha Berlin made a substitution and Niemeyer replaced Kobyashvili"}, {"id": "47", "s1": "0", "s2": "2", "s": "", "t": "64'", "m": "Bayern Munich made a substitution and Thiago replaced Schweinsteiger"}, {"id": "46", "s1": "0", "s2": "2", "s": "", "t": "63'", "m": "Ribery won a free kick for Bayern Munich at the opposing half."}, {"id": "45", "s1": "0", "s2": "2", "s": "", "t": "63'", "m": "Hertha Berlin player Janker scrambled for a foul and his opponent was given possession of the ball."}, {"id": "44", "s1": "0", "s2": "2", "s": "", "t": "62'", "m": "Bayern Munich player Alaba attempted a left-footed shot from the centre of the penalty area, but the ball deflected off target."}, {"id": "43", "s1": "0", "s2": "2", "s": "", "t": "61'", "m": "Schweinsterger won a free kick for Bayern Munich on the right."}, {"id": "42", "s1": "0", "s2": "2", "s": "", "t": "61'", "m": "Hertha Berlin player Nico Schultz scrambled for a foul and the opponent was given possession of the ball."}, {"id": "41", "s1": "0", "s2": "2", "s": "", "t": "61'", "m": "Shot!!! Bayern Munich player Mandzukizi's right-footed shot from the right side of the penalty area was saved by the opposing goalkeeper. It was Ribery who gave him the ball."}, {"id": "40", "s1": "0", "s2": "2", "s": "", "t": "60'", "m": "Ribery won a free kick for Bayern Munich at the opposing half."}, {"id": "39", "s1": "0", "s2": "2", "s": "", "t": "60'", "m": "Hertha Berlin player Pecarrick scrambled for a foul and the opponent was given possession of the ball."}, {"id": "38", "s1": "0", "s2": "2", "s": "", "t": "55'", "m": "Bayern Munich player Mandzukizi scrambled for a foul and the opponent gained possession of the ball."}, {"id": "37", "s1": "0", "s2": "2", "s": "", "t": "55'", "m": "Pecarik won a free kick for Hertha Berlin."}, {"id": "36", "s1": "0", "s2": "2", "s": "", "t": "54'", "m": "Bayern Munich made a substitution and Ribery replaced Robben"}, {"id": "35", "s1": "0", "s2": "2", "s": "", "t": "54'", "m": "Bayern Munich made a substitution, and Mandzukizi replaced Müller"}, {"id": "34", "s1": "0", "s2": "2", "s": "", "t": "54'", "m": "Hertha Berlin player Nico Schultz attempted a right-footed shot from outside the penalty area, but unfortunately the ball was slightly offside the left goal. The one who gave him the ball was Kobyashvili."}, {"id": "33", "s1": "0", "s2": "2", "s": "", "t": "50'", "m": "Schweinsterger won a free kick for Bayern Munich on the right."}, {"id": "32", "s1": "0", "s2": "2", "s": "", "t": "50'", "m": "Hertha Berlin player Kobyaschvili scrambled for a foul and the opponent was given possession of the ball."}, {"id": "31", "s1": "0", "s2": "2", "s": "", "t": "49'", "m": "Janker handled the ball out of the box and Bayern Munich won a corner kick."}, {"id": "30", "s1": "0", "s2": "2", "s": "", "t": "46'", "m": "Bayern Munich player Götze kicked the ball straight into Robben, but the referee raised a flag to show that the latter was offside."}, {"id": "29", "s1": "0", "s2": "2", "s": "", "t": "", "m": "At the start of the second half, Hertha Berlin 0-2 Bayern Munich"}, {"id": "28", "s1": "0", "s2": "2", "s": "", "t": "45'+1'", "m": "At the end of the first half, Hertha Berlin 0-2 Bayern Munich, a short break, we will take a look at the performance of the two teams in the second half."}, {"id": "27", "s1": "0", "s2": "2", "s": "", "t": "44'", "m": "Bayern Munich player Müller attempted a right-footed shot from outside the penalty area, but unfortunately the ball was slightly offside the right-hand goal. It was Boateng who gave him the pass."}, {"id": "26", "s1": "0", "s2": "2", "s": "", "t": "44'", "m": "Kroos won a free kick for Bayern Munich."}, {"id": "25", "s1": "0", "s2": "2", "s": "", "t": "44'", "m": "Hertha Berlin player Hospita scrambled for a foul and the opponent gained possession of the ball."}, {"id": "24", "s1": "0", "s2": "2", "s": "", "t": "38'", "m": "Hertha Berlin player Pekarik threw the ball straight into Mukhtar, but the referee raised a flag to show the latter was offside."}, {"id": "23", "s1": "0", "s2": "2", "s": "", "t": "37'", "m": "Bayern Munich player Müller's header from the goal line hit the goalpost. It was Götze who gave him the ball."}, {"id": "22", "s1": "0", "s2": "2", "s": "", "t": "36'", "m": "Bayern Munich player Götze tried a right-footed shot from a tight angle on the right side of the goal, but unfortunately the ball was slightly offside the right goal. It was Robben who gave him the ball."}, {"id": "21", "s1": "0", "s2": "2", "s": "", "t": "33'", "m": "Bayern Munich player Kroos scrambled for a foul and the opponent was given possession."}, {"id": "20", "s1": "0", "s2": "2", "s": "", "t": "33'", "m": "Mukhtar won a free kick for Hertha Berlin at the opposing half."}, {"id": "19", "s1": "0", "s2": "2", "s": "", "t": "32'", "m": "Bayern Munich player Schweinsteiger scrambled for a foul and his opponent was given possession of the ball."}, {"id": "18", "s1": "0", "s2": "2", "s": "", "t": "32'", "m": "Mukhtar won a free kick for Hertha Berlin."}, {"id": "17", "s1": "0", "s2": "2", "s": "", "t": "31'", "m": "Hertha Berlin player Kobyashvili attempted a left-footed shot from outside the penalty area, but unfortunately the ball was slightly offside the left goal. It was Yanker who gave him the ball."}, {"id": "16", "s1": "0", "s2": "2", "s": "", "t": "27'", "m": "Van den Burg handled the ball out of the bottom line and Bayern Munich won a corner kick."}, {"id": "15", "s1": "0", "s2": "2", "s": "", "t": "25'", "m": "Bayern Munich player Alaba threw the ball straight into Götze, but the referee raised a flag to show that the latter was offside."}, {"id": "14", "s1": "0", "s2": "2", "s": "", "t": "23'", "m": "Rafinha won a free kick for Bayern Munich on the right."}, {"id": "13", "s1": "0", "s2": "2", "s": "", "t": "23'", "m": "Hertha Berlin player Nico Schultz scrambled for a foul and the opponent was given possession of the ball."}, {"id": "12", "s1": "0", "s2": "2", "s": "", "t": "19'", "m": "Hertha Berlin player Kobyasvelli threw the ball straight into Adrian Ramos, but the referee raised a flag to show the latter was offside."}, {"id": "11", "s1": "0", "s2": "2", "s": "", "t": "18'", "m": "Boateng handled the ball out of the line and Hertha Berlin won the corner."}, {"id": "10", "s1": "0", "s2": "2", "s": "", "t": "17'", "m": "Shot!!! Bayern Munich player Robben's left-footed shot from outside the penalty area was saved by the opposing goalkeeper. It was Götze who gave him the ball."}, {"id": "9", "s1": "0", "s2": "2", "s": "", "t": "14'", "m": "Goal!!! Bayern Munich player Götze's header from the centre of the penalty area, the ball flew into the goal from the top right corner and the ball went in! The assist was Schweinsteg. Hertha Berlin 0-2 Bayern Munich."}, {"id": "8", "s1": "0", "s2": "1", "s": "", "t": "12'", "m": "Hertha Berlin player Kraft threw the ball straight into Shelby, but the referee raised a flag to show the latter was offside."}, {"id": "7", "s1": "0", "s2": "1", "s": "", "t": "8'", "m": "Shot!!! Bayern Munich player Götze's right-footed shot from the right side of the penalty area was saved by the opposing goalkeeper. It was Muller who gave him the pass."}, {"id": "6", "s1": "0", "s2": "1", "s": "", "t": "6'", "m": "Goal!!! Bayern Munich player Kroos fired a right-footed shot from the centre of the penalty area, the ball flew from the bottom left corner into the goal, and the ball went in! Hertha Berlin 0-1 Bayern Munich."}, {"id": "5", "s1": "0", "s2": "0", "s": "", "t": "5'", "m": "Bayern Munich player Alaba attempted a left-footed shot from outside the penalty area, but unfortunately the ball was slightly offside the right goal."}, {"id": "4", "s1": "0", "s2": "0", "s": "", "t": "4'", "m": "Pecarik handled the ball out of the line and Bayern Munich won a corner kick."}, {"id": "3", "s1": "0", "s2": "0", "s": "", "t": "1'", "m": "Götze won a free kick for Bayern Munich."}, {"id": "2", "s1": "0", "s2": "0", "s": "", "t": "1'", "m": "Hertha Berlin player Hospita scrambled for a foul and the opponent gained possession of the ball."}, {"id": "1", "s1": "0", "s2": "0", "s": "", "t": "", "m": "With a whistle from the referee, the first half of the game began."}]